id,url,owner_id,name,description,language,created_at,forked_from,deleted,updated_at,extra_column_1
154049373,https://api.github.com/repos/bluelovers/ipfs-web-upload,135346,ipfs-web-upload,N,TypeScript,2020-04-01 15:33:59,N,0,2020-10-29 07:04:50,N
154056849,https://api.github.com/repos/S-Tymoshchuk/gittest,51019333,gittest,N,TypeScript,2020-04-01 07:40:42,N,0,2020-12-19 08:20:03,N
154088331,https://api.github.com/repos/johnpapa/angular-preload,212879,angular-preload,N,TypeScript,2020-04-01 18:02:03,N,0,2020-05-25 21:03:36,N
154111652,https://api.github.com/repos/9renpoto/auto-cookie,392364,auto-cookie,:cookie: auto set cookie domain like google analytics,TypeScript,2020-04-01 10:44:25,143467229,0,2021-03-01 22:15:24,1423676380
154128197,https://api.github.com/repos/paul18sma/prescription-validator,7678857,prescription-validator,N,TypeScript,2020-04-01 20:38:53,N,0,2020-05-25 23:51:12,N
154191542,https://api.github.com/repos/tony-lang/cli,55408343,cli,Command line interface for the Tony programming language,TypeScript,2020-04-01 07:59:16,N,0,2021-03-03 11:20:38,N
154210329,https://api.github.com/repos/globalnestllc/twilio-video-app-react,4624594,twilio-video-app-react,A collaboration application built with the twilio-video.js SDK and React.js,TypeScript,2020-04-02 13:02:05,147323785,0,2021-02-25 20:28:38,1537374013
154226473,https://api.github.com/repos/AustinHarkey/store-block,8123746,store-block,N,TypeScript,2020-04-01 21:02:50,N,0,2020-10-17 01:35:16,N
154244750,https://api.github.com/repos/andyrewwer/pub-quiz,2520944,pub-quiz,N,TypeScript,2020-04-02 17:45:58,N,0,2020-09-12 11:34:07,N
154259634,https://api.github.com/repos/eugesma/prescription-validator-api,12372473,prescription-validator-api,NodeJS + MongoDB API for Prescription Management,TypeScript,2020-04-02 15:30:40,100243987,0,2020-05-27 00:49:10,1416000496
154387962,https://api.github.com/repos/thecodingmachine/workadventure,580907,workadventure,A collaborative web application (virtual office) presented as a 16-bit RPG video game,TypeScript,2020-04-03 12:24:15,N,0,2021-02-27 07:17:08,N
154403695,https://api.github.com/repos/pelikhan/sprite-data,5116436,sprite-data,MakeCode extension to store data in sprites from blocks,TypeScript,2020-04-03 02:51:30,N,0,2020-05-27 16:53:04,N
154445847,https://api.github.com/repos/scraymer/sra,2935737,sra,A Simple Reddit App (SRA) using Google Material Design dark and light appearance without infinite scrolling.,TypeScript,2020-04-02 23:16:05,N,0,2020-11-08 02:16:47,N
154481595,https://api.github.com/repos/yinhunfeixue/projectComponent,36662618,projectComponent,N,TypeScript,2020-04-01 01:13:56,N,0,2021-02-03 18:35:47,N
154486486,https://api.github.com/repos/whynoteasy/assets,36609317,assets,N,TypeScript,2020-04-01 11:45:17,137657837,0,2020-09-04 04:48:54,1537300299
154493104,https://api.github.com/repos/verokarhu/vscode,1192604,vscode,Visual Studio Code,TypeScript,2020-04-01 14:50:37,28947324,0,2020-04-04 08:14:40,1538131632
154494065,https://api.github.com/repos/saepark90/rmslow,13643952,rmslow,N,TypeScript,2020-04-01 16:21:12,154494067,0,2021-01-21 04:43:36,1538134020
154494067,https://api.github.com/repos/RMSLowside/rmslow,56334839,rmslow,N,TypeScript,2020-04-01 16:13:49,N,0,2021-02-27 11:09:35,N
154500122,https://api.github.com/repos/gamcoh/Vim,13370279,Vim,:star: Vim for Visual Studio Code,TypeScript,2020-04-01 18:38:00,28958762,0,2020-12-24 19:33:31,1538149108
154504550,https://api.github.com/repos/johnpapa/angular-preload-and-interceptors,212879,angular-preload-and-interceptors,N,TypeScript,2020-04-01 18:02:03,N,0,2021-02-25 13:29:10,N
154519132,https://api.github.com/repos/NightLightCoin/assets,52306588,assets,N,TypeScript,2020-04-01 11:55:55,137657837,0,2020-06-04 22:27:58,N
154524192,https://api.github.com/repos/kimmeleon/rmslow,56255770,rmslow,N,TypeScript,2020-04-01 16:16:23,154494067,0,2021-01-19 19:43:16,1538205692
154528329,https://api.github.com/repos/flare891/rmslow,56255748,rmslow,N,TypeScript,2020-04-01 16:14:22,154494067,0,2021-01-20 14:07:38,1538214599
154529585,https://api.github.com/repos/eXotech-code/vscode,51708017,vscode,Visual Studio Code,TypeScript,2020-04-01 16:59:41,28947324,0,2020-12-26 11:08:17,1537450836
154531135,https://api.github.com/repos/phuong17889/assets,12688968,assets,N,TypeScript,2020-04-01 17:49:12,137657837,0,2020-10-18 01:44:04,1537300299
154537332,https://api.github.com/repos/facedev-covid-19-hackathon/crowdfunding-platform,56311522,crowdfunding-platform,Crowdfunding platform created for helping needflul people during COVID-19 outbreak in Madagascar,TypeScript,2020-04-01 16:16:43,N,0,2020-12-19 08:22:25,N
154538868,https://api.github.com/repos/pinggin/grafana,55673489,grafana,"The tool for beautiful monitoring and metric analytics & dashboards for Graphite, InfluxDB & Prometheus & More",TypeScript,2020-04-01 03:23:33,9527814,0,2021-03-02 11:31:48,1538242012
154550960,https://api.github.com/repos/anshulguleria/ts-jest,2077129,ts-jest,TypeScript preprocessor with sourcemap support for Jest,TypeScript,2020-04-03 13:25:01,44660592,0,2020-06-13 19:32:33,1538270401
154551643,https://api.github.com/repos/forsen/react-native-webview,1751350,react-native-webview,React Native Cross-Platform WebView,TypeScript,2020-04-02 05:55:46,109332014,0,2020-12-26 13:31:38,1537257615
154553410,https://api.github.com/repos/zhuorg/actions-netlify,48777566,actions-netlify,N,TypeScript,2020-04-02 07:22:53,N,0,2020-10-02 10:39:39,N
154573397,https://api.github.com/repos/AlejandroMonteseirin/TestPokemon.com,39654053,TestPokemon.com,N,TypeScript,2020-04-03 21:01:09,N,0,2020-09-12 11:45:02,N
154575306,https://api.github.com/repos/belizar/Tesis.FrontEnd,42501432,Tesis.FrontEnd,N,TypeScript,2020-04-04 18:10:20,N,0,2020-10-22 20:25:18,N
154579370,https://api.github.com/repos/obernardovieira/dlx-ui,4431326,dlx-ui,Repository containing the frontend code for the dlx meetup platform.,TypeScript,2020-04-02 20:01:04,142951830,0,2020-06-13 23:20:51,1538342632
154597235,https://api.github.com/repos/aerogear/unifiedpush-cli,4580,unifiedpush-cli,A CLI to interact with the UnifiedPush Server,TypeScript,2020-04-02 12:33:14,N,0,2021-03-02 06:14:06,N
154599876,https://api.github.com/repos/ammar4243/assets,33892902,assets,N,TypeScript,2020-04-02 15:39:37,137657837,0,2020-11-28 09:47:18,1538169315
154615071,https://api.github.com/repos/throw-out-error/minecraft-mcfunction,56252047,minecraft-mcfunction,N,TypeScript,2020-04-01 21:44:59,N,0,2021-03-06 16:33:33,N
154625799,https://api.github.com/repos/gdgcloudtorino/hoverboard,56361192,hoverboard,Conference website template,TypeScript,2020-04-03 07:34:32,154625800,0,2021-03-04 16:59:18,1426624063
154630991,https://api.github.com/repos/thekhenzie/Angular_2020,38439163,Angular_2020,N,TypeScript,2020-04-03 09:52:25,N,0,2020-09-12 11:37:50,N
154632929,https://api.github.com/repos/Thinkmill/magical-forms,3854159,magical-forms,Write forms in React that feel like ✨ magic ✨,TypeScript,2020-04-01 02:59:40,N,0,2021-02-16 11:35:59,N
154641845,https://api.github.com/repos/Morgan-Stanley/ts-mocking-bird,2927359,ts-mocking-bird,"A fully type safe mocking, call verification and import replacement library for jasmine and jest",TypeScript,2020-04-03 12:43:11,N,0,2021-01-02 20:02:01,N
154645537,https://api.github.com/repos/btk999/homebridge-config-ui-x,22943640,homebridge-config-ui-x,"Homebridge Web UI plugin to monitor, manage and control Homebridge from a browser.",TypeScript,2020-04-03 17:13:50,83630493,0,2020-07-26 19:55:35,1538506779
154653255,https://api.github.com/repos/LaelFX/FrontAgenda,45771012,FrontAgenda,N,TypeScript,2020-04-03 21:58:14,N,0,2020-08-01 21:52:35,N
154663703,https://api.github.com/repos/btk999/homebridge-gsh,22943640,homebridge-gsh,Allow Google Assistant to control your Homebridge accessories.,TypeScript,2020-04-03 13:50:04,137726384,0,2020-07-26 14:17:03,1538555130
154671075,https://api.github.com/repos/jimshepherd/apollo-client,37706790,apollo-client,":rocket: A fully-featured, production ready caching GraphQL client for every UI framework and GraphQL server",TypeScript,2020-04-03 18:57:10,56000796,0,2020-07-14 04:03:42,1538502084
154672303,https://api.github.com/repos/giscafer/ledge,5454389,ledge,Ledge —— DevOps、研发效能知识和工具平台，是我们基于在 ThoughtWorks 进行的一系列 DevOps 实践、敏捷实践、软件开发与测试、精益实践提炼出来的知识体系。它包含了各种最佳实践、操作手册、原则与模式、操作手册、度量、工具，用于帮助您的企业在数字化时代更好地前进，还有 DevOps 转型。,TypeScript,2020-04-05 03:23:07,154034480,0,2020-08-10 23:42:53,1538578770
154680617,https://api.github.com/repos/lucero3210/assets,56373172,assets,N,TypeScript,2020-04-04 03:30:24,137657837,0,2020-06-10 22:06:47,1538496344
154695389,https://api.github.com/repos/pmc-a/teachingo-client,10361412,teachingo-client,N,TypeScript,2020-04-05 14:54:11,N,0,2020-06-11 01:32:33,N
154712799,https://api.github.com/repos/valenber/home-highlights-2.0,4878123,home-highlights-2.0,N,TypeScript,2020-04-04 22:19:46,N,0,2021-03-01 19:48:33,N
154717360,https://api.github.com/repos/ngx-builders/source-map-analyzer,51803141,source-map-analyzer,N,TypeScript,2020-04-05 14:38:18,N,0,2021-03-02 12:13:29,N
154736793,https://api.github.com/repos/JupiterOne/graph-nmap,2149422,graph-nmap,Ingest hosts discovered from Nmap scans to JupiterOne graph,TypeScript,2020-04-05 17:24:52,N,0,2021-01-18 09:14:06,N
154739273,https://api.github.com/repos/klxq/ledge,7514478,ledge,Ledge —— DevOps、研发效能知识和工具平台，是我们基于在 ThoughtWorks 进行的一系列 DevOps 实践、敏捷实践、软件开发与测试、精益实践提炼出来的知识体系。它包含了各种最佳实践、操作手册、原则与模式、操作手册、度量、工具，用于帮助您的企业在数字化时代更好地前进，还有 DevOps 转型。,TypeScript,2020-04-05 05:44:01,154034480,0,2020-06-12 02:45:28,1538784596
154740013,https://api.github.com/repos/KareemRS/Lavacord,35827420,Lavacord,A easy to use Lavalink client that can be used with any discord api wrapper,TypeScript,2020-04-05 06:06:57,153877984,0,2020-06-22 17:59:30,1538166407
154741343,https://api.github.com/repos/Hazmi35/jukebox,39069117,jukebox,Just a simple Discord music bot.,TypeScript,2020-04-03 15:06:27,N,0,2021-02-26 16:52:03,N
154744149,https://api.github.com/repos/ito-org/react-native-app,56133625,react-native-app,Frontend Implementation in React Native ,TypeScript,2020-04-01 18:10:45,N,0,2020-06-04 21:16:34,N
154755213,https://api.github.com/repos/freewind-demos/typescript-react-pullstate-async-actions-demo,45323831,typescript-react-pullstate-async-actions-demo,N,TypeScript,2020-04-04 15:37:57,N,0,2020-05-30 02:40:51,N
154755602,https://api.github.com/repos/iam4x/bobarr,200849,bobarr,"The all-in-one replacement for Sonarr, Radarr, Jackett... with a VPN and running in docker",TypeScript,2020-04-05 21:29:24,N,0,2021-02-28 02:44:34,N
154763360,https://api.github.com/repos/fossamagna/google-script-dts-generator,183795,google-script-dts-generator,Generate TypeScript declaration (.d.ts) file for google.script.run(Client-side API).,TypeScript,2020-04-06 01:48:21,N,0,2021-02-10 11:37:06,N
154765475,https://api.github.com/repos/javascript-ru/angularpro-20200404,44828176,angularpro-20200404,N,TypeScript,2020-04-04 07:15:21,N,0,2020-07-07 21:22:42,N
154785492,https://api.github.com/repos/przemkow/rollup-plugin-vue,6504191,rollup-plugin-vue,Roll .vue files,TypeScript,2020-04-05 13:51:38,57116442,0,2021-02-04 18:45:51,1478300420
154787305,https://api.github.com/repos/manjosk8/cloud-developer,3344133,cloud-developer,N,TypeScript,2020-04-05 14:57:34,N,0,2020-09-08 11:21:39,N
154806370,https://api.github.com/repos/eldhoseelias/ng2-smart-table,11532775,ng2-smart-table,Angular Smart Data Table component,TypeScript,2020-04-06 03:33:52,43114035,0,2020-10-28 18:13:46,1536775751
154808551,https://api.github.com/repos/pataruco/noosphere,6564189,noosphere,N,TypeScript,2020-04-03 18:34:27,N,0,2021-01-04 22:07:19,N
154809666,https://api.github.com/repos/jamesbrooks94/ecoach,16214051,ecoach,e-coach,TypeScript,2020-04-03 12:25:45,N,0,2020-12-19 08:51:35,N
154813805,https://api.github.com/repos/AxisCommunications/media-overlay-library-js,3376021,media-overlay-library-js,React library to make it easier to draw SVG elements with a user-defined coordinate system and transform.,TypeScript,2020-04-05 15:06:49,N,0,2021-02-02 11:46:19,N
154818044,https://api.github.com/repos/lionyhw/pxt-longanbit,38692275,pxt-longanbit,"The all-in-one kit LonganBit (Longan STEM kit)（龙眼魔法STEAM教育套件）, supporting education of robotics and AIoT, produced by Elite EdTech Co.ltd.",TypeScript,2020-04-02 09:38:50,N,0,2020-05-26 20:07:51,N
154819392,https://api.github.com/repos/disizali/deno,50719169,deno,A secure JavaScript and TypeScript runtime,TypeScript,2020-04-06 08:38:44,105757646,0,2020-06-30 15:10:17,1538862080
154823666,https://api.github.com/repos/jasoncabot-ms/echo-bot-jasonc,51641718,echo-bot-jasonc,"Sample browser echo bot showcasing GitHub Actions, Secrets, Environment Variables and App Service Deployment Center",TypeScript,2020-04-06 08:01:28,N,0,2020-12-19 09:11:56,N
154838009,https://api.github.com/repos/herschel666/villekulla-calendar,135966,villekulla-calendar,N,TypeScript,2020-04-04 09:12:28,N,0,2020-06-27 22:05:45,N
154842650,https://api.github.com/repos/Jvandeseijp/assets,56405543,assets,N,TypeScript,2020-04-06 13:01:19,137657837,0,2021-02-08 13:12:20,1539000190
154852997,https://api.github.com/repos/softaria/semantic-math-processor-client,3003580,semantic-math-processor-client,"A client for MathProcessor, a plugin for SemanticMathEditor",TypeScript,2020-04-06 10:06:04,N,0,2021-01-02 09:54:37,N
154887344,https://api.github.com/repos/lxghtless/clipfs,49575745,clipfs,A clipboard module for interacting with the file system.,TypeScript,2020-04-01 22:48:47,N,0,2021-02-22 05:40:11,N
154902618,https://api.github.com/repos/joergi/learning-typescript,1769441,learning-typescript,Trying to learn some typescript stuff,TypeScript,2020-04-03 08:23:36,N,0,2021-03-04 07:13:02,N
154944418,https://api.github.com/repos/lhl2617/simple-sir,39316249,simple-sir,N,TypeScript,2020-04-05 13:11:01,N,0,2021-02-12 08:03:23,N
154947914,https://api.github.com/repos/udhaya0000/bit-test,26331392,bit-test,repo to test bit build command,TypeScript,2020-04-01 16:49:17,N,0,2020-12-10 17:17:09,N
154952690,https://api.github.com/repos/ylboisestatedev/genesis,56431172,genesis,Young Life Boise State mobile app written in Angular with the Ionic Framework.,TypeScript,2020-04-06 16:51:52,N,0,2020-12-19 09:12:39,N
154976364,https://api.github.com/repos/blacktemplar/prism,1259481,prism,"Turn any OpenAPI file into an API server with mocking, transformations, validations, and more.",TypeScript,2020-04-06 21:10:13,33691138,0,2020-06-01 05:42:14,1539718909
154979133,https://api.github.com/repos/antrp93LCA/NG421_wk2_day1_OnlineStore,52667810,NG421_wk2_day1_OnlineStore,N,TypeScript,2020-04-06 22:54:38,143006634,0,2020-06-01 09:25:18,1437906814
154989240,https://api.github.com/repos/hardyscc/nestjs-cqrs-starter,2514642,nestjs-cqrs-starter,NestJS CQRS Microservices Starter Project,TypeScript,2020-04-05 14:44:16,N,0,2021-03-02 01:19:03,N
155004638,https://api.github.com/repos/zouharvi/TNTranslator,38782239,TNTranslator,Translation Inspector for n-best list navigator task at Bergamot,TypeScript,2020-04-02 14:52:27,N,0,2020-12-19 08:35:25,N
155010571,https://api.github.com/repos/distributeaid/flexport-sdk-js,52772742,flexport-sdk-js,JavaScript client SDK for Flexport's API v2,TypeScript,2020-04-05 21:03:14,N,0,2020-10-09 05:20:14,N
155011668,https://api.github.com/repos/Eclipse-Dominator/PAIFHB,7066793,PAIFHB,PAIF's Handbook,TypeScript,2020-04-04 17:12:12,N,0,2021-01-29 08:37:50,N
155054990,https://api.github.com/repos/JupiterOne/data-model,2149422,data-model,N,TypeScript,2020-04-04 20:25:49,N,0,2021-03-01 21:35:38,N
155064097,https://api.github.com/repos/MateusGuedess/store-block,31165649,store-block,N,TypeScript,2020-04-07 19:57:16,N,0,2020-12-18 23:17:39,N
155069624,https://api.github.com/repos/microsoft/arcade-sprite-data,3886902,arcade-sprite-data,Blocks attach data to MakeCode Arcade sprites,TypeScript,2020-04-03 20:40:09,N,0,2021-02-26 06:53:29,N
155115654,https://api.github.com/repos/tobysmith568/License-File,41082212,License-File,N,TypeScript,2020-04-07 22:52:21,N,0,2020-06-02 11:54:19,N
155121965,https://api.github.com/repos/drewmrk/Merry-Stories,37159254,Merry-Stories,N,TypeScript,2020-04-05 14:23:50,N,0,2021-02-03 19:27:36,N
155132144,https://api.github.com/repos/ISpoonJelly/twisted,6963725,twisted,Fetching riot games api data,TypeScript,2020-04-08 03:08:17,144004200,0,2020-07-25 13:21:14,1536461030
155141375,https://api.github.com/repos/clshu/tinyhouse,1626135,tinyhouse,N,TypeScript,2020-04-05 00:18:50,N,0,2020-12-19 08:57:09,N
155147810,https://api.github.com/repos/distributeaid/flexport-shipment-monitor,52772742,flexport-shipment-monitor,Monitor shipments on Flexport,TypeScript,2020-04-06 22:52:23,N,0,2020-10-06 09:04:51,N
155148294,https://api.github.com/repos/duocun/duocun-grocery,51667762,duocun-grocery,N,TypeScript,2020-04-08 02:05:41,N,0,2020-06-12 23:01:35,N
155150358,https://api.github.com/repos/jwunderl/pxt-status-bar,33353573,pxt-status-bar,Create status bar sprites for your game --beta,TypeScript,2020-04-03 21:13:22,N,0,2021-02-17 10:27:49,N
155154470,https://api.github.com/repos/mathiamry/RestauIonicEHMT,34919569,RestauIonicEHMT,N,TypeScript,2020-04-05 14:42:05,N,0,2021-03-03 05:41:42,N
155156128,https://api.github.com/repos/hassane72/restoIonic,52424046,restoIonic,N,TypeScript,2020-04-04 21:39:52,N,0,2021-03-03 05:42:10,N
155169492,https://api.github.com/repos/WindSekirun/TurnipsBot,1675421,TurnipsBot,Turnips Bot for Animal Crossing New Horizon,TypeScript,2020-04-06 08:06:51,N,0,2021-02-16 09:57:31,N
155182567,https://api.github.com/repos/duocun/duocun-api,51667762,duocun-api,N,TypeScript,2020-04-08 02:02:04,N,0,2021-02-27 15:13:08,N
155291665,https://api.github.com/repos/ItzRabbs/ng-update,13982100,ng-update,A Github @actions that keeps your @angular CLI-based projects up-to-date via automated PRs based on `ng update`.,TypeScript,2020-04-09 00:41:13,N,0,2021-03-04 04:59:34,N
155307937,https://api.github.com/repos/gywlsp/item-info-crawl,55175974,item-info-crawl,쇼핑몰들의 아이템 정보를 크롤링합니다.,TypeScript,2020-04-03 03:55:11,N,0,2020-07-31 03:28:04,N
155308458,https://api.github.com/repos/gillesdegue/developpementMobile,41789352,developpementMobile,N,TypeScript,2020-04-04 19:51:09,N,0,2021-03-02 02:18:24,N
155312570,https://api.github.com/repos/hoangvvo/graphyne,51747925,graphyne,⚡ Lightning-fast JavaScript GraphQL Server ⚡,TypeScript,2020-04-07 21:41:52,N,0,2020-08-25 16:04:08,N
155318991,https://api.github.com/repos/wechaty/HAWechaty,30739243,HAWechaty,HAWechaty is a Load Balance for providing High Availability for Wechaty Chatbot by spreading requests across multiple WeChat individual accounts.,TypeScript,2020-04-06 06:44:15,N,0,2020-06-13 23:15:39,N
155322243,https://api.github.com/repos/meganyin13/samwise-positivity,16821135,samwise-positivity,Landing page to collect emails for Samwise's online spread-positivity campaign!,TypeScript,2020-04-03 21:59:10,N,0,2021-01-03 18:02:36,N
155351968,https://api.github.com/repos/Mznrahi786/assets,56520098,assets,N,TypeScript,2020-04-08 08:49:30,137657837,0,2020-08-07 05:44:00,1540098276
155361212,https://api.github.com/repos/Wynnfan/ledge,39061646,ledge,Ledge —— DevOps、研发效能知识和工具平台，是我们基于在 ThoughtWorks 进行的一系列 DevOps 实践、敏捷实践、软件开发与测试、精益实践提炼出来的知识体系。它包含了各种最佳实践、操作手册、原则与模式、度量、工具，用于帮助您的企业在数字化时代更好地前进，还有 DevOps 转型。,TypeScript,2020-04-09 06:02:27,154034480,0,2020-06-04 13:06:47,1541638003
155363180,https://api.github.com/repos/pwa-pilipinas/developer-pwapilipinas-org,52781364,developer-pwapilipinas-org,The repository for the developer hub of PWA Pilipinas,TypeScript,2020-04-09 06:34:29,N,0,2020-06-20 18:12:48,N
155364379,https://api.github.com/repos/davejon1337/komic,48093310,komic,N,TypeScript,2020-04-08 15:52:16,N,0,2020-06-03 13:07:57,N
155367190,https://api.github.com/repos/balintkiraly/pulsatio,55887580,pulsatio,Website monitoring tool,TypeScript,2020-04-07 12:12:10,N,0,2020-12-13 05:57:27,N
155369009,https://api.github.com/repos/phananhtruc98/Fashi,45334031,Fashi,N,TypeScript,2020-04-07 09:00:37,N,0,2020-09-09 04:44:23,N
155370079,https://api.github.com/repos/yasshi2525/rushmini,38654655,rushmini,N,TypeScript,2020-04-03 03:44:34,N,0,2021-02-09 08:38:37,N
155370370,https://api.github.com/repos/jcanadilla/trastero-frontend,36425020,trastero-frontend,N,TypeScript,2020-04-09 09:54:06,N,0,2020-12-29 10:07:11,N
155381712,https://api.github.com/repos/microsoft/vscode-github-triage-actions,3886902,vscode-github-triage-actions,Github Actions for helping VS Code manage our issues,TypeScript,2020-04-07 00:50:59,N,0,2021-02-24 11:42:01,N
155418836,https://api.github.com/repos/OdMatheuS/MoneyConvert,56410981,MoneyConvert,N,TypeScript,2020-04-06 16:15:07,N,0,2020-09-04 20:54:42,N
155424057,https://api.github.com/repos/dev-protocol/minimum-valuable-dev-protocol-app,50921367,minimum-valuable-dev-protocol-app,N,TypeScript,2020-04-07 09:15:55,N,0,2020-06-02 05:34:43,N
155424482,https://api.github.com/repos/rnystrom/issue-actions,61352,issue-actions,WIP actions to sync parent and child issues.,TypeScript,2020-04-09 17:35:17,N,0,2020-10-02 10:40:31,N
155449023,https://api.github.com/repos/thebiltheory/react-native-number-please,6225841,react-native-number-please,React native number picker,TypeScript,2020-04-09 08:02:09,N,0,2021-03-06 09:07:52,N
155457248,https://api.github.com/repos/googlemaps/js-api-loader,1761123,js-api-loader,Load the Google Maps JavaScript API script dynamically.,TypeScript,2020-04-09 22:15:47,N,0,2021-03-02 04:34:42,N
155477798,https://api.github.com/repos/AlperTac/Projecten,56303548,Projecten,Projecten Alper Kevin,TypeScript,2020-04-09 11:21:50,N,0,2021-03-01 22:12:53,N
155481860,https://api.github.com/repos/Kitzunu/Keira3,32924829,Keira3,Cross-platform Database Editor for AzerothCore,TypeScript,2020-04-09 11:44:21,139481959,0,2020-06-21 18:38:53,1542472233
155484069,https://api.github.com/repos/altron013/Endka,44414798,Endka,N,TypeScript,2020-04-09 18:06:15,N,0,2020-09-12 12:26:29,N
155484834,https://api.github.com/repos/smsalarmas/typeform,12829134,typeform,N,TypeScript,2020-04-08 16:48:49,N,0,2020-12-18 23:27:34,N
155487470,https://api.github.com/repos/omridevk/node-cleaner,6118684,node-cleaner,A node modules cleaner to free up well needed disk space,TypeScript,2020-04-08 00:24:49,N,0,2021-01-28 21:57:32,N
155490867,https://api.github.com/repos/Emiliano-Bucci/aiutiamoci-covid19,41464274,aiutiamoci-covid19,N,TypeScript,2020-04-06 08:52:39,N,0,2020-08-01 21:52:24,N
155491602,https://api.github.com/repos/leogopal/COVID19-API,2212508,COVID19-API,N,TypeScript,2020-04-09 08:26:56,N,0,2020-06-04 13:12:36,N
155492222,https://api.github.com/repos/growse/xunit-mattermost-reporter,30455,xunit-mattermost-reporter,A Github action to report the results of XUnit tests to Mattermost via a webhook,TypeScript,2020-04-08 14:41:19,N,0,2021-03-06 04:36:34,N
155524773,https://api.github.com/repos/altron013/menu,44414798,menu,comitted,TypeScript,2020-04-08 16:18:17,N,0,2020-09-11 18:53:40,N
155533486,https://api.github.com/repos/ant-design/antd-changelog-editor,7889070,antd-changelog-editor,N,TypeScript,2020-04-10 08:08:59,N,0,2021-03-06 10:07:47,N
155537307,https://api.github.com/repos/anydotcrypto/relayhub,55401862,relayhub,A minimal relay hub to handle replay protection. Motivated by #2585. a,TypeScript,2020-04-10 07:56:00,N,0,2020-06-04 21:09:55,N
155538011,https://api.github.com/repos/eXotech-code/portfolio-frontend,51708017,portfolio-frontend,My portfolio frontend code written in TypeScript.,TypeScript,2020-04-10 09:37:40,N,0,2020-10-08 13:05:45,N
155614590,https://api.github.com/repos/ashnamuh/react-redux-saga-typescript-boilerplate,16135910,react-redux-saga-typescript-boilerplate,N,TypeScript,2020-04-09 12:25:06,N,0,2020-06-19 21:11:47,N
155619404,https://api.github.com/repos/pagopa/io-notification-hub-mock,38590532,io-notification-hub-mock,Mock server for Azure notification hub,TypeScript,2020-04-03 12:23:47,N,0,2021-01-04 18:18:23,N
155624831,https://api.github.com/repos/JoeBobMiles/Notes2Self,32970124,Notes2Self,"My professional blog of no-shit notes, how-to's, pointers, tips, and tricks.",TypeScript,2020-04-06 16:18:28,N,0,2020-06-15 00:11:19,N
155625070,https://api.github.com/repos/benbuzzelli/ng_groupr,44591937,ng_groupr,web build of groupr app,TypeScript,2020-04-11 03:13:19,N,0,2020-09-12 12:35:53,N
155629273,https://api.github.com/repos/daphnesmit/essential-ts-utils,5407223,essential-ts-utils,Essential Typescript utils is a collection of useful common used Javascript utilities written in Typescript.,TypeScript,2020-04-10 10:39:57,N,0,2021-01-18 10:48:37,N
155641669,https://api.github.com/repos/thiagozf/rimo,5588979,rimo,Rimo is an extensible set of functions that helps you to build rich domain data models through composition.,TypeScript,2020-04-10 17:41:45,N,0,2021-01-18 07:07:31,N
155645415,https://api.github.com/repos/webmakaka/Packaging-Applications-with-Helm-for-Kubernetes,55211755,Packaging-Applications-with-Helm-for-Kubernetes,"[DevOps][Philippe Collignon] Packaging Applications with Helm for Kubernetes [ENG, 30 Jul 2019]",TypeScript,2020-04-10 21:39:38,136276365,0,2021-03-02 10:26:24,1417296841
155646837,https://api.github.com/repos/Himadu2000/cezerin2-mono,50810586,cezerin2-mono,"Cezerin Mono Repo - ""All In One"" App: Cezerin API + Cezerin Storefront + Cezerin Dashboard. Cezerin2 is React and Node.js based eCommerce platform. React Shopping Cart.",TypeScript,2020-04-10 22:32:56,135629302,0,2020-07-16 05:58:09,1506130653
155649718,https://api.github.com/repos/davejon1337/komic-api,48093310,komic-api,Reddit-like webapp written in Graphql & React.,TypeScript,2020-04-08 15:52:16,N,0,2020-06-04 23:39:24,N
155655614,https://api.github.com/repos/alauda/alauda-ui,10075423,alauda-ui,N,TypeScript,2020-04-09 02:45:20,N,0,2021-03-01 11:24:12,N
155667979,https://api.github.com/repos/johnsoncodehk/vue-next,12215183,vue-next,The next major version of Vue (WIP),TypeScript,2020-04-11 10:05:49,137622810,0,2020-06-04 23:59:01,1543446247
155673428,https://api.github.com/repos/timko7/BSEP_front,52811666,BSEP_front,N,TypeScript,2020-04-10 12:09:06,N,0,2020-10-01 16:59:45,N
155679172,https://api.github.com/repos/OwenZhu/HealthTracker,33262388,HealthTracker,N,TypeScript,2020-04-11 09:53:18,N,0,2021-01-07 04:20:02,N
155684432,https://api.github.com/repos/saasify-sh/twitter-search,52838545,twitter-search,Instantly search across your entire Twitter history with a beautiful UI powered by Algolia.,TypeScript,2020-04-11 02:24:19,N,0,2021-02-10 16:52:05,N
155689622,https://api.github.com/repos/niftymoji/assets,56606085,assets,N,TypeScript,2020-04-11 15:19:54,137657837,0,2020-06-05 00:40:37,1543480651
155691799,https://api.github.com/repos/elenixatzaa/assets,56606591,assets,N,TypeScript,2020-04-11 15:49:59,137657837,0,2020-06-05 01:13:30,1543480651
155700897,https://api.github.com/repos/Kami-Juan/scrapping-mangas,38023722,scrapping-mangas,Web Scrapper for Mangas in Nodejs/Typescript/Nestjs,TypeScript,2020-04-08 02:28:50,N,0,2020-12-10 17:27:26,N
155702510,https://api.github.com/repos/ssarljames/jiza,2312455,jiza,N,TypeScript,2020-04-11 17:37:39,N,0,2021-01-29 08:36:40,N
155704597,https://api.github.com/repos/pshihn/bezier-points,1360173,bezier-points,N,TypeScript,2020-04-10 18:38:30,N,0,2021-02-19 09:31:44,N
155706066,https://api.github.com/repos/vetordev/Findev,55175652,Findev,N,TypeScript,2020-04-08 18:29:08,N,0,2020-12-19 09:53:42,N
155707068,https://api.github.com/repos/CEOS-Developers/react-11th-practice-server,52295505,react-11th-practice-server,11기 react study 미션을 진행하며 사용할 연습용 api server,TypeScript,2020-04-11 06:55:41,N,0,2020-12-20 18:17:05,N
155712711,https://api.github.com/repos/branoholy/update-lock-file-action,3672527,update-lock-file-action,An action for updating package-lock.json and yarn.lock files.,TypeScript,2020-04-09 21:42:36,N,0,2020-06-05 01:27:33,N
155713500,https://api.github.com/repos/pshihn/points-on-path,1360173,points-on-path,Estimate point on a SVG path ,TypeScript,2020-04-11 04:00:29,N,0,2021-01-31 22:56:03,N
155725852,https://api.github.com/repos/Gbrad1/videoApp-frontEnd,47093583,videoApp-frontEnd,Frontend application for our full stack project. ,TypeScript,2020-04-08 19:30:13,N,0,2020-06-04 01:55:22,N
155732756,https://api.github.com/repos/easy-poker/poker-client,56618487,poker-client,N,TypeScript,2020-04-11 19:18:18,N,0,2020-06-05 01:17:09,N
155738250,https://api.github.com/repos/dflmafia/assets,56619611,assets,N,TypeScript,2020-04-11 16:21:13,137657837,0,2020-08-29 20:17:01,1543480651
155742460,https://api.github.com/repos/shawnjsx/donut,51900859,donut,"grab some donut's, coffee and write a screenplay",TypeScript,2020-04-11 11:43:06,N,0,2020-05-09 08:36:03,N
155757406,https://api.github.com/repos/koopbelgisch/kaabee,56624236,kaabee,N,TypeScript,2020-04-04 11:19:28,N,0,2021-03-02 10:20:39,N
155761207,https://api.github.com/repos/Sagie501/ilend-client,31178340,ilend-client,N,TypeScript,2020-04-04 22:14:23,N,0,2020-08-27 08:10:27,N
155764194,https://api.github.com/repos/SamithDB/angularWorkshop,32192457,angularWorkshop,N,TypeScript,2020-04-01 04:23:36,N,0,2020-12-19 08:35:15,N
155766363,https://api.github.com/repos/SOF3/rwlock-promise,13633903,rwlock-promise,JavaScript library providing shared/exclusive locks with Promise API,TypeScript,2020-04-01 06:07:51,N,0,2021-02-09 20:00:02,N
155771143,https://api.github.com/repos/ruslanguns/ruso-monorepo,14149839,ruso-monorepo,N,TypeScript,2020-04-11 13:25:40,N,0,2021-03-04 22:00:22,N
155771381,https://api.github.com/repos/saissei/vaddy-scanner,50301765,vaddy-scanner,N,TypeScript,2020-04-01 09:19:04,N,0,2021-02-21 14:31:43,N
155775007,https://api.github.com/repos/tuntisz/givealunch,6268626,givealunch,Find us on COVID Accelerator,TypeScript,2020-04-01 03:06:32,N,0,2021-01-21 09:41:42,N
155777162,https://api.github.com/repos/Lockdown-WirVsVirus/safeticket-api,56050519,safeticket-api,die neue API für SafeTicket,TypeScript,2020-04-05 17:12:23,N,0,2020-06-21 02:49:20,N
155777441,https://api.github.com/repos/laperette/laperette,39786707,laperette,N,TypeScript,2020-04-12 17:25:10,N,0,2021-02-23 11:21:42,N
155782895,https://api.github.com/repos/tngraphql/tn-illuminate,56632066,tn-illuminate,N,TypeScript,2020-04-02 00:21:59,N,0,2020-12-19 08:26:43,N
155784618,https://api.github.com/repos/buschtoens/combine-type-predicates,6075743,combine-type-predicates,Combine user-defined type guards / type predicates as unions and intersections.,TypeScript,2020-04-01 17:06:26,N,0,2021-03-02 10:15:56,N
155784915,https://api.github.com/repos/Holayn/chat,1694247,chat,N,TypeScript,2020-04-11 21:12:20,N,0,2021-01-22 11:05:05,N
155792515,https://api.github.com/repos/murar8/react-intl-locale-manager,10943835,react-intl-locale-manager,Manage the translation process of projects that use the 'react-intl' translation library.,TypeScript,2020-04-02 14:29:50,N,0,2020-12-19 08:35:34,N
155794800,https://api.github.com/repos/nightborn-be/signum,49314086,signum,Generate leads through your website with our open source solution.,TypeScript,2020-04-12 16:51:22,N,0,2021-02-27 08:45:52,N
155801769,https://api.github.com/repos/duocun/duocun-proxy,51667762,duocun-proxy,N,TypeScript,2020-04-12 00:26:33,N,0,2020-08-21 08:41:54,N
155806492,https://api.github.com/repos/pairjacks/poker-client,56639413,poker-client,N,TypeScript,2020-04-11 19:18:18,N,0,2020-06-05 03:57:48,N
155809035,https://api.github.com/repos/BrewertonSantos/quiz-about-programming,52964196,quiz-about-programming,N,TypeScript,2020-04-12 03:31:21,N,0,2020-09-04 10:35:05,N
155819872,https://api.github.com/repos/distributeaid/shipments,52772742,shipments,Public shipment tracker for Distribute Aid shipments,TypeScript,2020-04-12 16:04:14,N,0,2020-08-23 15:28:21,N
155820519,https://api.github.com/repos/biancarosa/azdevops-jinja2-templates,781582,azdevops-jinja2-templates,N,TypeScript,2020-04-12 16:28:04,N,0,2021-02-10 18:47:18,N
155827668,https://api.github.com/repos/Geopay/assets,7302055,assets,N,TypeScript,2020-04-12 02:20:19,137657837,0,2020-10-22 09:13:19,1544158819
155833110,https://api.github.com/repos/mat-sz/react-letter,51802612,react-letter,✉️ Display e-mails in your React.js projects. (Targets Gmail rendering.),TypeScript,2020-04-06 17:50:10,N,0,2020-12-01 02:43:31,N
155850052,https://api.github.com/repos/sportloop/cycloop-portal,56650519,cycloop-portal,Cycloop.bike Portal Landing Page,TypeScript,2020-04-12 22:41:07,N,0,2021-02-12 20:46:24,N
155853352,https://api.github.com/repos/278kunal/fullstack-react-graphql-boilerplate,8453917,fullstack-react-graphql-boilerplate,"A Fullstack React, GraphQL, TypeScript boilerplate",TypeScript,2020-04-10 08:11:05,N,0,2020-12-09 23:14:01,N
155855546,https://api.github.com/repos/quangdh/logfresher,1592885,logfresher,N,TypeScript,2020-04-11 04:51:17,N,0,2020-06-04 23:18:00,N
155856109,https://api.github.com/repos/Atlantis-Lab/yandex-aviso-tool,56651872,yandex-aviso-tool,N,TypeScript,2020-04-07 09:54:17,N,0,2021-02-28 22:57:12,N
155857368,https://api.github.com/repos/andyemre-com/npm-audit-action,56377446,npm-audit-action,GitHub Action to run `npm audit`,TypeScript,2020-04-13 07:19:26,137724237,0,2020-05-03 20:54:34,1544782576
155862499,https://api.github.com/repos/SaAtHi1/assets,56653414,assets,N,TypeScript,2020-04-13 09:42:24,137657837,0,2020-09-03 08:51:32,1544769065
155866956,https://api.github.com/repos/declanjscott/covid-map-nsw,1846535,covid-map-nsw,A webapp to map COVID-19 cases in NSW.,TypeScript,2020-04-13 01:15:06,N,0,2020-12-19 10:15:39,N
155872495,https://api.github.com/repos/hmil/ng-vacuum,5439028,ng-vacuum,True angular unit tests without the hassle,TypeScript,2020-04-07 09:47:44,N,0,2021-01-29 06:55:47,N
155874317,https://api.github.com/repos/47ng/chakra-next,46158263,chakra-next,"Opinionated design system for React, based on Chakra UI + Next.js, written in TypeScript.",TypeScript,2020-04-02 07:43:16,N,0,2021-03-01 02:55:56,N
155875327,https://api.github.com/repos/lucavb/homebridge-esphome-ts,3386848,homebridge-esphome-ts,N,TypeScript,2020-04-10 08:49:48,N,0,2021-02-26 09:54:57,N
155875347,https://api.github.com/repos/arvind5588/ecommerce-app,37016772,ecommerce-app,eCommerce + Angular8 + MYSQL + NODE.js + Express.js,TypeScript,2020-04-13 14:59:38,N,0,2020-09-12 12:55:55,N
155878784,https://api.github.com/repos/bdgmb2/aws-cdk,9306254,aws-cdk,The AWS Cloud Development Kit is a framework for defining cloud infrastructure in code,TypeScript,2020-04-13 17:02:07,137636057,0,2020-05-07 11:53:32,1544913606
155887168,https://api.github.com/repos/wasanmsn/Lab_Advance_Web_SUT,51969895,Lab_Advance_Web_SUT,Time to bring in supa soja.,TypeScript,2020-04-01 22:00:13,N,0,2020-09-10 11:35:03,N
155890271,https://api.github.com/repos/morrys/relay-angular,15238562,relay-angular,Relay for Angular,TypeScript,2020-04-13 18:53:50,N,0,2021-03-02 08:47:44,N
155890495,https://api.github.com/repos/soruly/trace.moe-image-proxy,1164329,trace.moe-image-proxy,N,TypeScript,2020-04-02 12:37:49,N,0,2020-12-06 01:29:27,N
155893211,https://api.github.com/repos/bboy437/Soldev_Daily_Record_Web,56656347,Soldev_Daily_Record_Web,N,TypeScript,2020-04-02 14:32:18,N,0,2020-09-04 02:45:07,N
155894144,https://api.github.com/repos/BuggyBot/BuggyBot2,56226064,BuggyBot2,N,TypeScript,2020-04-02 20:43:17,N,0,2020-07-29 09:58:32,N
155895177,https://api.github.com/repos/nadim-khan/nadim-khan-Ang-GoogleApis,44415636,nadim-khan-Ang-GoogleApis,N,TypeScript,2020-04-01 08:34:36,N,0,2020-09-08 03:10:05,N
155896641,https://api.github.com/repos/Sourciluss667/todo,48935657,todo,"TP 1, MAke a todolist with vueJS and nodeJS backend (Typescript)",TypeScript,2020-04-01 09:56:44,N,0,2020-12-10 17:11:53,N
155901402,https://api.github.com/repos/datazen/printertest,1255970,printertest,mobile printer test,TypeScript,2020-04-01 13:26:05,N,0,2020-09-12 11:25:34,N
155903606,https://api.github.com/repos/chiffre-io/crypto-sign,52495969,crypto-sign,Lightweight serialization for TweetNaCl signatures,TypeScript,2020-04-01 15:03:06,N,0,2021-02-22 09:50:08,N
155913741,https://api.github.com/repos/apache-superset/cached-dependencies,45658155,cached-dependencies,Github Action for setting up a multiple cache targets in one step,TypeScript,2020-04-13 17:57:20,155913742,0,2020-12-15 09:30:13,1545244563
155913742,https://api.github.com/repos/ktmud/cached-dependencies,77789,cached-dependencies,Github Action for setting up a multiple cache targets in one step,TypeScript,2020-04-11 01:41:21,N,0,2021-03-04 17:29:04,N
155914493,https://api.github.com/repos/Sikora00/packages,32922632,packages,N,TypeScript,2020-04-13 11:05:27,N,0,2021-03-05 10:25:27,N
155917374,https://api.github.com/repos/ikesyo/download-bitrise-yaml,43208,download-bitrise-yaml,A GitHub Action for downloading bitrise.yml https://api-docs.bitrise.io/#/application/app-config-datastore-show,TypeScript,2020-04-03 04:32:33,N,0,2021-02-25 16:59:54,N
155917924,https://api.github.com/repos/feathersjs/databases,2492630,databases,Feathers core database adapters and utilities,TypeScript,2020-04-05 21:55:57,N,0,2021-01-03 23:09:10,N
155918591,https://api.github.com/repos/yogeshtekhne/vtb-template,26247470,vtb-template,sample vtb functionality,TypeScript,2020-04-13 06:34:09,N,0,2020-09-12 12:50:17,N
155931068,https://api.github.com/repos/ellreka/ellreka.net,44045567,ellreka.net,N,TypeScript,2020-04-02 15:07:10,N,0,2021-02-25 17:01:41,N
155932227,https://api.github.com/repos/niicojs/teams-tab-app,39239544,teams-tab-app,N,TypeScript,2020-04-10 14:51:55,N,0,2021-03-05 10:21:09,N
155963041,https://api.github.com/repos/dfz23/VetApp,33768195,VetApp,N,TypeScript,2020-04-02 01:33:00,N,0,2020-09-12 11:30:36,N
155969234,https://api.github.com/repos/openscript/react-dsv-import,269275,react-dsv-import,"Flexible, typed and easy to use React Component ⚛ to provide CSV, TSV and other delimiter-separated values formats (DSV) import functionality.",TypeScript,2020-04-10 11:11:09,N,0,2020-12-18 23:31:32,N
155971456,https://api.github.com/repos/rsheptolut/plot-covid,10885827,plot-covid,Plotting COVID-19,TypeScript,2020-04-12 12:56:51,N,0,2020-09-12 12:49:27,N
155973364,https://api.github.com/repos/idena-dev/idena-pocket,56617810,idena-pocket,A web wallet for idena.,TypeScript,2020-04-11 15:01:49,N,0,2020-07-17 02:54:16,N
155973775,https://api.github.com/repos/idena-dev/idena-js,56617810,idena-js,A JavaScript library suite for development on Idena blockchain.,TypeScript,2020-04-02 17:29:39,N,0,2020-08-13 11:53:59,N
155975656,https://api.github.com/repos/graphql-compose/graphql-compose-bullmq,30925812,graphql-compose-bullmq,N,TypeScript,2020-04-01 14:19:12,N,0,2021-02-16 09:19:43,N
155978618,https://api.github.com/repos/luminuszz/be-a-hero-front-end,50555335,be-a-hero-front-end,Omnistack 11 front ,TypeScript,2020-04-01 15:20:18,N,0,2021-01-06 18:25:12,N
155978731,https://api.github.com/repos/UD-CISC374/educational-game-project-william-rembish-matthew-novosel,55150149,educational-game-project-william-rembish-matthew-novosel,educational-game-project-william-rembish-matthew-novosel created by GitHub Classroom,TypeScript,2020-04-06 21:57:11,N,0,2020-06-12 19:39:17,N
155980075,https://api.github.com/repos/timmo001/feedback,35650451,feedback,Feedback application,TypeScript,2020-04-01 09:30:48,N,0,2020-07-09 19:26:47,N
155980407,https://api.github.com/repos/psatler/meetapp-mobile,1464199,meetapp-mobile,React Native mobile of an 'Events aggregator' application,TypeScript,2020-04-05 16:42:39,N,0,2021-01-07 04:21:13,N
155983640,https://api.github.com/repos/TNG/virtual-office,763036,virtual-office,Virtual Office gives you transparency on what Zoom.us rooms are currently occupied and who is present,TypeScript,2020-04-03 13:01:33,N,0,2021-03-04 17:56:25,N
155989610,https://api.github.com/repos/Raicuparta/ow-mod-manager,2248311,ow-mod-manager,Mod manager for Outer Wilds,TypeScript,2020-04-06 17:25:26,N,0,2021-02-27 07:13:45,N
156002752,https://api.github.com/repos/billodiallo/Github-app,53991051,Github-app,"a website where users may enter a GitHub username into a form, submit it, and see names and descriptions of that person's public repositories. A person can also look for repositories.",TypeScript,2020-04-08 13:17:56,N,0,2020-06-04 23:39:40,N
156002903,https://api.github.com/repos/vinicius707/weather-project,56553636,weather-project,Um projeto em Angular chamado “Painel do tempo”,TypeScript,2020-04-14 12:34:07,N,0,2020-06-05 23:35:39,N
156002987,https://api.github.com/repos/suzukikarol/Climatempo,45710238,Climatempo,N,TypeScript,2020-04-14 12:34:26,N,0,2020-06-05 23:41:26,N
156007405,https://api.github.com/repos/platformbuilders/react-ui,55156541,react-ui,Platform Builders Shared Components Library For React Web,TypeScript,2020-04-14 18:09:48,N,0,2020-11-02 07:57:28,N
156007913,https://api.github.com/repos/SachinShekhar/aws-cdk,50523082,aws-cdk,The AWS Cloud Development Kit is a framework for defining cloud infrastructure in code,TypeScript,2020-04-14 11:23:30,137636057,0,2020-06-23 15:03:22,1545476264
156009302,https://api.github.com/repos/ramir1jg/Sanambiente-v5,50178804,Sanambiente-v5,N,TypeScript,2020-04-14 19:38:05,N,0,2020-12-19 10:31:23,N
156012918,https://api.github.com/repos/darwinia-network/darwinia.js,51609002,darwinia.js,Javascript library for darwinia,TypeScript,2020-04-01 19:23:22,N,0,2021-02-21 11:08:12,N
156018325,https://api.github.com/repos/damienbeaufils/lepanivore-website,2313397,lepanivore-website,N,TypeScript,2020-04-04 15:06:47,N,0,2021-03-01 18:13:15,N
156021165,https://api.github.com/repos/Milkshake-Inc/ecs,3694918,ecs,N,TypeScript,2020-04-01 18:57:25,N,0,2021-03-02 09:53:03,N
156028463,https://api.github.com/repos/danielrearden/sqlmancer,12192380,sqlmancer,Conjure SQL from GraphQL queries,TypeScript,2020-04-14 00:46:19,N,0,2021-03-04 16:56:13,N
156032340,https://api.github.com/repos/EverybodyCodes/Phaser-Fish-Game,11031999,Phaser-Fish-Game,N,TypeScript,2020-04-03 23:51:13,N,0,2020-12-19 09:44:27,N
156033361,https://api.github.com/repos/ryands17/spa-deploy-cdk,38207603,spa-deploy-cdk,Deploy a SPA with AWS Codebuild using aws-cdk,TypeScript,2020-04-03 19:52:55,N,0,2021-02-26 12:39:08,N
156035155,https://api.github.com/repos/bahmutov/try-cra-app-typescript,973060,try-cra-app-typescript,An example of Create-React-App v3 using TypeScript with Cypress unit tests,TypeScript,2020-04-03 13:27:28,N,0,2021-03-06 16:31:13,N
156038367,https://api.github.com/repos/terradatum/auto-action,2503519,auto-action,GitHub Action to run intuit's auto - Automated releases powered by pull request labels,TypeScript,2020-04-03 07:20:41,N,0,2021-01-12 09:09:47,N
156043990,https://api.github.com/repos/abestard/ionic-4-init,31044418,ionic-4-init,N,TypeScript,2020-04-01 05:22:39,N,0,2020-09-08 03:15:58,N
156046517,https://api.github.com/repos/neofinancial/ticket-check-action,50557817,ticket-check-action,Verify that pull request titles start with a ticket ID,TypeScript,2020-04-07 18:11:30,N,0,2021-02-27 05:04:44,N
156047984,https://api.github.com/repos/matthny/air-pollution-app,56706438,air-pollution-app,N,TypeScript,2020-04-01 21:24:10,N,0,2020-09-12 11:28:14,N
156071195,https://api.github.com/repos/redjacoby/assets,44506640,assets,N,TypeScript,2020-04-15 13:18:00,137657837,0,2020-06-06 21:46:14,1546142024
156072278,https://api.github.com/repos/Pli95/trivia,52736543,trivia,N,TypeScript,2020-04-15 14:20:16,156072281,0,2020-06-17 03:36:28,1546146901
156072281,https://api.github.com/repos/bliechty/trivia,55896849,trivia,N,TypeScript,2020-04-15 14:03:22,N,0,2020-09-12 13:11:07,N
156078198,https://api.github.com/repos/yeukfei02/stolenBike,3687675,stolenBike,Help you to find stolen bike,TypeScript,2020-04-15 02:10:14,N,0,2020-10-21 22:28:26,N
156080928,https://api.github.com/repos/KSXGitHub/deno-compose,7598376,deno-compose,"pipe, pipeline, and compose functions with 64 overloads per function.",TypeScript,2020-04-06 12:45:05,N,0,2020-10-31 03:42:51,N
156081398,https://api.github.com/repos/lonk/mjrt,2698636,mjrt,Mini-jeu multijoueur par navigateur,TypeScript,2020-04-13 12:25:17,N,0,2021-03-01 13:18:06,N
156081960,https://api.github.com/repos/algoan/pubsub,44537006,pubsub,A simple PubSub factory method exposing a listen-emit pattern,TypeScript,2020-04-15 13:24:53,N,0,2021-02-27 08:59:44,N
156083879,https://api.github.com/repos/theairportexplorer/ng-overwatch-video-site,15163868,ng-overwatch-video-site,"Similar to overwatch-video-site, but written with Angular",TypeScript,2020-04-09 20:15:52,N,0,2020-06-06 17:35:31,N
156085208,https://api.github.com/repos/paul18sma/recetar-app,7678857,recetar-app,N,TypeScript,2020-04-01 20:38:53,N,0,2021-02-12 13:06:32,N
156085573,https://api.github.com/repos/Himadu2000/Back-end-Products,50810586,Back-end-Products,Backend Products Dashboard.,TypeScript,2020-04-15 22:41:18,N,0,2021-02-25 10:39:14,N
156088153,https://api.github.com/repos/eugesma/recetar-api,12372473,recetar-api,NodeJS + MongoDB API for Prescriptions Management,TypeScript,2020-04-02 15:30:40,100243987,0,2021-02-13 05:20:30,1416000496
156088528,https://api.github.com/repos/awalakaushik/cloud-developer-nanodegree,30939577,cloud-developer-nanodegree,This repository contains Udacity Cloud Developer Nanodegree exercises and projects,TypeScript,2020-04-05 02:29:16,N,0,2020-06-21 17:07:16,N
156093525,https://api.github.com/repos/rgflsc/rocketseat_gostack_nivel02_backend,31012670,rocketseat_gostack_nivel02_backend,Rocketseat Bootcamp - GoBarber,TypeScript,2020-04-13 17:47:47,N,0,2020-12-09 23:34:32,N
156099902,https://api.github.com/repos/dhruvitmakadia/Ionic-ChartApp,52573238,Ionic-ChartApp,Basic Chart App,TypeScript,2020-04-15 08:15:09,N,0,2020-09-12 13:05:52,N
156100899,https://api.github.com/repos/Ethant101/TigerNews,52716519,TigerNews,N,TypeScript,2020-04-15 14:13:03,N,0,2020-09-12 13:06:37,N
156101795,https://api.github.com/repos/phuocphan13/LearningVocabularyApp,46939260,LearningVocabularyApp,N,TypeScript,2020-04-13 13:49:57,N,0,2021-01-30 08:17:11,N
156101943,https://api.github.com/repos/delta-reporter/delta-frontend,56519581,delta-frontend,Frontend repo for delta reporter written on Next.js,TypeScript,2020-04-15 16:03:51,N,0,2021-03-03 01:10:57,N
156102136,https://api.github.com/repos/Symmetronic/covid-19-dwt-analysis,18398965,covid-19-dwt-analysis,Analysis of COVID-19 pandemic evolution using discrete wavelet transform.,TypeScript,2020-04-15 15:48:18,N,0,2021-03-05 18:05:27,N
156102324,https://api.github.com/repos/marco6226/sigess_wepapp,54121192,sigess_wepapp,Sigess web app angular,TypeScript,2020-04-15 16:28:41,N,0,2021-03-05 17:36:44,N
156108547,https://api.github.com/repos/markfrias/speakout,47141771,speakout,N,TypeScript,2020-04-15 07:11:03,N,0,2021-01-25 03:51:06,N
156115521,https://api.github.com/repos/amj100/trivia,54188005,trivia,N,TypeScript,2020-04-15 14:19:11,156072281,0,2020-06-17 01:38:22,1546402663
156126509,https://api.github.com/repos/mzdunek93/vscode,7820995,vscode,Visual Studio Code,TypeScript,2020-04-15 17:34:28,28947324,0,2020-11-03 17:48:52,1546440970
156129190,https://api.github.com/repos/MaximilianKaindl/MyRecipesMobile,38510739,MyRecipesMobile,N,TypeScript,2020-04-15 22:35:44,N,0,2020-11-15 01:30:10,N
156138428,https://api.github.com/repos/kmkzt/favicons-generate,49580295,favicons-generate,This library is a CLI for generating favicons.,TypeScript,2020-04-12 15:37:15,N,0,2021-02-10 11:15:59,N
156138763,https://api.github.com/repos/iooxa/runtime,56198535,runtime,Create variables and components that react to changes in state through user-defined functions. Based on Redux.,TypeScript,2020-04-15 14:50:14,N,0,2021-02-16 10:15:52,N
156139274,https://api.github.com/repos/iooxa/ink-basic,56198535,ink-basic,"Basic web-components for interactive scientific writing, reactive documents and explorable explanations.",TypeScript,2020-04-15 15:09:03,N,0,2020-06-06 13:10:01,N
156140543,https://api.github.com/repos/iooxa/ink-article,56198535,ink-article,Layout and components for scientific articles.,TypeScript,2020-04-15 16:50:21,N,0,2020-04-16 11:50:42,N
156178070,https://api.github.com/repos/StreamlinkTeam/streamlink_contact_manager-ui,56310458,streamlink_contact_manager-ui,N,TypeScript,2020-04-03 09:10:56,N,0,2021-03-01 22:11:35,N
156178781,https://api.github.com/repos/alexanderjanke/nuxt-ts-tailwind-template,42318870,nuxt-ts-tailwind-template,Nuxt + TypeSript + tailwindcss,TypeScript,2020-04-02 14:31:41,N,0,2020-12-15 10:56:36,N
156179565,https://api.github.com/repos/michelebonacina/KBManagerFE,13681532,KBManagerFE,Knowledge Base Manager Front End [M],TypeScript,2020-04-02 15:53:10,N,0,2020-12-17 07:36:01,N
156181052,https://api.github.com/repos/InkoHX/StarryKnight,39044877,StarryKnight,Discord bot using Hypie.,TypeScript,2020-04-13 02:51:13,N,0,2021-03-06 08:31:27,N
156182247,https://api.github.com/repos/dotvirus/yxc,39642360,yxc,Schema validation with composition & API middlewares,TypeScript,2020-04-05 00:10:32,N,0,2021-03-04 10:56:24,N
156186571,https://api.github.com/repos/KATT/use-is-typing,106795,use-is-typing,… React Hook for typing indicator,TypeScript,2020-04-03 14:03:27,N,0,2020-12-23 04:19:24,N
156190949,https://api.github.com/repos/Shahid1993/udacity-nd9990-c3-microservices-v1,40026458,udacity-nd9990-c3-microservices-v1,This repository is associated with Cloud Developer ND - Course 03 - Monolith to Microservices,TypeScript,2020-04-03 10:03:24,N,0,2020-12-19 08:39:59,N
156192485,https://api.github.com/repos/smartcoder-7/Webinar-backend-snippet,56743474,Webinar-backend-snippet,Serverless/Node.js/Typescript/TypeORM,TypeScript,2020-04-03 17:34:31,N,0,2020-12-10 17:18:14,N
156222407,https://api.github.com/repos/json-schema-tools/semantic-release-transpiler,54199196,semantic-release-transpiler,Semantic release plugin to generate typings using the transpiler,TypeScript,2020-04-03 22:21:46,N,0,2021-03-04 23:45:04,N
156234013,https://api.github.com/repos/UD-CISC374/educational-game-project-team-4-alyssa-b-casey-l,55150149,educational-game-project-team-4-alyssa-b-casey-l,educational-game-project-team-4-alyssa-b-casey-l created by GitHub Classroom,TypeScript,2020-04-06 19:26:36,N,0,2020-12-19 09:14:23,N
156243778,https://api.github.com/repos/Youssef9575/FrontApp,55611789,FrontApp,FrontApp,TypeScript,2020-04-16 13:43:15,N,0,2020-12-19 10:47:06,N
156246856,https://api.github.com/repos/bingbinglee/idena-pocket,13233709,idena-pocket,A lightweight web wallet for idena.,TypeScript,2020-04-17 01:11:44,155973364,0,2020-06-29 03:12:40,1546913239
156252074,https://api.github.com/repos/oscarnewman/oscarnewman.me,23439528,oscarnewman.me,Personal Website,TypeScript,2020-04-17 04:26:37,N,0,2020-12-30 04:32:36,N
156252240,https://api.github.com/repos/pranaylobo/Knn-Visualization,45451808,Knn-Visualization,Knn Visualization using nodejs and angular,TypeScript,2020-04-14 15:56:00,N,0,2020-09-12 13:00:29,N
156252261,https://api.github.com/repos/jongwong/livebroadcasting-mock-server,39103138,livebroadcasting-mock-server,N,TypeScript,2020-04-17 03:32:23,N,0,2020-10-22 20:19:22,N
156255824,https://api.github.com/repos/antrp93LCA/NG421_Checkpoint_1,52667810,NG421_Checkpoint_1,N,TypeScript,2020-04-16 00:54:08,138793470,0,2020-06-06 15:56:48,1419673607
156258735,https://api.github.com/repos/LukeSkywa/Summer,38656159,Summer,"Gruppo Bertelli, Zanni, Guinot e Rossi",TypeScript,2020-04-17 07:11:17,N,0,2020-09-12 13:19:57,N
156260685,https://api.github.com/repos/redjayco/assets,56752940,assets,N,TypeScript,2020-04-16 10:16:36,137657837,0,2020-06-07 02:37:41,1546911017
156261199,https://api.github.com/repos/srivatsamarichi/playground-actions,8813547,playground-actions,N,TypeScript,2020-04-16 19:36:22,N,0,2020-10-19 06:25:33,N
156265346,https://api.github.com/repos/insites-co/insites-ui,56702425,insites-ui,An opinionated UI components library for React. Based on Styled Components and Styled System.,TypeScript,2020-04-11 17:30:42,N,0,2020-06-05 00:57:41,N
156270009,https://api.github.com/repos/RxCP/rxcp-server,56755048,rxcp-server,"RxCP, API and admin dashboard.",TypeScript,2020-04-14 00:31:41,N,0,2020-07-12 00:53:52,N
156271185,https://api.github.com/repos/PIH/pih-esm-refapp-navbar,13293,pih-esm-refapp-navbar,A RefApp-styled navbar compatible with the standard styleguide,TypeScript,2020-04-14 01:57:46,N,0,2020-12-31 04:12:06,N
156272739,https://api.github.com/repos/alessionossa/vscode,52267127,vscode,Visual Studio Code,TypeScript,2020-04-16 13:40:55,28947324,0,2020-05-02 01:19:00,1546977124
156280827,https://api.github.com/repos/hnishar/aws-cdk,32677768,aws-cdk,The AWS Cloud Development Kit is a framework for defining cloud infrastructure in code,TypeScript,2020-04-16 15:12:52,137636057,0,2020-06-27 00:29:28,1546948061
156281019,https://api.github.com/repos/eddieshot/projeto_climatempo,30500028,projeto_climatempo,Codigo da karol,TypeScript,2020-04-17 12:22:13,N,0,2020-05-17 09:12:47,N
156282165,https://api.github.com/repos/rmdevjr/ProjetoClimaTempo,56530393,ProjetoClimaTempo,N,TypeScript,2020-04-17 12:29:01,N,0,2020-06-11 14:01:32,N
156282389,https://api.github.com/repos/kokizzu/event-reduce,1879823,event-reduce,An algorithm to optimize database queries that run multiple times,TypeScript,2020-04-16 15:34:58,156083978,0,2020-12-09 14:26:07,1547003348
156292727,https://api.github.com/repos/JB1905/covid-19-api,36116084,covid-19-api,COVID-19 global data (from JHU CSSE for now) as-a-service,TypeScript,2020-04-16 17:00:12,151788681,0,2020-07-12 13:05:32,1546367237
156302702,https://api.github.com/repos/Igonato/gatsby-typescript-minimal,690338,gatsby-typescript-minimal,Gatsby Minimal TypeScript Starter template,TypeScript,2020-04-02 21:12:17,N,0,2020-08-01 08:02:32,N
156307075,https://api.github.com/repos/bzarco/vscode,128985,vscode,Visual Studio Code,TypeScript,2020-04-16 18:34:32,28947324,0,2020-12-25 16:24:36,1547045093
156310181,https://api.github.com/repos/JupiterOne/graph-trend-micro,2149422,graph-trend-micro,A graph conversion tool for https://trendmicro.com (currently in development),TypeScript,2020-04-14 22:35:04,N,0,2020-12-24 12:16:19,N
156311630,https://api.github.com/repos/artsy/cohesion,22819,cohesion,Artsy's analytics schema & helpers,TypeScript,2020-04-13 20:59:22,N,0,2021-03-05 21:02:03,N
156318729,https://api.github.com/repos/trickstival/cotris,34240777,cotris,A Game Inspired by Tetris,TypeScript,2020-04-01 11:34:32,N,0,2020-12-10 17:13:34,N
156321283,https://api.github.com/repos/joshfng/vscode,4312,vscode,Visual Studio Code,TypeScript,2020-04-16 02:06:10,28947324,0,2020-08-04 06:59:23,1547066786
156331439,https://api.github.com/repos/theBenForce/vscode-appsync-resolver-autocomplete,44455531,vscode-appsync-resolver-autocomplete,Adds autocomplete functionality to vscode when editing AWS AppSync resolver vtl files.,TypeScript,2020-04-16 11:11:56,N,0,2021-02-24 02:14:27,N
156334351,https://api.github.com/repos/oscarnewman/pillar-web,23439528,pillar-web,Landing page and web app for Pillar,TypeScript,2020-04-16 15:59:38,N,0,2020-12-22 11:16:53,N
156342572,https://api.github.com/repos/open-telemetry/opentelemetry-js-contrib,51019265,opentelemetry-js-contrib,OpenTelemetry instrumentation for JS modules,TypeScript,2020-04-15 17:16:11,N,0,2021-03-04 09:19:16,N
156350378,https://api.github.com/repos/garronej/ts-md5,5016101,ts-md5,Demo how to denoify a third party module.,TypeScript,2020-04-16 03:11:23,31953148,0,2020-08-09 21:44:31,1547108501
156366601,https://api.github.com/repos/redhat-france-sa/openshift-by-example,52736769,openshift-by-example,A simple application for discovering and learning OpenShift and Kubernetes,TypeScript,2020-04-10 08:29:42,N,0,2020-10-23 07:05:05,N
156381556,https://api.github.com/repos/mecha2k/fullstack-tutorial,46451784,fullstack-tutorial,N,TypeScript,2020-04-04 02:40:36,N,0,2020-06-10 23:58:14,N
156382597,https://api.github.com/repos/artsy/update-repo,22819,update-repo,JS library for updating other repositories,TypeScript,2020-04-08 13:47:00,N,0,2021-02-25 16:47:28,N
156413975,https://api.github.com/repos/lukemartin/gql-share,61113,gql-share,N,TypeScript,2020-04-07 20:57:44,N,0,2021-03-06 11:09:36,N
156427086,https://api.github.com/repos/codemodsquad/asyncify,53911199,asyncify,transforms promise chains into async/await,TypeScript,2020-04-10 18:46:16,N,0,2021-02-05 01:57:21,N
156429589,https://api.github.com/repos/skyblue3350/timer,8362827,timer,N,TypeScript,2020-04-04 10:03:16,N,0,2021-01-28 21:55:41,N
156431043,https://api.github.com/repos/JupiterOne/graph-heroku,2149422,graph-heroku,A graph conversion tool for https://www.heroku.com/,TypeScript,2020-04-16 20:13:48,N,0,2020-12-25 03:04:33,N
156444003,https://api.github.com/repos/AhmedElywa/prisma-tools,48150068,prisma-tools,Prisma CRUD schema generator for database-backed GraphQL servers,TypeScript,2020-04-12 12:18:36,N,0,2020-06-19 13:46:31,N
156463042,https://api.github.com/repos/Angular-RU/angular-prettier-config,39252735,angular-prettier-config,Shareable Prettier config for Angular projects,TypeScript,2020-04-17 11:25:08,N,0,2020-06-19 23:01:22,N
156467725,https://api.github.com/repos/repetere/modelx-data,40339044,modelx-data,Data Science and Machine learning in TypeScript,TypeScript,2020-04-04 01:27:09,N,0,2021-02-09 17:29:33,N
156469375,https://api.github.com/repos/alertlogic/nepal-core,219745,nepal-core,N,TypeScript,2020-04-14 19:27:36,N,0,2021-02-25 22:11:50,N
156472740,https://api.github.com/repos/cssat/types-gearshaft,48058233,types-gearshaft,WIP of @types/gearshaft,TypeScript,2020-04-06 22:55:31,N,0,2021-01-12 10:34:09,N
156478222,https://api.github.com/repos/nest-modules/ioredis,41006144,ioredis,:see_no_evil: :hear_no_evil: :speak_no_evil: A ioredis module for Nest framework (node.js) ,TypeScript,2020-04-07 02:38:34,N,0,2021-03-05 17:30:42,N
156480531,https://api.github.com/repos/galacticcouncil/substrate-api-explorer,52279775,substrate-api-explorer,Explorer of node RPC functions for Substrate based networks,TypeScript,2020-04-11 18:37:55,N,0,2021-03-03 12:36:30,N
156480793,https://api.github.com/repos/OTRD/react-native-image-zoom,32947404,react-native-image-zoom,react native image pan and zoom,TypeScript,2020-04-17 00:43:13,45682581,0,2021-03-06 09:48:27,1415741027
156496514,https://api.github.com/repos/adamdickinson/the-platform,1478739,the-platform,N,TypeScript,2020-04-17 14:12:56,N,0,2020-12-19 10:56:34,N
156499656,https://api.github.com/repos/pelikhan/clicker-box,5116436,clicker-box,A simple clicker for games using MakeCode,TypeScript,2020-04-17 18:12:04,N,0,2020-10-25 04:15:03,N
156509788,https://api.github.com/repos/JulienUsson/cookbook-gatsby,10614024,cookbook-gatsby,A cookbook to save and share recipes using Gatsby and Netlify CMS,TypeScript,2020-04-15 16:05:48,N,0,2021-02-18 18:21:36,N
156513952,https://api.github.com/repos/anydotcrypto/cyberdice,55401862,cyberdice,A provably fair competition with a technical challenge to compete. ,TypeScript,2020-04-17 18:25:11,N,0,2020-07-21 17:09:33,N
156527853,https://api.github.com/repos/aites/love_minus,45790366,love_minus,N,TypeScript,2020-04-15 03:36:05,N,0,2020-08-16 06:40:11,N
156532464,https://api.github.com/repos/branoholy/update-files-action,3672527,update-files-action,A GitHub action for updating files.,TypeScript,2020-04-09 21:42:36,N,0,2021-02-25 18:25:21,N
156537085,https://api.github.com/repos/DerekJi/react-tetris,51358116,react-tetris,N,TypeScript,2020-04-17 22:33:03,N,0,2021-03-03 05:45:33,N
156538672,https://api.github.com/repos/liteflow-labs/liteflow-js,56736036,liteflow-js,N,TypeScript,2020-04-16 07:54:17,N,0,2021-02-19 08:06:35,N
156549206,https://api.github.com/repos/weslleyss12/udagram,7869177,udagram,Project made for Udacity cloud developer nanodegree,TypeScript,2020-04-04 17:09:09,N,0,2020-12-19 10:50:51,N
156549791,https://api.github.com/repos/enchernov/shop-products,56792536,shop-products,N,TypeScript,2020-04-08 09:34:19,N,0,2021-03-03 06:19:28,N
156554564,https://api.github.com/repos/ankitlohchab/udacityMicroservices,47216434,udacityMicroservices,N,TypeScript,2020-04-04 15:24:14,N,0,2020-12-18 23:21:24,N
156577506,https://api.github.com/repos/nab-in/bookish-broccoli,56797036,bookish-broccoli,A blog by readers for readers,TypeScript,2020-04-07 15:58:14,N,0,2021-01-22 11:14:26,N
156583469,https://api.github.com/repos/MetaFam/TheGame,51958678,TheGame,N,TypeScript,2020-04-15 10:43:17,N,0,2021-02-26 15:49:18,N
156590533,https://api.github.com/repos/47ng/47ng.com,46158263,47ng.com,Website,TypeScript,2020-04-05 08:36:59,N,0,2021-02-22 09:47:00,N
156609953,https://api.github.com/repos/shruthireddypingili/udacity-cloud-developer,56426295,udacity-cloud-developer,Udacity's Cloud Developer Nanodegree,TypeScript,2020-04-05 14:38:46,N,0,2020-12-19 09:09:01,N
156612455,https://api.github.com/repos/adityasanil/Udagram-microservices,34010330,Udagram-microservices,Udagram refactored into microservices,TypeScript,2020-04-05 19:17:01,N,0,2020-12-19 09:05:46,N
156612770,https://api.github.com/repos/Solhack/ayobahack,42803699,ayobahack,N,TypeScript,2020-04-03 09:38:08,N,0,2021-02-12 04:16:38,N
156616353,https://api.github.com/repos/LesGars/WatchWithMe,56711222,WatchWithMe,N,TypeScript,2020-04-12 12:17:08,N,0,2021-03-01 15:09:51,N
156624652,https://api.github.com/repos/wilkin4/Angular-Course,6773535,Angular-Course,N,TypeScript,2020-04-05 16:31:42,N,0,2020-08-01 21:41:25,N
156627539,https://api.github.com/repos/TheDoctor0/vue-input-mask,34347424,vue-input-mask,"Input mask directive for Vue.js - lightweight, dependency free, written in TypeScript.",TypeScript,2020-04-07 13:35:39,N,0,2021-02-04 04:51:13,N
156634124,https://api.github.com/repos/Kannankani/cloud-ms-with-k8,56546378,cloud-ms-with-k8,N,TypeScript,2020-04-06 01:22:06,N,0,2020-12-19 09:05:22,N
156639739,https://api.github.com/repos/GregBrimble/cf-workers-typescript-template,10707569,cf-workers-typescript-template,A template Cloudflare Workers Typescript Server & Client,TypeScript,2020-04-18 08:48:59,N,0,2021-02-25 11:13:30,N
156639907,https://api.github.com/repos/pravinyo/udagram-backend-serverless,11108644,udagram-backend-serverless,Code which uses serverless framework to manage aws backend,TypeScript,2020-04-03 14:39:48,N,0,2020-09-09 04:22:19,N
156646352,https://api.github.com/repos/aavgeen1/covid19-saviors,32090363,covid19-saviors,WebApp & mobile app for people contribution to the community during the time of crisis.,TypeScript,2020-04-18 09:55:53,N,0,2020-06-10 14:06:55,N
156648003,https://api.github.com/repos/coreable/coreable,56808585,coreable,coreable,TypeScript,2020-04-06 22:11:35,N,0,2021-02-23 14:26:17,N
156648398,https://api.github.com/repos/Wyvarn/calamus,34077914,calamus,Blog API Platform,TypeScript,2020-04-11 18:31:09,N,0,2021-02-01 11:17:47,N
156651148,https://api.github.com/repos/kotarella1110/typesafe-storage,8479592,typesafe-storage,Typesafe Web Storage API wrapper to support objects and arrays,TypeScript,2020-04-07 05:19:06,N,0,2021-03-04 10:30:02,N
156652225,https://api.github.com/repos/IBM/carbon-pictograms-svelte,259105,carbon-pictograms-svelte,Svelte components for pictograms in digital and software products using the Carbon Design System,TypeScript,2020-04-06 23:41:02,N,0,2021-02-22 22:19:45,N
156656044,https://api.github.com/repos/ThaLeprechaun/car-listing,43768857,car-listing,N,TypeScript,2020-04-01 02:44:30,N,0,2021-01-06 18:36:44,N
156658688,https://api.github.com/repos/patomation/useGlobal,2038953,useGlobal,A react hook for global state and localStorage,TypeScript,2020-04-04 07:51:47,N,0,2020-06-11 03:50:20,N
156661319,https://api.github.com/repos/bhuism/citatenfront,931949,citatenfront,Frontend for citaten,TypeScript,2020-04-05 11:37:55,N,0,2021-03-05 10:14:10,N
156663709,https://api.github.com/repos/evanmoncuso/ts-node-starter,8491754,ts-node-starter,A Typescript Node Server starter pack,TypeScript,2020-04-01 01:27:08,N,0,2021-03-01 10:56:10,N
156667823,https://api.github.com/repos/cogito-study/nubes,50213103,nubes,The backend service of Cogito ☁️,TypeScript,2020-04-08 11:02:31,N,0,2021-01-12 04:06:05,N
156667839,https://api.github.com/repos/cogito-study/clara,50213103,clara,The frontend app of Cogito ☀️,TypeScript,2020-04-08 11:10:32,N,0,2020-06-03 05:36:06,N
156669885,https://api.github.com/repos/darwinia-network/darwinia-bot,51609002,darwinia-bot,There must be more to life than being bots,TypeScript,2020-04-08 12:31:41,N,0,2021-02-22 03:35:24,N
156673849,https://api.github.com/repos/alexbatis/mathei-api,34256562,mathei-api,N,TypeScript,2020-04-01 13:15:53,N,0,2021-01-06 18:25:53,N
156673889,https://api.github.com/repos/sportloop/cycloop-web,56650519,cycloop-web,Cycloop.app Web Application.,TypeScript,2020-04-12 22:41:42,N,0,2021-02-12 19:42:20,N
156676436,https://api.github.com/repos/tobysmith568/Generate-License-File,41082212,Generate-License-File,Generates a text file containing all of the licences for your production dependencies,TypeScript,2020-04-07 22:52:21,N,0,2021-01-28 19:34:53,N
156676454,https://api.github.com/repos/3beca/cep-ui,49200052,cep-ui,User interface for CEP service,TypeScript,2020-04-06 15:44:59,N,0,2021-03-05 12:58:46,N
156681634,https://api.github.com/repos/sandroci02/cooperacaosolidaria-angular,11405977,cooperacaosolidaria-angular,projeto angular para cooperacao solidaria,TypeScript,2020-04-02 17:23:38,N,0,2020-08-13 18:47:35,N
156683048,https://api.github.com/repos/escapace/apollo-server-lambda-edge,38992714,apollo-server-lambda-edge,N,TypeScript,2020-04-06 14:46:31,N,0,2021-03-06 20:36:52,N
156695310,https://api.github.com/repos/JuroOravec/instance-manager,42214153,instance-manager,Small NPM package for tracking dynamically created classes and their instances.,TypeScript,2020-04-05 20:49:20,N,0,2021-02-27 22:36:26,N
156700625,https://api.github.com/repos/MikeCash98/excellencemediacenter,56825092,excellencemediacenter,oer mobile application for pgcc,TypeScript,2020-04-15 21:43:59,N,0,2020-09-12 13:14:02,N
156703171,https://api.github.com/repos/Krutsch/webpack-plugin-prerender,35043716,webpack-plugin-prerender,Generate pre-rendered HTML Files,TypeScript,2020-04-04 16:47:17,N,0,2021-01-15 14:27:26,N
156704017,https://api.github.com/repos/aerosales10/nest-gps-server,52127088,nest-gps-server,A GPS server for Nestjs,TypeScript,2020-04-05 06:51:21,N,0,2021-01-07 19:40:37,N
156711658,https://api.github.com/repos/ilnweb/dev-social,52688753,dev-social,N,TypeScript,2020-04-18 23:58:00,N,0,2021-01-07 18:26:11,N
156719165,https://api.github.com/repos/JoinColony/natspec-typedoc,11347403,natspec-typedoc,Create typedoc compatible comments from NatSpec comments,TypeScript,2020-04-07 15:20:42,N,0,2020-11-02 18:57:57,N
156720040,https://api.github.com/repos/mbonig/sqs-redrive,2234152,sqs-redrive,A CDK sqs-redrive construct,TypeScript,2020-04-08 23:58:39,N,0,2021-03-03 10:44:21,N
156722815,https://api.github.com/repos/jmvalencia/nepal-client-libs,1327929,nepal-client-libs,A collection of Node Enterprise Packages for Alert Logic (NEPAL) client libraries.,TypeScript,2020-04-18 00:53:17,156722816,0,2021-02-25 23:14:24,1548692277
156722816,https://api.github.com/repos/alertlogic/nepal-client-libs,219745,nepal-client-libs,A collection of Node Enterprise Packages for Alert Logic (NEPAL) client libraries.,TypeScript,2020-04-15 21:14:29,N,0,2021-03-01 17:09:16,N
156727372,https://api.github.com/repos/robertourias/crud-produtos-angular,455071,crud-produtos-angular,CRUD simples com Angular,TypeScript,2020-04-15 01:54:53,N,0,2020-12-19 10:34:45,N
156730791,https://api.github.com/repos/code-mentoring/learn,45489023,learn,Learn to Code - learn.codementoring.co,TypeScript,2020-04-17 04:57:48,N,0,2020-12-10 00:06:40,N
156732996,https://api.github.com/repos/diaozxin007/grpc,4715743,grpc,gRPC Proto Buffers Interface for Chatie,TypeScript,2020-04-18 16:26:36,97089145,0,2020-06-10 18:10:06,1548726952
156737108,https://api.github.com/repos/mattietea/website,8517446,website,My personal website,TypeScript,2020-04-18 21:15:28,N,0,2021-02-21 07:07:42,N
156744207,https://api.github.com/repos/UD-CISC374/educational-game-project-team-2-anna-m-katarina-p,55150149,educational-game-project-team-2-anna-m-katarina-p,educational-game-project-team-2-anna-m-katarina-p created by GitHub Classroom,TypeScript,2020-04-06 20:06:40,N,0,2020-12-19 09:14:59,N
156745269,https://api.github.com/repos/pshihn/planar-range,1360173,planar-range,A 2D range component,TypeScript,2020-04-18 07:20:36,N,0,2020-09-08 21:19:14,N
156749995,https://api.github.com/repos/UD-CISC374/educational-game-project-team-15-zihan-wu-matt-miller,55150149,educational-game-project-team-15-zihan-wu-matt-miller,educational-game-project-team-15-zihan-wu-matt-miller created by GitHub Classroom,TypeScript,2020-04-08 19:03:10,N,0,2020-12-19 09:36:17,N
156751225,https://api.github.com/repos/UD-CISC374/educational-game-project-team-7-michael-ly-steven-etgen,55150149,educational-game-project-team-7-michael-ly-steven-etgen,educational-game-project-team-7-michael-ly-steven-etgen created by GitHub Classroom,TypeScript,2020-04-06 19:14:42,N,0,2020-12-19 09:14:25,N
156751902,https://api.github.com/repos/scottdurow/NetworkViewPCF,1226591,NetworkViewPCF,Model Driven Power App PCF Control to show a network diagram of records,TypeScript,2020-04-09 20:40:44,N,0,2021-02-19 05:35:31,N
156753549,https://api.github.com/repos/munHunger/boldrei,2549301,boldrei,N,TypeScript,2020-04-02 16:26:27,N,0,2020-12-19 08:33:19,N
156755311,https://api.github.com/repos/onichandame/node-test-action,37295257,node-test-action,Github Action that tests node project,TypeScript,2020-04-08 02:59:02,N,0,2020-10-02 10:39:40,N
156756222,https://api.github.com/repos/sourcegraph/campaigns-client,1986916,campaigns-client,WIP TypeScript campaigns client,TypeScript,2020-04-19 03:24:05,N,0,2021-02-10 14:58:56,N
156759991,https://api.github.com/repos/Woz-U-Group-Projects/sour-patch-kids-v2,44285726,sour-patch-kids-v2,N,TypeScript,2020-04-13 23:03:56,N,0,2020-12-19 10:24:30,N
156767090,https://api.github.com/repos/trs/packetgram,13441954,packetgram,Read and write packets using buffers,TypeScript,2020-04-08 23:19:28,N,0,2021-01-03 18:06:04,N
156768848,https://api.github.com/repos/benshope/map-panel,1527998,map-panel,Draggable & Responsive React Panel Component,TypeScript,2020-04-07 18:15:26,N,0,2020-12-19 09:27:24,N
156769476,https://api.github.com/repos/spokestack/node-spokestack,51847210,node-spokestack,A set of tools for integration with the Spokestack API in Node.js,TypeScript,2020-04-09 16:59:28,N,0,2021-03-06 00:54:30,N
156769808,https://api.github.com/repos/siyasat/api.siyasat.org,52948918,api.siyasat.org,The repository for the Siyasat API.,TypeScript,2020-04-07 15:27:07,N,0,2021-02-10 17:54:16,N
156770720,https://api.github.com/repos/reismatheus97/udagram-microservices,45784266,udagram-microservices,Udacity's Cloud Developer Nanodegree project.,TypeScript,2020-04-08 00:10:30,N,0,2020-12-20 18:26:55,N
156774226,https://api.github.com/repos/JonathanM2ndoza/NodeJS-API-Course,40285723,NodeJS-API-Course,API RESTful Develop with Node JS,TypeScript,2020-04-08 12:31:09,N,0,2021-01-20 01:38:09,N
156774631,https://api.github.com/repos/robbailey3/udacity-fullstack-project-3,32611873,udacity-fullstack-project-3,N,TypeScript,2020-04-07 10:36:11,N,0,2020-09-12 12:04:23,N
156780398,https://api.github.com/repos/GraphiteTools/0x-subgraph,56851351,0x-subgraph,0x Staking Subgraph,TypeScript,2020-04-09 07:43:18,N,0,2021-02-09 11:33:19,N
156783926,https://api.github.com/repos/zjufishboy/MyOauth2.0,40890031,MyOauth2.0,按照Oauth2.0搭建的一套用户授权后端模版,TypeScript,2020-04-09 21:06:48,N,0,2020-12-19 09:49:44,N
156784374,https://api.github.com/repos/routexjs/routex-hooks,51551199,routex-hooks,Hooks for Routex,TypeScript,2020-04-10 04:46:08,N,0,2021-02-22 10:18:01,N
156784820,https://api.github.com/repos/akashic-games/raycaster-js,33396436,raycaster-js,N,TypeScript,2020-04-09 03:42:57,N,0,2021-02-26 07:32:45,N
156785342,https://api.github.com/repos/NagarjunaReddyMandati937/AngularProjects,55063258,AngularProjects,"Angular Youtube tutorials, Angular app with spring boot and mysql",TypeScript,2020-04-09 16:20:19,N,0,2021-01-05 16:26:27,N
156793046,https://api.github.com/repos/allemansratten/levy-sluchat,50824621,levy-sluchat,N,TypeScript,2020-04-18 06:05:27,N,0,2020-06-11 00:02:09,N
156793942,https://api.github.com/repos/lipelipe2/kpiManager-fe,56160681,kpiManager-fe,N,TypeScript,2020-04-17 10:34:43,N,0,2020-05-17 07:10:36,N
156798343,https://api.github.com/repos/csvenke/compose-rules,6233597,compose-rules,Dead simple helpers for writing composable rules,TypeScript,2020-04-09 12:26:42,N,0,2021-02-27 07:17:39,N
156805623,https://api.github.com/repos/c-bandy/aws-secrets-manager-cache,45832919,aws-secrets-manager-cache,N,TypeScript,2020-04-07 13:05:04,N,0,2021-02-25 09:51:50,N
156807125,https://api.github.com/repos/garthenweb/pexo,685445,pexo,N,TypeScript,2020-04-16 19:13:08,N,0,2021-02-01 19:21:47,N
156807369,https://api.github.com/repos/helium/helium-js,3673649,helium-js,Official TypeScript packages for interacting with the Helium blockchain,TypeScript,2020-04-10 20:41:02,N,0,2021-02-26 16:37:32,N
156815885,https://api.github.com/repos/mikkhait/nest-server,64594,nest-server,N,TypeScript,2020-04-03 06:21:12,N,0,2021-02-16 06:55:43,N
156817072,https://api.github.com/repos/dejan9393/lol-run-it-back,30585254,lol-run-it-back,A simple CLI tool to play back League of Legends replays,TypeScript,2020-04-10 06:30:12,N,0,2021-02-19 05:11:26,N
156818268,https://api.github.com/repos/KotonoSora/fresher-web-traning,35102596,fresher-web-traning,N,TypeScript,2020-04-02 13:34:02,N,0,2020-05-30 03:11:53,N
156818580,https://api.github.com/repos/francescorivola/rabbit-lru-cache,225920,rabbit-lru-cache,An experimental lib to invalidate lru cache keys in distributed systems powered by rabbitmq.,TypeScript,2020-04-10 13:13:33,N,0,2021-03-03 14:41:19,N
156822410,https://api.github.com/repos/somidax/digitalHall,35366658,digitalHall,somidax DigitalHall - ..a Multiparty Video Chat Application ,TypeScript,2020-04-08 17:39:41,N,0,2021-02-06 00:13:50,N
156825014,https://api.github.com/repos/splitbee/react-notion,56199361,react-notion,A blazing fast React renderer for Notion pages ,TypeScript,2020-04-14 09:46:16,N,0,2021-02-25 06:31:40,N
156827609,https://api.github.com/repos/ibnzterrell/standout,52065989,standout,Bypass formatting restrictions with Unicode to better standout in profile bios,TypeScript,2020-04-08 14:34:28,N,0,2021-01-02 23:57:53,N
156828231,https://api.github.com/repos/LFSCamargo/template-graphql,47462341,template-graphql,N,TypeScript,2020-04-10 14:22:36,N,0,2021-03-02 02:18:37,N
156829329,https://api.github.com/repos/eladbash/side-effect-emulator,10862136,side-effect-emulator,Side Effect JS - documentation,TypeScript,2020-04-09 19:19:19,N,0,2021-02-23 09:06:24,N
156838588,https://api.github.com/repos/wenderpmachado/omnistack-10,12194436,omnistack-10,WazeDev,TypeScript,2020-04-02 17:18:11,N,0,2021-02-22 11:12:07,N
156838647,https://api.github.com/repos/DanWhitney/ApolloGraphQL,42889502,ApolloGraphQL,N,TypeScript,2020-04-08 08:58:45,N,0,2020-12-19 09:31:22,N
156838720,https://api.github.com/repos/UD-CISC374/educational-game-project-joel-hafycz-ryan-melillo,55150149,educational-game-project-joel-hafycz-ryan-melillo,educational-game-project-joel-hafycz-ryan-melillo created by GitHub Classroom,TypeScript,2020-04-08 18:32:02,N,0,2020-09-12 12:14:48,N
156838862,https://api.github.com/repos/UD-CISC374/educational-game-project-team-8-jack-kuchma-ethan-chang,55150149,educational-game-project-team-8-jack-kuchma-ethan-chang,educational-game-project-team-8-jack-kuchma-ethan-chang created by GitHub Classroom,TypeScript,2020-04-07 04:04:51,N,0,2020-12-19 09:17:52,N
156840060,https://api.github.com/repos/UD-CISC374/educational-game-project-james-skripchuk,55150149,educational-game-project-james-skripchuk,educational-game-project-james-skripchuk created by GitHub Classroom,TypeScript,2020-04-13 13:02:36,N,0,2020-12-18 23:33:08,N
156841817,https://api.github.com/repos/altinokdarici/modern-stack,2826580,modern-stack,Mono-repo for all the small projects written in typescript,TypeScript,2020-04-04 07:32:12,N,0,2020-12-19 08:50:26,N
156842027,https://api.github.com/repos/lgoncalv/blog.luciano.goncalves.dev,1543463,blog.luciano.goncalves.dev,N,TypeScript,2020-04-18 18:01:49,N,0,2020-10-30 11:58:04,N
156854402,https://api.github.com/repos/wrasdf/pulumi-world,728646,pulumi-world,Pulumi World,TypeScript,2020-04-01 11:25:31,N,0,2021-03-03 11:52:29,N
156855074,https://api.github.com/repos/SimonIT/PlanningPoker,2136729,PlanningPoker,N,TypeScript,2020-04-11 17:06:09,N,0,2021-02-24 10:56:42,N
156855359,https://api.github.com/repos/petruki/skimming,37934145,skimming,Skimming is a data fetcher module for Deno,TypeScript,2020-04-19 05:44:45,N,0,2020-09-11 07:14:09,N
156860596,https://api.github.com/repos/pshihn/path-data-parser,1360173,path-data-parser,Yet another SVG Path Parser,TypeScript,2020-04-09 22:25:31,N,0,2020-11-28 14:54:59,N
156869167,https://api.github.com/repos/pwa-pilipinas/api-pwapilipinas-org,52781364,api-pwapilipinas-org,The repository for PWA Pilipinas API,TypeScript,2020-04-08 15:41:53,N,0,2020-08-12 22:27:49,N
156869209,https://api.github.com/repos/baku89/glisp,1315664,glisp,LISP-based graphic design tool,TypeScript,2020-04-07 12:01:44,N,0,2021-02-22 09:00:10,N
156871977,https://api.github.com/repos/StephenFluin/turnip,14342497,turnip,N,TypeScript,2020-04-11 04:40:27,N,0,2021-01-22 11:01:48,N
156877415,https://api.github.com/repos/degenezol/recipes-angular,51242641,recipes-angular,N,TypeScript,2020-04-09 09:05:21,N,0,2020-09-12 12:27:09,N
156879806,https://api.github.com/repos/Sagie501/ilend-gateway,31178340,ilend-gateway,N,TypeScript,2020-04-09 14:06:46,N,0,2020-12-19 09:44:25,N
156879812,https://api.github.com/repos/Sagie501/ilend-products-service,31178340,ilend-products-service,N,TypeScript,2020-04-09 11:33:07,N,0,2021-01-07 12:09:07,N
156879813,https://api.github.com/repos/Sagie501/ilend-users-service,31178340,ilend-users-service,N,TypeScript,2020-04-08 15:40:08,N,0,2021-01-07 13:37:16,N
156884375,https://api.github.com/repos/Atlantis-Lab/next,56651872,next,NextJS Custom Modules,TypeScript,2020-04-08 11:54:53,N,0,2020-06-19 17:43:27,N
156888375,https://api.github.com/repos/tsawan/sless-mobile-review,1459332,sless-mobile-review,Serverless mobile review app using asws,TypeScript,2020-04-06 07:02:17,N,0,2020-12-19 09:11:16,N
156888537,https://api.github.com/repos/sunilkrishnatry/cloud-developer,56522384,cloud-developer,content for Udacity's cloud developer nanodegree,TypeScript,2020-04-06 00:47:13,136697508,0,2020-06-16 00:35:41,1458007084
156889080,https://api.github.com/repos/harrytran998/learn-nestjs,32725304,learn-nestjs,Studying is awsome!,TypeScript,2020-04-07 13:31:35,N,0,2020-06-25 01:42:36,N
156890099,https://api.github.com/repos/Eli-Mobiliya/Angular-Proxy,56906133,Angular-Proxy,N,TypeScript,2020-04-09 19:54:54,N,0,2020-09-12 12:25:19,N
156890553,https://api.github.com/repos/acdibble/slackbot-template,32961312,slackbot-template,N,TypeScript,2020-04-03 14:29:53,N,0,2021-03-02 21:36:57,N
156894692,https://api.github.com/repos/seckboy/udacity_monolith_to_micro,7084807,udacity_monolith_to_micro,N,TypeScript,2020-04-09 23:08:43,N,0,2020-08-01 22:32:44,N
156896261,https://api.github.com/repos/d3x7r0/pulitzer,130573,pulitzer,Image resizing and format converting proxy,TypeScript,2020-04-12 10:01:18,N,0,2021-01-23 04:19:39,N
156898441,https://api.github.com/repos/saijeevanballa/User-Form-APIs,44909642,User-Form-APIs,Created with CodeSandbox,TypeScript,2020-04-19 10:18:49,N,0,2021-01-27 07:27:07,N
156901046,https://api.github.com/repos/Sagie501/ilend-service-seed,31178340,ilend-service-seed,N,TypeScript,2020-04-08 14:26:58,N,0,2020-12-19 09:33:28,N
156901120,https://api.github.com/repos/Sagie501/ilend-addresses-service,31178340,ilend-addresses-service,N,TypeScript,2020-04-11 21:56:02,N,0,2020-12-19 10:06:29,N
156901661,https://api.github.com/repos/GeoffreySaintGermain/MIAGE_Spotify,46835471,MIAGE_Spotify,N,TypeScript,2020-04-19 13:36:16,N,0,2020-12-19 13:53:25,N
156905210,https://api.github.com/repos/sano307/todolist-serverless,8401977,todolist-serverless,N,TypeScript,2020-04-15 12:25:27,N,0,2020-09-16 11:40:09,N
156906944,https://api.github.com/repos/coffee-sgr/vscode,36759512,vscode,Visual Studio Code,TypeScript,2020-04-19 15:04:48,28947324,0,2020-11-22 08:36:55,1549402063
156910608,https://api.github.com/repos/UD-CISC374/educational-game-project-team-6-alena-and-sam,55150149,educational-game-project-team-6-alena-and-sam,educational-game-project-team-6-alena-and-sam created by GitHub Classroom,TypeScript,2020-04-13 19:13:32,N,0,2020-12-19 10:21:31,N
156911367,https://api.github.com/repos/UD-CISC374/educational-game-project-team-9-kalloyan-s-adam-j,55150149,educational-game-project-team-9-kalloyan-s-adam-j,educational-game-project-team-9-kalloyan-s-adam-j created by GitHub Classroom,TypeScript,2020-04-08 18:18:35,N,0,2020-12-19 09:36:14,N
156911536,https://api.github.com/repos/UD-CISC374/educational-game-project-team-12-jason-and-shabir,55150149,educational-game-project-team-12-jason-and-shabir,educational-game-project-team-12-jason-and-shabir created by GitHub Classroom,TypeScript,2020-04-08 13:16:44,N,0,2020-12-19 09:33:59,N
156911795,https://api.github.com/repos/UD-CISC374/educational-game-project-team-14-yasser-and-amaad,55150149,educational-game-project-team-14-yasser-and-amaad,educational-game-project-team-14-yasser-and-amaad created by GitHub Classroom,TypeScript,2020-04-15 18:48:15,N,0,2020-12-19 10:41:03,N
156912497,https://api.github.com/repos/UD-CISC374/educational-game-project-justin-chernokal-jon-change,55150149,educational-game-project-justin-chernokal-jon-change,educational-game-project-justin-chernokal-jon-change created by GitHub Classroom,TypeScript,2020-04-09 16:52:23,N,0,2020-12-19 09:45:24,N
156912911,https://api.github.com/repos/anydotcrypto/cyberdice_oracle,55401862,cyberdice_oracle,Code to be run by the oracles to fetch BLS signature ,TypeScript,2020-04-19 17:18:28,N,0,2020-07-21 05:36:34,N
156913070,https://api.github.com/repos/UD-CISC374/educational-game-project-team-20-will-cantera-ben-testani,55150149,educational-game-project-team-20-will-cantera-ben-testani,educational-game-project-team-20-will-cantera-ben-testani created by GitHub Classroom,TypeScript,2020-04-06 19:09:10,N,0,2020-12-19 09:16:19,N
156915432,https://api.github.com/repos/YoavHortman/OnlineShip,30737459,OnlineShip,N,TypeScript,2020-04-19 22:10:06,N,0,2020-10-31 02:35:20,N
156920537,https://api.github.com/repos/lanphantastic/learn,38126094,learn,Learn to Code - Project CM,TypeScript,2020-04-19 22:34:34,156730791,0,2020-06-21 02:11:45,1550520266
156920542,https://api.github.com/repos/tomoyakuroda/learn,38152122,learn,Learn to Code - Project CM,TypeScript,2020-04-19 22:34:36,156730791,0,2020-06-11 03:55:07,1550520294
156924203,https://api.github.com/repos/przemek89/Coffee_Shop_Full_Stack,56451073,Coffee_Shop_Full_Stack,Coffee Shop - Identity and Access Management final project from Full Stack Developer Udacity Program ,TypeScript,2020-04-18 07:19:02,N,0,2020-09-12 13:28:34,N
156929498,https://api.github.com/repos/kanherepratik/vue-project-boilerplate,9563848,vue-project-boilerplate,N,TypeScript,2020-04-19 16:36:53,N,0,2021-03-01 22:17:03,N
156930255,https://api.github.com/repos/EmmChriss/fsnd-coffee-shop,45165740,fsnd-coffee-shop,N,TypeScript,2020-04-08 16:32:19,N,0,2020-09-12 12:14:34,N
156930432,https://api.github.com/repos/vdtn359/vdtn359-news,8969800,vdtn359-news,N,TypeScript,2020-04-11 12:49:08,N,0,2020-07-08 11:00:45,N
156937275,https://api.github.com/repos/Airfooox/cron-validate,46473958,cron-validate,A cron-expression validator for TypeScript/JavaScript projects.,TypeScript,2020-04-10 20:50:20,N,0,2021-02-20 16:02:22,N
156939932,https://api.github.com/repos/luriel-xyz/VideoSearch,40973715,VideoSearch,N,TypeScript,2020-04-12 04:32:26,N,0,2020-09-02 10:46:17,N
156942384,https://api.github.com/repos/maxencefrenette/fractal-viewer,34245443,fractal-viewer,A fast Mandelbrot Set viewer built using WebGL,TypeScript,2020-04-04 20:20:17,N,0,2020-07-01 23:38:29,N
156942798,https://api.github.com/repos/corydhmiller/commuteless-fm,31767672,commuteless-fm,N,TypeScript,2020-04-05 20:18:28,N,0,2021-01-22 11:00:56,N
156944567,https://api.github.com/repos/ibeeliot/ibeeliot-portfolio-2020,48565385,ibeeliot-portfolio-2020,"Dedicated to eliot's ongoing, long-last journey to tech lead. See what eliot may be up to",TypeScript,2020-04-08 06:01:46,N,0,2021-03-01 22:11:57,N
156948369,https://api.github.com/repos/Guneetgstar/react-xterm-sample,27954741,react-xterm-sample,A sample project using [react-xterm](https://github.com/farfromrefug/react-xterm/),TypeScript,2020-04-12 10:46:09,N,0,2021-02-16 09:11:39,N
156959620,https://api.github.com/repos/gdhananjay/grafana,56927892,grafana,"The tool for beautiful monitoring and metric analytics & dashboards for Graphite, InfluxDB & Prometheus & More",TypeScript,2020-04-16 13:04:57,9527814,0,2020-06-30 06:21:38,1546970644
156960181,https://api.github.com/repos/t--takai/NuxtTypeScriptStarter,6755218,NuxtTypeScriptStarter,Typescript starter with Nuxt.js from nuxt-community/typescript-template,TypeScript,2020-04-20 07:43:28,N,0,2021-02-28 16:15:10,N
156966737,https://api.github.com/repos/navikt/klage-dittnav,7690156,klage-dittnav,Søknadsskjema for klage på Ditt NAV,TypeScript,2020-04-06 09:19:11,N,0,2021-03-04 16:20:34,N
156967373,https://api.github.com/repos/JustinSeymour/justin-udagram,37586526,justin-udagram,Project 3 of Udacity Cloud Developer Nanodegree,TypeScript,2020-04-10 09:25:35,N,0,2020-12-19 09:52:29,N
156968852,https://api.github.com/repos/KletechA2Team2/ShoppingCart,56930693,ShoppingCart,N,TypeScript,2020-04-10 11:10:32,N,0,2020-12-19 10:01:12,N
156969669,https://api.github.com/repos/filfat/lucid,1250609,lucid,The stupidly simple and blazingly fast CMS.,TypeScript,2020-04-03 13:20:14,N,0,2020-06-10 05:04:48,N
156971165,https://api.github.com/repos/uport-project/dafhub,33481029,dafhub,Full stack DAF demo + wallet connect,TypeScript,2020-04-09 17:33:49,N,0,2021-02-17 10:31:31,N
156974504,https://api.github.com/repos/calmery-chan/components,51849636,components,A React component library for calmery-chan :books:,TypeScript,2020-04-13 14:03:46,N,0,2020-08-31 19:13:57,N
156975464,https://api.github.com/repos/remorses/dokz,37761268,dokz,Compiles your markdown or mdx files down to a static Next.js site,TypeScript,2020-04-10 17:04:38,N,0,2021-03-06 22:44:46,N
156978792,https://api.github.com/repos/avrcoelho/react-credit-card-flipping,50851780,react-credit-card-flipping,N,TypeScript,2020-04-12 20:06:29,N,0,2020-09-28 22:38:42,N
156979745,https://api.github.com/repos/parky128/nepal-core,6549865,nepal-core,N,TypeScript,2020-04-20 12:12:17,156469375,0,2020-12-25 19:50:39,1548704290
156982506,https://api.github.com/repos/bluelovers/ws-dot-properties,135346,ws-dot-properties,N,TypeScript,2020-04-09 17:54:03,N,0,2020-06-04 15:42:22,N
156982981,https://api.github.com/repos/easyops-cn/brick-next-devtools,35760633,brick-next-devtools,A Chrome devtools extension for Brick Next developers.,TypeScript,2020-04-06 14:13:48,N,0,2021-02-13 11:24:42,N
156984993,https://api.github.com/repos/multimediaAG/AGtive,56935559,AGtive,N,TypeScript,2020-04-20 11:59:48,N,0,2020-06-11 11:09:47,N
156992290,https://api.github.com/repos/plitzenberger/cdk-serverless-example,1007113,cdk-serverless-example,N,TypeScript,2020-04-02 18:52:42,N,0,2021-02-07 07:06:12,N
156996419,https://api.github.com/repos/BasPeter/KapunaHR,43058229,KapunaHR,N,TypeScript,2020-04-12 11:56:29,N,0,2020-10-11 08:56:42,N
156997610,https://api.github.com/repos/dested/social-war-games-sls,20476,social-war-games-sls,Serverless implementation for socialwargames,TypeScript,2020-04-13 19:07:35,N,0,2021-01-02 11:32:54,N
156998260,https://api.github.com/repos/gurleensethi/react-todo,23687103,react-todo,A todo application in react using MobX...becuase why not!,TypeScript,2020-04-12 12:59:19,N,0,2020-09-12 12:48:21,N
156998885,https://api.github.com/repos/davidkpiano/useEffectReducer,1784300,useEffectReducer,useReducer + useEffect = useEffectReducer,TypeScript,2020-04-07 18:04:16,N,0,2021-03-03 04:58:29,N
157001273,https://api.github.com/repos/shemmmil/eye,38500012,eye,N,TypeScript,2020-04-04 07:10:52,N,0,2020-09-25 19:18:47,N
157002468,https://api.github.com/repos/donkeykong91/angular-routing,10330243,angular-routing,N,TypeScript,2020-04-10 14:41:01,N,0,2020-06-04 19:41:06,N
157002656,https://api.github.com/repos/allemansratten/overly-fragile-relationships,50824621,overly-fragile-relationships,N,TypeScript,2020-04-18 06:05:27,N,0,2020-09-12 13:31:44,N
157005291,https://api.github.com/repos/robertcepa/toucan-js,12264357,toucan-js,Cloudflare Workers client for Sentry,TypeScript,2020-04-08 02:30:53,N,0,2021-02-25 05:08:47,N
157008272,https://api.github.com/repos/VisualSource/polytopiajs,54469373,polytopiajs,N,TypeScript,2020-04-02 22:04:36,N,0,2021-02-25 12:12:13,N
157009763,https://api.github.com/repos/elchininet/postcss-rtlcss,3459803,postcss-rtlcss,PostCSS plugin to build Cascading Style Sheets (CSS) with Left-To-Right (LTR) and Right-To-Left (RTL) rules,TypeScript,2020-04-11 18:46:06,N,0,2021-02-20 06:08:45,N
157013522,https://api.github.com/repos/jinshin1013/use-react-native-navigation,33259552,use-react-native-navigation,A utility library for easier use of react-native-navigation library.,TypeScript,2020-04-12 11:19:14,N,0,2021-02-08 18:57:28,N
157014012,https://api.github.com/repos/yosuke-furukawa/react-twemojify,159787,react-twemojify,"React Component using twemoji parser, support webcomponents ( amp-img etc).",TypeScript,2020-04-10 02:33:15,N,0,2021-03-05 00:17:08,N
157016560,https://api.github.com/repos/anamikamaurya/udacity-c3-microservices,49867019,udacity-c3-microservices,"Udagram is a simple cloud application developed alongside the Udacity Cloud Engineering Nanodegree. It allows users to register and log into a web client, post photos to the feed, and process photos using an image filtering microservice. This repository c",TypeScript,2020-04-06 18:53:13,N,0,2020-07-20 08:14:08,N
157017003,https://api.github.com/repos/pravinyo/udacity-cloud-developer-capstone,11108644,udacity-cloud-developer-capstone,Capstone Project as a Part of Udacity Cloud Developer Nanodegree Program,TypeScript,2020-04-09 14:48:38,N,0,2021-01-06 18:50:52,N
157017664,https://api.github.com/repos/rubengrill/apollo-typed-documents,6377613,apollo-typed-documents,Get type safety for your apollo documents.,TypeScript,2020-04-13 12:26:46,N,0,2021-03-04 06:00:56,N
157020093,https://api.github.com/repos/imgix/vue-imgix,1281958,vue-imgix,Integrating Vue with the imgix API,TypeScript,2020-04-08 06:18:34,N,0,2021-03-01 23:51:00,N
157020649,https://api.github.com/repos/donkeykong91/angular-training,10330243,angular-training,N,TypeScript,2020-04-11 13:29:09,N,0,2020-09-12 12:38:03,N
157021508,https://api.github.com/repos/matus123/nodejs-libs,4370905,nodejs-libs,some nodejs libraries,TypeScript,2020-04-11 14:59:57,N,0,2020-12-19 10:03:26,N
157022115,https://api.github.com/repos/linusnorton/journey-planner-comparison,230186,journey-planner-comparison,N,TypeScript,2020-04-14 09:18:48,N,0,2021-01-07 15:54:49,N
157025184,https://api.github.com/repos/ProbableTrain/MapGenerator,46845057,MapGenerator,ProcGen American City Maps,TypeScript,2020-04-01 17:01:11,N,0,2021-03-01 21:48:27,N
157028959,https://api.github.com/repos/andr3wsc0tt/Redux-Project,54907830,Redux-Project,N,TypeScript,2020-04-17 15:32:05,N,0,2020-08-09 21:57:19,N
157029927,https://api.github.com/repos/tuxedocomputers/tuxedo-control-center,31953809,tuxedo-control-center,"A tool to help you control performance, energy, fan and comfort settings on TUXEDO laptops.",TypeScript,2020-04-20 09:06:06,N,0,2021-02-28 17:43:31,N
157032688,https://api.github.com/repos/flianza/expenses-web,54591984,expenses-web,N,TypeScript,2020-04-12 20:58:30,N,0,2020-09-12 12:47:11,N
157033132,https://api.github.com/repos/smartcoder-7/Social-app-codebase,56743474,Social-app-codebase,React native / Node.js / Knex.js / Objection.js / Postgresql,TypeScript,2020-04-05 01:46:57,N,0,2020-12-19 08:58:16,N
157033194,https://api.github.com/repos/mondo-mob/gae-node-nestjs,56952495,gae-node-nestjs,Node stack for Google App Engine and Datastore using NestJS and Typescript,TypeScript,2020-04-06 01:35:03,N,0,2021-01-16 07:01:16,N
157040887,https://api.github.com/repos/hnrchrdl/image-filter-containerized,4899822,image-filter-containerized,udacity - cloud developer nanodegree - course 3 - final project ,TypeScript,2020-04-11 20:00:32,N,0,2020-09-12 12:42:49,N
157044158,https://api.github.com/repos/ARTHURPC03/IniciandoTypeScriptNodeJS,53017014,IniciandoTypeScriptNodeJS,N,TypeScript,2020-04-13 20:08:23,N,0,2020-07-20 19:21:22,N
157046257,https://api.github.com/repos/yutailang0119/action-ktlint,36385130,action-ktlint,GitHub Action for Android Lint,TypeScript,2020-04-14 15:03:47,N,0,2021-03-02 09:38:45,N
157050947,https://api.github.com/repos/pincher95/guestbook,51758750,guestbook,demo app for final project,TypeScript,2020-04-12 16:25:11,N,0,2020-06-05 03:46:53,N
157054427,https://api.github.com/repos/anthonyjoeseph/morphic-ts-routing,2247194,morphic-ts-routing,Helper function that builds an fp-ts-routing parser and formatter and a morphic-ts ADT from keyed Matches.,TypeScript,2020-04-14 06:51:29,N,0,2021-01-26 06:43:57,N
157056040,https://api.github.com/repos/thibleroy/SpotiFine,46677323,SpotiFine,Spotify playlists customizer,TypeScript,2020-04-17 12:19:21,N,0,2021-01-29 08:38:30,N
157056585,https://api.github.com/repos/dastorga/gallery,1768344,gallery,Web App Gallery - Angular,TypeScript,2020-04-13 00:11:28,N,0,2020-12-19 10:16:20,N
157063042,https://api.github.com/repos/tejasmorkar/notice-board-ionic-app,42103168,notice-board-ionic-app,N,TypeScript,2020-04-12 13:03:48,N,0,2020-10-18 06:43:17,N
157064170,https://api.github.com/repos/ChandaRoy/ChandaRoy-TechBirdies1,12646805,ChandaRoy-TechBirdies1,For my learning site,TypeScript,2020-04-08 13:36:38,N,0,2020-09-05 01:10:02,N
157068201,https://api.github.com/repos/NooksBazaar/google-sheets-to-json,56965456,google-sheets-to-json,N,TypeScript,2020-04-19 19:18:20,N,0,2020-06-11 01:38:48,N
157070569,https://api.github.com/repos/roma219/node-ts-covid,2029762,node-ts-covid,API for getting covid-19 data running on Node.js/TypeScript/MongoDB,TypeScript,2020-04-14 09:17:46,N,0,2021-02-22 12:09:59,N
157071859,https://api.github.com/repos/RodrigoMattosoSilveira/rdx_chat,144729,rdx_chat,Learning React and Redux,TypeScript,2020-04-12 00:38:09,N,0,2021-03-03 05:43:48,N
157072060,https://api.github.com/repos/AhGhazey/UdacityProject3,3027265,UdacityProject3,N,TypeScript,2020-04-08 01:36:13,N,0,2020-09-12 12:08:51,N
157072594,https://api.github.com/repos/unindented/azure-pipelines-tasks,41775,azure-pipelines-tasks,Some random VSTS/ADO tasks for my own use.,TypeScript,2020-04-12 06:21:36,N,0,2021-01-01 22:00:54,N
157072798,https://api.github.com/repos/johnmartel/organization-membership-action,3722837,organization-membership-action,Manage your Github organization/teams membership with pull requests!,TypeScript,2020-04-10 17:00:55,N,0,2021-02-22 12:18:57,N
157075062,https://api.github.com/repos/MikitaLisavets/studio-booking-api,9451316,studio-booking-api,N,TypeScript,2020-04-09 17:50:22,N,0,2020-12-19 10:03:15,N
157082972,https://api.github.com/repos/avans-webs6/Demos-1920,50672700,Demos-1920,N,TypeScript,2020-04-06 09:33:41,N,0,2020-10-23 08:37:46,N
157087207,https://api.github.com/repos/ekoarTech/idook-frontend,56771420,idook-frontend,N,TypeScript,2020-04-20 13:54:32,N,0,2020-06-09 20:33:00,N
157087274,https://api.github.com/repos/jannamryan1997/hagova,52957410,hagova,N,TypeScript,2020-04-20 13:06:44,N,0,2020-12-19 12:59:54,N
157087575,https://api.github.com/repos/jvictorfarias/gostack-fundamentos-nodejs,52273090,gostack-fundamentos-nodejs,Repositório com o desafio de fundamentos NodeJS do Bootcamp GoStack,TypeScript,2020-04-14 20:37:13,N,0,2020-07-21 16:34:20,N
157087835,https://api.github.com/repos/Caesar2011/deno,3101496,deno,A secure JavaScript and TypeScript runtime,TypeScript,2020-04-20 13:43:25,105757646,0,2020-09-09 21:22:06,1551159420
157091213,https://api.github.com/repos/vadimjprokopev/idle-spell-chain,11290599,idle-spell-chain,N,TypeScript,2020-04-15 21:44:23,N,0,2021-03-06 09:48:40,N
157097747,https://api.github.com/repos/Karan9889/Dapp2,46211721,Dapp2,N,TypeScript,2020-04-07 21:04:43,N,0,2020-12-19 10:22:19,N
157109567,https://api.github.com/repos/scottdurow/node-cds-auth,1226591,node-cds-auth,Performs on-behalf-of auth against a CDS envrionment.,TypeScript,2020-04-15 16:37:33,N,0,2020-11-03 05:55:10,N
157110266,https://api.github.com/repos/tonyzhc/vscode,45338529,vscode,Visual Studio Code,TypeScript,2020-04-20 22:21:43,28947324,0,2020-09-21 17:18:36,1551701219
157113323,https://api.github.com/repos/ianhi/jupyterlab_vim-system-clipboard-support,8285365,jupyterlab_vim-system-clipboard-support,Yank to the system cliboard in jupyterlab vim,TypeScript,2020-04-06 00:50:24,N,0,2020-12-13 12:49:12,N
157121162,https://api.github.com/repos/uiwjs/react-markdown-preview,49539008,react-markdown-preview,React component preview markdown text in web browser. The minimal amount of CSS to replicate the GitHub Markdown style.,TypeScript,2020-04-18 08:29:54,N,0,2021-02-25 17:59:16,N
157122934,https://api.github.com/repos/rkennel/skipbo,35809318,skipbo,N,TypeScript,2020-04-10 19:54:03,N,0,2021-01-07 05:19:43,N
157124997,https://api.github.com/repos/Apress/modern-full-stack-development,13544056,modern-full-stack-development,Source code for 'Modern Full-Stack Development' by Frank Zammetti,TypeScript,2020-04-13 15:22:07,N,0,2021-02-17 07:51:49,N
157125817,https://api.github.com/repos/thanhthientk/nestjs-simple-authentication,10163112,nestjs-simple-authentication,N,TypeScript,2020-04-13 09:55:38,N,0,2020-12-19 10:17:58,N
157127387,https://api.github.com/repos/chiffre-io/api-client,52495969,api-client,Chiffre.io API client,TypeScript,2020-04-10 15:13:39,N,0,2020-06-23 16:29:44,N
157129979,https://api.github.com/repos/roopa-shetty/testangular,56980121,testangular,N,TypeScript,2020-04-13 12:43:19,N,0,2021-03-02 08:47:47,N
157130528,https://api.github.com/repos/pedrouid/enc-utils,39033759,enc-utils,Byte encoding utils,TypeScript,2020-04-15 10:45:04,N,0,2021-01-26 04:51:59,N
157131590,https://api.github.com/repos/Olympus-Team/vue-ts-tailwind,56980618,vue-ts-tailwind,Just init for example,TypeScript,2020-04-20 00:17:35,N,0,2020-08-29 06:09:51,N
157132196,https://api.github.com/repos/Liinkiing/next-ts-graphql-apollo-starter,11990092,next-ts-graphql-apollo-starter,"An opiniated Next powered starter which include support for Apollo with GraphQL SSR support, codegen, styled component / system and framer motion",TypeScript,2020-04-15 00:20:17,N,0,2021-01-17 11:59:18,N
157141483,https://api.github.com/repos/bedlaj/unifi-reset-password,37340550,unifi-reset-password,Angular app for reset of forgotten UniFi admin password.,TypeScript,2020-04-14 15:49:44,N,0,2021-01-22 11:03:07,N
157141966,https://api.github.com/repos/ajeetsinghs/ShoppingCartUI,10553783,ShoppingCartUI,N,TypeScript,2020-04-16 18:26:30,N,0,2020-09-06 04:37:26,N
157143901,https://api.github.com/repos/smarlhens/nest7-boilerplate,43280546,nest7-boilerplate,"Nest.js v7 boilerplate with CircleCI, Commitizen, Commitlint, Docker-Compose, ESLint, GitHub Actions, Husky, Lint-staged, OpenAPI, Prettier, PostGreSQL, Travis CI, TypeORM",TypeScript,2020-04-04 20:40:52,N,0,2021-03-01 09:36:45,N
157147554,https://api.github.com/repos/afgomez123/CreateReposApi,41040352,CreateReposApi,N,TypeScript,2020-04-13 00:47:04,N,0,2020-09-12 12:49:14,N
157151877,https://api.github.com/repos/Gundavri/Web-Examiner,52678272,Web-Examiner,MEAN application with its own CMS for examining online,TypeScript,2020-04-21 07:48:04,N,0,2020-12-18 23:41:56,N
157161023,https://api.github.com/repos/tearingItUp786/bug-tracker-api,11166124,bug-tracker-api,N,TypeScript,2020-04-10 20:52:33,N,0,2021-02-10 13:20:30,N
157163022,https://api.github.com/repos/adjerbetian/alexandre-djerbetian,3006149,alexandre-djerbetian,Personal website,TypeScript,2020-04-13 16:38:24,N,0,2021-03-05 09:31:18,N
157167323,https://api.github.com/repos/uiwjs/react-split,49539008,react-split,A piece of view can be divided into areas where the width or height can be adjusted by dragging.,TypeScript,2020-04-15 06:41:43,N,0,2021-02-25 18:00:22,N
157167550,https://api.github.com/repos/webistomin/nanogram.js,37275637,nanogram.js,An easy-to-use and simple Instagram package that allow you to fetch media content without API and access token.,TypeScript,2020-04-11 18:12:33,N,0,2021-03-02 23:20:03,N
157180522,https://api.github.com/repos/Sansossio/electron-dolartoday-wrapper,10540545,electron-dolartoday-wrapper,Dolartoday electron wrapper,TypeScript,2020-04-15 13:28:05,N,0,2021-01-29 09:43:30,N
157182459,https://api.github.com/repos/garronej/my_dummy_npm_and_deno_module,5016101,my_dummy_npm_and_deno_module,Example/tutorial on how to setup densify,TypeScript,2020-04-16 02:44:55,N,0,2020-12-04 06:37:07,N
157187249,https://api.github.com/repos/MarcinZmudka/HouseMetersBackend,43712357,HouseMetersBackend,N,TypeScript,2020-04-13 19:11:24,N,0,2020-12-19 10:21:58,N
157190233,https://api.github.com/repos/vuejs/vite,3080967,vite,Experimental no-bundle dev server for Vue SFCs,TypeScript,2020-04-21 05:03:57,N,0,2020-06-21 17:03:14,N
157191653,https://api.github.com/repos/jvictorfarias/gostack-database-upload,52273090,gostack-database-upload,Repositório com o desafio Database Upload do Bootcamp GoStack 11,TypeScript,2020-04-15 22:45:01,N,0,2020-12-09 23:27:49,N
157197126,https://api.github.com/repos/fshowalter/franksmovielog.com,2145958,franksmovielog.com,movielog.frankshowalter.com,TypeScript,2020-04-09 19:37:23,N,0,2021-02-22 05:40:41,N
157197415,https://api.github.com/repos/manigedit/simple-angular-6-app,44755674,simple-angular-6-app,Simple angular 6 app,TypeScript,2020-04-14 14:46:54,N,0,2020-12-19 10:28:54,N
157197920,https://api.github.com/repos/InventivetalentDev/spiget-typescript,3452160,spiget-typescript,[WIP] Typescript/Javascript Spiget client,TypeScript,2020-04-16 12:02:37,N,0,2021-02-09 15:05:05,N
157202148,https://api.github.com/repos/emontezuma/logisticar,45176875,logisticar,Aplicación para gestionar dispositivos,TypeScript,2020-04-13 17:15:59,N,0,2020-09-05 18:43:34,N
157203246,https://api.github.com/repos/Blad3Mak3r/RedditMemes,51746277,RedditMemes,A small async wrapper to get reddit memes from the best Reddits memes,TypeScript,2020-04-14 18:22:06,N,0,2021-03-06 09:12:31,N
157207854,https://api.github.com/repos/stephendolan/gas-calendar-confluence-note-builder,6609312,gas-calendar-confluence-note-builder,Create Confluence meeting notes from a template based on Google Calendar events.,TypeScript,2020-04-10 21:19:58,N,0,2021-02-22 11:54:38,N
157208311,https://api.github.com/repos/morggansoft/tuPedido,53593317,tuPedido,e-Commerce Software for On Demand Marketplaces,TypeScript,2020-04-21 16:32:34,N,0,2020-08-20 19:38:10,N
157210578,https://api.github.com/repos/pedrouid/starkware-provider,39033759,starkware-provider,Starkware Provider Library,TypeScript,2020-04-16 10:52:10,N,0,2020-12-19 10:45:44,N
157213237,https://api.github.com/repos/issho-ni/issho-ni-web,48150053,issho-ni-web,N,TypeScript,2020-04-06 21:34:43,N,0,2021-02-22 10:16:54,N
157213502,https://api.github.com/repos/joaomoreno/deemon,106354,deemon,Run a process in the background and attach to it,TypeScript,2020-04-16 08:40:51,N,0,2021-01-15 10:03:42,N
157216960,https://api.github.com/repos/mat-sz/letterparser,51802612,letterparser,✉️ Isomorphic e-mail parser (with MIME support) written in TypeScript.,TypeScript,2020-04-01 16:02:45,N,0,2021-03-02 04:56:05,N
157219791,https://api.github.com/repos/vijaywayu2014/angular-node-user-form,7140705,angular-node-user-form,N,TypeScript,2020-04-14 12:47:43,N,0,2020-12-19 10:27:17,N
157220036,https://api.github.com/repos/ember-polyfills/ember-destroyable-polyfill,52411552,ember-destroyable-polyfill,Polyfill for RFC 580: Destroyables,TypeScript,2020-04-12 13:03:42,N,0,2021-03-02 10:15:34,N
157220898,https://api.github.com/repos/element-ts/lithium,54194729,lithium,A type-safe remote function invocation library using websockets and TypeScript.,TypeScript,2020-04-15 23:42:48,N,0,2020-09-15 08:24:11,N
157222560,https://api.github.com/repos/geeeger/canvas-clip,14204954,canvas-clip,这是一个canvas抠图工具,TypeScript,2020-04-15 10:21:12,N,0,2020-12-19 10:42:31,N
157226635,https://api.github.com/repos/NetliDev/AngularCourse,57010936,AngularCourse,Curso de angular Udemy The complete guide ,TypeScript,2020-04-14 16:45:28,N,0,2020-09-08 04:01:24,N
157229012,https://api.github.com/repos/jorgetinoco777/despachos-operacion,44899743,despachos-operacion,Proyecto para despacho de transacciones a usuarios,TypeScript,2020-04-20 06:41:18,N,0,2020-10-04 21:06:28,N
157244623,https://api.github.com/repos/Suriya-manoharan/Angular-Typescript-Nodejs-Epress-PSQL,57016596,Angular-Typescript-Nodejs-Epress-PSQL,N,TypeScript,2020-04-14 05:23:33,N,0,2020-06-06 03:32:03,N
157247749,https://api.github.com/repos/Igonato/blog,690338,blog,A personal home page with a blog,TypeScript,2020-04-05 01:50:19,N,0,2021-02-08 11:07:49,N
157256216,https://api.github.com/repos/libinvarghese/recursive-copy-cli,8333594,recursive-copy-cli,N,TypeScript,2020-04-15 06:24:19,N,0,2021-02-26 19:07:19,N
157259711,https://api.github.com/repos/obiwan007/usersrv,8497953,usersrv,Go based user service,TypeScript,2020-04-08 06:36:23,N,0,2020-08-01 23:04:06,N
157260691,https://api.github.com/repos/btk5h/mentor-web,32983886,mentor-web,A community-driven project for visualizing and testing automata,TypeScript,2020-04-20 23:48:58,N,0,2021-02-02 06:10:42,N
157265347,https://api.github.com/repos/Bookman0001/unicorn_renewal_app,40617080,unicorn_renewal_app,"photo storage service using firebase, TypeScript , Node.js, React.js.",TypeScript,2020-04-17 13:28:29,N,0,2020-06-24 12:36:42,N
157273444,https://api.github.com/repos/Ratatinator97/PicTalk,47573203,PicTalk,Backend of PicTalk ! Written in Nestjs + Express + PostgreSQL,TypeScript,2020-04-07 09:02:18,N,0,2021-02-26 02:01:18,N
157278175,https://api.github.com/repos/phuocphan13/SimpleCore,46939260,SimpleCore,N,TypeScript,2020-04-13 13:34:36,N,0,2021-01-30 08:16:06,N
157284158,https://api.github.com/repos/mei23/ldsig,37436725,ldsig,N,TypeScript,2020-04-20 16:49:25,N,0,2021-03-05 10:53:03,N
157285889,https://api.github.com/repos/whitewater-guide/validation,45366851,validation,Validation utils for whitewater.guide,TypeScript,2020-04-21 16:30:45,N,0,2021-02-23 07:08:13,N
157286442,https://api.github.com/repos/tokamakjs/tokamakjs,57028092,tokamakjs,An opinionated modern framework to build React applications using the latest tools in the React ecosystem.,TypeScript,2020-04-15 16:08:22,N,0,2021-01-02 15:33:11,N
157294825,https://api.github.com/repos/qlonik-forks/DefinitelyTyped,54127941,DefinitelyTyped,The repository for high quality TypeScript type definitions.,TypeScript,2020-04-21 19:42:55,4230805,0,2021-01-25 12:22:17,1553796847
157296109,https://api.github.com/repos/mbehr1/dlt-logs,1395290,dlt-logs,"Visual Studio Code extension that adds support to open DLT (genivi, AUTOSAR) diagnostic log and trace files with lifecycle detection, filters, time-sync, etc.",TypeScript,2020-04-05 09:21:20,N,0,2021-03-02 10:45:08,N
157299693,https://api.github.com/repos/gschaden/deno,496855,deno,A secure JavaScript and TypeScript runtime,TypeScript,2020-04-21 21:03:54,105757646,0,2020-06-25 17:31:24,1553457107
157302286,https://api.github.com/repos/ianhi/colony-counter,8285365,colony-counter,small tool for counting colonies on an agar plate,TypeScript,2020-04-22 02:00:55,N,0,2020-08-10 18:05:41,N
157303878,https://api.github.com/repos/peedrop/infoCity,50556254,infoCity,Projeto de iniciação científica Cefet-Mg campus Timóteo,TypeScript,2020-04-04 22:53:53,N,0,2020-09-05 17:17:38,N
157307009,https://api.github.com/repos/tran-simon/LOG2990-104,48875852,LOG2990-104,Year 2 project at polytechnique montreal,TypeScript,2020-04-21 04:32:55,N,0,2021-01-07 05:31:23,N
157307082,https://api.github.com/repos/microsoft/pxt-tilemaps,3886902,pxt-tilemaps,MakeCode Arcade extension for handling multiple tilemaps and extra tilemap blocks - beta,TypeScript,2020-04-03 21:09:37,N,0,2021-03-05 07:10:18,N
157314231,https://api.github.com/repos/wesleyfeitosa/gostack-gobarber,38920375,gostack-gobarber,Barber service scheduling application created during Rocketseat's GoStack 11 bootcamp,TypeScript,2020-04-17 21:57:34,N,0,2021-01-07 06:59:46,N
157319630,https://api.github.com/repos/dramagods/nd0044_project3_cofee_shop,182542,nd0044_project3_cofee_shop,Project3 Coffee Shop Udacity Full Stack nanodegree nd0044,TypeScript,2020-04-17 17:07:24,N,0,2020-09-12 13:28:41,N
157323461,https://api.github.com/repos/sabinevidal/coffee-shop,52407578,coffee-shop,N,TypeScript,2020-04-06 06:54:42,N,0,2020-09-12 11:58:58,N
157325735,https://api.github.com/repos/insidewhy/wildcard-mock-link,52384983,wildcard-mock-link,A mock link for apollo with wildcard matching and better support for mocking subscriptions.,TypeScript,2020-04-22 04:38:04,N,0,2021-02-08 07:02:21,N
157329941,https://api.github.com/repos/sersoft-gmbh/SwiftyActions,19639437,SwiftyActions,A GitHub action that sets up a Swift environment on linux,TypeScript,2020-04-16 09:06:01,N,0,2021-01-27 17:24:24,N
157340162,https://api.github.com/repos/w3f/cmd-ts,37211642,cmd-ts,N,TypeScript,2020-04-17 08:20:14,N,0,2020-10-01 09:00:34,N
157353332,https://api.github.com/repos/tomasjm/react-graphql-fullstack,42720301,react-graphql-fullstack,N,TypeScript,2020-04-09 04:42:37,N,0,2020-12-10 17:27:56,N
157355004,https://api.github.com/repos/apramania/AngularCRUD,56266566,AngularCRUD,CRUD page with details of employees fully built on MEAN  Stack approach,TypeScript,2020-04-18 10:51:35,N,0,2020-10-23 07:08:34,N
157356006,https://api.github.com/repos/sabarin7/Angular_Projects_v1,57047349,Angular_Projects_v1,Angular 9 projects ,TypeScript,2020-04-15 05:44:17,N,0,2020-09-12 13:19:27,N
157362689,https://api.github.com/repos/remorses/baby-i-am-faded,37761268,baby-i-am-faded,Reveal animations using React and Emotion,TypeScript,2020-04-18 12:09:38,N,0,2021-02-24 21:24:51,N
157363430,https://api.github.com/repos/john4ani/Angular,47825762,Angular,N,TypeScript,2020-04-14 08:32:49,N,0,2020-09-12 12:57:29,N
157367039,https://api.github.com/repos/BasPeter/Roadcast,43058229,Roadcast,N,TypeScript,2020-04-18 18:00:02,N,0,2020-12-19 11:06:54,N
157368485,https://api.github.com/repos/ryands17/node-beanstalk-cdk,38207603,node-beanstalk-cdk,Deploy a Node app on Elastic Beanstalk with AWS Codebuild using aws-cdk,TypeScript,2020-04-18 15:49:50,N,0,2021-02-26 02:25:35,N
157369135,https://api.github.com/repos/Evanjcleary/displaying-data-angular,51023680,displaying-data-angular,N,TypeScript,2020-04-03 19:30:02,N,0,2020-09-12 12:46:26,N
157370446,https://api.github.com/repos/ooug/web,57051547,web,web app,TypeScript,2020-04-15 18:18:43,N,0,2021-02-20 13:20:41,N
157371579,https://api.github.com/repos/CovOpen/CovQuestions,57051897,CovQuestions,"A webservice where users can interactively try existing SARS-CoV-2 related questionnaires, upload their own questionnaires and an API to provide questions and logic for frontends ",TypeScript,2020-04-04 07:01:30,N,0,2021-02-26 12:27:35,N
157378406,https://api.github.com/repos/pooriaPoorsarvi/Personal-Site-Front-End,41469779,Personal-Site-Front-End,N,TypeScript,2020-04-17 20:15:01,N,0,2021-03-03 18:37:00,N
157381956,https://api.github.com/repos/gustavo9601/angular-formularios-1,38520203,angular-formularios-1,N,TypeScript,2020-04-01 01:25:39,N,0,2020-09-09 04:19:35,N
157382133,https://api.github.com/repos/rasribeiro/QuickBuy2,41885215,QuickBuy2,N,TypeScript,2020-04-01 01:31:08,N,0,2020-12-19 08:16:40,N
157383327,https://api.github.com/repos/ChristopheLem/projet_6,51751528,projet_6,N,TypeScript,2020-04-13 12:30:20,N,0,2020-12-19 10:29:41,N
157384184,https://api.github.com/repos/ritesh-sharma33/Angular-Examples,49453040,Angular-Examples,A demo repo for concepts of angular. Examples of each concept is shown here. ,TypeScript,2020-04-02 13:45:00,N,0,2020-09-12 11:30:39,N
157385031,https://api.github.com/repos/diegomais/gostack-conceitos-typescript,47098907,gostack-conceitos-typescript,N,TypeScript,2020-04-17 22:42:59,N,0,2020-07-20 19:46:37,N
157385193,https://api.github.com/repos/anamikamaurya/project-refactor-udagram-microservices,49867019,project-refactor-udagram-microservices,This project is a part of Udacity Cloud Developer Nanodegree program to convert a monolith app Udagram into micro services architecture.,TypeScript,2020-04-14 12:00:08,N,0,2020-06-07 04:12:49,N
157398605,https://api.github.com/repos/sanderdrummer/aws-stift-und-block,7021283,aws-stift-und-block,N,TypeScript,2020-04-20 06:48:43,N,0,2020-12-13 06:37:18,N
157398919,https://api.github.com/repos/augustouguerra/angular,57060278,angular,All projects made with Angular,TypeScript,2020-04-12 19:26:24,N,0,2020-09-12 12:45:53,N
157401529,https://api.github.com/repos/maartenvn/EchoFetch,3602409,EchoFetch,Typescript library for fetching data from JSON APIs,TypeScript,2020-04-03 07:50:18,N,0,2021-03-02 10:13:35,N
157402624,https://api.github.com/repos/hqqislovely/angular,57061553,angular,N,TypeScript,2020-04-05 09:59:51,N,0,2020-09-11 22:17:39,N
157404875,https://api.github.com/repos/AYCHpe/AYCHpeMedia,57062332,AYCHpeMedia,N,TypeScript,2020-04-01 02:54:35,N,0,2020-12-19 08:15:18,N
157407728,https://api.github.com/repos/toschmidt/yet-another-monorepo-example,57048100,yet-another-monorepo-example,Monorepo template for a fullstack TypeScript application based on React and Express.,TypeScript,2020-04-14 11:53:24,N,0,2021-01-08 16:45:02,N
157408424,https://api.github.com/repos/devboldly/react-analytics-charts,56005121,react-analytics-charts,React components to easily embed Google Analytics charts on your React site. Uses the Google Analytics Embed API.,TypeScript,2020-04-18 20:04:07,N,0,2021-02-20 05:39:43,N
157408793,https://api.github.com/repos/devayarhlaine/github-users-search,50810152,github-users-search,"Search github users (React,Redux,TypeScript,RX JS,Jest,Enzyme)",TypeScript,2020-04-19 04:51:28,N,0,2020-06-11 00:17:46,N
157409577,https://api.github.com/repos/jvictorfarias/boilerplate-node-express-ts,52273090,boilerplate-node-express-ts,A boilerplate for NodeJS + Express + TypeScript APIs inspired by AdonisJS,TypeScript,2020-04-19 14:20:09,N,0,2020-06-11 00:49:46,N
157412235,https://api.github.com/repos/Akash-Selvam/My-First-Application,57064709,My-First-Application,N,TypeScript,2020-04-19 19:59:54,N,0,2020-09-11 21:00:10,N
157413642,https://api.github.com/repos/better/frontend-take-home,1846988,frontend-take-home,Better’s take-home project for candidates applying for the Frontend Engineer role,TypeScript,2020-04-20 20:58:50,N,0,2020-05-13 08:22:09,N
157416588,https://api.github.com/repos/blueset/userpage,674977,userpage,User:Eana Hufwe. A simple and rough about-me page heavily inspired by Wikipedia Userboxes.,TypeScript,2020-04-19 15:09:07,N,0,2021-01-24 05:07:17,N
157419527,https://api.github.com/repos/timmo001/notes,35650451,notes,Notes PWA,TypeScript,2020-04-17 03:15:16,N,0,2020-07-23 06:50:57,N
157423305,https://api.github.com/repos/JulioPerezAG/angular-project-example,31849015,angular-project-example,N,TypeScript,2020-04-01 21:00:52,N,0,2021-01-22 10:56:57,N
157425538,https://api.github.com/repos/el-jeffrey/curso-angular,57068706,curso-angular,N,TypeScript,2020-04-21 22:02:54,N,0,2020-09-12 02:50:07,N
157429300,https://api.github.com/repos/upendragusain/ng-fundamentals,12646893,ng-fundamentals,N,TypeScript,2020-04-15 13:07:42,N,0,2020-09-12 13:07:22,N
157432007,https://api.github.com/repos/CasperNaudts/I-Talent-portfolio,43269020,I-Talent-portfolio,N,TypeScript,2020-04-11 10:21:25,N,0,2020-12-27 06:46:15,N
157434881,https://api.github.com/repos/lhl2617/VSLilyPond,39316249,VSLilyPond,VSCode Extension for LilyPond,TypeScript,2020-04-19 12:11:02,N,0,2021-02-26 19:21:12,N
157437814,https://api.github.com/repos/wavenet-be/CookieLaw,51942075,CookieLaw,N,TypeScript,2020-04-22 18:36:16,N,0,2020-12-19 11:35:46,N
157439794,https://api.github.com/repos/chiffre-io/design-system,52495969,design-system,Shared UI elements,TypeScript,2020-04-15 14:03:46,N,0,2021-02-23 09:33:44,N
157444489,https://api.github.com/repos/mkbhardwaj/angular-learn,31021812,angular-learn,angular learn project,TypeScript,2020-04-11 18:49:50,N,0,2020-12-24 06:45:23,N
157448835,https://api.github.com/repos/teppeis-sandbox/duck,7563398,duck,"Builder and dev server for Google Closure Compiler, Library and Templates. An alternative to plovr.",TypeScript,2020-04-17 12:04:20,146264090,0,2021-01-31 16:24:13,1555310964
157451884,https://api.github.com/repos/mattuylee/QingHaiGeoMS,44959773,QingHaiGeoMS,青海地学旅游app后台管理页（嵌入CefSharp）,TypeScript,2020-04-01 04:59:19,N,0,2020-10-31 10:02:54,N
157453929,https://api.github.com/repos/egotistic-coder/dynamicLayout,38494342,dynamicLayout,N,TypeScript,2020-04-01 05:36:50,N,0,2020-09-09 04:19:52,N
157454237,https://api.github.com/repos/yunuskilicdev/k8sproject,39265943,k8sproject,N,TypeScript,2020-04-01 05:57:12,N,0,2020-12-19 08:16:39,N
157455875,https://api.github.com/repos/SupratimAuddy/CarWorld,56219325,CarWorld,This is a basic angular Car Purchase Project,TypeScript,2020-04-01 06:41:38,N,0,2020-09-08 03:09:54,N
157456744,https://api.github.com/repos/wisdomQiuqiu/demo,31234155,demo,qiankun,TypeScript,2020-04-01 06:58:49,N,0,2020-12-10 17:14:41,N
157457321,https://api.github.com/repos/codefornl/collections-frontend,10781053,collections-frontend,N,TypeScript,2020-04-01 07:20:47,N,0,2020-10-30 14:16:01,N
157458501,https://api.github.com/repos/08rose08/So-Pekocko,52749314,So-Pekocko,Backend So Pekocko,TypeScript,2020-04-17 15:39:32,N,0,2020-12-19 10:56:26,N
157458586,https://api.github.com/repos/AE2s/GraphQL,48871217,GraphQL,Discover GraphQL,TypeScript,2020-04-17 15:43:59,N,0,2021-01-07 05:04:26,N
157459167,https://api.github.com/repos/michayla/quots,2798194,quots,N,TypeScript,2020-04-01 08:08:06,N,0,2020-12-19 08:19:09,N
157459497,https://api.github.com/repos/debansu007/angular-ngx-translator,43851992,angular-ngx-translator,Created with StackBlitz ⚡️,TypeScript,2020-04-01 08:17:19,N,0,2020-09-08 03:10:03,N
157459640,https://api.github.com/repos/supriya0905/smartP,52091786,smartP,N,TypeScript,2020-04-01 08:14:26,N,0,2020-09-09 04:20:04,N
157460525,https://api.github.com/repos/gitcust/Path,57080526,Path,N,TypeScript,2020-04-17 12:23:03,N,0,2020-09-05 05:47:42,N
157462377,https://api.github.com/repos/techwarriors20/FaceIdentity,57081200,FaceIdentity,N,TypeScript,2020-04-15 15:17:33,N,0,2020-12-19 10:41:52,N
157462725,https://api.github.com/repos/joshuayeung/Refactor-Udagram-App-into-Microservices-and-Deploy,50725373,Refactor-Udagram-App-into-Microservices-and-Deploy,Udacity Cloud Developer Nanodegree,TypeScript,2020-04-01 09:53:53,N,0,2020-12-19 08:18:43,N
157463629,https://api.github.com/repos/saibhargav29/task_manager,57081580,task_manager,Mean Stack,TypeScript,2020-04-05 06:12:49,N,0,2020-12-10 15:04:11,N
157463916,https://api.github.com/repos/jpssasadara/angularheroku,44339653,angularheroku,N,TypeScript,2020-04-01 09:43:46,N,0,2020-10-23 06:57:08,N
157464039,https://api.github.com/repos/wwwMendex/DeliveryApp,42001091,DeliveryApp,"That's a project to a local pizza delivery, using IONIC framework, firebase, and angular. Enjoy :)",TypeScript,2020-04-18 12:03:43,N,0,2021-01-26 04:42:39,N
157464891,https://api.github.com/repos/Kaju4047/Mean_Stack_CRUD_Operation,49819033,Mean_Stack_CRUD_Operation,N,TypeScript,2020-04-01 10:15:45,N,0,2020-10-23 06:56:22,N
157466080,https://api.github.com/repos/parky128/nepal-client-libs,6549865,nepal-client-libs,A collection of Node Enterprise Packages for Alert Logic (NEPAL) client libraries.,TypeScript,2020-04-17 16:23:58,156722816,0,2021-01-18 16:21:50,1549938107
157467723,https://api.github.com/repos/srikanthstorm/udagramMicroService,32920114,udagramMicroService,UdagramMicroServices,TypeScript,2020-04-01 11:45:46,N,0,2020-12-19 08:19:46,N
157467911,https://api.github.com/repos/trem7/angular-routing,12397863,angular-routing,Academind routing tutorial,TypeScript,2020-04-01 11:38:00,N,0,2020-05-25 16:55:52,N
157468066,https://api.github.com/repos/jvictorfarias/github-explorer,52273090,github-explorer,Projeto desenvolvido durante o 11º Bootcamp GoStack,TypeScript,2020-04-20 13:17:55,N,0,2021-01-07 05:18:32,N
157468267,https://api.github.com/repos/Alexandre-MRG/EstiamChat,55797328,EstiamChat,N,TypeScript,2020-04-01 12:42:41,N,0,2021-01-22 10:51:35,N
157469909,https://api.github.com/repos/patrikof/pokedex,42841668,pokedex,Pokedex feita em Angular no Curso de Angular da TreinaWeb,TypeScript,2020-04-01 13:41:38,N,0,2020-12-18 23:17:45,N
157471133,https://api.github.com/repos/Frederick-S/html2pdf,3160772,html2pdf,Generate pdf from html.,TypeScript,2020-04-09 13:02:49,N,0,2021-02-19 10:14:17,N
157474184,https://api.github.com/repos/ArthurClemens/glissando,455977,glissando,A simple content slider for anything that needs to move.,TypeScript,2020-04-18 11:02:45,N,0,2021-02-13 14:25:44,N
157475005,https://api.github.com/repos/Guihosse/udcdndpjt3,55069839,udcdndpjt3,Udacity Cloud Developper Nanodegree Project 3 by Guihosse. Refactor Udagram App into Microservices and Deploy,TypeScript,2020-04-01 16:00:35,N,0,2020-12-19 08:21:00,N
157475477,https://api.github.com/repos/Janardanbhatt/MazdaServiceOffersPresentation,57085771,MazdaServiceOffersPresentation,N,TypeScript,2020-04-01 15:53:07,N,0,2021-03-03 05:40:33,N
157475591,https://api.github.com/repos/matthwbnd/gostack-bootcamp,42964679,gostack-bootcamp,Repositório destinado à registrar a minha evolução ao GoStack Bootcamp da Rocketseat.,TypeScript,2020-04-08 23:40:27,N,0,2021-01-07 06:14:42,N
157475925,https://api.github.com/repos/NicoFR75/homebridge-config-ui-x,46445086,homebridge-config-ui-x,"Homebridge Web UI plugin to monitor, manage and control Homebridge from a browser.",TypeScript,2020-04-17 12:06:12,83630493,0,2020-06-29 23:01:54,1550456522
157477431,https://api.github.com/repos/zevdvlpr/foxy,56380799,foxy,A Bot with control panel and protection systems for your Discord Server.,TypeScript,2020-04-20 02:38:05,N,0,2020-06-11 15:35:17,N
157477481,https://api.github.com/repos/mcnielsen/nepal-client-libs,10131838,nepal-client-libs,A collection of Node Enterprise Packages for Alert Logic (NEPAL) client libraries.,TypeScript,2020-04-17 16:42:25,156722816,0,2020-12-22 09:20:01,1555645876
157478085,https://api.github.com/repos/insightfull-data/BigQueryGEO-VIZ2,56632486,BigQueryGEO-VIZ2,N,TypeScript,2020-04-01 17:34:45,N,0,2020-09-05 01:49:06,N
157478217,https://api.github.com/repos/mopolar/Refactor-Udagram-app-into-Microservices-and-Deploy,54361256,Refactor-Udagram-app-into-Microservices-and-Deploy,N,TypeScript,2020-04-01 17:34:00,N,0,2020-12-19 08:22:43,N
157479008,https://api.github.com/repos/y3v63n/celo-monorepo,43934481,celo-monorepo,Official repository for core projects comprising the Celo platform,TypeScript,2020-04-17 12:10:13,137735245,0,2020-07-18 12:30:49,1555338197
157479945,https://api.github.com/repos/chamanbharti/angular-university,35405083,angular-university,N,TypeScript,2020-04-01 17:47:19,N,0,2020-12-18 23:18:03,N
157479966,https://api.github.com/repos/girindramohanlnct/bloggingWeb,56227527,bloggingWeb,N,TypeScript,2020-04-01 17:47:00,N,0,2020-09-08 03:11:40,N
157480311,https://api.github.com/repos/akthrms/gitignore-generator,46109643,gitignore-generator,.gitignore Generator,TypeScript,2020-04-17 01:03:35,N,0,2021-01-21 12:51:33,N
157481807,https://api.github.com/repos/muntazirabbas/directionPointerCompass,33990717,directionPointerCompass,N,TypeScript,2020-04-01 18:59:18,N,0,2020-09-08 03:11:53,N
157481850,https://api.github.com/repos/koushikpan45/internDashboard,37925685,internDashboard,N,TypeScript,2020-04-01 18:49:33,N,0,2020-12-19 08:22:54,N
157481910,https://api.github.com/repos/TonyWang666/Spotify_Browser,47861723,Spotify_Browser,A music website for customers to browse and search for the information in the Spotify Library,TypeScript,2020-04-01 19:02:17,N,0,2021-03-04 14:28:16,N
157482648,https://api.github.com/repos/wesleyyw8/sonalake-angular,8148640,sonalake-angular,N,TypeScript,2020-04-01 19:24:41,N,0,2020-12-19 08:26:02,N
157482801,https://api.github.com/repos/gaetanBloch/angular-project,1157216,angular-project,Full blown Angular 9 project based on recipe book and shopping list,TypeScript,2020-04-01 15:50:30,N,0,2020-06-16 21:35:55,N
157482927,https://api.github.com/repos/BogdanBarytskyi/analytics,35148455,analytics,N,TypeScript,2020-04-01 19:27:19,N,0,2020-12-19 08:26:28,N
157483222,https://api.github.com/repos/koushikpan45/internLogin,37925685,internLogin,N,TypeScript,2020-04-01 19:39:42,N,0,2020-12-19 08:26:50,N
157484534,https://api.github.com/repos/pritamgope19/angular-StarloardAPIWorkingTemp,56737089,angular-StarloardAPIWorkingTemp,Created with StackBlitz ⚡️,TypeScript,2020-04-01 20:07:10,N,0,2020-09-08 03:11:55,N
157485375,https://api.github.com/repos/eugenlee/coffeeshop,45769180,coffeeshop,Coffee shop - Udacity Nanodegree project,TypeScript,2020-04-18 01:20:56,N,0,2020-09-11 22:31:58,N
157486258,https://api.github.com/repos/theednaffattack/at-dot-eddienaff-dot-dev,32741171,at-dot-eddienaff-dot-dev,N,TypeScript,2020-04-01 21:01:51,N,0,2021-01-07 14:36:21,N
157488366,https://api.github.com/repos/arstrel/apollo-graphql,51070839,apollo-graphql,N,TypeScript,2020-04-17 16:15:39,N,0,2020-10-23 10:57:29,N
157489578,https://api.github.com/repos/code-mentoring/www,45489023,www,Wordpress side for codementoring.co,TypeScript,2020-04-10 06:48:40,N,0,2021-01-26 17:15:02,N
157489796,https://api.github.com/repos/tiporox/doenca-aqui,40961678,doenca-aqui,N,TypeScript,2020-04-01 22:04:41,N,0,2021-01-07 08:46:29,N
157490628,https://api.github.com/repos/AresYolao/cascaron-angular,55549053,cascaron-angular,cascaron para proyectos angular,TypeScript,2020-04-01 22:47:14,N,0,2020-09-08 03:12:21,N
157494093,https://api.github.com/repos/rdelhommer/togo-containers,6750425,togo-containers,N,TypeScript,2020-04-14 03:08:43,N,0,2020-12-19 10:24:37,N
157497934,https://api.github.com/repos/haserra/angular-events-learninglab,50188944,angular-events-learninglab,This is a learning lab based on ngEvents course,TypeScript,2020-04-02 00:56:23,N,0,2020-09-12 11:27:04,N
157498312,https://api.github.com/repos/jmhuus/udacity_project_coffee_shop,44560437,udacity_project_coffee_shop,N,TypeScript,2020-04-11 23:36:23,N,0,2020-09-12 13:49:59,N
157498490,https://api.github.com/repos/kcrystalchen/Angular,47752837,Angular,N,TypeScript,2020-04-01 14:32:42,N,0,2020-09-12 11:34:07,N
157502095,https://api.github.com/repos/sachaw/qbittorrent,7468143,qbittorrent,qBittorrent api wrapper,TypeScript,2020-04-22 12:19:18,129017974,0,2020-06-12 02:11:52,1555857596
157502357,https://api.github.com/repos/correaleyval/atupuerta-app,43939835,atupuerta-app,N,TypeScript,2020-04-22 12:21:45,157502362,0,2020-06-22 01:38:42,1555858698
157502362,https://api.github.com/repos/ATuPuerta/atupuerta-app,57093239,atupuerta-app,ATuPuerta App,TypeScript,2020-04-22 05:40:29,N,0,2020-09-03 08:57:14,N
157508274,https://api.github.com/repos/rafaelone/GitHUb-Explorer,30685542,GitHUb-Explorer,Aplicação para buscar repositórios e issues no git,TypeScript,2020-04-20 21:49:02,N,0,2021-01-07 05:26:33,N
157512674,https://api.github.com/repos/sandyklark/puamb,2665136,puamb,The PUAMB monorepo,TypeScript,2020-04-19 00:08:52,N,0,2020-12-10 17:44:02,N
157514649,https://api.github.com/repos/freewind-demos/typescript-ui-api-state-converter-demo,45323831,typescript-ui-api-state-converter-demo,N,TypeScript,2020-04-22 15:01:56,N,0,2020-07-20 20:04:42,N
157532212,https://api.github.com/repos/sodify/insites-ui,57099269,insites-ui,An opinionated UI components library for React. Based on Styled Components and Styled System.,TypeScript,2020-04-11 17:30:42,N,0,2021-02-22 02:17:50,N
157532328,https://api.github.com/repos/goat-io/fluent,51317280,fluent,Readable query Interface & API generator for JS and Node,TypeScript,2020-04-18 09:44:01,N,0,2021-02-16 08:20:50,N
157533461,https://api.github.com/repos/thesafatem/WebDev2020,40532724,WebDev2020,N,TypeScript,2020-04-01 13:21:44,N,0,2020-09-12 11:21:23,N
157533721,https://api.github.com/repos/ATuPuerta/atupuerta-api,57093239,atupuerta-api,ATuPuerta API,TypeScript,2020-04-22 01:43:45,N,0,2020-06-21 20:39:18,N
157533961,https://api.github.com/repos/scottdurow/cdsify,1226591,cdsify,Easily call the CDS WebApi from TypeScript using SDK style types.,TypeScript,2020-04-21 19:12:20,N,0,2020-12-03 02:53:07,N
157543100,https://api.github.com/repos/w3f/files-ts,37211642,files-ts,N,TypeScript,2020-04-21 08:45:55,N,0,2020-09-30 09:32:22,N
157543158,https://api.github.com/repos/w3f/config-ts,37211642,config-ts,N,TypeScript,2020-04-21 08:45:16,N,0,2020-09-30 09:31:23,N
157545955,https://api.github.com/repos/eduefl/angular,57102180,angular,N,TypeScript,2020-04-11 14:09:02,N,0,2021-01-22 11:43:07,N
157546787,https://api.github.com/repos/robertwestbury/Typus,11803540,Typus,N,TypeScript,2020-04-22 12:41:29,N,0,2020-06-13 00:53:36,N
157548358,https://api.github.com/repos/EliasGcf/gofinances,52719455,gofinances,N,TypeScript,2020-04-20 22:11:10,N,0,2020-09-17 19:26:45,N
157551330,https://api.github.com/repos/szabopeterakos/keen-themes,34426919,keen-themes,metronic-playground,TypeScript,2020-04-18 15:01:12,N,0,2020-12-06 07:30:52,N
157551849,https://api.github.com/repos/JupiterOne/graph-npm,2149422,graph-npm,A graph conversion tool for https://www.npmjs.com/ (currently in development),TypeScript,2020-04-21 15:17:21,N,0,2021-01-19 06:15:32,N
157554410,https://api.github.com/repos/Alorel/rollup-scss-plugin,2246720,rollup-scss-plugin,A personal use plugin for loading scss in rollup,TypeScript,2020-04-17 20:21:04,N,0,2020-06-21 05:08:05,N
157555173,https://api.github.com/repos/melissa7days/weather,56866696,weather,N,TypeScript,2020-04-01 02:12:54,N,0,2020-09-12 11:19:27,N
157555830,https://api.github.com/repos/Alorel/rollup-dts-plugin,2246720,rollup-dts-plugin,Personal rollup plugin to generate a .d.ts output,TypeScript,2020-04-18 22:14:35,N,0,2020-09-21 00:21:44,N
157556575,https://api.github.com/repos/franciole/meat,45326065,meat,Curso Angular,TypeScript,2020-04-01 23:36:59,N,0,2020-12-18 23:18:26,N
157557547,https://api.github.com/repos/lucas000/GoBarber11,9536897,GoBarber11,N,TypeScript,2020-04-17 22:53:39,N,0,2021-01-07 05:58:28,N
157558288,https://api.github.com/repos/Mariana-cell/Identity-Server-with-Angular-Client,57106698,Identity-Server-with-Angular-Client,N,TypeScript,2020-04-02 03:14:13,N,0,2020-09-05 01:52:18,N
157566459,https://api.github.com/repos/hideokamoto/ionic-react-wordpress,4935588,ionic-react-wordpress,N,TypeScript,2020-04-22 13:43:15,N,0,2020-06-12 02:29:02,N
157566988,https://api.github.com/repos/cybernude/hh-web,7347810,hh-web,N,TypeScript,2020-04-02 04:15:06,N,0,2020-09-08 03:12:48,N
157567217,https://api.github.com/repos/alvalle09/Ang8LoginForm,35169088,Ang8LoginForm,Angular Forms Demo,TypeScript,2020-04-02 04:20:17,N,0,2020-10-23 06:57:08,N
157569629,https://api.github.com/repos/josepereza/Angular8MeanstackMaterial,49848208,Angular8MeanstackMaterial,"angular 8  crud con MongoDB, Express js, Node js, and Angular Material UI library.",TypeScript,2020-04-02 05:27:57,N,0,2020-12-19 08:29:30,N
157570177,https://api.github.com/repos/maxencefrenette/maxencefrenette.com,34245443,maxencefrenette.com,My personal website,TypeScript,2020-04-10 16:33:55,N,0,2020-06-23 05:47:01,N
157570613,https://api.github.com/repos/phhien203/stripe-payment-in-practice,6608675,stripe-payment-in-practice,N,TypeScript,2020-04-18 05:01:15,N,0,2020-09-12 20:57:01,N
157571499,https://api.github.com/repos/badhekomal17/AA_Angular,52702926,AA_Angular,N,TypeScript,2020-04-01 14:15:13,N,0,2020-09-12 11:32:45,N
157571717,https://api.github.com/repos/iemeshi/app,57111101,app,Application template for Iemeshi,TypeScript,2020-04-17 10:48:36,N,0,2021-01-07 06:08:08,N
157572110,https://api.github.com/repos/edwin001-tech/My-First-Fullstack_App,53717139,My-First-Fullstack_App,"Fullstack app created with Express,MongoDB-Backend and React,axios and Bootstrap Frontend",TypeScript,2020-04-21 16:47:45,N,0,2021-01-07 05:20:24,N
157572822,https://api.github.com/repos/jin60641/webrtc-study,32968128,webrtc-study,N,TypeScript,2020-04-02 06:47:21,N,0,2021-03-03 05:40:05,N
157573264,https://api.github.com/repos/splitbee/notion-api-worker,56199361,notion-api-worker,Notion as CMS with easy API access,TypeScript,2020-04-21 11:56:44,N,0,2021-03-04 01:46:07,N
157574897,https://api.github.com/repos/mdfarvez/Udagram-Microservice,42731709,Udagram-Microservice,Final project of Microservice,TypeScript,2020-04-07 10:29:26,N,0,2020-09-11 18:48:50,N
157576092,https://api.github.com/repos/onichandame/epics-proxy,37295257,epics-proxy,A web server acting as the proxy between epics IOC and clients,TypeScript,2020-04-04 15:37:22,N,0,2020-12-10 17:51:31,N
157581341,https://api.github.com/repos/salomaosnff/injets,9585770,injets,TypeScript Dependency Injection using reflect-metadata and typescript with ES7,TypeScript,2020-04-18 01:05:52,N,0,2020-06-09 21:05:49,N
157581607,https://api.github.com/repos/jasarsoft/angular-material,11222741,angular-material,Angular Material,TypeScript,2020-04-13 20:11:19,N,0,2020-09-12 13:40:58,N
157585760,https://api.github.com/repos/oliverkuldmae/gatsby-starter,12269861,gatsby-starter,N,TypeScript,2020-04-01 12:20:59,N,0,2020-06-15 16:39:57,N
157586460,https://api.github.com/repos/JJGA123/ANGULAR,31478052,ANGULAR,Todo lo que necesitas saber de angular utilizando TypeScript y buenas prácticas ofrecidas por el equipo de angular.,TypeScript,2020-04-21 22:21:51,N,0,2020-09-13 11:02:37,N
157587925,https://api.github.com/repos/Alejo-Alvarezv/Web-publishing-system,54143883,Web-publishing-system,This is a responsive FullStack application that management all publication on a web site,TypeScript,2020-04-15 23:33:21,N,0,2020-06-11 01:49:58,N
157587941,https://api.github.com/repos/Hoff97/note-pwa,2721868,note-pwa,Simple Note taking PWA,TypeScript,2020-04-10 14:29:50,N,0,2020-11-02 08:06:54,N
157588278,https://api.github.com/repos/Hiberbee/graphql,40204876,graphql,Includes Apollo Server Gateway with schema federation and Faker API instance,TypeScript,2020-04-11 10:38:58,N,0,2020-06-29 01:54:21,N
157589034,https://api.github.com/repos/omsmith/actions-tasklists,707209,actions-tasklists,N,TypeScript,2020-04-19 16:27:42,N,0,2021-02-28 21:44:17,N
157590411,https://api.github.com/repos/asachan2707/angular-lib-translate,34778378,angular-lib-translate,Created with StackBlitz ⚡️,TypeScript,2020-04-02 14:26:08,N,0,2020-09-08 03:14:57,N
157591427,https://api.github.com/repos/bassonik/vuksanFe,46066263,vuksanFe,N,TypeScript,2020-04-02 15:09:59,N,0,2021-01-06 18:30:27,N
157591431,https://api.github.com/repos/grms96/ev_routing,36349597,ev_routing,energy optimal routing for electric vehicles,TypeScript,2020-04-19 10:59:43,N,0,2020-09-05 17:50:06,N
157592149,https://api.github.com/repos/medhassansmatii/Book-Store-App,53603445,Book-Store-App,"Conception et modélisation du projet microservices  E-Commerce website  avec la création des écrans en utilisant framework Angular 8 et le développement du Back-end avec le framework spring Boot ,MySQL et plus encore. Plus précisément, il s'agit de créer ",TypeScript,2020-04-02 15:21:56,N,0,2020-12-19 08:35:49,N
157592497,https://api.github.com/repos/vltansky/elapsed-time-logger,53815187,elapsed-time-logger,Similiar to console.time() but returns readable elapsed time e.g Label: 1 hour 20 minutes 10.3 seconds,TypeScript,2020-04-20 14:31:49,N,0,2021-03-01 10:10:41,N
157593003,https://api.github.com/repos/glaucopater/glimpse,33599018,glimpse,A photo portfolio,TypeScript,2020-04-19 19:43:11,N,0,2020-06-22 03:45:51,N
157594321,https://api.github.com/repos/shoota/gh-react,883995,gh-react,react apps with github graphql API,TypeScript,2020-04-02 05:43:36,N,0,2021-02-06 18:06:30,N
157594829,https://api.github.com/repos/element-ts/oxygen,54194729,oxygen,A recursive run-time type checking package that is simple to use yet provides all the functionality you will ever need. Written by and for Typescript.,TypeScript,2020-04-22 02:33:18,N,0,2020-06-24 19:02:53,N
157595431,https://api.github.com/repos/aito-hideki/fullstack-js-challenge,54108137,fullstack-js-challenge,N,TypeScript,2020-04-03 14:26:36,N,0,2021-01-06 18:39:00,N
157595585,https://api.github.com/repos/codeiain/Remote,6893757,Remote,N,TypeScript,2020-04-02 17:12:33,N,0,2021-01-22 10:51:58,N
157595660,https://api.github.com/repos/ToniStoynev/BlogApplication,51657554,BlogApplication,Blog Application written in Angular,TypeScript,2020-04-02 16:32:16,N,0,2020-09-03 21:56:33,N
157596553,https://api.github.com/repos/sam11794/my-app,57119001,my-app,N,TypeScript,2020-04-02 17:35:32,N,0,2020-09-09 04:21:20,N
157596813,https://api.github.com/repos/WueWW/digital-events,48861523,digital-events,N,TypeScript,2020-04-02 17:49:31,N,0,2020-12-19 08:34:02,N
157596877,https://api.github.com/repos/CanteroAgustin/CursoAngularSofttek,11997781,CursoAngularSofttek,N,TypeScript,2020-04-09 01:15:52,N,0,2020-09-08 11:35:50,N
157597137,https://api.github.com/repos/plubowiecki/graph-patrol,31288737,graph-patrol,N,TypeScript,2020-04-02 16:33:52,N,0,2020-09-12 11:35:45,N
157598702,https://api.github.com/repos/germanangeloni/BuscadorMatinet2,56947342,BuscadorMatinet2,Le he agregado los routes redirections,TypeScript,2020-04-02 18:03:18,N,0,2020-09-08 03:15:46,N
157600255,https://api.github.com/repos/daniloherdy/alura-angular,44147658,alura-angular,N,TypeScript,2020-04-14 09:08:19,N,0,2020-12-19 11:13:30,N
157602494,https://api.github.com/repos/resamsel/impress.me,1221560,impress.me,Create impress.js presentations from markdown documents with style,TypeScript,2020-04-04 09:44:15,N,0,2021-03-02 03:54:36,N
157602816,https://api.github.com/repos/jcoreio/date-goggles,11044962,date-goggles,see numeric timestamps in text as dates,TypeScript,2020-04-02 21:03:50,N,0,2020-12-19 08:39:43,N
157603685,https://api.github.com/repos/joegasewicz/react-bare-forms,27106258,react-bare-forms,A bare minimal React form library for quick & simple forms.,TypeScript,2020-04-22 11:20:58,N,0,2021-02-24 04:46:51,N
157603761,https://api.github.com/repos/talan-evans/Assesment3,56665996,Assesment3,N,TypeScript,2020-04-02 21:25:17,N,0,2020-09-08 03:15:57,N
157604611,https://api.github.com/repos/getshifter/gatsby-starter-wordpress-typescript,30966438,gatsby-starter-wordpress-typescript,N,TypeScript,2020-04-22 06:43:50,N,0,2021-02-26 01:57:36,N
157605139,https://api.github.com/repos/kirtanth/Employee_Final,54083927,Employee_Final,Angular Application CRUD with json-server in JSON file,TypeScript,2020-04-22 13:25:58,N,0,2020-10-23 07:10:35,N
157607628,https://api.github.com/repos/OnescuAlex-Vlad/NestJsPlaneTicketsAPI,57122973,NestJsPlaneTicketsAPI,N,TypeScript,2020-04-17 11:58:21,N,0,2021-03-02 08:48:33,N
157608977,https://api.github.com/repos/donkeykong91/angular-core,10330243,angular-core,N,TypeScript,2020-04-18 12:44:14,N,0,2020-09-12 13:32:26,N
157609196,https://api.github.com/repos/textbook/react-ts-fe,2940796,react-ts-fe,Bootstrap for a React TypeScript front-end,TypeScript,2020-04-21 08:02:58,N,0,2021-02-26 12:47:34,N
157609925,https://api.github.com/repos/gerardo-cardosa/CoffeeShop,2731445,CoffeeShop,This is the project from Udacity to apply Authentication & Authorization into a Cofffe Shop website.,TypeScript,2020-04-15 04:01:23,N,0,2020-09-12 13:03:15,N
157611056,https://api.github.com/repos/ianrtracey/ts-money,3646828,ts-money,N,TypeScript,2020-04-12 08:40:30,N,0,2020-09-04 10:52:18,N
157612835,https://api.github.com/repos/tanepiper/rxjs-primitives,29411,rxjs-primitives,"Operators for handling Observable strings, numbers, booleans and more",TypeScript,2020-04-22 12:25:35,N,0,2020-12-19 17:56:42,N
157614094,https://api.github.com/repos/alizahid/janet-paul,1283205,janet-paul,N,TypeScript,2020-04-23 14:48:58,N,0,2021-03-02 21:38:38,N
157615564,https://api.github.com/repos/sketch-hq/sketch-assistants,51744219,sketch-assistants,A monorepo for the official Sketch Assistants,TypeScript,2020-04-23 12:55:17,N,0,2021-03-01 18:46:12,N
157616724,https://api.github.com/repos/oddlystudios/ttlmakerspace,39835096,ttlmakerspace,Project site for the TTLMakerspace,TypeScript,2020-04-03 01:52:17,N,0,2021-03-01 22:14:32,N
157618567,https://api.github.com/repos/josepereza/Angular8MeanstackMaterial-2,49848208,Angular8MeanstackMaterial-2,"Ejemplo con Angular8 de @ViewChild, @input y addEventListener(nativo y con @ViewChild)",TypeScript,2020-04-02 10:38:41,N,0,2020-12-19 08:30:45,N
157618700,https://api.github.com/repos/teitei-sandbox/next-js-tutorial,54352817,next-js-tutorial,N,TypeScript,2020-04-09 05:19:45,N,0,2021-02-22 08:56:38,N
157619547,https://api.github.com/repos/ska-kialo/eslint-plugin-unnecessary-filename-in-import,52901887,eslint-plugin-unnecessary-filename-in-import,ESLint plugin to remove superfluous filenames in import statements.,TypeScript,2020-04-01 16:55:15,N,0,2020-12-23 12:53:03,N
157619898,https://api.github.com/repos/ForbesLindesay/hooked-on-forms,13524,hooked-on-forms,N,TypeScript,2020-04-21 21:08:29,N,0,2021-03-01 14:24:14,N
157619935,https://api.github.com/repos/elrot/grafana,2367417,grafana,N,TypeScript,2020-04-02 11:30:44,N,0,2021-03-02 08:45:58,N
157619947,https://api.github.com/repos/yanze-yang/QandA-app,34727933,QandA-app,N,TypeScript,2020-04-20 03:09:43,N,0,2020-12-19 11:21:18,N
157621821,https://api.github.com/repos/YannickFricke/react-resettable-state,8736695,react-resettable-state,A custom hook for a resettable state,TypeScript,2020-04-22 09:12:32,N,0,2021-03-04 09:13:03,N
157622571,https://api.github.com/repos/saijeevanballa/Merge-PDFs,44909642,Merge-PDFs,Merge multiple pdfs into a single pdf,TypeScript,2020-04-22 07:52:50,N,0,2020-06-28 14:36:13,N
157625146,https://api.github.com/repos/diegomais/gostack-fundamentos-reactjs,47098907,gostack-fundamentos-reactjs,Desafio: GoFinances Web,TypeScript,2020-04-21 21:50:17,N,0,2020-08-28 08:02:51,N
157625662,https://api.github.com/repos/maxwroc/battery-state-card,11414357,battery-state-card,Battery state card for Home Assistant,TypeScript,2020-04-16 18:07:43,N,0,2021-03-03 09:45:50,N
157628027,https://api.github.com/repos/mcnielsen/nepal-core,10131838,nepal-core,N,TypeScript,2020-04-17 16:52:58,156469375,0,2021-02-26 08:35:19,1547387583
157628284,https://api.github.com/repos/srdjanv5/frontend-I7-22-17-SRDJAN-VUKSAN,56293638,frontend-I7-22-17-SRDJAN-VUKSAN,N,TypeScript,2020-04-02 15:19:22,N,0,2021-01-06 18:27:18,N
157638420,https://api.github.com/repos/srivalliavadhanula/swe645,44177819,swe645,N,TypeScript,2020-04-20 18:39:40,N,0,2021-01-22 05:14:10,N
157639489,https://api.github.com/repos/danitseitlin/dmock-server,43998156,dmock-server,A typescript based mock server NPM module,TypeScript,2020-04-17 22:56:31,N,0,2021-03-02 10:13:53,N
157640560,https://api.github.com/repos/scottdurow/cdsify-gen,1226591,cdsify-gen,Early-bound types generator for cdsify,TypeScript,2020-04-21 19:04:24,N,0,2020-11-03 05:55:18,N
157641297,https://api.github.com/repos/remster85/remstrava-frontend,9041383,remstrava-frontend,Front end of Remstrava,TypeScript,2020-04-21 00:23:56,N,0,2020-09-11 21:13:07,N
157641629,https://api.github.com/repos/ito-org/ito-app,56133625,ito-app,A privacy-first contact tracing app,TypeScript,2020-04-01 18:10:45,N,0,2020-11-30 05:25:35,N
157643594,https://api.github.com/repos/NERTL/projet-travis,36417649,projet-travis,N,TypeScript,2020-04-03 02:10:21,N,0,2020-12-19 08:37:03,N
157646054,https://api.github.com/repos/AnastasiiaTk/sweet-shop-frontend,50430846,sweet-shop-frontend,"Typical online-shop. Tech stack: Angular 7, HTML, CSS",TypeScript,2020-04-02 09:08:51,N,0,2020-09-08 03:13:46,N
157646222,https://api.github.com/repos/open-data-plan/desktop-template,50130111,desktop-template,template for desktop web apps,TypeScript,2020-04-02 01:35:50,N,0,2021-03-01 18:44:42,N
157647997,https://api.github.com/repos/iamluisro/platzinger,53076742,platzinger,This is the Platzinger Angular App Project,TypeScript,2020-04-03 04:27:59,N,0,2020-09-08 03:16:51,N
157649055,https://api.github.com/repos/hangaolou/betaNtes,52483092,betaNtes,vue3.0beta版的注释。,TypeScript,2020-04-22 07:53:55,N,0,2021-03-03 10:07:49,N
157650796,https://api.github.com/repos/fandashtic/videochat-web,48024139,videochat-web,Web based Video Chat,TypeScript,2020-04-17 05:48:18,N,0,2021-01-07 05:29:28,N
157651662,https://api.github.com/repos/relay-tools/relay-connection-handler-plus,9272707,relay-connection-handler-plus,Relay connection handler with additional functionality,TypeScript,2020-04-22 06:55:12,N,0,2021-03-01 02:10:48,N
157654384,https://api.github.com/repos/doubledherin/apollo-fullstack-tutorial,3377795,apollo-fullstack-tutorial,N,TypeScript,2020-04-03 07:15:02,N,0,2020-12-19 08:39:06,N
157656400,https://api.github.com/repos/Enigmatis/polaris-nest-logger,44365621,polaris-nest-logger,Use polaris-logs in your nestjs app easily!,TypeScript,2020-04-20 08:42:06,N,0,2020-12-19 11:18:05,N
157656988,https://api.github.com/repos/Praveen-1998/taskmanagement_Angular,54009108,taskmanagement_Angular,N,TypeScript,2020-04-03 08:20:06,N,0,2020-09-08 03:17:23,N
157657431,https://api.github.com/repos/bmacheski/trade-journal,7616911,trade-journal,Trade journal (WIP),TypeScript,2020-04-07 23:32:46,N,0,2021-02-12 08:04:55,N
157660838,https://api.github.com/repos/smacken/node-prehubclient,208069,node-prehubclient,PreHub client for node,TypeScript,2020-04-18 00:14:21,N,0,2021-03-06 07:44:33,N
157663406,https://api.github.com/repos/trainingit-introangular/practica-final-curso-ferrancr,49400250,practica-final-curso-ferrancr,practica-final-curso-ferrancr created by GitHub Classroom,TypeScript,2020-04-03 10:52:31,N,0,2020-09-08 03:21:15,N
157663469,https://api.github.com/repos/sven-chen/angular8,52949976,angular8,N,TypeScript,2020-04-03 10:57:16,N,0,2020-09-08 03:18:08,N
157663828,https://api.github.com/repos/yuzuru2/nuxtchat,56258328,nuxtchat,nuxtで作ったSSRなチャット,TypeScript,2020-04-23 06:35:54,N,0,2021-02-17 08:02:58,N
157664120,https://api.github.com/repos/Kishanjay/codecapi-github-users,5927547,codecapi-github-users,N,TypeScript,2020-04-20 17:41:04,N,0,2021-01-07 05:17:37,N
157666981,https://api.github.com/repos/trickstival/injets,34240777,injets,TypeScript Dependency Injection using reflect-metadata and typescript with ES7,TypeScript,2020-04-19 20:49:35,157581341,0,2020-06-11 01:57:57,1557218084
157667096,https://api.github.com/repos/omjadas/toggl-data-studio-connector,3220338,toggl-data-studio-connector,N,TypeScript,2020-04-03 06:16:52,N,0,2021-03-04 23:56:20,N
157668763,https://api.github.com/repos/Jashuva-D/PCF,42463536,PCF,For all pcf related applications,TypeScript,2020-04-22 04:57:04,N,0,2020-09-09 07:13:36,N
157668770,https://api.github.com/repos/nicojav/ng-RTE,14388635,ng-RTE,A RichTextEditor for Angular Projects,TypeScript,2020-04-19 01:22:03,N,0,2020-12-18 23:41:53,N
157669318,https://api.github.com/repos/RossiAlexis/AngularUnitTesting,55485720,AngularUnitTesting,N,TypeScript,2020-04-03 13:13:48,N,0,2020-09-08 03:18:34,N
157670785,https://api.github.com/repos/paulcutting/Dynamic-Table-Test,1433855,Dynamic-Table-Test,Created with CodeSandbox,TypeScript,2020-04-03 13:54:21,N,0,2021-03-03 05:48:14,N
157672380,https://api.github.com/repos/oluijks/dutch-cask,1157658,dutch-cask,N,TypeScript,2020-04-03 14:29:11,N,0,2021-03-01 22:15:40,N
157673186,https://api.github.com/repos/nhancv/nmarket-signal-bot,12263947,nmarket-signal-bot,Market outstanding signal,TypeScript,2020-04-03 14:54:48,N,0,2020-12-19 08:45:10,N
157673567,https://api.github.com/repos/nhancv/ntrade-bot,12263947,ntrade-bot,Trading binary bot,TypeScript,2020-04-03 15:04:18,N,0,2020-12-19 08:45:47,N
157673706,https://api.github.com/repos/nhancv/nstrategy-market,12263947,nstrategy-market,Trading binary with specific strategies,TypeScript,2020-04-03 15:05:57,N,0,2020-12-18 23:19:43,N
157675814,https://api.github.com/repos/DamRawkidz/learning-angular-unit-testing,54558218,learning-angular-unit-testing,learning unit test angular,TypeScript,2020-04-03 15:46:46,N,0,2020-09-08 03:18:52,N
157678545,https://api.github.com/repos/kevgo/tikibase-vscode,99910,tikibase-vscode,TikiBase VSCode extension,TypeScript,2020-04-03 16:58:17,N,0,2020-06-09 16:15:54,N
157679857,https://api.github.com/repos/rahasya2501/Organic_Shop,54424653,Organic_Shop,N,TypeScript,2020-04-03 17:15:31,N,0,2020-12-19 08:43:27,N
157681023,https://api.github.com/repos/isidorotrevino/curso_ionic,12357808,curso_ionic,Curso de Ionic tomado en udemy,TypeScript,2020-04-03 17:35:48,N,0,2020-12-19 18:27:43,N
157682692,https://api.github.com/repos/bureau700/bets-friends-app,57147534,bets-friends-app,N,TypeScript,2020-04-21 23:32:19,N,0,2021-03-03 07:52:25,N
157682891,https://api.github.com/repos/ivanam/spoti,661828,spoti,N,TypeScript,2020-04-03 19:06:00,N,0,2020-09-12 11:42:54,N
157683159,https://api.github.com/repos/salmanma6/Angular-Reactive-Forms-Default-Option-in-Select,45233383,Angular-Reactive-Forms-Default-Option-in-Select,Created with StackBlitz ⚡️,TypeScript,2020-04-03 19:32:45,N,0,2020-12-19 08:46:45,N
157684774,https://api.github.com/repos/Ahmad-mk/M2SRT-Restaurant,57148096,M2SRT-Restaurant,N,TypeScript,2020-04-03 18:19:08,N,0,2021-03-02 02:17:36,N
157685306,https://api.github.com/repos/luizmlpascoal/aula-fabrica,46206666,aula-fabrica,Demonstração de como criar o projeto para a fábrica software.,TypeScript,2020-04-23 00:16:09,N,0,2020-09-11 21:38:25,N
157687463,https://api.github.com/repos/YuriyPent/Cypress-Web-Automation,8006254,Cypress-Web-Automation,Cypress Web Automation Testing from Zero to Hero,TypeScript,2020-04-03 19:50:33,N,0,2021-02-12 04:39:18,N
157687603,https://api.github.com/repos/tannerp/microservices,6990528,microservices,Kubernete nodeJS microservices,TypeScript,2020-04-03 20:13:36,N,0,2021-03-05 06:53:06,N
157688407,https://api.github.com/repos/kilinkis/react-formik-yup-axios-typescript,2409746,react-formik-yup-axios-typescript,N,TypeScript,2020-04-03 20:20:59,N,0,2021-03-03 05:49:15,N
157691283,https://api.github.com/repos/jorgemartiinez/Curso-Ionic,39310448,Curso-Ionic,Proyectos del curso de Ionic realizado en Udemy,TypeScript,2020-04-03 20:38:07,N,0,2020-09-11 18:46:22,N
157692512,https://api.github.com/repos/RaulFerreira21/TodoList-MJV,30928477,TodoList-MJV,N,TypeScript,2020-04-23 14:01:33,N,0,2020-06-12 19:59:52,N
157694187,https://api.github.com/repos/abc52090241/abc52090241-adblocker,51766789,abc52090241-adblocker,Efficient adblocker library,TypeScript,2020-04-23 12:53:34,83017000,0,2021-01-28 22:28:07,1557431696
157695125,https://api.github.com/repos/ajeetsinghs/covid19shopui,10553783,covid19shopui,N,TypeScript,2020-04-23 15:09:20,N,0,2020-09-06 04:56:17,N
157696043,https://api.github.com/repos/Antiavanti/sequelize-typescript,3709498,sequelize-typescript,Decorators and some other features for sequelize,TypeScript,2020-04-23 14:03:11,31455947,0,2021-03-04 10:47:23,1546585419
157696577,https://api.github.com/repos/e2e-boilerplate/cypress-typescript-jest-expect,55674466,cypress-typescript-jest-expect,"Cypress end-to-end test automation boilerplate, Using TypeScript, Jest and Expect.",TypeScript,2020-04-02 23:44:50,N,0,2021-02-24 01:42:53,N
157697025,https://api.github.com/repos/yonatanmk/angular-tutorial,29134743,angular-tutorial,N,TypeScript,2020-04-01 20:50:55,N,0,2020-09-11 18:54:02,N
157704123,https://api.github.com/repos/shirblc/FSND-coffee-shop,55619581,FSND-coffee-shop,Project 3 for the Full Stack Nanodegree at Udacity.,TypeScript,2020-04-21 10:03:18,N,0,2020-08-01 23:43:11,N
157709678,https://api.github.com/repos/KristianFJones/TS-ZoomNotifier,35276097,TS-ZoomNotifier,Chrome extension to create an alert when there are pending join requests.,TypeScript,2020-04-08 21:23:18,N,0,2021-01-01 05:28:02,N
157713131,https://api.github.com/repos/brayanespinozap/ventas-frontend,54557767,ventas-frontend,Proyecto en Angular de un sistema de ventas,TypeScript,2020-04-03 22:41:45,N,0,2020-09-12 11:39:37,N
157713442,https://api.github.com/repos/zhoufenfens/vite,1408647,vite,Experimental no-bundle dev server for Vue SFCs,TypeScript,2020-04-23 02:36:09,157190233,0,2020-06-12 22:53:04,1556211540
157718135,https://api.github.com/repos/e2e-boilerplate/cypress-typescript-browserify-jest-expect,55674466,cypress-typescript-browserify-jest-expect,"Cypress end-to-end test automation boilerplate, Using TypeScript, Browserify, Jest and Expect.",TypeScript,2020-04-02 23:40:46,N,0,2021-02-24 01:47:38,N
157721788,https://api.github.com/repos/mtu-blizzard/mtu-blizzard,57085729,mtu-blizzard,N,TypeScript,2020-04-24 03:01:37,N,0,2020-06-12 20:33:46,N
157723350,https://api.github.com/repos/e2e-boilerplate/cypress-typescript-cucumber-chai-assert,55674466,cypress-typescript-cucumber-chai-assert,"Cypress end-to-end test automation boilerplate, Using TypeScript, Cucumber, Chai and Assert.",TypeScript,2020-04-04 00:04:44,N,0,2021-03-06 04:27:38,N
157724269,https://api.github.com/repos/Jamie-Z-0912/vueCompoments,7645639,vueCompoments,使用vue3.0及TS，编写各种基础组件,TypeScript,2020-04-07 09:10:37,N,0,2020-12-10 00:18:44,N
157725569,https://api.github.com/repos/Automattic/lasagna.js,25694,lasagna.js,Lasagna.js is the official client of the Lasagna web service,TypeScript,2020-04-19 23:45:41,N,0,2021-02-24 13:14:00,N
157731060,https://api.github.com/repos/warrenseine/excalidraw,18371,excalidraw,Virtual whiteboard for sketching hand-drawn like diagrams,TypeScript,2020-04-23 09:26:50,137701505,0,2020-08-11 12:55:44,1555914491
157735223,https://api.github.com/repos/academydistrict20/analytics,57157919,analytics,Simple web analytics that isn't creepy,TypeScript,2020-04-18 20:33:47,N,0,2020-12-18 23:41:21,N
157750478,https://api.github.com/repos/RusseII/live.deephire.com,11706281,live.deephire.com,N,TypeScript,2020-04-02 13:40:44,N,0,2020-10-05 08:19:21,N
157752030,https://api.github.com/repos/linnefromice/graphql_practice,10004101,graphql_practice,Practice using GraphQL.,TypeScript,2020-04-03 14:44:34,N,0,2020-12-19 08:48:00,N
157752108,https://api.github.com/repos/Hefziben/ticketAdmin,36273135,ticketAdmin,N,TypeScript,2020-04-03 17:24:12,N,0,2021-01-06 18:36:43,N
157754425,https://api.github.com/repos/jmagnuss/learncdk,346648,learncdk,Projects for LearnCDK.com,TypeScript,2020-04-21 12:07:16,N,0,2021-02-07 16:04:18,N
157758736,https://api.github.com/repos/mx-space/web,56564856,web,Created by Next.JS & React,TypeScript,2020-04-13 12:26:01,N,0,2020-07-26 16:00:21,N
157760196,https://api.github.com/repos/ruqaiyabeguwala/authApp,40786579,authApp,N,TypeScript,2020-04-21 14:25:36,N,0,2021-01-07 05:21:01,N
157760578,https://api.github.com/repos/stevideter/cards-against-hannibal,236829,cards-against-hannibal,Cards Against Humanity clone,TypeScript,2020-04-11 23:12:14,N,0,2021-03-06 05:56:32,N
157761902,https://api.github.com/repos/abbeyseto/Udacity-CoffeeShop,9302572,Udacity-CoffeeShop,N,TypeScript,2020-04-20 18:51:29,N,0,2020-09-12 13:47:43,N
157762266,https://api.github.com/repos/OmarKharouba/security-project,34004038,security-project,"Chatting application with encryption for the ""Computer and Network Security"" course",TypeScript,2020-04-04 03:17:46,N,0,2021-01-22 10:51:46,N
157762658,https://api.github.com/repos/vanducng/udagram,45940648,udagram,N,TypeScript,2020-04-11 01:50:23,N,0,2020-09-12 13:51:55,N
157764079,https://api.github.com/repos/Biphyl/Quotes,52849599,Quotes,N,TypeScript,2020-04-01 07:02:56,N,0,2020-09-12 11:21:27,N
157765403,https://api.github.com/repos/mratin/corona-js,10193281,corona-js,Charts and Visualizations of Covid-19 data,TypeScript,2020-04-22 16:33:18,N,0,2021-02-22 06:42:57,N
157769684,https://api.github.com/repos/jfarris587/jordan-david-farris,45149705,jordan-david-farris,N,TypeScript,2020-04-04 04:47:38,N,0,2020-12-19 08:50:59,N
157770334,https://api.github.com/repos/nhancv/nc-nestjs-liteforex,12263947,nc-nestjs-liteforex,LiteForex copying data extraction,TypeScript,2020-04-04 05:06:56,N,0,2020-09-13 09:41:31,N
157770700,https://api.github.com/repos/atuls53/Sample-angular-app,11473462,Sample-angular-app,N,TypeScript,2020-04-04 05:25:01,N,0,2020-09-12 11:41:13,N
157771079,https://api.github.com/repos/vishnusnair1995/angular-with-soap,54308202,angular-with-soap,N,TypeScript,2020-04-20 12:39:02,N,0,2020-09-12 13:49:30,N
157771805,https://api.github.com/repos/nadeemnakade/pwa,57168915,pwa,N,TypeScript,2020-04-04 05:50:30,N,0,2020-12-19 08:51:33,N
157772943,https://api.github.com/repos/BrandonJHoff/PizzaExercise2,3096260,PizzaExercise2,N,TypeScript,2020-04-20 18:18:40,N,0,2021-03-01 22:14:32,N
157773575,https://api.github.com/repos/ahmedmathlouthi/Stripe-Integation-Node-React-Typescript,44979456,Stripe-Integation-Node-React-Typescript,N,TypeScript,2020-04-21 18:39:33,N,0,2021-01-07 05:27:38,N
157776980,https://api.github.com/repos/yeongjet/demo_shopping_mall,50771074,demo_shopping_mall,N,TypeScript,2020-04-04 08:23:44,N,0,2020-12-19 08:51:30,N
157778111,https://api.github.com/repos/maseno/jwt_for_sinaga,2097477,jwt_for_sinaga,N,TypeScript,2020-04-04 09:00:14,N,0,2020-12-19 08:52:05,N
157780242,https://api.github.com/repos/romitCareClues/tt_u,57171530,tt_u,N,TypeScript,2020-04-04 09:58:04,N,0,2020-09-11 18:47:12,N
157782687,https://api.github.com/repos/igalM/school-server,46399889,school-server,N,TypeScript,2020-04-04 10:58:35,N,0,2020-06-13 04:17:58,N
157782789,https://api.github.com/repos/igalM/school-app,46399889,school-app,N,TypeScript,2020-04-04 11:13:39,N,0,2020-06-20 16:04:56,N
157784955,https://api.github.com/repos/WebLauncher/angular-material-administration,5475091,angular-material-administration,Angular material data entity administration library.,TypeScript,2020-04-16 07:42:54,N,0,2021-03-05 18:54:18,N
157788293,https://api.github.com/repos/CaptainBlueScreen/squirrel-sort,33622797,squirrel-sort,N,TypeScript,2020-04-06 19:55:06,N,0,2021-02-25 13:14:23,N
157797073,https://api.github.com/repos/eversedev/jelbrek.js,57145187,jelbrek.js,This is a JavaScript API wrapper for jelbrek.icu written in TypeScript. jelbrek.icu is a image-uploading service.,TypeScript,2020-04-24 12:27:03,N,0,2020-12-21 08:00:36,N
157798094,https://api.github.com/repos/clinta74/react-dynamic-filterbar,49351354,react-dynamic-filterbar,N,TypeScript,2020-04-04 13:36:01,N,0,2020-12-18 23:20:50,N
157798470,https://api.github.com/repos/lucassus/bookshelf,19017,bookshelf,N,TypeScript,2020-04-19 13:12:47,N,0,2021-02-26 10:00:02,N
157801168,https://api.github.com/repos/mcode/pathway-builder,13948869,pathway-builder,Pathway Builder,TypeScript,2020-04-16 12:52:56,N,0,2021-02-05 21:39:31,N
157802608,https://api.github.com/repos/legowerewolf/typescript-template,6182269,typescript-template,N,TypeScript,2020-04-07 21:17:01,N,0,2020-12-31 00:41:12,N
157803528,https://api.github.com/repos/wallablock/wb-ipfs,57177397,wb-ipfs,N,TypeScript,2020-04-02 10:44:17,N,0,2021-01-07 06:29:16,N
157803765,https://api.github.com/repos/JuroOravec/semantic-release-changelog-update,42214153,semantic-release-changelog-update,N,TypeScript,2020-04-19 08:44:29,N,0,2021-02-23 09:28:59,N
157809151,https://api.github.com/repos/nksaraf/magiql,42591051,magiql,Simple and magical GraphQL client for React (cache backed by https://github.com/tannerlinsley/react-query),TypeScript,2020-04-04 11:31:56,N,0,2021-03-01 17:43:52,N
157810258,https://api.github.com/repos/JupiterOne/graph-pager-duty,2149422,graph-pager-duty,A graph conversion tool for https://www.pagerduty.com/,TypeScript,2020-04-17 15:06:35,N,0,2020-06-12 22:42:27,N
157810689,https://api.github.com/repos/Sarvesh19/Angular7-Spring-Boot,12537046,Angular7-Spring-Boot,N,TypeScript,2020-04-04 15:04:27,N,0,2020-12-22 03:51:52,N
157810758,https://api.github.com/repos/jmmarsan/udacity-microservices-app,46394112,udacity-microservices-app,Udacity microservices app (udagram). Part of udacity cloud developer nanodegree program,TypeScript,2020-04-04 15:02:49,N,0,2020-12-19 08:51:56,N
157813359,https://api.github.com/repos/nttung1211/angular,48677812,angular,N,TypeScript,2020-04-04 15:23:19,N,0,2020-09-11 18:47:11,N
157815714,https://api.github.com/repos/rafashiga/ps-unittesting-app,7244360,ps-unittesting-app,Pluralsight course - Unit Testing in Angular,TypeScript,2020-04-04 15:43:00,N,0,2020-09-12 11:47:35,N
157816486,https://api.github.com/repos/aragon/plumbery,6768215,plumbery,N,TypeScript,2020-04-17 13:07:13,N,0,2020-08-02 03:52:53,N
157817460,https://api.github.com/repos/marcusholmgren/tinyhouse,332937,tinyhouse,"Fullstack React home sharing application, https://www.newline.co/tinyhouse",TypeScript,2020-04-03 18:58:46,N,0,2021-03-01 06:31:46,N
157820218,https://api.github.com/repos/blazinskip/exercism,55330142,exercism,N,TypeScript,2020-04-04 17:02:49,N,0,2020-12-19 08:54:59,N
157820262,https://api.github.com/repos/humankind-colorado/humankind-frontend,57181424,humankind-frontend,N,TypeScript,2020-04-02 18:53:40,N,0,2020-04-24 18:11:18,N
157820480,https://api.github.com/repos/mdfarvez/microservices,42731709,microservices,An exercise of Udacity Cloud Development course,TypeScript,2020-04-04 16:54:49,N,0,2020-12-19 08:54:59,N
157826674,https://api.github.com/repos/adildostmohamed/gql-auth-starter,12782370,gql-auth-starter,N,TypeScript,2020-04-04 12:21:30,N,0,2020-12-18 23:24:33,N
157828018,https://api.github.com/repos/gennadziy/Angular_http-angular6.herokuapp.com-,41952270,Angular_http-angular6.herokuapp.com-,rest angular java (without web security) rest servuce https://angular6.herokuapp.com/,TypeScript,2020-04-04 17:34:00,N,0,2020-09-12 11:44:48,N
157831309,https://api.github.com/repos/marcosgenesis/gobarber,54111700,gobarber,N,TypeScript,2020-04-17 23:43:29,N,0,2021-01-07 11:37:43,N
157834076,https://api.github.com/repos/InkoHX/hypie-mysql-docker,39044877,hypie-mysql-docker,N,TypeScript,2020-04-06 02:43:17,N,0,2021-03-05 21:27:33,N
157839678,https://api.github.com/repos/KhromovE/new-york-times,6832808,new-york-times,N,TypeScript,2020-04-05 09:26:14,N,0,2021-03-02 23:24:21,N
157844531,https://api.github.com/repos/schmas/vscode-jump-to-tests,98590,vscode-jump-to-tests,Switch between the code and the test file VSCode plugin,TypeScript,2020-04-21 17:58:20,N,0,2021-03-05 12:30:00,N
157844882,https://api.github.com/repos/jialinzhen/RecipeShop,44958162,RecipeShop,N,TypeScript,2020-04-22 12:09:33,N,0,2020-09-03 22:30:54,N
157846588,https://api.github.com/repos/UD-CISC374/educational-game-project-team-1-andrew-brenner-johnny-pabst,55150149,educational-game-project-team-1-andrew-brenner-johnny-pabst,educational-game-project-team-1-andrew-brenner-johnny-pabst created by GitHub Classroom,TypeScript,2020-04-14 23:31:29,N,0,2021-01-27 05:20:27,N
157848646,https://api.github.com/repos/jayp0521/year-end-report,43524715,year-end-report,N,TypeScript,2020-04-21 17:59:22,N,0,2021-01-05 11:10:10,N
157857522,https://api.github.com/repos/bchabrier/domoja-ui,3884627,domoja-ui,UI for Domoja,TypeScript,2020-04-04 20:50:58,N,0,2021-01-05 18:14:20,N
157867738,https://api.github.com/repos/Daviddong091216/orbit-report,55553750,orbit-report,Lc101-assignment #6,TypeScript,2020-04-06 13:35:02,N,0,2020-09-12 11:57:31,N
157877910,https://api.github.com/repos/SooJae/Angular-Practice,46076105,Angular-Practice,N,TypeScript,2020-04-21 13:25:14,N,0,2020-09-13 04:25:06,N
157884867,https://api.github.com/repos/tonghuaz/ex01,57171958,ex01,N,TypeScript,2020-04-10 02:18:09,N,0,2020-09-12 12:29:01,N
157885752,https://api.github.com/repos/dbvis-ukon/coronavis,42475862,coronavis,N,TypeScript,2020-04-23 19:10:02,N,0,2021-03-04 19:38:25,N
157886825,https://api.github.com/repos/zendeskgarden/scripts,6178548,scripts,:hammer_and_pick: garden CLI scripts,TypeScript,2020-04-05 15:46:24,N,0,2021-03-01 02:15:58,N
157890447,https://api.github.com/repos/yufrances90/CoffeeShop,46653119,CoffeeShop,A full stack drink menu application,TypeScript,2020-04-04 23:37:31,N,0,2020-08-01 21:59:25,N
157902482,https://api.github.com/repos/mauriciot97/NodeRestClient,54139019,NodeRestClient,N,TypeScript,2020-04-20 21:55:11,N,0,2020-10-23 07:08:23,N
157906122,https://api.github.com/repos/smallbatchdevs/7-tips-on-fixing-bugs,54840290,7-tips-on-fixing-bugs,N,TypeScript,2020-04-05 01:05:31,N,0,2021-03-02 08:46:35,N
157907561,https://api.github.com/repos/smallbatchdevs/8-styling-refactor,54840290,8-styling-refactor,N,TypeScript,2020-04-05 01:13:08,N,0,2021-03-02 08:47:49,N
157908451,https://api.github.com/repos/venkateshkoolla/SouthIndianVillage-Admin,37872163,SouthIndianVillage-Admin,SouthIndianVillage Admin portal,TypeScript,2020-04-05 01:19:11,N,0,2020-08-01 21:56:29,N
157917470,https://api.github.com/repos/gpicron/ssb-subjective-group,536449,ssb-subjective-group,Scuttlebutt plugin that implement the concepts of subjective identity and groups,TypeScript,2020-04-20 06:21:33,N,0,2021-02-25 10:08:35,N
157918072,https://api.github.com/repos/danieldkm/rocketseat_goStack_11,7975890,rocketseat_goStack_11,N,TypeScript,2020-04-07 22:18:58,N,0,2021-01-07 04:42:28,N
157921606,https://api.github.com/repos/Arthyom/Angular,4624716,Angular,N,TypeScript,2020-04-08 02:57:22,N,0,2020-10-19 17:23:05,N
157922529,https://api.github.com/repos/emyann/prisma-uml,2148484,prisma-uml,A CLI to transform a Prisma schema to a PlantUML Entity RelationShip Diagram,TypeScript,2020-04-21 18:42:57,N,0,2021-03-04 06:35:39,N
157928489,https://api.github.com/repos/sriharivaleti/in28minutes_spring-boot-angular_examples,53601694,in28minutes_spring-boot-angular_examples,N,TypeScript,2020-04-05 02:15:40,N,0,2020-09-04 18:37:43,N
157932630,https://api.github.com/repos/sriharivaleti/in28minutes_full-stack-with-angular-and-spring-boot,53601694,in28minutes_full-stack-with-angular-and-spring-boot,N,TypeScript,2020-04-05 02:20:19,N,0,2021-02-20 06:28:41,N
157933825,https://api.github.com/repos/Camji55/nexus-plugin-jwt-auth,2840507,nexus-plugin-jwt-auth,Basic jsonwebtoken authentication plugin for The Nexus Framework,TypeScript,2020-04-24 22:11:41,N,0,2020-11-27 17:36:06,N
157937781,https://api.github.com/repos/bpm-git/coffee-shop,56092324,coffee-shop,Coffee Shop Project for Udacity,TypeScript,2020-04-23 05:30:14,N,0,2020-09-12 14:00:13,N
157938803,https://api.github.com/repos/NooksBazaar/ui,56965456,ui,N,TypeScript,2020-04-25 00:09:50,N,0,2021-01-07 05:51:03,N
157956707,https://api.github.com/repos/ExDevilLee/ledge,4984680,ledge,Ledge —— DevOps knowledge learning platform. DevOps、研发效能知识和工具平台，是我们基于在 ThoughtWorks 进行的一系列 DevOps 实践、敏捷实践、软件开发与测试、精益实践提炼出来的知识体系。它包含了各种最佳实践、操作手册、原则与模式、度量、工具，用于帮助您的企业在数字化时代更好地前进，还有 DevOps 转型。,TypeScript,2020-04-24 03:22:18,154034480,0,2020-06-12 20:53:14,1559148448
157961354,https://api.github.com/repos/UD-CISC374/educational-game-project-amelia-and-woody,55150149,educational-game-project-amelia-and-woody,educational-game-project-amelia-and-woody created by GitHub Classroom,TypeScript,2020-04-20 18:50:44,N,0,2020-09-06 10:30:07,N
157973778,https://api.github.com/repos/Qwerty0x64/vue-next,50135007,vue-next,The next major version of Vue (WIP),TypeScript,2020-04-24 16:28:36,137622810,0,2021-03-01 11:46:00,1559065162
157989402,https://api.github.com/repos/kevlatus/themeio,52783639,themeio,N,TypeScript,2020-04-24 19:46:58,N,0,2020-06-29 07:40:09,N
157992879,https://api.github.com/repos/Lordtitan001/Sketch,46646910,Sketch,Drawing web application.,TypeScript,2020-04-23 12:58:21,N,0,2021-01-07 05:39:54,N
158009977,https://api.github.com/repos/hassanazharkhan/Express-Wtith-Typescript-Boilerplate,54859131,Express-Wtith-Typescript-Boilerplate,N,TypeScript,2020-04-24 15:17:04,N,0,2021-02-27 06:17:41,N
158014367,https://api.github.com/repos/Research-Project-COMP0031/vscodefinal,56653811,vscodefinal,N,TypeScript,2020-04-23 14:31:22,N,0,2020-07-20 20:08:24,N
158015282,https://api.github.com/repos/hiramfernandes/AngularForms-TemplateDriven,7127739,AngularForms-TemplateDriven,Based on the Angular Forms - Pluralsight Course by Mark Zamoita,TypeScript,2020-04-23 08:03:48,N,0,2020-09-11 21:45:04,N
158018424,https://api.github.com/repos/team-aie/app,57220368,app,A cross-platform audio recorder designed for recording using recording lists (a.k.a. reclists).,TypeScript,2020-04-24 10:10:14,N,0,2021-02-25 16:52:10,N
158022728,https://api.github.com/repos/ros-tooling/action-repository-activity,51762146,action-repository-activity,GitHub action querying various repository statistics,TypeScript,2020-04-23 06:51:43,N,0,2021-02-23 06:29:09,N
158034555,https://api.github.com/repos/bureau700/bets-friends-api,57147534,bets-friends-api,N,TypeScript,2020-04-05 00:15:01,N,0,2021-02-26 11:20:38,N
158049611,https://api.github.com/repos/HenrySu/surveillance_car,10064944,surveillance_car,N,TypeScript,2020-04-09 11:26:59,N,0,2020-10-17 09:57:28,N
158057967,https://api.github.com/repos/kyflx/jagtag,56711556,jagtag,N,TypeScript,2020-04-25 07:45:10,N,0,2020-06-13 14:31:43,N
158067933,https://api.github.com/repos/faidlurrohman/codeigniter,54447757,codeigniter,https://kindytour.com/,TypeScript,2020-04-06 17:54:33,N,0,2021-02-24 11:08:05,N
158070524,https://api.github.com/repos/userfrosting/ts-log-adapter-gulplog,10558314,ts-log-adapter-gulplog,An adapter for the ts-log interface that pushes logging to gulplog with optional arguments JSON encoded.,TypeScript,2020-04-23 04:08:01,N,0,2021-03-03 00:48:05,N
158071041,https://api.github.com/repos/jonnyGit81/angular8-course,32671791,angular8-course,N,TypeScript,2020-04-05 07:36:29,N,0,2020-09-08 03:26:05,N
158078389,https://api.github.com/repos/arampall/Udagram,9801909,Udagram,N,TypeScript,2020-04-15 17:20:59,N,0,2020-12-19 11:37:59,N
158086619,https://api.github.com/repos/e2e-boilerplate/cypress-typescript-cucumber-chai-expect,55674466,cypress-typescript-cucumber-chai-expect,"Cypress end-to-end test automation boilerplate, Using TypeScript, Cucumber, Chai and Expect.",TypeScript,2020-04-04 01:34:27,N,0,2021-03-06 04:28:28,N
158087682,https://api.github.com/repos/cynepton/udagram-micoservices,56523305,udagram-micoservices,N,TypeScript,2020-04-24 01:56:04,N,0,2020-12-19 11:43:52,N
158087879,https://api.github.com/repos/e2e-boilerplate/cypress-typescript-cucumber-chai-should,55674466,cypress-typescript-cucumber-chai-should,"Cypress end-to-end test automation boilerplate, Using TypeScript, Cucumber, Chai and Should.",TypeScript,2020-04-04 01:34:57,N,0,2021-03-06 04:12:00,N
158096517,https://api.github.com/repos/talieScript/polls,48736484,polls,N,TypeScript,2020-04-05 09:46:03,N,0,2021-01-24 17:59:08,N
158098418,https://api.github.com/repos/Ng-transcribe/Ng-transcribeModule,57238580,Ng-transcribeModule,The translate library for Angular applications,TypeScript,2020-04-25 07:44:48,N,0,2021-01-22 11:13:36,N
158103251,https://api.github.com/repos/sakshigoyal007/music-web-player,35097631,music-web-player,N,TypeScript,2020-04-05 18:32:49,N,0,2021-01-22 05:13:01,N
158104449,https://api.github.com/repos/ObsidianCat/udacity-serverless-project,8592367,udacity-serverless-project,"Educational project, part of Udacity Cloud Developer Nanodegree",TypeScript,2020-04-03 18:07:34,N,0,2021-01-06 18:33:54,N
158104502,https://api.github.com/repos/Mamatha574/springrest,55876414,springrest,N,TypeScript,2020-04-23 10:32:44,N,0,2021-01-21 02:12:54,N
158104659,https://api.github.com/repos/vamsivvk/Assignment,55855097,Assignment,N,TypeScript,2020-04-20 07:57:21,N,0,2021-01-22 05:14:50,N
158104685,https://api.github.com/repos/manimutyla/angularassignment,55876552,angularassignment,N,TypeScript,2020-04-23 11:08:02,N,0,2021-01-21 02:13:46,N
158104699,https://api.github.com/repos/Harshaprakashsunkari/angular_assignment,55856639,angular_assignment,N,TypeScript,2020-04-20 14:56:33,N,0,2021-01-21 02:13:26,N
158105386,https://api.github.com/repos/IgniteUI/igniteui-react-examples,2710135,igniteui-react-examples,N,TypeScript,2020-04-23 02:43:57,N,0,2021-03-03 11:19:30,N
158109646,https://api.github.com/repos/GeorgiosGoniotakis/minigram-k8s,38610112,minigram-k8s,A mini Instagram clone deployed to Kubernetes,TypeScript,2020-04-05 11:12:45,N,0,2020-12-19 09:02:42,N
158120906,https://api.github.com/repos/Rohan-Shantagiri/TheHotel-Frontend,57243723,TheHotel-Frontend,N,TypeScript,2020-04-25 11:15:28,N,0,2020-09-04 10:49:20,N
158121959,https://api.github.com/repos/almerindo/semantic-sentry-error,1300301,semantic-sentry-error,Make simple and easy your error in Sentry! Semantic Sentry Error Repot.,TypeScript,2020-04-19 21:47:10,N,0,2020-12-19 11:15:00,N
158137861,https://api.github.com/repos/bezael/Login_Angular_9_Firebase_Bootstrap_4,10776453,Login_Angular_9_Firebase_Bootstrap_4,"Login Angular 9, Firebase y Bootstrap 4",TypeScript,2020-04-24 14:58:02,N,0,2021-02-26 06:10:22,N
158138117,https://api.github.com/repos/Sarvesh19/Angular7-AWS,12537046,Angular7-AWS,N,TypeScript,2020-04-05 14:43:19,N,0,2020-12-22 03:50:20,N
158140970,https://api.github.com/repos/Hano-Guru/Hano-Qoutes,53963626,Hano-Qoutes,Quotes website,TypeScript,2020-04-05 14:39:36,N,0,2020-09-12 11:51:19,N
158145701,https://api.github.com/repos/AhitkinIlya/LearningTypeScript,46056349,LearningTypeScript,N,TypeScript,2020-04-05 15:35:55,N,0,2021-01-06 18:36:59,N
158151724,https://api.github.com/repos/Milan-Shah/microservices-docker-k8s,5625048,microservices-docker-k8s,Udacity Cloud Developer ND: Monolith application to Microservices,TypeScript,2020-04-05 16:27:21,N,0,2020-12-19 09:04:29,N
158154520,https://api.github.com/repos/m-amaya/point-pirate,8305989,point-pirate,Storypointing Sessions,TypeScript,2020-04-24 13:19:16,N,0,2021-01-22 11:12:27,N
158155121,https://api.github.com/repos/wallablock/wb-fileproxy,57177397,wb-fileproxy,N,TypeScript,2020-04-07 19:51:42,N,0,2020-09-03 07:47:18,N
158155677,https://api.github.com/repos/quicklearninghub/angular,49807995,angular,Angular course,TypeScript,2020-04-05 18:10:09,N,0,2020-09-05 17:17:18,N
158155747,https://api.github.com/repos/schmas/github-actions-vscode-extenxion-playground,98590,github-actions-vscode-extenxion-playground,Playground for Github Actions for vscode extension,TypeScript,2020-04-25 15:17:07,N,0,2021-03-05 12:31:25,N
158156844,https://api.github.com/repos/RaniereSouza/maratona_devfullcycle_projeto_codelivery,2455354,maratona_devfullcycle_projeto_codelivery,"Projeto desenvolvido na Maratona DevFullCycle de Março/2020, envolvendo Microsserviços, Docker, Mensageria (RabbitMQ), Golang, etc",TypeScript,2020-04-05 18:39:34,N,0,2021-01-22 10:56:06,N
158161564,https://api.github.com/repos/Lavaclient/lavaclient,57253904,lavaclient,A simple and lightweight lavalink client made in typescript.,TypeScript,2020-04-25 13:47:47,N,0,2021-02-27 17:11:59,N
158163333,https://api.github.com/repos/wktk/conflibot,136361,conflibot,Check and warn if a Pull Request will conflict with another Pull Request when they get merged.,TypeScript,2020-04-04 14:33:42,N,0,2021-02-21 12:41:45,N
158163759,https://api.github.com/repos/JupiterOne/j1-questions,2149422,j1-questions,N,TypeScript,2020-04-14 01:21:05,N,0,2021-02-27 08:49:17,N
158163970,https://api.github.com/repos/martinjoost/martinwebsite,45265623,martinwebsite,My website with angular ,TypeScript,2020-04-24 15:40:27,N,0,2020-08-02 00:20:54,N
158164079,https://api.github.com/repos/matoliva/ngUnitTestingDemo,9584090,ngUnitTestingDemo,It's a course by Pluralsight,TypeScript,2020-04-05 20:31:47,N,0,2020-09-12 11:54:15,N
158164507,https://api.github.com/repos/mustafam1h/ct-capstone,54021861,ct-capstone,N,TypeScript,2020-04-24 17:03:32,N,0,2020-08-02 00:26:14,N
158164894,https://api.github.com/repos/pallavi-shah/Angular_revision,52760336,Angular_revision,N,TypeScript,2020-04-05 20:48:51,N,0,2020-09-12 11:52:26,N
158168778,https://api.github.com/repos/repetere/modelx-model,40339044,modelx-model,"Deep Learning Classification, LSTM Time Series, Regression and Multi-Layered Perceptrons with Tensorflow",TypeScript,2020-04-04 20:53:24,N,0,2021-02-09 16:02:40,N
158168857,https://api.github.com/repos/QuentinAllary/JSF_irc_2019,39093376,JSF_irc_2019,N,TypeScript,2020-04-05 21:38:58,N,0,2021-01-22 10:57:10,N
158168873,https://api.github.com/repos/Solhack/Ayoba.io,42803699,Ayoba.io,N,TypeScript,2020-04-05 19:13:46,N,0,2021-02-12 12:43:36,N
158169755,https://api.github.com/repos/cai9555/assets,57256493,assets,N,TypeScript,2020-04-25 17:33:05,137657837,0,2020-06-25 03:33:19,1559659662
158170937,https://api.github.com/repos/arielzamora/Parciales_2019,56190350,Parciales_2019,N,TypeScript,2020-04-05 22:04:54,N,0,2020-09-11 16:18:13,N
158171008,https://api.github.com/repos/cislrpi/io,54581195,io,A framework for building distributed applications,TypeScript,2020-04-24 21:31:39,N,0,2020-12-15 16:34:03,N
158172414,https://api.github.com/repos/alexanderchiran/RecursosCursoAngular,41736853,RecursosCursoAngular,Angular 9,TypeScript,2020-04-05 22:24:54,N,0,2020-09-12 12:46:25,N
158182807,https://api.github.com/repos/leonardohss/meat-app-angular,51480104,meat-app-angular,N,TypeScript,2020-04-05 23:59:33,N,0,2020-12-19 09:10:28,N
158202225,https://api.github.com/repos/micheal08/samplepoc,55241880,samplepoc,SamplePoc,TypeScript,2020-04-10 06:53:33,N,0,2020-12-15 02:42:29,N
158202843,https://api.github.com/repos/andrewthamcc/marche-runner,47734163,marche-runner,MERN Application,TypeScript,2020-04-17 03:26:45,N,0,2021-01-07 05:14:56,N
158217182,https://api.github.com/repos/tolicodes/electron-git,37390749,electron-git,N,TypeScript,2020-04-25 04:39:43,N,0,2021-03-03 10:29:36,N
158227247,https://api.github.com/repos/chartwerk/grafana-chartwerk-panel,57091946,grafana-chartwerk-panel,N,TypeScript,2020-04-07 16:49:27,N,0,2020-10-31 13:49:23,N
158234447,https://api.github.com/repos/d0whc3r/node-s3,9818293,node-s3,S3 api for node made easy with typescript,TypeScript,2020-04-19 21:49:39,N,0,2021-03-01 22:57:15,N
158235141,https://api.github.com/repos/neuledge/ddb-table,42742834,ddb-table,N,TypeScript,2020-04-25 12:43:13,N,0,2021-03-01 05:47:36,N
158236549,https://api.github.com/repos/Gerschtli/generate-nix-hash,6535470,generate-nix-hash,Github Action to write a JSON file with rev and sha256 of given repository revision.,TypeScript,2020-04-25 13:09:01,N,0,2021-01-13 12:24:43,N
158236903,https://api.github.com/repos/Himadu2000/sinhala-music,50810586,sinhala-music,A sinhala music library at himadu.me/sinhala-music,TypeScript,2020-04-25 04:34:28,N,0,2021-03-02 09:16:12,N
158242737,https://api.github.com/repos/fdonzello/angular-advanced-assignments,38511943,angular-advanced-assignments,Solutions for Angular Advanced training assignments,TypeScript,2020-04-25 08:34:51,N,0,2020-08-02 00:39:08,N
158243753,https://api.github.com/repos/Alorel/rollup-plugin-userscript,2246720,rollup-plugin-userscript,"Generates userscript metablocks and, optionally, outputs a separate matadata file.",TypeScript,2020-04-25 18:51:57,N,0,2020-06-27 15:04:49,N
158253056,https://api.github.com/repos/johnkocer/ProAngular9Source,39032809,ProAngular9Source,N,TypeScript,2020-04-05 20:57:12,N,0,2020-09-12 11:52:33,N
158254625,https://api.github.com/repos/digital-stage/webclient,57276310,webclient,N,TypeScript,2020-04-24 15:48:03,N,0,2021-02-27 03:55:57,N
158270400,https://api.github.com/repos/James-Hackett/BiterBattlesWebsite,52884205,BiterBattlesWebsite,N,TypeScript,2020-04-23 13:54:55,N,0,2020-06-11 15:28:03,N
158274333,https://api.github.com/repos/phonemyatkhine/b360lmsIonicCordova,42591925,b360lmsIonicCordova,N,TypeScript,2020-04-25 14:23:15,N,0,2020-06-13 17:25:13,N
158274689,https://api.github.com/repos/Lavaclient/rest-plugin,57253904,rest-plugin,A lavaclient plugin that adds rest functionality ,TypeScript,2020-04-25 15:23:52,N,0,2020-07-07 10:11:00,N
158274865,https://api.github.com/repos/Alver23/app-covid,10792091,app-covid,N,TypeScript,2020-04-26 01:31:08,N,0,2021-02-11 05:51:09,N
158293846,https://api.github.com/repos/GraphiteTools/curve-subgraph,56851351,curve-subgraph,Curve Subgraph,TypeScript,2020-04-09 10:27:48,N,0,2020-12-19 09:42:23,N
158293995,https://api.github.com/repos/GraphiteTools/dydx-subgraph,56851351,dydx-subgraph,dYdX Subgraph,TypeScript,2020-04-09 09:21:37,N,0,2021-02-10 10:31:23,N
158301374,https://api.github.com/repos/jwunderl/arcade-tilemap-a-star,33353573,arcade-tilemap-a-star,a star implementation for tilemaps in pxt-arcade ---beta,TypeScript,2020-04-25 00:47:34,N,0,2020-10-22 01:14:34,N
158307644,https://api.github.com/repos/ajitesh123/Kubernetes-Microservices-App,48204150,Kubernetes-Microservices-App,A simple cloud application to run multiple microservices in Kueberntes at AWS.,TypeScript,2020-04-06 03:53:23,N,0,2020-12-19 09:07:34,N
158308459,https://api.github.com/repos/naonvl/kewirus-dev,55978406,kewirus-dev,N,TypeScript,2020-04-06 04:04:58,N,0,2021-01-07 08:47:33,N
158308904,https://api.github.com/repos/mtarroza/Blog,57288160,Blog,A simple Blog web application demonstrating capabilities of ASP.NET Core 3.1 and Angular,TypeScript,2020-04-06 04:12:55,N,0,2021-02-25 10:07:52,N
158313186,https://api.github.com/repos/pravinyo/serverless-todo-app,11108644,serverless-todo-app,Using AWS Serverless feature and other services to implement TODO app,TypeScript,2020-04-06 05:36:12,N,0,2021-01-06 18:39:05,N
158313324,https://api.github.com/repos/heeseonim/typescript-react-tutorial,52724339,typescript-react-tutorial,N,TypeScript,2020-04-06 05:40:12,N,0,2021-03-02 02:17:31,N
158315247,https://api.github.com/repos/adityagoenka94/covid19-nd,48507922,covid19-nd,N,TypeScript,2020-04-06 06:11:00,N,0,2020-09-12 11:54:46,N
158327777,https://api.github.com/repos/iLunts/covid19,10080092,covid19,N,TypeScript,2020-04-05 20:31:53,N,0,2020-09-12 11:58:22,N
158328499,https://api.github.com/repos/Noice-Fleet/tools-be-next,57293268,tools-be-next,The backend for Noice Fleet management tools,TypeScript,2020-04-06 05:40:03,N,0,2020-12-09 22:52:12,N
158328505,https://api.github.com/repos/Greed54/strawberry-app-ui,43898964,strawberry-app-ui,N,TypeScript,2020-04-06 08:53:56,N,0,2020-12-19 09:10:47,N
158330618,https://api.github.com/repos/kosmas58/bpmn-js-example-angular,89386,bpmn-js-example-angular,An example how to integrate bpmn-js with an Angular application.,TypeScript,2020-04-26 08:12:42,119125804,0,2021-03-05 10:25:02,1430683868
158330631,https://api.github.com/repos/blackheat/pumpk1n-megapay-web,32682603,pumpk1n-megapay-web,"pumpk1n megapay - from original pumpk1n, re-engineered for using with MegaPay and w/o Hyperledger Fabric ",TypeScript,2020-04-06 09:22:36,N,0,2020-10-23 06:59:31,N
158332597,https://api.github.com/repos/Ikdemm/Boo-Giftboxes,45015113,Boo-Giftboxes,Giftboxes Marketplace for a Tunisian Startup called BOO,TypeScript,2020-04-06 09:17:22,N,0,2021-03-02 08:48:48,N
158334638,https://api.github.com/repos/LuixCarlos/week10,10780681,week10,N,TypeScript,2020-04-06 10:09:24,N,0,2021-01-06 18:39:10,N
158337974,https://api.github.com/repos/courses-angular/rxjs-course-by-Angular-University,54823974,rxjs-course-by-Angular-University,N,TypeScript,2020-04-06 11:04:12,N,0,2020-09-12 11:58:46,N
158338919,https://api.github.com/repos/elecfreaks/pxt-nezha,6386461,pxt-nezha,The micro:bit extension board Nezha(哪吒) with RJ11 connection port by ELECFREAKS Co.ltd,TypeScript,2020-04-06 10:31:41,N,0,2020-12-25 18:40:02,N
158346593,https://api.github.com/repos/ant-design/pro-list,7889070,pro-list,best ant design list,TypeScript,2020-04-26 08:29:55,N,0,2020-11-29 22:51:17,N
158346833,https://api.github.com/repos/rajc1/angular-learning-hub,11197969,angular-learning-hub,N,TypeScript,2020-04-06 13:19:33,N,0,2020-09-12 11:57:11,N
158347363,https://api.github.com/repos/leo-olson/udagram-refactor,56614343,udagram-refactor,N,TypeScript,2020-04-06 13:28:47,N,0,2020-12-18 23:24:29,N
158349705,https://api.github.com/repos/guilhermeathaydenc/stefanini,57298379,stefanini,{Projeto} - PROCESSO SELETIVO --> VAGA (DEV SR REC),TypeScript,2020-04-06 14:13:52,N,0,2020-09-12 12:02:13,N
158353774,https://api.github.com/repos/toschmidt/zettelwirtschaft,57048100,zettelwirtschaft,Note management system based on React.,TypeScript,2020-04-23 08:02:00,N,0,2020-12-24 07:57:10,N
158356658,https://api.github.com/repos/ts-server/ts-server,57300261,ts-server,typescript,TypeScript,2020-04-01 10:41:40,N,0,2020-06-21 19:33:05,N
158360456,https://api.github.com/repos/kschuetz/calculator,132532,calculator,N,TypeScript,2020-04-06 18:48:37,N,0,2021-03-03 06:56:51,N
158361435,https://api.github.com/repos/alinvelican/marceti,11950621,marceti,N,TypeScript,2020-04-06 19:06:28,N,0,2020-09-12 11:59:33,N
158365395,https://api.github.com/repos/shashigaddam/shashigaddam.github.io,57234637,shashigaddam.github.io,N,TypeScript,2020-04-06 21:34:22,N,0,2020-09-12 12:02:35,N
158366430,https://api.github.com/repos/fannheyward/coc-julia,31416,coc-julia,Julia extension for coc.nvim,TypeScript,2020-04-21 14:47:38,N,0,2021-02-22 22:25:37,N
158368560,https://api.github.com/repos/nkatwesigye/Securecafe,3308233,Securecafe,Secure cafe project implementing Auth0 and RBAC,TypeScript,2020-04-06 23:03:17,N,0,2020-09-12 12:05:58,N
158370385,https://api.github.com/repos/e2e-boilerplate/protractor-typescript-tsc-mocha-chai-should,55674466,protractor-typescript-tsc-mocha-chai-should,"Protractor end-to-end test automation boilerplate, Using TypeScript, Tsc, Mocha, Chai and Should.",TypeScript,2020-04-05 22:46:43,N,0,2021-03-02 20:28:39,N
158372752,https://api.github.com/repos/ArkanJbali/BudgetToCity,48111119,BudgetToCity,"BudgetToCity, is a travel agency as an university project. Implemented in C# and Angular.",TypeScript,2020-04-25 20:01:14,N,0,2021-02-07 06:18:34,N
158373346,https://api.github.com/repos/bubbacl/angular-universal-blog,56079859,angular-universal-blog,N,TypeScript,2020-04-07 01:28:28,N,0,2021-03-02 08:48:54,N
158374421,https://api.github.com/repos/siphiwemanda/FSND_CoffeeShop,41466662,FSND_CoffeeShop,N,TypeScript,2020-04-26 07:02:50,N,0,2020-09-12 14:51:43,N
158375696,https://api.github.com/repos/ajeetsinghs/covid19commodity,10553783,covid19commodity,N,TypeScript,2020-04-25 18:36:50,N,0,2020-09-05 02:36:12,N
158377061,https://api.github.com/repos/JupiterOne/graph-digicert,2149422,graph-digicert,Digicert integration,TypeScript,2020-04-20 22:57:31,N,0,2020-12-25 02:13:00,N
158381484,https://api.github.com/repos/ajeetsinghs/Covid19AngularUI,10553783,Covid19AngularUI,Covid19 Angular Project,TypeScript,2020-04-26 14:13:42,N,0,2020-09-05 02:43:17,N
158381912,https://api.github.com/repos/e2e-boilerplate/protractor-typescript-tsc-mocha-chai-assert,55674466,protractor-typescript-tsc-mocha-chai-assert,"Protractor end-to-end test automation boilerplate, Using TypeScript, Tsc, Mocha, Chai and Assert.",TypeScript,2020-04-05 22:46:13,N,0,2021-03-02 19:57:49,N
158386166,https://api.github.com/repos/thebiltheory/useBreakpoints,6225841,useBreakpoints,⚛️ React hook to map values with breakpoints the styled component way.,TypeScript,2020-04-26 13:02:33,N,0,2021-03-02 11:07:09,N
158393881,https://api.github.com/repos/InkoHX/line-notify,39044877,line-notify,This module makes it easy to use LINE Notify.,TypeScript,2020-04-04 03:52:45,N,0,2021-02-24 21:22:31,N
158395953,https://api.github.com/repos/InkoHX/covid19-line-notify,39044877,covid19-line-notify,Use LINE Notify from GitHub Actions to notify LINE about COVID-19.,TypeScript,2020-04-05 02:59:27,N,0,2021-03-05 21:25:37,N
158400936,https://api.github.com/repos/insidewhy/the-goat,52384983,the-goat,A typescript PEG parsing library and parser generator based on a PEG variant where the parser produces a statically typed AST derived from the input grammar,TypeScript,2020-04-14 15:25:53,N,0,2021-03-01 20:47:14,N
158402399,https://api.github.com/repos/AmieeY/mfs-homework-se,57312310,mfs-homework-se,N,TypeScript,2020-04-03 08:20:46,N,0,2021-03-03 06:50:01,N
158409851,https://api.github.com/repos/wallablock/wb-dbjunction,57177397,wb-dbjunction,N,TypeScript,2020-04-02 10:43:56,N,0,2020-12-18 23:18:38,N
158414264,https://api.github.com/repos/kadsonjader/UserControl-Desafio-Mirante-frontEnd,37694904,UserControl-Desafio-Mirante-frontEnd,N,TypeScript,2020-04-06 19:51:08,N,0,2020-09-12 12:00:08,N
158416295,https://api.github.com/repos/prudvi/NodeJsMicroServices,4608372,NodeJsMicroServices,"CRUD Application(Angular 6, Node and MongoDB)",TypeScript,2020-04-18 09:29:58,N,0,2020-12-19 11:03:03,N
158416808,https://api.github.com/repos/amit2k761/micro-frontend,44621094,micro-frontend,N,TypeScript,2020-04-03 05:45:11,N,0,2020-09-11 18:46:02,N
158417001,https://api.github.com/repos/Hyraze/gitrepos,40791898,gitrepos,Trending Repository and Developers of GitHub & GitLab,TypeScript,2020-04-18 05:04:21,N,0,2021-03-04 01:12:56,N
158419880,https://api.github.com/repos/kikohorn/DTA,42282633,DTA,N,TypeScript,2020-04-06 23:21:01,N,0,2020-12-19 09:17:25,N
158420562,https://api.github.com/repos/TecnoAll/ulynet-frontend,43992356,ulynet-frontend,N,TypeScript,2020-04-25 22:06:04,N,0,2020-09-11 22:16:33,N
158424690,https://api.github.com/repos/darzu/bejeweled,3832251,bejeweled,N,TypeScript,2020-04-24 22:23:01,N,0,2020-06-08 21:20:01,N
158432957,https://api.github.com/repos/hansvertriest/ShareTevelde,51670048,ShareTevelde,Online platform for sharing of and giving feedback on assignments of Artevelde Hogeschool in Campus mariakerke in times of corona.,TypeScript,2020-04-06 09:48:36,N,0,2020-12-19 09:09:26,N
158435528,https://api.github.com/repos/virmon/fullstacknd-coffee-shop,18015317,fullstacknd-coffee-shop,N,TypeScript,2020-04-07 04:26:08,N,0,2020-09-12 12:02:49,N
158437375,https://api.github.com/repos/acdb-team/google-sheets-to-json,57321330,google-sheets-to-json,N,TypeScript,2020-04-19 19:18:20,N,0,2021-02-26 06:36:40,N
158440215,https://api.github.com/repos/nguyenjk/Instapet,7284123,Instapet,N,TypeScript,2020-04-05 06:09:31,N,0,2020-12-18 23:25:04,N
158440256,https://api.github.com/repos/Harish2011/task1,56833276,task1,N,TypeScript,2020-04-07 05:57:34,N,0,2020-12-19 09:18:53,N
158440359,https://api.github.com/repos/andrescano45/TechAndSolve-Front-End,31552984,TechAndSolve-Front-End,Prueba técnica Front-End TechAndSolve,TypeScript,2020-04-07 05:25:41,N,0,2020-12-19 09:19:01,N
158440793,https://api.github.com/repos/LettuceKiing/snapchat-marketing-sdk,52519339,snapchat-marketing-sdk,Node.js SDK for Snapchat marketing API,TypeScript,2020-04-07 05:49:25,N,0,2020-06-19 18:22:02,N
158442684,https://api.github.com/repos/JacekTomaszewski/Dating-App,35362845,Dating-App,N,TypeScript,2020-04-07 06:57:49,N,0,2020-12-19 09:19:41,N
158447355,https://api.github.com/repos/EsraaNasr92/coffeproject,53014294,coffeproject,N,TypeScript,2020-04-07 08:48:43,N,0,2020-09-12 12:08:47,N
158448876,https://api.github.com/repos/procodeninja33/loadable-example-ngrx,56401048,loadable-example-ngrx,N,TypeScript,2020-04-07 09:34:43,N,0,2020-09-12 12:05:35,N
158451138,https://api.github.com/repos/gelsogrove/hiring-exercise,10129850,hiring-exercise,N,TypeScript,2020-04-07 09:34:14,N,0,2020-12-19 09:21:12,N
158452542,https://api.github.com/repos/adhyansuryan0410/mean-stack,48309681,mean-stack,Source code of the MEAN stack videoplayer app,TypeScript,2020-04-07 11:21:34,N,0,2020-09-04 10:33:25,N
158452834,https://api.github.com/repos/Michael2701/angular,9379017,angular,Angular 9 examples,TypeScript,2020-04-07 11:26:26,N,0,2020-09-11 18:49:19,N
158453709,https://api.github.com/repos/youngdukk/mean,57325590,mean,N,TypeScript,2020-04-07 11:53:00,N,0,2020-12-19 09:21:43,N
158455117,https://api.github.com/repos/kristofkovacs/ui-kit,9694595,ui-kit,N,TypeScript,2020-04-07 12:42:19,N,0,2021-03-03 06:57:09,N
158455758,https://api.github.com/repos/auspices/glyph,2702313,glyph,Glyph is a GraphiQL-like playground for exploring GraphQL endpoints generated from Atlas collections.,TypeScript,2020-04-07 12:55:09,N,0,2021-03-05 17:35:12,N
158457571,https://api.github.com/repos/eusebiuschipor/ng-fundamentals,9221259,ng-fundamentals,N,TypeScript,2020-04-07 13:54:15,N,0,2020-09-12 12:10:45,N
158462507,https://api.github.com/repos/rcnnagib/meat-app,36239441,meat-app,aplicativo Ifood,TypeScript,2020-04-07 16:22:15,N,0,2020-12-19 09:26:20,N
158462854,https://api.github.com/repos/ICodeMyOwnLife/learn-micro-frontend-1,12326262,learn-micro-frontend-1,N,TypeScript,2020-04-25 13:10:41,N,0,2020-12-13 06:44:27,N
158463549,https://api.github.com/repos/lucas-rafa-94/adwords-ui,20241794,adwords-ui,adwords-ui,TypeScript,2020-04-07 16:49:39,N,0,2020-10-23 07:01:49,N
158468070,https://api.github.com/repos/Thinkmill/ts-gql,3854159,ts-gql,N,TypeScript,2020-04-27 00:47:33,N,0,2021-03-02 20:24:04,N
158470032,https://api.github.com/repos/luriel-xyz/robo-buddies-typescript,40973715,robo-buddies-typescript,Typescript version of the robo-buddies,TypeScript,2020-04-22 03:35:46,N,0,2020-06-21 21:54:30,N
158470420,https://api.github.com/repos/ibellon/01-hola-mundo,24280959,01-hola-mundo,Primer proyecto del curso de Angular,TypeScript,2020-04-07 20:09:33,N,0,2020-08-01 17:36:20,N
158472131,https://api.github.com/repos/erickoziel/cloud-developer-test,36395198,cloud-developer-test,N,TypeScript,2020-04-07 21:01:30,N,0,2021-01-06 18:50:01,N
158473816,https://api.github.com/repos/cmcirilo/cirilomoney_ui,40092161,cirilomoney_ui,N,TypeScript,2020-04-07 21:44:03,N,0,2021-02-11 21:58:49,N
158474242,https://api.github.com/repos/Volkramer/JSF_irc_2019,43221727,JSF_irc_2019,N,TypeScript,2020-04-06 13:22:08,N,0,2021-01-22 10:55:51,N
158474244,https://api.github.com/repos/correaleyval/covid19cuba-apijs,43939835,covid19cuba-apijs,Covid19 CubaAPI (Servicio API REST encargado de suministrar los datos y los gráficos al bot),TypeScript,2020-04-13 19:10:17,N,0,2021-01-07 05:17:01,N
158474281,https://api.github.com/repos/correaleyval/covid19cuba-tbot,43939835,covid19cuba-tbot,Covid19 Cuba Bot (Bot de Telegram @covid19cubadata_bot),TypeScript,2020-04-21 04:44:23,N,0,2021-01-07 05:26:38,N
158477142,https://api.github.com/repos/minhhh/otp-gen,1803208,otp-gen,Command-line client to generate HOTP and TOTP tokens,TypeScript,2020-04-07 22:11:33,N,0,2021-01-04 19:57:45,N
158477697,https://api.github.com/repos/Aldin7/Primjer,44682036,Primjer,N,TypeScript,2020-04-07 22:11:36,N,0,2020-09-12 12:09:05,N
158482189,https://api.github.com/repos/anttibull/MSI,43355160,MSI,N,TypeScript,2020-04-26 11:08:45,N,0,2021-01-07 13:13:57,N
158490368,https://api.github.com/repos/JShabtai/covid-data,10006103,covid-data,Angular app to explore COVID data,TypeScript,2020-04-18 22:18:22,N,0,2021-01-01 19:34:33,N
158495157,https://api.github.com/repos/oofsauce/SpotifyClient,49742522,SpotifyClient,electron spotify client,TypeScript,2020-04-25 13:57:02,N,0,2021-03-04 14:39:14,N
158495943,https://api.github.com/repos/TsiyonW/allinonet,42345044,allinonet,N,TypeScript,2020-04-24 04:14:54,N,0,2020-12-18 23:45:40,N
158499634,https://api.github.com/repos/ethercap/bekit,36966073,bekit,N,TypeScript,2020-04-21 07:35:45,N,0,2021-03-01 22:20:06,N
158502910,https://api.github.com/repos/AsunSanLo/office-add-ins-samples,48307500,office-add-ins-samples,N,TypeScript,2020-04-07 10:27:32,N,0,2020-12-19 09:21:09,N
158504009,https://api.github.com/repos/contracamilo/ng-dating-app-ps,45683909,ng-dating-app-ps,Angular academic repo,TypeScript,2020-04-08 02:07:18,N,0,2020-09-12 12:14:31,N
158505248,https://api.github.com/repos/kiranakhale/DeveloperAssignement3UI,7755052,DeveloperAssignement3UI,Angular project for developer assignment3.,TypeScript,2020-04-07 11:17:19,N,0,2020-12-19 09:21:14,N
158505523,https://api.github.com/repos/libreotp/webapp,57336710,webapp,N,TypeScript,2020-04-26 19:10:29,N,0,2021-03-05 08:53:52,N
158509452,https://api.github.com/repos/aoisupersix/jobcan-scraping,13185390,jobcan-scraping,N,TypeScript,2020-04-07 13:25:59,N,0,2020-06-13 18:09:36,N
158509942,https://api.github.com/repos/jwunderl/pxt-heap,33353573,pxt-heap,A heap implementation (similar to priority queue),TypeScript,2020-04-24 23:09:20,N,0,2020-06-13 03:04:42,N
158512524,https://api.github.com/repos/akihironemoto/my-todo,13233769,my-todo,K8s and Rancher Todo App Solution Project,TypeScript,2020-04-07 14:16:48,N,0,2020-12-18 23:25:41,N
158514017,https://api.github.com/repos/microsoft/arcade-dom,3886902,arcade-dom,DOM layout for MakeCode Arcade - beta,TypeScript,2020-04-05 05:56:41,N,0,2020-08-01 04:22:11,N
158515325,https://api.github.com/repos/lumaxis/snippet-copy,2695927,snippet-copy,A small VS Code Extension to copy snippets of code without unnecessary indentation for easier sharing,TypeScript,2020-04-21 22:58:14,N,0,2021-02-25 09:48:32,N
158525776,https://api.github.com/repos/nguyencaothangtp/google-crawler-frontend,33967189,google-crawler-frontend,N,TypeScript,2020-04-08 02:51:57,N,0,2020-09-05 17:19:03,N
158538214,https://api.github.com/repos/GerardoArceo/ibushak-test,33567338,ibushak-test,N,TypeScript,2020-04-07 06:27:48,N,0,2020-06-01 21:53:57,N
158543820,https://api.github.com/repos/insidewhy/event-emitters,52384983,event-emitters,Typesafe event emitters for node and the browser.,TypeScript,2020-04-02 02:23:01,N,0,2021-02-11 05:57:50,N
158548971,https://api.github.com/repos/ibeeliot/Next-boilerplate,48565385,Next-boilerplate,N,TypeScript,2020-04-08 05:34:35,N,0,2021-03-01 22:16:02,N
158551963,https://api.github.com/repos/FSDIIHT/angular-tailor-spa-april2020,54038603,angular-tailor-spa-april2020,N,TypeScript,2020-04-08 07:01:31,N,0,2020-09-05 02:01:15,N
158552365,https://api.github.com/repos/MEAN-FWK/softram-mean-cars-racing,57348227,softram-mean-cars-racing,Softram company assessment (MEAN application),TypeScript,2020-04-08 06:42:32,N,0,2020-12-16 06:55:53,N
158552919,https://api.github.com/repos/marierigal/tempo-react,49455376,tempo-react,N,TypeScript,2020-04-18 15:55:59,N,0,2020-06-16 12:58:51,N
158554292,https://api.github.com/repos/shimphillip/gotta-search-em-all,5686908,gotta-search-em-all,Interactive pokedex,TypeScript,2020-04-16 02:50:31,N,0,2021-02-06 07:59:52,N
158555895,https://api.github.com/repos/phongnhat19/ka-botpress,33457758,ka-botpress,N,TypeScript,2020-04-08 09:07:49,N,0,2021-01-22 10:55:56,N
158557637,https://api.github.com/repos/Shahid1993/udacity-cloud-developer-serverless,40026458,udacity-cloud-developer-serverless,Repository for the exercises that are part of Serverless course of Udacity Cloud Developer nanodegree program,TypeScript,2020-04-08 10:17:30,N,0,2021-01-06 18:47:15,N
158557672,https://api.github.com/repos/lordever/SportsStore-graphql,12168557,SportsStore-graphql,N,TypeScript,2020-04-08 10:17:13,N,0,2020-12-19 09:33:49,N
158559407,https://api.github.com/repos/naonvl/kewirus-test,55978406,kewirus-test,N,TypeScript,2020-04-08 11:08:34,N,0,2021-01-07 08:47:23,N
158559740,https://api.github.com/repos/clebert/app-kit,147752,app-kit,This package contains shared components for my web apps.,TypeScript,2020-04-08 11:16:23,N,0,2020-12-11 14:35:38,N
158559856,https://api.github.com/repos/shijumk/Smart-Tour-Friend,57350232,Smart-Tour-Friend,A tour guide application for user which is showing  the tourist attraction places with optimised route,TypeScript,2020-04-08 11:26:42,N,0,2020-12-19 09:34:17,N
158561789,https://api.github.com/repos/GGrassiant/TinderJobsApp,50333955,TinderJobsApp,React Native App (rn cli) - Tinder-like job app (wip),TypeScript,2020-04-22 01:36:18,N,0,2020-07-28 18:27:40,N
158561933,https://api.github.com/repos/wj-Mcat/grpc,6537425,grpc,gRPC Proto Buffers Interface for Chatie,TypeScript,2020-04-27 11:02:57,97089145,0,2020-10-31 11:40:16,1563334268
158562111,https://api.github.com/repos/briansayles/tutorial,390551,tutorial,N,TypeScript,2020-04-07 19:01:42,N,0,2020-12-19 10:24:04,N
158562460,https://api.github.com/repos/druplall/ng-fundamentals,3321344,ng-fundamentals,N,TypeScript,2020-04-08 13:05:47,N,0,2020-09-12 12:13:45,N
158563362,https://api.github.com/repos/ideal-postcodes/bigcommerce,2403871,bigcommerce,UK Address search and validation integration for BigCommerce,TypeScript,2020-04-22 20:57:58,N,0,2021-03-04 10:29:52,N
158564405,https://api.github.com/repos/nickpersad/ng-app-center,9163999,ng-app-center,N,TypeScript,2020-04-08 14:07:08,N,0,2020-08-01 23:03:17,N
158564722,https://api.github.com/repos/nickpersad/ng-device-management,9163999,ng-device-management,N,TypeScript,2020-04-08 14:09:24,N,0,2020-09-19 09:09:50,N
158565011,https://api.github.com/repos/chartwerk/base,57091946,base,N,TypeScript,2020-04-01 10:50:40,N,0,2021-01-04 18:33:01,N
158565220,https://api.github.com/repos/chartwerk/line-chart,57091946,line-chart,N,TypeScript,2020-04-01 10:51:15,N,0,2021-02-02 15:21:46,N
158567062,https://api.github.com/repos/YogeshSharma0201/cloud-developer-udacity,30505908,cloud-developer-udacity,N,TypeScript,2020-04-08 15:08:49,N,0,2020-12-19 09:33:22,N
158567370,https://api.github.com/repos/blackshadev/littledivelog,1811068,littledivelog,N,TypeScript,2020-04-27 10:24:37,N,0,2021-02-27 14:37:29,N
158569428,https://api.github.com/repos/defish1962/udacity-udagram,54240570,udacity-udagram,Udagram Cloud Developer Course Udagram Project Repository,TypeScript,2020-04-08 15:13:17,N,0,2021-01-03 16:46:02,N
158569782,https://api.github.com/repos/palle-jeshwanth/task1,56849108,task1,N,TypeScript,2020-04-08 16:20:40,N,0,2020-12-19 09:36:05,N
158570214,https://api.github.com/repos/Andres-Cano12/Tech-and-Solve-mudanzas-Front-Endk,56787554,Tech-and-Solve-mudanzas-Front-Endk,Proyecto de mudanzas Front-End,TypeScript,2020-04-08 16:35:52,N,0,2020-12-19 09:35:47,N
158572859,https://api.github.com/repos/egrendonDev/virtual-scroll-angular-cdk-demo,31732576,virtual-scroll-angular-cdk-demo,N,TypeScript,2020-04-08 17:49:45,N,0,2020-12-19 09:35:18,N
158573664,https://api.github.com/repos/knasserc/Angular-Exercices,52926385,Angular-Exercices,N,TypeScript,2020-04-13 11:54:51,N,0,2020-09-12 12:53:11,N
158573963,https://api.github.com/repos/khakholin/fatykhov-course,52309942,fatykhov-course,course portal,TypeScript,2020-04-26 06:28:13,N,0,2020-06-13 19:51:11,N
158574193,https://api.github.com/repos/marcelboliveira/angular-jest,56510576,angular-jest,Aplicação Angular NgRx com UT em Jest,TypeScript,2020-04-08 17:51:56,N,0,2020-09-12 12:20:01,N
158576249,https://api.github.com/repos/SWEN-712/final-team-project-team4,52663602,final-team-project-team4,final-team-project-team4 created by GitHub Classroom,TypeScript,2020-04-08 19:10:17,N,0,2021-01-22 10:55:41,N
158578529,https://api.github.com/repos/mtdev2/toolkit,55810815,toolkit,The GitHub ToolKit for developing GitHub Actions.,TypeScript,2020-04-27 13:05:12,137613293,0,2020-09-28 22:47:02,1558075353
158581782,https://api.github.com/repos/ismabvbbr/teste-angular-site,4018415,teste-angular-site,N,TypeScript,2020-04-08 21:41:24,N,0,2020-12-19 09:37:50,N
158582230,https://api.github.com/repos/valix85/full-stack-with-angular-and-spring-boot,6222172,full-stack-with-angular-and-spring-boot,Simple project with springboot and angular with jwt authentication,TypeScript,2020-04-08 22:00:09,N,0,2020-12-19 09:37:57,N
158584486,https://api.github.com/repos/MigelBaez/tracklink_frontend,45530183,tracklink_frontend,N,TypeScript,2020-04-08 23:14:32,N,0,2021-03-01 22:12:53,N
158586606,https://api.github.com/repos/andreybavt/buildable-webapp,10640447,buildable-webapp,N,TypeScript,2020-04-26 20:01:29,N,0,2020-12-10 17:53:18,N
158587025,https://api.github.com/repos/mustafamhasan/Project3,7150568,Project3,N,TypeScript,2020-04-09 00:36:28,N,0,2020-12-19 09:38:35,N
158588188,https://api.github.com/repos/littell/gramble_ts,9117530,gramble_ts,Typescript implementation of the Gramble language for linguistic parsing and generation,TypeScript,2020-04-26 02:52:29,N,0,2020-11-18 17:31:15,N
158588927,https://api.github.com/repos/mickfarrow/Angular_Samples,7525546,Angular_Samples,N,TypeScript,2020-04-08 23:59:27,N,0,2020-12-06 07:27:03,N
158595719,https://api.github.com/repos/Luqman-Ud-Din/Coffee-Shop-FSND,36367327,Coffee-Shop-FSND,Digital cafe to order drinks. It gives option to create different drinks based on user permissions.,TypeScript,2020-04-08 12:42:02,N,0,2020-09-11 18:49:48,N
158597535,https://api.github.com/repos/screencloud/developer,3775572,developer,Learn how to build your own apps for Digital Signage with ScreenCloud.,TypeScript,2020-04-06 15:00:46,N,0,2021-02-04 13:43:14,N
158602361,https://api.github.com/repos/deebloo/worker-swarm,7156498,worker-swarm,A small library to help distribute work across a pool of workers,TypeScript,2020-04-08 15:18:45,N,0,2021-02-10 17:56:10,N
158603972,https://api.github.com/repos/mdperini/ndf-ladders-demo-client,50140058,ndf-ladders-demo-client,usd ndf ladders,TypeScript,2020-04-27 16:08:17,N,0,2020-09-04 01:41:39,N
158607139,https://api.github.com/repos/eric-systex/chat,49581574,chat,angular + flask,TypeScript,2020-04-09 02:43:39,N,0,2020-12-18 23:28:18,N
158607753,https://api.github.com/repos/ArchitectNow/cli,10269084,cli,ArchitectNow CLI,TypeScript,2020-04-26 13:25:17,N,0,2021-03-05 04:41:53,N
158608608,https://api.github.com/repos/joliveira-git/curso-angular,56542740,curso-angular,N,TypeScript,2020-04-08 17:30:47,N,0,2020-09-11 18:49:52,N
158608963,https://api.github.com/repos/Naturalclar/react-native-sketchbook,3575182,react-native-sketchbook,design system for react-native,TypeScript,2020-04-27 15:11:41,N,0,2021-03-05 21:41:57,N
158612791,https://api.github.com/repos/pullmana8/serverless-todo,31176371,serverless-todo,N,TypeScript,2020-04-24 21:45:04,N,0,2020-07-21 06:50:16,N
158614289,https://api.github.com/repos/Fadzreen43/etiqa-angular-assessment-project,55227403,etiqa-angular-assessment-project,N,TypeScript,2020-04-08 02:44:19,N,0,2020-09-04 10:11:35,N
158620439,https://api.github.com/repos/learnitmyway/nd9990-udagram,56622670,nd9990-udagram,A social media app that uses microservices and is part of the Udacity Cloud Developer Nanodegree,TypeScript,2020-04-19 13:45:31,N,0,2020-12-19 11:10:47,N
158620489,https://api.github.com/repos/AresYolao/clientes-angular-spring,55549053,clientes-angular-spring,proyecto angular-spring,TypeScript,2020-04-08 03:32:22,N,0,2020-09-12 12:15:49,N
158621652,https://api.github.com/repos/by1773/ting-website,38195659,ting-website,N,TypeScript,2020-04-08 05:39:31,N,0,2020-12-19 09:32:06,N
158621932,https://api.github.com/repos/UnstoppableMango/acnh,29167496,acnh,N,TypeScript,2020-04-11 02:23:59,N,0,2020-07-07 10:14:57,N
158625494,https://api.github.com/repos/aemrebasus/full-stack-portfolio,48616440,full-stack-portfolio,"MongoDB, Express, Angular, NodeJS",TypeScript,2020-04-27 16:52:26,N,0,2020-09-03 22:41:32,N
158629808,https://api.github.com/repos/TarunaPanchal/Ngrx-Crud-Demo,49949283,Ngrx-Crud-Demo,N,TypeScript,2020-04-09 04:16:08,N,0,2020-09-12 12:17:37,N
158630384,https://api.github.com/repos/Alorel/rollup-plugin-threaded-terser,2246720,rollup-plugin-threaded-terser,"Rollup plugin for running terser on your output chunks, multi-threaded like",TypeScript,2020-04-27 20:17:17,N,0,2020-09-20 20:41:28,N
158632021,https://api.github.com/repos/harshgoyal1/demo_Azure,57112383,demo_Azure,N,TypeScript,2020-04-09 05:17:19,N,0,2020-06-25 11:56:04,N
158633547,https://api.github.com/repos/RealLankinen/tfjs-react-native,46067412,tfjs-react-native,N,TypeScript,2020-04-09 06:00:07,N,0,2020-12-19 09:40:37,N
158636040,https://api.github.com/repos/with-shrey/node-typescript-recharge-app,39656518,node-typescript-recharge-app,N,TypeScript,2020-04-09 07:02:13,N,0,2021-01-07 04:07:54,N
158636253,https://api.github.com/repos/kuoruan/es-packages,8064698,es-packages,Packages for WEB and Node,TypeScript,2020-04-12 06:38:00,N,0,2021-02-22 02:47:41,N
158637548,https://api.github.com/repos/pardhuphanikumar/react-type-redux-crud,54885272,react-type-redux-crud,N,TypeScript,2020-04-09 07:43:15,N,0,2020-12-19 09:41:57,N
158637787,https://api.github.com/repos/nsrinivasanbtech/Angular7poc,50103062,Angular7poc,N,TypeScript,2020-04-09 07:46:48,N,0,2020-09-12 12:25:00,N
158639550,https://api.github.com/repos/GraphiteTools/hydro-subgraph,56851351,hydro-subgraph,Hydro (DDEX) Subgraph,TypeScript,2020-04-09 08:40:52,N,0,2021-02-09 11:33:12,N
158640059,https://api.github.com/repos/soundhive/api,57371096,api,"Soundhive's API, powered by NestJS",TypeScript,2020-04-19 13:13:10,N,0,2020-12-10 17:45:06,N
158640595,https://api.github.com/repos/GraphiteTools/compound-subgraph,56851351,compound-subgraph,Compound Subgraph,TypeScript,2020-04-09 08:52:12,N,0,2021-02-09 11:33:24,N
158640701,https://api.github.com/repos/ARCHERSPAPA/work,49647521,work,about work project,TypeScript,2020-04-09 08:42:40,N,0,2021-02-08 10:04:33,N
158640941,https://api.github.com/repos/alvintangz/canvote,9711437,canvote,CanVote :canada: - Canadian election voting web app broken into microservices; deployable on Kubernetes,TypeScript,2020-04-27 21:54:14,N,0,2021-01-07 06:19:55,N
158642946,https://api.github.com/repos/GraphiteTools/torque-subgraph,56851351,torque-subgraph,Torque (bZx) Subgraph,TypeScript,2020-04-09 10:22:36,N,0,2020-12-19 09:42:34,N
158643145,https://api.github.com/repos/vinhdk/ngx-admin-template,51025610,ngx-admin-template,N,TypeScript,2020-04-09 10:03:04,N,0,2021-01-07 11:31:50,N
158646660,https://api.github.com/repos/gustavobeavis/command-bus-ts,238225,command-bus-ts,This project provide a simple and decoupled solution from a command handle structure,TypeScript,2020-04-09 11:51:01,N,0,2021-02-08 17:04:54,N
158647320,https://api.github.com/repos/evryfs/helm-ephemeral-action,37774100,helm-ephemeral-action,Github action for ephemeral helm releases,TypeScript,2020-04-27 11:21:49,N,0,2021-03-05 10:20:22,N
158649269,https://api.github.com/repos/Tamilman/nested-routes-angular-lazyloading-4mzu5q,57373519,nested-routes-angular-lazyloading-4mzu5q,Created with StackBlitz ⚡️,TypeScript,2020-04-09 14:50:50,N,0,2020-09-19 09:11:21,N
158651241,https://api.github.com/repos/alizahid/streak,1283205,streak,N,TypeScript,2020-04-27 23:26:59,N,0,2020-06-14 02:33:44,N
158653579,https://api.github.com/repos/promitbabai/Promit-Corona,56689534,Promit-Corona,N,TypeScript,2020-04-09 16:36:23,N,0,2020-10-23 07:01:44,N
158655230,https://api.github.com/repos/AlfredoAlc/Coffee_shop_full_stack_developer,56396424,Coffee_shop_full_stack_developer,N,TypeScript,2020-04-09 18:30:14,N,0,2020-09-12 12:26:51,N
158655588,https://api.github.com/repos/joanrig/fullstack-tutorial,47990317,fullstack-tutorial,Apollo fullstack tutorial,TypeScript,2020-04-09 18:40:09,N,0,2020-12-18 23:29:12,N
158656593,https://api.github.com/repos/paulocf92/rs-bootcamp-v11,48077241,rs-bootcamp-v11,Code for RocketSeat Bootcamp v11.,TypeScript,2020-04-09 01:29:16,N,0,2021-02-16 16:51:10,N
158660334,https://api.github.com/repos/diveshbeedassy/Frontend,50483801,Frontend,Revive,TypeScript,2020-04-09 21:18:52,N,0,2020-09-12 12:30:08,N
158663134,https://api.github.com/repos/wholesomedumbass/im-vegan,57377046,im-vegan,I'm vegan btw.,TypeScript,2020-04-09 17:19:25,N,0,2020-09-12 12:31:35,N
158665519,https://api.github.com/repos/whoastonic/Pinny,51756282,Pinny,A bot that pins messages...,TypeScript,2020-04-09 04:06:02,N,0,2021-01-04 01:44:40,N
158666608,https://api.github.com/repos/elecfreaks/pxt-planet,6386461,pxt-planet,RJ11,TypeScript,2020-04-06 01:41:27,N,0,2020-06-04 15:53:02,N
158668795,https://api.github.com/repos/hirut-gunsamo/TG_Frontend,50848535,TG_Frontend,front end design for transport genie,TypeScript,2020-04-09 10:16:15,N,0,2020-08-11 17:35:48,N
158669783,https://api.github.com/repos/nielstofberg/Club_UI,33469061,Club_UI,N,TypeScript,2020-04-25 23:55:51,N,0,2021-02-13 21:40:54,N
158673035,https://api.github.com/repos/laurya/frameworks-lab,56540117,frameworks-lab,N,TypeScript,2020-04-09 11:23:51,N,0,2020-12-18 23:28:41,N
158680351,https://api.github.com/repos/seanbfuller/perf-checker,768219,perf-checker,N,TypeScript,2020-04-10 01:46:31,N,0,2021-01-22 10:58:23,N
158687434,https://api.github.com/repos/yannbf/testing-test-tests,7498361,testing-test-tests,N,TypeScript,2020-04-09 13:29:52,N,0,2020-09-12 12:20:52,N
158688564,https://api.github.com/repos/hextion/typescript-learning,34360524,typescript-learning,typescript learning,TypeScript,2020-04-22 20:55:17,N,0,2020-11-13 21:12:52,N
158689769,https://api.github.com/repos/homebridge/homebridge-plugin-template,34151770,homebridge-plugin-template,A template you can use to create your own Homebridge plugins.,TypeScript,2020-04-24 14:06:07,N,0,2021-03-05 05:26:13,N
158690049,https://api.github.com/repos/g4rcez/the-mask-input,52023224,the-mask-input,N,TypeScript,2020-04-22 23:28:22,N,0,2021-02-20 11:32:03,N
158690103,https://api.github.com/repos/open-hotel/injets,52131890,injets,TypeScript Dependency Injection using reflect-metadata and typescript with ES7,TypeScript,2020-04-18 01:05:52,N,0,2020-12-12 16:32:21,N
158692852,https://api.github.com/repos/coderappco/openphp,25363469,openphp,Open medical en version php,TypeScript,2020-04-27 22:23:55,N,0,2020-10-23 07:12:06,N
158694452,https://api.github.com/repos/soundhive/front,57371096,front,"Soundhive's front-end, powered by Angular",TypeScript,2020-04-12 08:30:22,N,0,2020-10-20 08:55:45,N
158701021,https://api.github.com/repos/UniSketch/UniSketch7,57384537,UniSketch7,N,TypeScript,2020-04-09 14:35:48,N,0,2021-01-22 10:59:18,N
158704180,https://api.github.com/repos/LeChatErrant/typescript-server-template,41743042,typescript-server-template,Simple typescript server template,TypeScript,2020-04-19 18:42:49,N,0,2020-06-11 01:22:32,N
158707244,https://api.github.com/repos/Alver23/api-covid19,10792091,api-covid19,N,TypeScript,2020-04-06 02:24:05,N,0,2021-01-01 11:29:01,N
158712253,https://api.github.com/repos/afabricioa/tutorial-angular,3772155,tutorial-angular,projetos para tutorial angular,TypeScript,2020-04-09 16:52:59,N,0,2020-09-12 12:24:30,N
158715626,https://api.github.com/repos/DanielMartinez4290/angular-project,2062667,angular-project,N,TypeScript,2020-04-28 02:56:32,N,0,2020-12-19 12:11:15,N
158717016,https://api.github.com/repos/josuecorrea/angular-test,8439905,angular-test,N,TypeScript,2020-04-09 18:45:11,N,0,2020-12-19 09:46:26,N
158719709,https://api.github.com/repos/mattrglobal/node-bbs-signatures,50983041,node-bbs-signatures,An implementation of BBS+ signatures using rust and typescript for node.js,TypeScript,2020-04-01 20:08:28,N,0,2021-03-03 07:54:37,N
158719758,https://api.github.com/repos/omni-door/tpls,54973044,tpls,The templates collection for omni-door,TypeScript,2020-04-26 05:39:44,N,0,2021-03-02 16:18:50,N
158723684,https://api.github.com/repos/JuliaFong/routing_start,44249064,routing_start,N,TypeScript,2020-04-10 03:13:34,N,0,2020-09-12 12:30:26,N
158724467,https://api.github.com/repos/GtrPksRnt4eatin/cosmic-video,3812712,cosmic-video,cosmic video app,TypeScript,2020-04-02 22:32:31,N,0,2020-06-15 15:33:19,N
158724895,https://api.github.com/repos/Groww/uikit,56032149,uikit,React native common components kit ,TypeScript,2020-04-20 06:23:14,N,0,2020-06-11 11:22:26,N
158725656,https://api.github.com/repos/seckboy/udacity_cloud_lesson_6,7084807,udacity_cloud_lesson_6,N,TypeScript,2020-04-09 21:34:35,N,0,2020-08-01 22:26:08,N
158728562,https://api.github.com/repos/Mukesh23singh/theia,787420,theia,Eclipse Theia is a cloud & desktop IDE framework implemented in TypeScript.,TypeScript,2020-04-06 20:24:28,137666641,0,2021-03-06 04:43:09,1564316297
158728841,https://api.github.com/repos/puddlealley/SplashWeb,54099195,SplashWeb,N,TypeScript,2020-04-10 14:13:14,N,0,2021-03-04 10:55:22,N
158730419,https://api.github.com/repos/aigorbrandao/siteMercado,48338495,siteMercado,Teste prático em processo seletivo da Site Mercado. Aplicação básica de CRUD com SPA e WEB API.,TypeScript,2020-04-09 23:16:52,N,0,2020-12-19 09:48:38,N
158731529,https://api.github.com/repos/leejaa/airbnb-v2,34457727,airbnb-v2,에어비앤비 v2 리팩토링 ,TypeScript,2020-04-15 08:49:37,N,0,2021-01-28 22:19:19,N
158733056,https://api.github.com/repos/orimazrafi/football-gambling,34827199,football-gambling,"mern stack responsive app, compete against your friends on football matches results and chat with them. ",TypeScript,2020-04-02 16:39:34,N,0,2021-01-22 11:22:05,N
158735171,https://api.github.com/repos/michaelchan0101/webstorage-utils,57049107,webstorage-utils,Some utils of webstorage,TypeScript,2020-04-17 13:36:11,N,0,2020-12-15 21:50:45,N
158737324,https://api.github.com/repos/loantruong/graphqlApollo-fullstacktuto,7537583,graphqlApollo-fullstacktuto,N,TypeScript,2020-04-09 09:04:14,N,0,2020-12-19 09:42:06,N
158742455,https://api.github.com/repos/mohtasmedia/mohtas.media,57395386,mohtas.media,N,TypeScript,2020-04-20 02:19:40,N,0,2020-12-19 12:14:29,N
158745364,https://api.github.com/repos/AlexSenn422/angular-project,52130639,angular-project,N,TypeScript,2020-04-10 06:06:52,N,0,2020-09-12 12:30:08,N
158746573,https://api.github.com/repos/s-weigand/zoomcognito,5961271,zoomcognito,N,TypeScript,2020-04-23 11:11:53,N,0,2021-03-02 10:03:24,N
158746802,https://api.github.com/repos/maevsi/stomper,56273499,stomper,"Maevsi's message queue listener, that stomps out emails.",TypeScript,2020-04-10 00:32:54,N,0,2021-03-02 16:44:13,N
158751885,https://api.github.com/repos/AnhSon-DHSPDHDN/test2MonthAcexis,53142782,test2MonthAcexis,haizz,TypeScript,2020-04-10 08:47:45,N,0,2020-12-19 09:51:22,N
158751914,https://api.github.com/repos/kshitijk83/typescript-paractice,46499734,typescript-paractice,N,TypeScript,2020-04-10 05:17:34,N,0,2020-12-19 09:52:46,N
158753038,https://api.github.com/repos/Goutama/shopping-cart-application,30552378,shopping-cart-application,N,TypeScript,2020-04-10 08:41:37,N,0,2020-09-12 12:29:32,N
158755384,https://api.github.com/repos/Privata-ai/privata-js-sdk,57398714,privata-js-sdk,This repository is the NPM package to send data accesses from a client's Node application to the Blockbird Data.,TypeScript,2020-04-01 14:25:07,N,0,2020-07-20 12:29:24,N
158755785,https://api.github.com/repos/manali2909/ChatMe,51208391,ChatMe,N,TypeScript,2020-04-10 11:12:42,N,0,2021-01-21 15:53:27,N
158755996,https://api.github.com/repos/hansin91/nestjs-rabbitMQ,37206626,nestjs-rabbitMQ,N,TypeScript,2020-04-10 11:18:40,N,0,2020-09-12 21:00:46,N
158756151,https://api.github.com/repos/mdabrar4devops/JenkinsScripts,46092611,JenkinsScripts,N,TypeScript,2020-04-10 11:15:21,N,0,2020-09-12 12:29:35,N
158756803,https://api.github.com/repos/sardaaditya/MedHint,55811042,MedHint,Online medical platform built using MEAN stack,TypeScript,2020-04-10 11:58:21,N,0,2020-12-19 09:53:17,N
158756876,https://api.github.com/repos/ClickHouse/clickhouse-website-worker,51697792,clickhouse-website-worker,N,TypeScript,2020-04-10 11:57:42,N,0,2021-03-01 19:25:57,N
158758997,https://api.github.com/repos/activecodedev/ngauction,39906526,ngauction,N,TypeScript,2020-04-02 13:00:42,N,0,2020-09-08 12:12:00,N
158759240,https://api.github.com/repos/chankaran2996/AngularProject,54102168,AngularProject,N,TypeScript,2020-04-10 14:20:25,N,0,2020-09-06 04:26:03,N
158759262,https://api.github.com/repos/Esenor/ACMD,4172303,ACMD,Application Component Management Dashboard,TypeScript,2020-04-10 14:27:26,N,0,2021-02-09 15:03:03,N
158760227,https://api.github.com/repos/ClaudiuBogdan/coffee_shop,41296194,coffee_shop,Coffee Shop application that implements ....,TypeScript,2020-04-10 14:59:35,N,0,2020-09-12 12:34:18,N
158760958,https://api.github.com/repos/ese6-dwetter/website-microservice,57297389,website-microservice,N,TypeScript,2020-04-06 13:12:05,N,0,2020-12-31 19:25:29,N
158764504,https://api.github.com/repos/ashleybaird/abaird-platform-ui-code-test,8423603,abaird-platform-ui-code-test,N,TypeScript,2020-04-10 18:54:36,N,0,2020-09-06 04:04:07,N
158765566,https://api.github.com/repos/JupiterOne/graph-gitlab,2149422,graph-gitlab,A graph conversion tool for https://gitlab.com,TypeScript,2020-04-27 17:12:33,N,0,2021-01-22 10:17:09,N
158765852,https://api.github.com/repos/alanarvelo/auth0-python-api,36501533,auth0-python-api,N,TypeScript,2020-04-10 20:39:20,N,0,2020-09-12 12:38:06,N
158766020,https://api.github.com/repos/anautovic/Angular6Firebase,49957625,Angular6Firebase,N,TypeScript,2020-04-10 21:03:10,N,0,2020-10-23 07:01:35,N
158766226,https://api.github.com/repos/nilmoksh/my-portfolio-website,10615865,my-portfolio-website,N,TypeScript,2020-04-10 21:32:11,N,0,2020-09-12 12:33:53,N
158766850,https://api.github.com/repos/hideraldobarbosa/CursoAngular8,9338415,CursoAngular8,Exercicios Curso Angular 8 Básico e Avançado ,TypeScript,2020-04-27 14:13:59,N,0,2020-09-11 22:35:08,N
158767334,https://api.github.com/repos/Oluwatobiadeoye/image-filter-project,33340054,image-filter-project,N,TypeScript,2020-04-10 21:49:01,N,0,2021-01-07 04:12:15,N
158768179,https://api.github.com/repos/connor-davis/valupak-store,56810016,valupak-store,All the code behind the valupak store.,TypeScript,2020-04-11 00:02:17,N,0,2020-09-04 10:37:32,N
158768584,https://api.github.com/repos/NathanPickard/angular-library,10822258,angular-library,N,TypeScript,2020-04-05 03:43:00,N,0,2020-12-18 23:30:52,N
158769943,https://api.github.com/repos/mrandyron/yo-minimal-web,39329091,yo-minimal-web,FrontEnd de YoMinimalProject,TypeScript,2020-04-02 02:12:36,N,0,2020-10-04 16:52:39,N
158770244,https://api.github.com/repos/Ashlook/ash-material-file-input,43888052,ash-material-file-input,N,TypeScript,2020-04-25 21:31:20,N,0,2020-06-14 00:38:56,N
158783607,https://api.github.com/repos/rcunico/AngularGoogleMaps,47072261,AngularGoogleMaps,ITEC 3860 Project (Software Development I) - Angular Google Maps,TypeScript,2020-04-11 02:35:43,N,0,2021-02-27 19:00:59,N
158786105,https://api.github.com/repos/StefanoSaffran/rocketseat-gostack-11,39737351,rocketseat-gostack-11,GoStack 11 - Challenges,TypeScript,2020-04-08 12:59:02,N,0,2021-03-06 05:36:24,N
158786960,https://api.github.com/repos/lauromueller/ui,55979865,ui,UI elements for projects @ lauromueller,TypeScript,2020-04-10 12:48:16,N,0,2020-06-25 02:02:45,N
158787173,https://api.github.com/repos/vschau/kubenetes_demo,36289491,kubenetes_demo,Docker and Kubenetes demo,TypeScript,2020-04-10 15:36:59,N,0,2020-09-12 12:30:51,N
158789866,https://api.github.com/repos/garronej/denoify_kickstart_action,5016101,denoify_kickstart_action,N,TypeScript,2020-04-25 18:30:59,N,0,2020-06-13 23:57:54,N
158790193,https://api.github.com/repos/ElenaGrigorets/angularjs5,40896914,angularjs5,N,TypeScript,2020-04-10 17:07:43,N,0,2020-12-19 09:55:00,N
158790888,https://api.github.com/repos/duocun/duocun-apiv2,51667762,duocun-apiv2,N,TypeScript,2020-04-27 11:30:08,N,0,2021-02-23 19:16:30,N
158792786,https://api.github.com/repos/github/codeql-action,142,codeql-action,Actions for running CodeQL analysis,TypeScript,2020-04-27 20:36:30,N,0,2021-03-01 10:11:36,N
158792938,https://api.github.com/repos/yutailang0119/action-android-lint,36385130,action-android-lint,GitHub Action for Android Lint,TypeScript,2020-04-08 01:43:54,N,0,2021-02-23 08:34:37,N
158799126,https://api.github.com/repos/AhmedElywa/prisma-admin,48150068,prisma-admin,N,TypeScript,2020-04-28 16:19:47,N,0,2020-10-27 05:37:25,N
158799332,https://api.github.com/repos/simor806/mgServiceApp,8087626,mgServiceApp,Simple CRUD app for the management of the garage,TypeScript,2020-04-10 20:41:44,N,0,2020-12-18 23:30:45,N
158799580,https://api.github.com/repos/CASAN-TH/ng-line-liff,43065282,ng-line-liff,N,TypeScript,2020-04-10 20:47:55,N,0,2020-12-19 09:58:06,N
158802199,https://api.github.com/repos/GreedHub/Angular---TextEditor,43804971,Angular---TextEditor,N,TypeScript,2020-04-10 22:07:04,N,0,2020-09-12 12:33:47,N
158804141,https://api.github.com/repos/caiquecastro/swatches-manager,1482218,swatches-manager,N,TypeScript,2020-04-07 22:27:02,N,0,2021-02-17 11:46:44,N
158804646,https://api.github.com/repos/ivan-ivory/react-nodejs-ts-boilerplate,1376199,react-nodejs-ts-boilerplate,N,TypeScript,2020-04-10 05:43:20,N,0,2020-12-19 09:50:32,N
158805189,https://api.github.com/repos/guillaumeLamanda/beer-app-apollo-graphql,10022986,beer-app-apollo-graphql,N,TypeScript,2020-04-28 17:48:26,N,0,2021-03-01 15:01:14,N
158805844,https://api.github.com/repos/supunsooriya/POS-System,54593695,POS-System,N,TypeScript,2020-04-28 16:36:32,N,0,2020-10-23 07:11:19,N
158809080,https://api.github.com/repos/douglashub/projeto-facultativo,57410548,projeto-facultativo,N,TypeScript,2020-04-11 04:35:10,N,0,2020-09-12 12:38:14,N
158812000,https://api.github.com/repos/JupiterOne/graph-duo,2149422,graph-duo,N,TypeScript,2020-04-26 22:01:32,N,0,2020-12-24 13:08:02,N
158812136,https://api.github.com/repos/branthajek/shopping-list,11870558,shopping-list,N,TypeScript,2020-04-11 06:55:34,N,0,2020-12-19 10:01:46,N
158817130,https://api.github.com/repos/jungbumwoo/apollographql_tutorial_fullstack,12805800,apollographql_tutorial_fullstack,apollographql_tutorial_fullstack // spaceX rocket API,TypeScript,2020-04-11 10:29:25,N,0,2020-12-19 10:01:38,N
158817137,https://api.github.com/repos/bobsk8/todo-list,31623871,todo-list,"Project with Nestjs, Typeorm, Angular 8 and  Mongodb",TypeScript,2020-04-11 09:27:53,N,0,2021-02-10 17:27:05,N
158820145,https://api.github.com/repos/eliamartani/poco-redux-saga,2623190,poco-redux-saga,Prove of concept for React + Redux + Saga,TypeScript,2020-04-11 12:20:11,N,0,2021-03-06 10:07:20,N
158820327,https://api.github.com/repos/Anguandia/temb-front,41441751,temb-front,N,TypeScript,2020-04-11 12:20:16,N,0,2020-12-20 15:09:31,N
158821549,https://api.github.com/repos/Neehi/udacity-udagram-microservices,35421817,udacity-udagram-microservices,N,TypeScript,2020-04-11 06:32:26,N,0,2020-12-19 10:02:20,N
158821603,https://api.github.com/repos/VitaliZinkevich/angular-ngrx-state,38289898,angular-ngrx-state,N,TypeScript,2020-04-28 13:08:02,N,0,2020-12-19 12:12:44,N
158822776,https://api.github.com/repos/f-ranieri/angular-boot-starter-v1,35413160,angular-boot-starter-v1,N,TypeScript,2020-04-11 14:43:56,N,0,2020-12-19 10:06:38,N
158823187,https://api.github.com/repos/Sarvesh19/outingpanda-alpha-0.1,12537046,outingpanda-alpha-0.1,N,TypeScript,2020-04-11 15:05:26,N,0,2020-12-22 03:51:21,N
158823510,https://api.github.com/repos/jmanyoma/assets,4036239,assets,N,TypeScript,2020-04-28 18:42:46,137657837,0,2020-08-06 06:39:18,1565250060
158825552,https://api.github.com/repos/fadiatamny/Mobile-App-Dev,47809594,Mobile-App-Dev,repo for course of mobile development using react native ,TypeScript,2020-04-03 08:10:04,N,0,2021-01-22 12:05:01,N
158825688,https://api.github.com/repos/astone2014/audi-car-search,31202081,audi-car-search,Search all the Audi Dealers in the USA for preowned vehicles.,TypeScript,2020-04-11 16:58:18,N,0,2020-09-12 12:39:23,N
158828005,https://api.github.com/repos/gyadam/coffee-shop-fullstack,46127762,coffee-shop-fullstack,Project for Full Stack Developer Nanodegree,TypeScript,2020-04-11 18:30:24,N,0,2020-09-12 12:40:54,N
158828512,https://api.github.com/repos/edumoritz/calendar4web,27515289,calendar4web,CalendarFull,TypeScript,2020-04-09 20:12:10,N,0,2021-01-28 22:02:47,N
158830531,https://api.github.com/repos/MarceloHenriqueAdeMoura/Asp.Net-Core_Angular,48167078,Asp.Net-Core_Angular,N,TypeScript,2020-04-28 19:07:43,N,0,2021-02-17 14:47:44,N
158831068,https://api.github.com/repos/Shepherd-Dog/array-filter-action,6874267,array-filter-action,N,TypeScript,2020-04-11 20:59:57,N,0,2020-10-02 10:41:29,N
158832828,https://api.github.com/repos/yfandino/udacity-udagram-microservices,52136134,udacity-udagram-microservices,N,TypeScript,2020-04-11 16:58:56,N,0,2020-12-19 10:06:55,N
158833406,https://api.github.com/repos/Raddaguduru/gatsby-wadud,13390646,gatsby-wadud,N,TypeScript,2020-04-11 23:52:34,N,0,2021-01-22 11:06:03,N
158834390,https://api.github.com/repos/skairi/DotNetCoreSample,57417635,DotNetCoreSample,N,TypeScript,2020-04-09 21:49:23,N,0,2020-12-18 23:30:45,N
158836388,https://api.github.com/repos/aerogear/OpenVolunteerPlatform,4580,OpenVolunteerPlatform,Platform for building volunteer management systems dedicated for local gov and charity organizations,TypeScript,2020-04-03 13:48:02,N,0,2021-02-24 00:58:14,N
158842661,https://api.github.com/repos/aerogear/uniforms-ionic,4580,uniforms-ionic,Ionic react forms generation,TypeScript,2020-04-15 08:58:54,N,0,2021-02-09 02:59:12,N
158846374,https://api.github.com/repos/StevenMcHenry01/graphql_ts_server_boilerplate,22584990,graphql_ts_server_boilerplate,N,TypeScript,2020-04-11 23:06:33,N,0,2021-01-07 04:31:32,N
158848476,https://api.github.com/repos/thwonghin/chinese-convert-cli,45198621,chinese-convert-cli,Command line interface to convert between Chinese text.,TypeScript,2020-04-27 16:13:55,N,0,2021-01-12 17:37:41,N
158848563,https://api.github.com/repos/Froglegg/apollo-graphql-tutorial,39371056,apollo-graphql-tutorial,Apollo GraphQL Tutorial,TypeScript,2020-04-12 03:45:03,N,0,2020-10-23 10:50:17,N
158849859,https://api.github.com/repos/dnbit/udagram-microservices,3932034,udagram-microservices,Udagram microservices project Cloud Developer Nanodegree ,TypeScript,2020-04-12 10:04:15,N,0,2020-12-19 10:10:07,N
158850010,https://api.github.com/repos/lambda07info/tmp20200401,57327446,tmp20200401,N,TypeScript,2020-04-09 11:38:42,N,0,2020-08-06 02:30:31,N
158850083,https://api.github.com/repos/DemonicDNA/Rapidash,41067103,Rapidash,Minimal Alert Dashboard,TypeScript,2020-04-12 12:17:27,N,0,2020-09-12 12:43:30,N
158850739,https://api.github.com/repos/brianodermatt/imr-server,52717643,imr-server,Instant Medic Radar Server Side,TypeScript,2020-04-05 20:00:25,N,0,2020-08-26 14:39:57,N
158851855,https://api.github.com/repos/jrquadros/blog-app,44247036,blog-app,N,TypeScript,2020-04-26 00:56:24,N,0,2021-01-03 16:46:49,N
158852338,https://api.github.com/repos/hey3/starter-for-react,43003497,starter-for-react,My boilerplate for Web Frontend,TypeScript,2020-04-08 13:40:15,N,0,2021-02-21 16:22:40,N
158852900,https://api.github.com/repos/anthonykuong/ngrx-books,4510495,ngrx-books,ngrx-books modified by @anthonykuong for angular 8 learning.,TypeScript,2020-04-12 17:19:46,N,0,2021-03-01 07:04:58,N
158853339,https://api.github.com/repos/NEURONE-IL/NEURONE-STORE,50857612,NEURONE-STORE,N,TypeScript,2020-04-12 18:03:48,N,0,2020-09-04 02:40:42,N
158855141,https://api.github.com/repos/pairjacks/poker-messages,56639413,poker-messages,N,TypeScript,2020-04-11 19:22:56,N,0,2020-06-05 03:59:22,N
158855600,https://api.github.com/repos/willbor88/NGRX-Basics-,36049085,NGRX-Basics-,N,TypeScript,2020-04-12 20:28:06,N,0,2020-09-12 12:46:34,N
158855654,https://api.github.com/repos/luttfioz/ionic-electron-app,11341113,ionic-electron-app,N,TypeScript,2020-04-12 20:40:29,N,0,2021-01-28 21:58:59,N
158855749,https://api.github.com/repos/mohammadmanzoor8972/AngularDemo,30849735,AngularDemo,Angular 9 All components,TypeScript,2020-04-12 20:48:39,N,0,2020-09-08 03:55:17,N
158855808,https://api.github.com/repos/HDOSURREGO/course-02,31970758,course-02,Course 2 - AWS Cloud Developer Udacity,TypeScript,2020-04-12 20:53:45,N,0,2020-09-08 11:29:33,N
158856317,https://api.github.com/repos/socket-var/udagram-microservices,47759072,udagram-microservices,Project 3 from the udacity cloud developer nanodegree,TypeScript,2020-04-12 21:27:17,N,0,2020-12-19 10:13:59,N
158856409,https://api.github.com/repos/jerrywithaz/button-ripple,11366018,button-ripple,Created with CodeSandbox,TypeScript,2020-04-12 22:11:08,N,0,2021-03-02 02:22:38,N
158857050,https://api.github.com/repos/dawen2015/csharp,8995790,csharp,test,TypeScript,2020-04-12 19:29:25,N,0,2020-09-12 12:50:43,N
158857406,https://api.github.com/repos/afgomez123/NodeWsClient,41040352,NodeWsClient,N,TypeScript,2020-04-13 00:26:06,N,0,2020-09-12 12:46:42,N
158857535,https://api.github.com/repos/jvictorfarias/GoMarketplace,52273090,GoMarketplace,:department_store: Desafio GoMarketplace do Bootcamp GoStack,TypeScript,2020-04-27 14:26:35,N,0,2021-01-07 06:13:33,N
158869719,https://api.github.com/repos/barakaVictor/RecipesFrontend,56427168,RecipesFrontend,N,TypeScript,2020-04-12 10:03:27,N,0,2020-12-19 10:10:36,N
158871064,https://api.github.com/repos/mzdunek93/deno,7820995,deno,A secure JavaScript and TypeScript runtime,TypeScript,2020-04-28 16:30:21,105757646,0,2020-06-17 19:18:34,1565363614
158872793,https://api.github.com/repos/explorewithraj/pmtadmin,57427341,pmtadmin,N,TypeScript,2020-04-12 10:29:22,N,0,2021-01-07 08:48:07,N
158875977,https://api.github.com/repos/anydotcrypto/metatransactions,55401862,metatransactions,A minimal relay hub to handle replay protection. Motivated by #2585.,TypeScript,2020-04-10 07:56:00,N,0,2021-03-05 17:37:50,N
158876373,https://api.github.com/repos/SuyashSonawane/DSC-code-share,42143027,DSC-code-share,"Notice Board App for college Staff to share notices, assignments, links, forms, etc. with the Students.",TypeScript,2020-04-12 11:04:49,N,0,2020-09-08 03:53:38,N
158876692,https://api.github.com/repos/jamunakan2307/demoo-fe,51067014,demoo-fe,N,TypeScript,2020-04-22 22:08:16,N,0,2020-12-19 11:37:00,N
158878216,https://api.github.com/repos/mohammadmujib/coffe_shop,56372279,coffe_shop,N,TypeScript,2020-04-12 11:11:47,N,0,2020-09-12 12:42:47,N
158884652,https://api.github.com/repos/baberarjumand/courses-app-rxjs-practice,53710105,courses-app-rxjs-practice,This web app was built as part of the 'RxJs in Practice' course on Udemy by Angular University,TypeScript,2020-04-12 13:15:22,N,0,2020-09-12 12:44:33,N
158885454,https://api.github.com/repos/thiagocdn/aulas-bootcamp-GoStack11-rocketseat,55283731,aulas-bootcamp-GoStack11-rocketseat,Programas e códigos desenvolvidos durante o curso GoStack 11 da Rocketseat,TypeScript,2020-04-28 03:06:23,N,0,2021-02-22 04:35:08,N
158887365,https://api.github.com/repos/terra-project/terra.js,44865462,terra.js,"JavaScript SDK for Terra, written in TypeScript",TypeScript,2020-04-02 23:38:37,N,0,2021-03-05 12:19:58,N
158888609,https://api.github.com/repos/Wlodzimierz-Reif/post-course,53610463,post-course,Post course materials and challenges,TypeScript,2020-04-21 15:10:45,N,0,2020-09-06 05:33:43,N
158890522,https://api.github.com/repos/Mordavolt/zuulette,2253088,zuulette,Random zuu exercise,TypeScript,2020-04-27 22:16:50,N,0,2020-09-12 14:59:40,N
158891279,https://api.github.com/repos/Angular-RU/angular-jest-utils,39252735,angular-jest-utils,N,TypeScript,2020-04-28 06:48:15,N,0,2020-06-25 02:58:19,N
158891337,https://api.github.com/repos/minhanhse/prm-front-end,50599652,prm-front-end,Front End Project Mobile,TypeScript,2020-04-03 14:03:45,N,0,2021-01-07 08:46:08,N
158892494,https://api.github.com/repos/Andres-Cano12/Tech-And-Solve-Front-End-Mudanzas,56787554,Tech-And-Solve-Front-End-Mudanzas,Proyecto de Front-End Mudanzas,TypeScript,2020-04-13 02:36:05,N,0,2020-12-20 15:42:11,N
158892665,https://api.github.com/repos/roeboedoem/cicd,57054090,cicd,N,TypeScript,2020-04-12 16:22:39,N,0,2020-08-01 22:40:12,N
158893468,https://api.github.com/repos/himanshu077/ng2-charts,57432647,ng2-charts,Beautiful charts for Angular2 based on Chart.js,TypeScript,2020-04-12 17:06:53,N,0,2020-09-06 04:25:21,N
158894485,https://api.github.com/repos/bjk1456/Password_Manager_Microservice,6653951,Password_Manager_Microservice,Allows users to create a master password that will be used to encrypt subsequent passwords.,TypeScript,2020-04-03 19:55:03,N,0,2021-02-16 07:55:32,N
158894635,https://api.github.com/repos/glaydsonp/APS2020-1,43094829,APS2020-1,N,TypeScript,2020-04-18 01:08:18,N,0,2020-12-19 12:11:34,N
158907886,https://api.github.com/repos/prahaladbelavadi/hey-bartender,11557349,hey-bartender,Spot me a new random drink,TypeScript,2020-04-12 20:17:28,N,0,2021-01-02 19:21:39,N
158917853,https://api.github.com/repos/tuan-datascience/test_worker,57435561,test_worker,N,TypeScript,2020-04-29 06:34:52,N,0,2020-07-08 07:17:40,N
158917856,https://api.github.com/repos/Oluwatobiadeoye/cloud-developer,33340054,cloud-developer,N,TypeScript,2020-04-12 22:18:09,N,0,2020-12-19 10:14:03,N
158920978,https://api.github.com/repos/meenie/codysnames,14998,codysnames,"It's like Codenames, but it's Codysnames.",TypeScript,2020-04-24 18:54:48,N,0,2021-01-22 15:07:13,N
158923222,https://api.github.com/repos/mehryar-m/learning,8545967,learning,Repository that holds source code of what I'm currently learning. ,TypeScript,2020-04-12 02:58:47,N,0,2020-09-12 12:41:09,N
158927011,https://api.github.com/repos/rodrigodan/learning-angular-udemy,52388365,learning-angular-udemy,N,TypeScript,2020-04-12 04:39:53,N,0,2020-09-12 12:43:09,N
158927332,https://api.github.com/repos/viet-aus-it/viet-aus-it.github.io,54958005,viet-aus-it.github.io,https://viet-aus-it.github.io,TypeScript,2020-04-26 08:45:12,N,0,2021-02-28 23:29:44,N
158928211,https://api.github.com/repos/efernandezj/UH_Project,50814383,UH_Project,N,TypeScript,2020-04-12 03:18:25,N,0,2020-12-22 03:53:30,N
158930237,https://api.github.com/repos/JurajMarkesic/medical-tourism,40636252,medical-tourism,N,TypeScript,2020-04-29 08:02:18,N,0,2021-01-01 10:58:35,N
158931700,https://api.github.com/repos/bingo9/FSND_P3_Fullstack-Cafe,11959358,FSND_P3_Fullstack-Cafe,Udacity Fullstack Cafe Web App,TypeScript,2020-04-21 03:44:16,N,0,2020-09-11 21:13:54,N
158932234,https://api.github.com/repos/MohammadRezaBaghban/Angular-CourseManagement,54081238,Angular-CourseManagement,An Angular Front-end website for managing university courses,TypeScript,2020-04-12 07:54:15,N,0,2020-09-11 19:32:51,N
158935195,https://api.github.com/repos/sacpwrmll/angular-practice,57440700,angular-practice,N,TypeScript,2020-04-28 10:52:37,N,0,2020-09-11 22:45:23,N
158935412,https://api.github.com/repos/WilliamP1998/PotatoAppV1,55838566,PotatoAppV1,N,TypeScript,2020-04-13 03:49:46,N,0,2021-01-22 11:00:47,N
158935968,https://api.github.com/repos/mm0202/sandbox_firestore-security-rules-test_with-ci-settings,881861,sandbox_firestore-security-rules-test_with-ci-settings,FirestoreセキュリティルールのCI設定トライアル,TypeScript,2020-04-13 04:28:38,N,0,2020-12-19 10:17:12,N
158939076,https://api.github.com/repos/NilkantaBhattacharjee/angular-practice,57441901,angular-practice,N,TypeScript,2020-04-13 06:24:25,N,0,2020-12-19 10:16:42,N
158939563,https://api.github.com/repos/chill-patel/63moons,51414750,63moons,63moons,TypeScript,2020-04-01 04:18:21,N,0,2020-10-11 08:46:48,N
158939583,https://api.github.com/repos/dtaskara/java-project,55097762,java-project,java-project,TypeScript,2020-04-13 06:38:55,N,0,2020-09-11 19:36:16,N
158939891,https://api.github.com/repos/trainingit-introangular/practica-final-curso-bayrhon,49400250,practica-final-curso-bayrhon,practica-final-curso-bayrhon created by GitHub Classroom,TypeScript,2020-04-13 07:04:45,N,0,2020-09-07 07:26:10,N
158940285,https://api.github.com/repos/danishsattar007/own-mean-docker,40274089,own-mean-docker,N,TypeScript,2020-04-13 07:19:58,N,0,2020-09-12 12:49:43,N
158940849,https://api.github.com/repos/lilpolymath/space-explorer,51738270,space-explorer,N,TypeScript,2020-04-13 07:45:16,N,0,2020-10-23 10:51:38,N
158940869,https://api.github.com/repos/wanghui960122/news-admin,52686928,news-admin,N,TypeScript,2020-04-13 07:48:13,N,0,2021-02-28 06:16:49,N
158940956,https://api.github.com/repos/nextvis/gvis,56783748,gvis,A Javascript Canvas Library Power By Weeb(WIP),TypeScript,2020-04-26 02:32:02,N,0,2021-02-08 20:05:30,N
158941006,https://api.github.com/repos/anandm508/workspace_angular,39137884,workspace_angular,N,TypeScript,2020-04-13 07:38:22,N,0,2020-12-19 10:17:06,N
158941026,https://api.github.com/repos/metamore1/datetimepicker,35590283,datetimepicker,datetimepicker,TypeScript,2020-04-10 16:47:47,N,0,2020-12-19 10:16:54,N
158944833,https://api.github.com/repos/progressfirst/udacity-CloudDev-course-02-project,57443580,udacity-CloudDev-course-02-project,N,TypeScript,2020-04-11 09:03:08,N,0,2020-12-19 04:08:06,N
158945524,https://api.github.com/repos/Oluwatobiadeoye/udagram-microservice,33340054,udagram-microservice,N,TypeScript,2020-04-13 09:49:50,N,0,2020-12-20 15:45:16,N
158946324,https://api.github.com/repos/umetsu/learning-redux-toolkit,2264067,learning-redux-toolkit,N,TypeScript,2020-04-13 11:27:37,N,0,2020-06-15 14:32:17,N
158946965,https://api.github.com/repos/chiffre-io/template-website,52495969,template-website,Template website with Next.js & Chakra UI,TypeScript,2020-04-11 11:57:03,N,0,2021-03-01 20:53:33,N
158947193,https://api.github.com/repos/vinay1401/angular_example,39757398,angular_example,N,TypeScript,2020-04-13 11:56:32,N,0,2020-09-04 18:47:12,N
158947708,https://api.github.com/repos/SanjvKumar277/Angular_App,38999192,Angular_App,N,TypeScript,2020-04-13 12:07:51,N,0,2020-09-08 03:57:29,N
158947982,https://api.github.com/repos/dreiv/whatsapp-clone,4456752,whatsapp-clone,Reverse Engineering for WhatsApp Web,TypeScript,2020-04-01 04:47:52,N,0,2021-01-18 07:32:03,N
158948559,https://api.github.com/repos/AthomsLL/So_Pecocko,51710162,So_Pecocko,N,TypeScript,2020-04-13 13:03:08,N,0,2020-12-19 10:18:30,N
158948687,https://api.github.com/repos/shruthimanvachar/Angular-2-Solutions-Intermediate-Concepts,56625964,Angular-2-Solutions-Intermediate-Concepts,N,TypeScript,2020-04-13 13:01:00,N,0,2020-09-12 12:50:41,N
158949003,https://api.github.com/repos/mcullins/blue_book_front_end,44325876,blue_book_front_end,Created investment management company charting library using Angular 7,TypeScript,2020-04-13 13:18:11,N,0,2021-01-14 09:25:04,N
158949318,https://api.github.com/repos/e2e-boilerplate/wd-typescript-ts-node-webdriver-manager-ava,55674466,wd-typescript-ts-node-webdriver-manager-ava,"WD end-to-end test automation boilerplate, Using TypeScript, ts-node, Webdriver-Manager and AVA.",TypeScript,2020-04-10 01:26:28,N,0,2021-03-04 15:07:20,N
158949903,https://api.github.com/repos/ghofrane-tech/Fuse-v8.1.2-skeleton,57445058,Fuse-v8.1.2-skeleton,N,TypeScript,2020-04-13 13:28:02,N,0,2021-03-02 08:47:34,N
158950068,https://api.github.com/repos/AbedAlRahmanItani/JWT-Angular7,9300368,JWT-Angular7,A sample Angular 7 project to sign in a sign up with JWT,TypeScript,2020-04-13 14:01:27,N,0,2020-09-12 12:50:58,N
158950662,https://api.github.com/repos/onino-js/nice-pickers,45116336,nice-pickers,N,TypeScript,2020-04-13 14:18:09,N,0,2020-09-02 19:56:22,N
158950812,https://api.github.com/repos/jornooki/secia-app,8380595,secia-app,N,TypeScript,2020-04-13 14:21:28,N,0,2020-10-30 21:11:16,N
158953059,https://api.github.com/repos/brendeschuijmert/angular7-mail-provider,57445982,angular7-mail-provider,N,TypeScript,2020-04-13 16:00:06,N,0,2020-12-19 10:20:05,N
158954126,https://api.github.com/repos/mxd0s/gatsby-semantic-ts,46771276,gatsby-semantic-ts,N,TypeScript,2020-04-13 16:35:52,N,0,2021-01-21 15:57:31,N
158954265,https://api.github.com/repos/Black-Triple/triplespades,56721790,triplespades,This is POC to learn Python with MongoDB,TypeScript,2020-04-11 19:25:37,N,0,2020-10-02 08:46:20,N
158954778,https://api.github.com/repos/UdrugaLiberato/Liberato-frontend,57446472,Liberato-frontend,Frontend for Liberato made in React,TypeScript,2020-04-13 15:45:51,N,0,2021-02-28 12:35:31,N
158954968,https://api.github.com/repos/sundarshahi/testRtc,36789647,testRtc,N,TypeScript,2020-04-01 06:34:35,N,0,2021-03-03 11:19:00,N
158955953,https://api.github.com/repos/stanleyhor/botpress,12504151,botpress,N,TypeScript,2020-04-13 17:43:08,N,0,2020-09-04 18:44:00,N
158957232,https://api.github.com/repos/vsouto/mean-blog,986368,mean-blog,"MEAN simple blog - mongodb, express, angular, nodejs",TypeScript,2020-04-13 18:22:03,N,0,2020-09-12 12:53:45,N
158957477,https://api.github.com/repos/Dmckinney821/jobbin,40034266,jobbin,N,TypeScript,2020-04-13 17:39:32,N,0,2020-09-03 22:27:21,N
158957818,https://api.github.com/repos/ConciseConstructs/schedule-server-service,47370920,schedule-server-service,N,TypeScript,2020-04-13 19:07:26,N,0,2021-02-22 19:48:25,N
158958424,https://api.github.com/repos/Higenious/Apri,36966663,Apri,N,TypeScript,2020-04-01 07:28:28,N,0,2020-09-12 12:34:37,N
158959761,https://api.github.com/repos/kanikaghosh/github-9quhfh,57448145,github-9quhfh,Created with StackBlitz ⚡️,TypeScript,2020-04-13 20:32:08,N,0,2020-12-19 10:24:45,N
158960219,https://api.github.com/repos/Hano-Guru/Angular2-IP,53963626,Angular2-IP,angular 2 project showing github,TypeScript,2020-04-10 19:04:58,N,0,2020-09-12 12:55:20,N
158960454,https://api.github.com/repos/RaphaelGuimaraes/mean,8638287,mean,N,TypeScript,2020-04-13 17:16:22,N,0,2021-02-23 04:30:24,N
158962189,https://api.github.com/repos/matthewdabit/udagram-microservices,55742388,udagram-microservices,N,TypeScript,2020-04-13 22:05:36,N,0,2020-09-12 12:53:23,N
158964128,https://api.github.com/repos/AndreySupryaga/table-app,28468876,table-app,N,TypeScript,2020-04-01 09:02:40,N,0,2020-09-11 18:46:09,N
158964808,https://api.github.com/repos/vcctu85/udagram-microservice,11556465,udagram-microservice,N,TypeScript,2020-04-14 00:04:50,N,0,2020-09-12 12:54:02,N
158965624,https://api.github.com/repos/Yuta07/frey-dates,36219947,frey-dates,N,TypeScript,2020-04-25 15:49:21,N,0,2020-09-29 23:33:32,N
158965909,https://api.github.com/repos/emontezuma/sandon,45176875,sandon,"Aplicación ANDON, WIP y otros",TypeScript,2020-04-14 00:00:54,N,0,2021-01-26 20:44:15,N
158967142,https://api.github.com/repos/gangulagoutham/Ganga-Product-Management,22789616,Ganga-Product-Management,Angular Project,TypeScript,2020-04-11 18:56:56,N,0,2021-03-05 02:45:10,N
158968139,https://api.github.com/repos/melissa7days/weatherforecast,56866696,weatherforecast,N,TypeScript,2020-04-01 11:30:16,N,0,2020-05-25 16:09:14,N
158969232,https://api.github.com/repos/rahulselvam/Angular,43572846,Angular,N,TypeScript,2020-04-01 10:33:21,N,0,2020-09-12 11:21:43,N
158969295,https://api.github.com/repos/rgr19/Fullstack_Angular_Django_Nativescript_Heroko_Examples,52493653,Fullstack_Angular_Django_Nativescript_Heroko_Examples,N,TypeScript,2020-04-13 09:32:47,N,0,2020-09-12 12:51:47,N
158970173,https://api.github.com/repos/farfromrefug/nativescript-gps,28332,nativescript-gps,N,TypeScript,2020-04-29 13:19:21,N,0,2020-09-15 21:53:43,N
158970266,https://api.github.com/repos/chartwerk/bar-chart,57091946,bar-chart,N,TypeScript,2020-04-01 10:51:33,N,0,2020-12-30 20:20:17,N
158971967,https://api.github.com/repos/js-victor/cursoAngular,55689431,cursoAngular,Angular: De cero a experto creando aplicaciones (Angular 9+),TypeScript,2020-04-09 04:47:18,N,0,2021-01-01 15:49:26,N
158973460,https://api.github.com/repos/sabhishekpratap5/Angular_project,39945732,Angular_project,N,TypeScript,2020-04-13 12:02:47,N,0,2020-12-19 10:18:26,N
158974330,https://api.github.com/repos/mridul037/E-commerce-platform,37386815,E-commerce-platform,N,TypeScript,2020-04-25 15:24:09,N,0,2020-09-13 11:38:06,N
158974535,https://api.github.com/repos/masterblaster9/project_ud_refactor,57452543,project_ud_refactor,N,TypeScript,2020-04-13 12:19:18,N,0,2020-12-19 10:18:29,N
158974667,https://api.github.com/repos/Daniel348607/ligapro2020,57452578,ligapro2020,N,TypeScript,2020-04-13 03:48:00,N,0,2021-01-22 11:01:33,N
158979710,https://api.github.com/repos/Bryantellius/TS-Chirper,52935346,TS-Chirper,N,TypeScript,2020-04-01 13:23:47,N,0,2020-08-02 09:39:30,N
158982166,https://api.github.com/repos/BaineGames/udacity-nd0044-p4,33052124,udacity-nd0044-p4,Udacity Full Stack Developer Nanodegree - Project 4,TypeScript,2020-04-13 15:16:34,N,0,2020-09-11 19:42:25,N
158982860,https://api.github.com/repos/AsunSanLo/teams-education-samples,48307500,teams-education-samples,N,TypeScript,2020-04-01 14:17:48,N,0,2020-12-18 23:17:44,N
158983983,https://api.github.com/repos/ankushmetla007/User-Form-Angular-Nodejs,56425023,User-Form-Angular-Nodejs,N,TypeScript,2020-04-13 15:37:32,N,0,2020-12-18 23:34:14,N
158984806,https://api.github.com/repos/Ohlasy/darujme-bot,8123364,darujme-bot,Slack bot pro pravidelné hlášení darů,TypeScript,2020-04-01 14:49:12,N,0,2020-06-29 19:09:05,N
158985818,https://api.github.com/repos/sandy081/userdata-timeline-sample,6949588,userdata-timeline-sample,Userdata Timeline Sample ,TypeScript,2020-04-01 15:02:04,N,0,2020-07-21 15:17:21,N
158988826,https://api.github.com/repos/priya-jessy/AllAssignments,57240019,AllAssignments,N,TypeScript,2020-04-27 08:33:55,N,0,2021-01-21 02:16:30,N
158989478,https://api.github.com/repos/matheusBCordeiro/aprendendo-ingles-angularts,51898554,aprendendo-ingles-angularts,N,TypeScript,2020-04-01 16:10:11,N,0,2020-06-09 18:01:56,N
158991313,https://api.github.com/repos/csmanasa3108/angular_rest,55032308,angular_rest,full stack application development with angular and spring boot,TypeScript,2020-04-13 18:24:39,N,0,2020-12-19 10:21:21,N
158992488,https://api.github.com/repos/limebrains/marketplace-frontend,30722420,marketplace-frontend,N,TypeScript,2020-04-01 17:08:21,N,0,2021-01-20 17:30:39,N
158992836,https://api.github.com/repos/HandsOnLearning/project-template,57457525,project-template,N,TypeScript,2020-04-29 18:15:22,N,0,2020-06-14 23:17:03,N
158994460,https://api.github.com/repos/kpfromer/cu-api,8549720,cu-api,An API for CU Boulder students.,TypeScript,2020-04-13 19:12:02,N,0,2021-02-24 16:00:37,N
158995242,https://api.github.com/repos/amit2k761/single-spa-angular,44621094,single-spa-angular,N,TypeScript,2020-04-01 18:00:01,N,0,2020-12-19 08:25:11,N
158996715,https://api.github.com/repos/crazy-max/ghaction-virustotal,602579,ghaction-virustotal,:octocat: GitHub Action to upload and scan files with VirusTotal,TypeScript,2020-04-27 16:06:21,N,0,2021-03-04 23:36:19,N
158997770,https://api.github.com/repos/baswag/rapla-parser-ts,10723253,rapla-parser-ts,A parser for RAPLA written in Typescript,TypeScript,2020-04-10 17:06:30,N,0,2021-01-02 09:33:25,N
159001085,https://api.github.com/repos/Vikrams7/VisualStudio,57459917,VisualStudio,This one is cloned from command line,TypeScript,2020-04-13 22:22:37,N,0,2021-01-28 21:58:18,N
159004700,https://api.github.com/repos/MarceloNunesAlves/grafana,40531934,grafana,"The tool for beautiful monitoring and metric analytics & dashboards for Graphite, InfluxDB & Prometheus & More",TypeScript,2020-04-29 18:41:31,9527814,0,2020-07-01 00:57:45,1566966491
159005031,https://api.github.com/repos/qidian99/Knowledge-Master-Backend,39259016,Knowledge-Master-Backend,Backend for the Wechat Mini-Program Knowledge Master,TypeScript,2020-04-26 20:06:23,N,0,2020-12-19 11:59:53,N
159005057,https://api.github.com/repos/LGoyvaerts/lorris-real-estate,33889892,lorris-real-estate,N,TypeScript,2020-04-29 19:13:48,N,0,2021-03-03 05:50:15,N
159005112,https://api.github.com/repos/mtiyz/site-box,56337925,site-box,N,TypeScript,2020-04-22 13:03:31,N,0,2020-06-23 18:14:01,N
159006456,https://api.github.com/repos/KrzysztofCzopek/Iron-Sagas,36791457,Iron-Sagas,Created with CodeSandbox,TypeScript,2020-04-28 15:31:28,N,0,2020-09-12 15:05:34,N
159006965,https://api.github.com/repos/danielroe/nuxt-composition-api,38885299,nuxt-composition-api,Composition API hooks for Nuxt.,TypeScript,2020-04-27 19:40:36,N,0,2020-08-04 14:47:51,N
159011879,https://api.github.com/repos/emilgoldsmith/SpeedcubingTrainer,30509401,SpeedcubingTrainer,N,TypeScript,2020-04-29 20:58:05,N,0,2021-03-01 11:57:33,N
159012203,https://api.github.com/repos/Anwesh43/linked-dropped-bar-ts,4591955,linked-dropped-bar-ts,N,TypeScript,2020-04-01 23:34:37,N,0,2020-04-29 23:41:31,N
159012432,https://api.github.com/repos/Umoya-ai/Documentation,54878401,Documentation,"Web portal on guides, use-case(s) and documentation for MLW and UMOYA",TypeScript,2020-04-14 04:52:27,N,0,2020-09-12 12:57:56,N
159012455,https://api.github.com/repos/QueensCoder/ts-context-api,37258928,ts-context-api,ts counter using context api,TypeScript,2020-04-01 23:38:54,N,0,2020-05-27 02:13:16,N
159012920,https://api.github.com/repos/manish-jadli/angularRoutingFilter,51584673,angularRoutingFilter,N,TypeScript,2020-04-14 05:05:25,N,0,2020-12-19 10:26:46,N
159017557,https://api.github.com/repos/DM-be/PubSub-IOT,57385664,PubSub-IOT,An IOT project using MQTT on an Arduino to detect movement and sound measurements.,TypeScript,2020-04-14 08:11:48,N,0,2021-01-22 11:02:48,N
159018217,https://api.github.com/repos/mwjsys02/mwjstc,57464915,mwjstc,N,TypeScript,2020-04-02 01:32:02,N,0,2021-01-03 02:33:47,N
159018541,https://api.github.com/repos/yagoag/postchest,2200134,postchest,A small blogging platform build with React,TypeScript,2020-04-02 01:38:09,N,0,2021-02-23 08:34:27,N
159021092,https://api.github.com/repos/edabot/server-clone,1726850,server-clone,N,TypeScript,2020-04-01 00:51:34,N,0,2021-03-02 10:40:35,N
159021123,https://api.github.com/repos/koko57/coffee_shop,35601939,coffee_shop,FSND coffee shop full stack app,TypeScript,2020-04-14 10:50:09,N,0,2020-09-12 12:59:03,N
159024165,https://api.github.com/repos/clearloop/Maskbook,48343157,Maskbook,Make Privacy Protected Again. ([I:b]),TypeScript,2020-04-29 19:35:11,132825545,0,2020-06-14 23:58:37,1567174077
159024731,https://api.github.com/repos/chandraveer24/fullstack-with-springboot-angular,41675010,fullstack-with-springboot-angular,Front end with angular and using Spring boot for creating micro services and also securing application with Spring Security using JWT and authentication,TypeScript,2020-04-14 14:27:00,N,0,2020-12-19 10:29:12,N
159025150,https://api.github.com/repos/Nineeshcv/Repo_WebComponent,57466858,Repo_WebComponent,Repo for WepComponent App,TypeScript,2020-04-01 11:19:59,N,0,2020-09-12 11:24:30,N
159026018,https://api.github.com/repos/liketurbo/chrome-console-calculator,37601754,chrome-console-calculator,"A Google Chrome extension, console calculator.",TypeScript,2020-04-14 17:48:18,N,0,2020-08-24 19:28:52,N
159026117,https://api.github.com/repos/ivanjankovic/coffee-shop-full-stack,49841752,coffee-shop-full-stack,N,TypeScript,2020-04-14 17:52:17,N,0,2020-09-12 13:00:13,N
159028238,https://api.github.com/repos/rodrigosilvaluz/TheiaForkVSCODE,47527638,TheiaForkVSCODE,N,TypeScript,2020-04-01 12:30:13,N,0,2020-04-30 02:08:03,N
159028277,https://api.github.com/repos/rembrandtreyes/neo-github,33073288,neo-github,A more stylish github profile page,TypeScript,2020-04-14 21:43:24,N,0,2021-01-31 20:03:41,N
159028848,https://api.github.com/repos/IanSeng/angular,46024273,angular,N,TypeScript,2020-04-15 01:15:11,N,0,2020-09-01 07:19:30,N
159029009,https://api.github.com/repos/LandMarkTi/ADAM.V4,56637386,ADAM.V4,ADAM.V4,TypeScript,2020-04-15 01:17:19,N,0,2020-09-12 13:07:04,N
159038833,https://api.github.com/repos/kjivan/covidstats,2901739,covidstats,N,TypeScript,2020-04-19 15:15:43,N,0,2021-02-24 06:51:24,N
159040337,https://api.github.com/repos/smallbatchdevs/9-firebase-cloud-functions,54840290,9-firebase-cloud-functions,N,TypeScript,2020-04-12 21:45:53,N,0,2021-03-01 22:14:55,N
159041150,https://api.github.com/repos/Paymer/Angular-course,36780608,Angular-course,N,TypeScript,2020-04-01 16:11:20,N,0,2020-04-30 03:59:28,N
159047242,https://api.github.com/repos/lapolinar/ethereumjs-vm,36209448,ethereumjs-vm,The Ethereum VM implemented in Javascript,TypeScript,2020-04-30 02:20:04,30026437,0,2020-06-25 16:59:10,1560949492
159049025,https://api.github.com/repos/officialum1/try,57400370,try,N,TypeScript,2020-04-01 16:59:40,N,0,2020-09-13 06:18:37,N
159049316,https://api.github.com/repos/DouglasFuelber/gostack-github-explorer-web,9850463,gostack-github-explorer-web,Github Explorer - Um explorador de repositórios do Github,TypeScript,2020-04-21 02:01:21,N,0,2021-01-07 05:27:55,N
159051920,https://api.github.com/repos/nchandran030/spa-microfrontend,36432031,spa-microfrontend,N,TypeScript,2020-04-14 14:55:08,N,0,2021-02-16 18:15:47,N
159057926,https://api.github.com/repos/eduwr/typescript_course,52885057,typescript_course,N,TypeScript,2020-04-14 15:27:33,N,0,2021-01-07 04:46:13,N
159063424,https://api.github.com/repos/giacomocostarelli/tass-frontend,46604688,tass-frontend,tass-2020,TypeScript,2020-04-19 15:37:35,N,0,2021-03-01 22:15:36,N
159066423,https://api.github.com/repos/khakholin/fatykhov-course-backend,52309942,fatykhov-course-backend,Course portal [BACKEND],TypeScript,2020-04-29 13:54:37,N,0,2020-06-14 22:32:38,N
159066530,https://api.github.com/repos/khakholin/fatykhov-course-frontend,52309942,fatykhov-course-frontend,Course portal [FRONTEND],TypeScript,2020-04-26 06:28:13,N,0,2020-06-15 00:47:46,N
159066779,https://api.github.com/repos/brsalviano/estudo-angular,31453686,estudo-angular,N,TypeScript,2020-04-09 12:46:11,N,0,2020-08-02 00:02:58,N
159079395,https://api.github.com/repos/davidthor/ory-kratos-test,2730485,ory-kratos-test,Test repository for prototyping Ory Kratos w/ Architect.io,TypeScript,2020-04-01 19:56:47,N,0,2021-01-07 16:03:12,N
159082433,https://api.github.com/repos/andrecampll/GoMarketplace,53807150,GoMarketplace,Desafio GoMarketplace,TypeScript,2020-04-25 18:09:28,N,0,2021-01-07 05:51:59,N
159084370,https://api.github.com/repos/tbone7243/PF_FEFAngular_L03HandsOn,53044024,PF_FEFAngular_L03HandsOn,Programming Foundations JavaScript Lesson 3 Introduction To Angular Practice Hands On,TypeScript,2020-04-14 17:40:33,N,0,2020-09-12 13:01:08,N
159085305,https://api.github.com/repos/dra2020/fn-computesplits,52737889,fn-computesplits,AWS Lambda project for lambda for computing block splits,TypeScript,2020-04-01 21:37:05,N,0,2021-01-21 21:54:29,N
159085783,https://api.github.com/repos/1natsu172/eslint-summer,3940803,eslint-summer,The never ending summer of lint.,TypeScript,2020-04-25 17:54:53,N,0,2021-02-07 14:01:52,N
159086854,https://api.github.com/repos/JupiterOne/graph-pagerduty,2149422,graph-pagerduty,A graph conversion tool for https://www.pagerduty.com/,TypeScript,2020-04-17 15:06:35,N,0,2021-01-19 04:19:57,N
159086947,https://api.github.com/repos/pisaje/moodleapp,11843237,moodleapp,N,TypeScript,2020-04-02 03:17:19,N,0,2020-04-30 07:39:08,N
159087365,https://api.github.com/repos/DanielKovalevich/Paperback-Sources,35269915,Paperback-Sources,N,TypeScript,2020-04-29 22:58:35,N,0,2020-06-15 00:00:38,N
159088938,https://api.github.com/repos/billodiallo/Quotes,53991051,Quotes,N,TypeScript,2020-04-01 04:22:46,N,0,2020-09-12 11:37:17,N
159089570,https://api.github.com/repos/exeto/exeform,2248482,exeform,Forms with minimum code and maximum performance,TypeScript,2020-04-29 05:07:20,N,0,2021-03-01 04:27:37,N
159091340,https://api.github.com/repos/boffti/coffee_shop,4152923,coffee_shop,N,TypeScript,2020-04-14 20:00:49,N,0,2020-09-12 13:01:05,N
159092691,https://api.github.com/repos/rrmhearts/web-components-stencil,8418968,web-components-stencil,Web components and Stencil.js tutorial and commit notes.,TypeScript,2020-04-07 20:41:56,N,0,2020-12-19 10:32:48,N
159093160,https://api.github.com/repos/DylanTeugels-r0663682/angular-course,39856968,angular-course,N,TypeScript,2020-04-01 07:58:58,N,0,2020-09-12 11:19:41,N
159095341,https://api.github.com/repos/manualed/adn-coins,57485040,adn-coins,adn-coins,TypeScript,2020-04-14 20:50:54,N,0,2020-12-19 10:33:27,N
159095858,https://api.github.com/repos/twittwer/nx-tools,5019060,nx-tools,N,TypeScript,2020-04-19 15:00:31,N,0,2021-02-01 15:51:16,N
159097094,https://api.github.com/repos/rvalim/mlk-cqrc,4461638,mlk-cqrc,N,TypeScript,2020-04-14 20:22:04,N,0,2021-01-08 17:29:14,N
159099305,https://api.github.com/repos/icaroiraku/Angular,45418603,Angular,Angular testes,TypeScript,2020-04-14 22:11:10,N,0,2020-09-08 04:02:37,N
159099855,https://api.github.com/repos/Sindhu-Parkavi-Raghunathan/Independent-Development,57486816,Independent-Development,Microservices Architecture,TypeScript,2020-04-14 22:18:13,N,0,2020-12-19 10:33:11,N
159100591,https://api.github.com/repos/aarsh64/cloud-developer,50927025,cloud-developer,N,TypeScript,2020-04-14 22:37:03,N,0,2020-12-18 23:34:29,N
159100908,https://api.github.com/repos/shpsyte/rocketseat,30973479,rocketseat,N,TypeScript,2020-04-13 20:37:06,N,0,2021-01-07 04:40:06,N
159101546,https://api.github.com/repos/hoanglv92/module5,52669900,module5,N,TypeScript,2020-04-28 08:45:37,N,0,2020-09-05 02:38:45,N
159104770,https://api.github.com/repos/dddeok/next-with-redux,40610245,next-with-redux,next-with-redux,TypeScript,2020-04-14 03:20:56,N,0,2021-01-07 05:03:01,N
159105231,https://api.github.com/repos/camp-team/tsumiage,57481085,tsumiage,N,TypeScript,2020-04-13 07:06:46,N,0,2020-06-19 21:06:30,N
159108273,https://api.github.com/repos/akwanmaroso/task-management,49192724,task-management,N,TypeScript,2020-04-26 04:39:47,N,0,2021-02-17 22:30:11,N
159108786,https://api.github.com/repos/raftario/pasrel,46070430,pasrel,"A typed, composable, web server framework totally ripped off seanmonstar's warp",TypeScript,2020-04-29 03:58:56,N,0,2020-12-09 15:22:58,N
159110088,https://api.github.com/repos/Consile/Angular-CH03,56253449,Angular-CH03,N,TypeScript,2020-04-02 06:17:20,N,0,2020-09-12 11:27:56,N
159114683,https://api.github.com/repos/JamesRexMiller4/auth-coffee-shop,51768988,auth-coffee-shop,"A fullstack web app that implements Auth0, Ionic, and RBACs",TypeScript,2020-04-15 04:47:13,N,0,2020-09-12 13:02:58,N
159114793,https://api.github.com/repos/Alonsogcl/material-angular-dashboard-master,56795957,material-angular-dashboard-master,NUTRIWALLET,TypeScript,2020-04-15 04:38:41,N,0,2020-10-23 07:04:06,N
159116363,https://api.github.com/repos/twisted-gg/twisted-common,57493599,twisted-common,Common utilities for twisted backends,TypeScript,2020-04-15 05:57:32,N,0,2020-09-12 21:20:32,N
159119604,https://api.github.com/repos/jeruji/nestjs-course,11855361,nestjs-course,N,TypeScript,2020-04-15 06:42:42,N,0,2020-09-08 04:03:35,N
159120768,https://api.github.com/repos/sweatC/OpenWeather,10136440,OpenWeather,N,TypeScript,2020-04-15 09:43:30,N,0,2020-09-06 04:32:19,N
159121686,https://api.github.com/repos/uiwjs/react-mac-keyboard,49539008,react-mac-keyboard,Macbook computer keyboard style for react component.,TypeScript,2020-04-30 09:55:12,N,0,2021-02-25 18:38:00,N
159122226,https://api.github.com/repos/melissa7days/spotify,56866696,spotify,N,TypeScript,2020-04-02 09:19:09,N,0,2020-05-26 20:03:04,N
159124598,https://api.github.com/repos/donkeykong91/largeapp,10330243,largeapp,N,TypeScript,2020-04-14 17:37:40,N,0,2020-10-23 07:04:36,N
159127167,https://api.github.com/repos/Einfach-Gaming/egmrp-daemon,56728320,egmrp-daemon,"Daemon for the EGM:RP roleplay framework, mainly used for multi server networking.",TypeScript,2020-04-15 14:34:34,N,0,2021-02-24 15:55:51,N
159127318,https://api.github.com/repos/VOffoma/cloud-developer,32904104,cloud-developer,N,TypeScript,2020-04-15 14:41:28,N,0,2021-01-03 22:06:32,N
159127597,https://api.github.com/repos/wallablock/wb-blockchain,57177397,wb-blockchain,N,TypeScript,2020-04-02 10:43:28,N,0,2020-06-10 22:13:48,N
159128339,https://api.github.com/repos/sunya9/extract-color-properties,3898589,extract-color-properties,extract properties related to color from CSS,TypeScript,2020-04-15 00:46:46,N,0,2020-08-27 07:11:32,N
159128396,https://api.github.com/repos/tbone7243/PF_FEFAngular_L04HandsOn,53044024,PF_FEFAngular_L04HandsOn,Programming Foundations JavaScript Lesson 4 Introduction To Angular Hands On Worth 45 Points,TypeScript,2020-04-15 13:11:08,N,0,2020-09-06 04:45:32,N
159128911,https://api.github.com/repos/plaffey/au-input,8817645,au-input,N,TypeScript,2020-04-15 16:25:31,N,0,2020-09-12 13:09:03,N
159129284,https://api.github.com/repos/saviomuniz/store-block,51594876,store-block,N,TypeScript,2020-04-30 11:24:33,N,0,2020-12-19 13:19:09,N
159129901,https://api.github.com/repos/tbone7243/PF_FEFAngular_L05,53044024,PF_FEFAngular_L05,Programming Foundations JavaScript Introduction To Angular Lesson 5 Components And Services Continued,TypeScript,2020-04-15 16:53:57,N,0,2020-09-05 02:11:07,N
159130162,https://api.github.com/repos/denisdinu/store-block,47563907,store-block,N,TypeScript,2020-04-30 11:34:26,N,0,2020-10-01 12:07:56,N
159130513,https://api.github.com/repos/hyldmo/utm-param-generator,42795315,utm-param-generator,N,TypeScript,2020-04-02 11:35:15,N,0,2020-05-27 02:42:01,N
159131062,https://api.github.com/repos/ithkkeii/hacker-challenge,46922705,hacker-challenge,N,TypeScript,2020-04-14 15:45:34,N,0,2021-03-04 10:41:10,N
159131303,https://api.github.com/repos/profjordanov/Typescript-Core-Language,12127825,Typescript-Core-Language,N,TypeScript,2020-04-14 04:16:53,N,0,2021-01-29 09:40:12,N
159132546,https://api.github.com/repos/xibitdigital/timesheet,33970987,timesheet,N,TypeScript,2020-04-15 15:19:50,N,0,2021-01-07 13:11:17,N
159132664,https://api.github.com/repos/tbone7243/PF_FEFAngular_L05HandsOn,53044024,PF_FEFAngular_L05HandsOn,Programming Foundations JavaScript Introduction To Angular Lesson 5 Components And Services Hands On Worth 45 Points,TypeScript,2020-04-15 20:15:38,N,0,2020-09-05 02:12:02,N
159133455,https://api.github.com/repos/remorses/actions-cli,37761268,actions-cli,Real time Github actions status directly in your terminal,TypeScript,2020-04-28 17:08:12,N,0,2021-01-20 09:27:37,N
159134580,https://api.github.com/repos/covidtop/covidtop,57498971,covidtop,N,TypeScript,2020-04-28 10:59:53,N,0,2020-08-23 09:04:55,N
159134793,https://api.github.com/repos/nescobedo/angular-tour-of-heroes,1541706,angular-tour-of-heroes,My first run through of Angular's introductory crud tutorial,TypeScript,2020-04-15 22:50:59,N,0,2020-12-19 10:41:50,N
159134938,https://api.github.com/repos/enterprise-ui/cra-ts-styled-boilerplate,56379785,cra-ts-styled-boilerplate,Create React App + Typescript + Styled-Components + StoryBook Boilerplate,TypeScript,2020-04-29 20:41:07,N,0,2020-12-19 12:27:02,N
159136557,https://api.github.com/repos/axell-brendow/super-store,48178897,super-store,A PWA (Progressive Web Application) that I did in an Angular course at Udemy,TypeScript,2020-04-16 00:26:33,N,0,2020-10-09 01:01:12,N
159136885,https://api.github.com/repos/ninojaquino/NodeRestClient,51847984,NodeRestClient,N,TypeScript,2020-04-16 00:14:48,N,0,2020-10-23 07:06:32,N
159137050,https://api.github.com/repos/kjljxybr/nodejs-sandbox,45338124,nodejs-sandbox,sandbox for node.js stuff,TypeScript,2020-04-02 13:29:40,N,0,2020-12-10 17:19:24,N
159137693,https://api.github.com/repos/dvsa/cvs-tsk-edh-marshaller,32860182,cvs-tsk-edh-marshaller,handles update requests destined for EDH and pipes them to SQS queues,TypeScript,2020-04-02 13:42:28,N,0,2021-02-11 13:18:43,N
159137801,https://api.github.com/repos/22-Pig/Angular_study,57169014,Angular_study,N,TypeScript,2020-04-02 13:44:56,N,0,2020-09-11 22:18:13,N
159138058,https://api.github.com/repos/psatler/barbershop-backend,1464199,barbershop-backend,Nodejs backend of a barbershop-like type of app leveraging Typescript and SOLID principles,TypeScript,2020-04-14 02:55:53,N,0,2020-12-10 17:28:42,N
159139469,https://api.github.com/repos/pmarignan/store-block,42446093,store-block,N,TypeScript,2020-04-30 11:41:13,N,0,2020-12-19 16:35:14,N
159140508,https://api.github.com/repos/SharmaAishwarya/shopping-cart,56721542,shopping-cart,A front-end application made with Angular 6.,TypeScript,2020-04-09 20:15:01,N,0,2020-12-19 10:35:05,N
159141315,https://api.github.com/repos/metaljojo/testcovidx1,51832615,testcovidx1,N,TypeScript,2020-04-15 10:04:21,N,0,2020-12-21 11:48:52,N
159142172,https://api.github.com/repos/AbelDasi/plantillaAdmin,39439226,plantillaAdmin,N,TypeScript,2020-04-15 10:23:25,N,0,2020-12-06 00:39:46,N
159142608,https://api.github.com/repos/Gwork1132/medi,54654151,medi,N,TypeScript,2020-04-15 10:40:14,N,0,2020-12-19 10:37:06,N
159143820,https://api.github.com/repos/jgw96/liveCanvas,5386272,liveCanvas,N,TypeScript,2020-04-02 15:45:52,N,0,2021-03-05 00:37:15,N
159146263,https://api.github.com/repos/fsergio/ngx-admin,41000632,ngx-admin,N,TypeScript,2020-04-02 16:38:45,N,0,2020-06-12 03:32:56,N
159146628,https://api.github.com/repos/ecosse3/Blog-Angular-Strapi-GraphQL,42186032,Blog-Angular-Strapi-GraphQL,Travel blog with search flights and Google Maps API integration,TypeScript,2020-04-02 16:45:32,N,0,2021-03-02 10:15:12,N
159147467,https://api.github.com/repos/crisvtex/store-block,52430163,store-block,N,TypeScript,2020-04-30 14:22:20,N,0,2020-10-16 17:14:28,N
159148803,https://api.github.com/repos/donohoea/ngrx-data-idb,1337821,ngrx-data-idb,Extends NGRX Data with an IndexedDB database for long offline persistence and re-hydration. ,TypeScript,2020-04-02 17:33:58,N,0,2020-04-30 16:43:09,N
159148945,https://api.github.com/repos/taroshun32/todoapp-openapi,57006834,todoapp-openapi,タスク管理アプリ用API定義,TypeScript,2020-04-14 16:07:38,N,0,2020-06-24 02:47:23,N
159149063,https://api.github.com/repos/DM-be/RacingGame-frontend,57385664,RacingGame-frontend,The frontend for the racing game built for the foundation .NET course.,TypeScript,2020-04-15 13:20:16,N,0,2020-12-19 10:38:28,N
159149247,https://api.github.com/repos/rajsibi7/JobCrud_UI_ng,12519758,JobCrud_UI_ng,"Demo proj in CRUD operation UI, nestJs and Mongo. this repository contains UI code.",TypeScript,2020-04-16 02:37:00,N,0,2020-09-12 13:12:37,N
159150537,https://api.github.com/repos/5000164/base,3316109,base,N,TypeScript,2020-04-13 11:39:20,N,0,2021-02-18 13:02:52,N
159151505,https://api.github.com/repos/elijahjcobb/virtual-choir-backend,50526323,virtual-choir-backend,N,TypeScript,2020-04-02 18:28:09,N,0,2020-05-27 02:28:50,N
159154104,https://api.github.com/repos/iooxa/components,56198535,components,"Components for interactive scientific writing, reactive documents and explorable explanations.",TypeScript,2020-04-15 15:09:03,N,0,2021-02-09 04:01:19,N
159156732,https://api.github.com/repos/brayanespitia/angiegram,55863117,angiegram,red social para web,TypeScript,2020-04-08 18:31:39,N,0,2020-12-18 23:28:03,N
159161243,https://api.github.com/repos/terumik/ng-collor-palette-api,38253176,ng-collor-palette-api,N,TypeScript,2020-04-16 03:18:38,N,0,2020-12-19 10:44:01,N
159164070,https://api.github.com/repos/melissa7days/spotifyapp,56866696,spotifyapp,N,TypeScript,2020-04-02 22:57:01,N,0,2020-05-27 06:32:05,N
159165955,https://api.github.com/repos/iwaQwQ/Q-Bot,55301276,Q-Bot,Custom Discord Bot made for Qumu's Discord Server,TypeScript,2020-04-30 14:50:58,N,0,2020-06-15 04:18:26,N
159168281,https://api.github.com/repos/sprout2000/electron-boilerplate,35405138,electron-boilerplate,Electron + TypeScript + React Boilerplate,TypeScript,2020-04-02 23:56:54,N,0,2020-06-09 11:06:39,N
159169588,https://api.github.com/repos/lekan009/kite,8669562,kite,N,TypeScript,2020-04-03 00:19:50,N,0,2020-04-30 19:53:43,N
159170655,https://api.github.com/repos/tbone7243/PF_FEFAngular_L04,53044024,PF_FEFAngular_L04,Programming Foundations JavaScript Introduction To Angular Lesson 4 Components And Services,TypeScript,2020-04-14 18:52:44,N,0,2020-09-05 02:16:11,N
159170996,https://api.github.com/repos/cuianthony/andor-game,38931857,andor-game,"Web version of the Legends of Andor boardgame, built with Phaser3",TypeScript,2020-04-29 21:59:09,N,0,2021-01-22 11:12:30,N
159172525,https://api.github.com/repos/mm-atom/awx000011,55755272,awx000011,N,TypeScript,2020-04-03 01:03:00,N,0,2020-05-28 21:27:06,N
159172624,https://api.github.com/repos/JuliaFong/forms-start-practice,44249064,forms-start-practice,N,TypeScript,2020-04-15 20:11:56,N,0,2020-09-12 13:10:45,N
159173549,https://api.github.com/repos/mm-atom/awx000013,55755272,awx000013,N,TypeScript,2020-04-03 01:21:10,N,0,2020-06-07 03:17:22,N
159174728,https://api.github.com/repos/mm-atom/awx000014,55755272,awx000014,N,TypeScript,2020-04-03 01:43:18,N,0,2020-05-29 02:12:59,N
159177746,https://api.github.com/repos/Darantir/angular-reddit-myversion,41617050,angular-reddit-myversion,Created with StackBlitz ⚡️,TypeScript,2020-04-02 10:23:19,N,0,2020-05-26 21:07:23,N
159178409,https://api.github.com/repos/pdd-jiama/axios-lite,46445323,axios-lite,pdd-jiama/axios-lite,TypeScript,2020-04-03 02:05:48,N,0,2020-05-23 19:54:27,N
159179735,https://api.github.com/repos/kapitanluffy/codecubed-task,900490,codecubed-task,N,TypeScript,2020-04-15 23:01:36,N,0,2021-01-07 04:53:27,N
159179763,https://api.github.com/repos/jorgemauro/store-block,9735070,store-block,N,TypeScript,2020-04-30 19:18:58,N,0,2020-12-19 16:44:05,N
159182818,https://api.github.com/repos/phongtt1997/Angular-KnowledgeSpace,57511579,Angular-KnowledgeSpace,Angular-KnowledgeSpace,TypeScript,2020-04-15 03:32:58,N,0,2020-09-12 13:03:48,N
159183902,https://api.github.com/repos/unframework/telepresence-chrome,1339848,telepresence-chrome,N,TypeScript,2020-04-15 04:17:01,N,0,2020-08-02 10:27:01,N
159184527,https://api.github.com/repos/viceice/python-builds,257348,python-builds,prebuild python releases,TypeScript,2020-04-30 13:34:43,N,0,2020-06-15 04:21:43,N
159185412,https://api.github.com/repos/anamikamaurya/udacity-c3-project-refactor-udagram-microservices,49867019,udacity-c3-project-refactor-udagram-microservices,This project is a part of Udacity Cloud Developer Nanodegree program to convert a monolith app Udagram into micro services architecture.,TypeScript,2020-04-14 12:00:08,N,0,2020-07-20 19:40:28,N
159185828,https://api.github.com/repos/grafana/simple-datasource-backend,3879989,simple-datasource-backend,Boilerplate data source with backend example,TypeScript,2020-04-24 11:46:53,N,0,2020-10-30 00:21:05,N
159186078,https://api.github.com/repos/pelikhan/heartbeat,5116436,heartbeat,A cool micro:bit demo,TypeScript,2020-04-30 17:57:44,N,0,2020-06-15 07:52:21,N
159186419,https://api.github.com/repos/Addono/container-registry-proxy,11605886,container-registry-proxy,A simple proxy for container registries.,TypeScript,2020-04-30 06:52:43,N,0,2021-02-27 04:20:54,N
159186443,https://api.github.com/repos/twisted-gg/twisted-summoner-api,57493599,twisted-summoner-api,Twisted summoner api (working 100%),TypeScript,2020-04-15 06:07:05,N,0,2020-09-13 10:07:47,N
159186737,https://api.github.com/repos/SkyHeads/all-gostack11,50882494,all-gostack11,All challenges of Bootcamp GoStack11,TypeScript,2020-04-16 19:33:31,N,0,2021-01-02 02:58:09,N
159188175,https://api.github.com/repos/shlokashah/Rhea,45209920,Rhea,Real Time Revision Assistant For Courses,TypeScript,2020-04-02 13:45:56,N,0,2021-01-12 14:14:55,N
159189375,https://api.github.com/repos/ELITR/wmt20-elitr-testsuite,48870112,wmt20-elitr-testsuite,This repository contains the WMT20 Testsuite on Agreements.,TypeScript,2020-04-28 13:54:31,N,0,2021-01-11 06:57:05,N
159191320,https://api.github.com/repos/mm-atom/awx000017,55755272,awx000017,N,TypeScript,2020-04-03 02:31:41,N,0,2020-06-07 03:17:34,N
159191419,https://api.github.com/repos/mm-atom/awx000019,55755272,awx000019,N,TypeScript,2020-04-03 02:32:04,N,0,2020-06-07 03:17:40,N
159191427,https://api.github.com/repos/mm-atom/awx000018,55755272,awx000018,N,TypeScript,2020-04-03 02:31:54,N,0,2020-06-07 03:17:36,N
159191522,https://api.github.com/repos/mm-atom/awx000020,55755272,awx000020,N,TypeScript,2020-04-03 02:32:12,N,0,2020-06-07 03:17:43,N
159191634,https://api.github.com/repos/mm-atom/awx000021,55755272,awx000021,N,TypeScript,2020-04-03 02:32:25,N,0,2020-05-29 03:21:15,N
159191764,https://api.github.com/repos/mm-atom/awx000022,55755272,awx000022,N,TypeScript,2020-04-03 02:32:34,N,0,2020-06-07 03:17:49,N
159191891,https://api.github.com/repos/mm-atom/awx000024,55755272,awx000024,N,TypeScript,2020-04-03 02:32:51,N,0,2020-06-07 03:18:06,N
159192352,https://api.github.com/repos/bgaleotti/react-query-native-devtools,51777,react-query-native-devtools,N,TypeScript,2020-04-19 01:05:02,N,0,2021-02-04 07:57:46,N
159195088,https://api.github.com/repos/Hisham-TK/Node-TS-Recomendation-System,44943205,Node-TS-Recomendation-System,"Build a recommendation system with native TypeScript code, implements the collaborative filtering",TypeScript,2020-04-03 02:38:52,N,0,2021-03-05 05:44:00,N
159195139,https://api.github.com/repos/bbonkr/react-sample-credit-card-view,3130182,react-sample-credit-card-view,Created with CodeSandbox,TypeScript,2020-04-16 05:10:14,N,0,2021-03-02 02:24:08,N
159195561,https://api.github.com/repos/gengxin1995/ts-axios,13234494,ts-axios,N,TypeScript,2020-04-02 15:44:17,N,0,2020-05-27 00:52:44,N
159197699,https://api.github.com/repos/openhive-network/dhive,55890773,dhive,dhive library - mirror of https://gitlab.syncad.com/hive/dhive,TypeScript,2020-04-16 07:45:39,N,0,2021-03-04 14:46:19,N
159198029,https://api.github.com/repos/VladBohdan/TeachingAngular,56965604,TeachingAngular,TeachingAngular,TypeScript,2020-04-16 07:39:56,N,0,2020-09-11 21:04:01,N
159198144,https://api.github.com/repos/K-FOSS/TS-ESTests,51855393,TS-ESTests,Lightweight testing framework for use with @K-FOSS/TS-ESNode,TypeScript,2020-04-02 16:29:47,N,0,2021-02-27 08:55:49,N
159198933,https://api.github.com/repos/LaythJaber/LaythJaber.github.io,44366930,LaythJaber.github.io,N,TypeScript,2020-04-16 08:35:25,N,0,2021-03-01 22:14:39,N
159199007,https://api.github.com/repos/groovetch/adjuno-template,56650597,adjuno-template,N,TypeScript,2020-04-16 03:11:58,N,0,2021-01-07 11:32:53,N
159199043,https://api.github.com/repos/47ng/sneakoscope,46158263,sneakoscope,Explore NDJSON logs in your browser,TypeScript,2020-04-18 11:56:19,N,0,2021-01-06 21:35:51,N
159199789,https://api.github.com/repos/e2e-boilerplate/puppeteer-typescript-ts-jest-jest-assert,55674466,puppeteer-typescript-ts-jest-jest-assert,"Puppeteer end-to-end test automation boilerplate, Using TypeScript, ts-jest, Jest and Assert.",TypeScript,2020-04-12 20:39:38,N,0,2021-03-04 17:02:34,N
159200147,https://api.github.com/repos/trem7/angular-forms,12397863,angular-forms,Academind angular forms section,TypeScript,2020-04-02 17:10:11,N,0,2020-05-27 01:49:59,N
159200181,https://api.github.com/repos/maurya2753543/AMTRUST-WEB,52910673,AMTRUST-WEB,N,TypeScript,2020-04-16 10:10:23,N,0,2020-12-19 10:45:51,N
159201216,https://api.github.com/repos/protronic/Ang7LSM6,45875652,Ang7LSM6,N,TypeScript,2020-04-16 10:54:16,N,0,2021-01-02 09:18:27,N
159201666,https://api.github.com/repos/deepayankundu6/CustomerManagementSystem,52424422,CustomerManagementSystem,N,TypeScript,2020-04-10 05:24:56,N,0,2021-01-07 00:34:34,N
159202982,https://api.github.com/repos/niralishah1599/UnitTestingDemo,52124807,UnitTestingDemo,N,TypeScript,2020-04-16 14:19:08,N,0,2020-09-12 13:15:35,N
159203165,https://api.github.com/repos/martinjoost/games,45265623,games,:game_die: Angular Universal Template of Virtual Games  :game_die:,TypeScript,2020-04-02 18:08:57,N,0,2020-08-01 21:33:35,N
159204189,https://api.github.com/repos/baberarjumand/firebase-course-angular-university,53710105,firebase-course-angular-university,This repo contains the app developed as part of the 'Serverless Angular with Firebase' course by Angular University,TypeScript,2020-04-30 22:52:24,N,0,2020-09-12 22:37:44,N
159204310,https://api.github.com/repos/theodoreschen/ng-overwatch-video-site,56972081,ng-overwatch-video-site,"Similar to overwatch-video-site, but written with Angular",TypeScript,2020-04-09 20:15:52,N,0,2020-06-11 11:46:01,N
159204578,https://api.github.com/repos/camp-team/menu-seggestion,57481085,menu-seggestion,N,TypeScript,2020-04-24 07:15:39,N,0,2020-07-19 04:34:44,N
159206172,https://api.github.com/repos/vuejs/vitepress,3080967,vitepress,Vite & Vue powered static site generator,TypeScript,2020-04-30 23:16:17,N,0,2021-03-06 07:33:42,N
159208043,https://api.github.com/repos/phcollignon/helm3,12712868,helm3,"Ressources for ""Packaging Applications with Helm for Kubernetes"" @ Pluralsight (Helm version 3)",TypeScript,2020-04-20 07:49:50,N,0,2021-02-24 02:25:46,N
159209417,https://api.github.com/repos/RichardCao82/coffee_shop,37339132,coffee_shop,Udacity Full-Stack Develop Nanodegree Project - digitally coffee shop website,TypeScript,2020-04-16 21:44:31,N,0,2020-09-12 13:22:17,N
159210878,https://api.github.com/repos/luisarbezerra/gatsby-personal-blog,11056997,gatsby-personal-blog,Gatsby blog based on https://github.com/danielhusar/gatsby-theme-spring,TypeScript,2020-04-29 14:00:31,N,0,2020-06-14 22:52:06,N
159213231,https://api.github.com/repos/lisongh10/Progress,53638620,Progress,Personal Project - Progress Web Application,TypeScript,2020-04-02 22:20:09,N,0,2021-03-04 15:20:36,N
159217117,https://api.github.com/repos/nidhi5577/bwm-ng,33947030,bwm-ng,N,TypeScript,2020-04-15 20:37:47,N,0,2020-12-19 10:41:33,N
159219143,https://api.github.com/repos/99rishita/Angular,51632188,Angular,web applications created using angular,TypeScript,2020-04-02 08:09:37,N,0,2020-09-12 11:31:24,N
159219276,https://api.github.com/repos/AdrianBailador/Angular,32392523,Angular,Ejemplos de Angular,TypeScript,2020-04-16 23:19:03,N,0,2020-09-12 13:22:12,N
159221036,https://api.github.com/repos/onsails/cloudbuild-slack,1355012,cloudbuild-slack,Google Cloud Function for Slack notifications about Cloud Cloud Builds written in TypeScript,TypeScript,2020-04-27 20:04:52,N,0,2021-03-01 03:08:45,N
159222964,https://api.github.com/repos/gparlakov/scuri-examples,1588261,scuri-examples,A few angular projects with different versions and alternative test runners to test SCuri on.,TypeScript,2020-04-10 19:25:48,N,0,2020-09-11 19:13:10,N
159222989,https://api.github.com/repos/Gibabelew/Zemen,55880045,Zemen,N,TypeScript,2020-04-12 14:52:18,N,0,2020-09-11 19:27:39,N
159223012,https://api.github.com/repos/ajaysingh67/microfrontend,39794799,microfrontend,N,TypeScript,2020-04-13 04:57:11,N,0,2020-12-19 10:16:35,N
159223150,https://api.github.com/repos/KrishanV/IS51Test1,49631051,IS51Test1,N,TypeScript,2020-04-15 23:33:12,N,0,2020-12-19 10:42:08,N
159225002,https://api.github.com/repos/adam-on-the-internet/fake-fan-adam,57221288,fake-fan-adam,N,TypeScript,2020-04-03 04:07:07,N,0,2021-02-18 17:22:16,N
159226591,https://api.github.com/repos/woodp/events-sample,2040028,events-sample,N,TypeScript,2020-04-17 01:10:31,N,0,2020-09-12 13:18:22,N
159228350,https://api.github.com/repos/jeisson4450/Front-End,54193366,Front-End,Angular-Boostrap-CSS,TypeScript,2020-04-30 23:03:11,N,0,2020-09-12 01:49:21,N
159232673,https://api.github.com/repos/camp-team/school-potal,57481085,school-potal,N,TypeScript,2020-04-25 08:14:23,N,0,2021-01-03 17:51:51,N
159232986,https://api.github.com/repos/Marq91/Instacool-tuto,23841818,Instacool-tuto,N,TypeScript,2020-04-03 04:51:08,N,0,2021-03-02 02:17:09,N
159234071,https://api.github.com/repos/tikired/github-sa8hmo,44590509,github-sa8hmo,Created with StackBlitz ⚡️,TypeScript,2020-04-16 00:00:27,N,0,2020-12-19 10:43:38,N
159234496,https://api.github.com/repos/sidgupta334/groceryAdmin,57524331,groceryAdmin,N,TypeScript,2020-04-30 12:15:29,N,0,2020-12-19 12:28:14,N
159237120,https://api.github.com/repos/Synor/synor,51934049,synor,Synor - Database Schema Migration Library,TypeScript,2020-04-15 14:19:49,N,0,2021-03-05 16:48:13,N
159238557,https://api.github.com/repos/marcolink/check-codeowners,259770,check-codeowners,Simple CLI to check project coverage by CODEOWNERS,TypeScript,2020-04-30 07:39:42,N,0,2020-12-19 12:27:09,N
159238681,https://api.github.com/repos/mm-atom/am000013,55755272,am000013,N,TypeScript,2020-04-03 05:18:00,N,0,2020-06-07 03:14:07,N
159246040,https://api.github.com/repos/NShadyy/nestjs-starter-project,11994801,nestjs-starter-project,N,TypeScript,2020-04-30 18:41:59,N,0,2021-01-04 02:06:44,N
159247846,https://api.github.com/repos/yeya24/grafana,39829607,grafana,"The tool for beautiful monitoring and metric analytics & dashboards for Graphite, InfluxDB & Prometheus & More",TypeScript,2020-04-30 19:09:23,9527814,0,2021-02-27 21:05:11,1568779899
159248569,https://api.github.com/repos/peposhh/Minero.js,33625977,Minero.js,N,TypeScript,2020-04-03 12:20:02,N,0,2020-09-02 23:19:58,N
159249848,https://api.github.com/repos/componento/component-store,57527578,component-store,Store to publish and distribute Componenot components.,TypeScript,2020-04-30 11:16:02,N,0,2021-03-02 02:24:30,N
159250676,https://api.github.com/repos/maurya2753543/maxisadmin,52910673,maxisadmin,N,TypeScript,2020-04-16 10:15:42,N,0,2020-12-19 10:45:56,N
159252491,https://api.github.com/repos/freewind-demos/typescript-react-antd-modal-demo,45323831,typescript-react-antd-modal-demo,N,TypeScript,2020-04-03 06:14:09,N,0,2020-05-28 00:49:50,N
159254356,https://api.github.com/repos/youthlife/bee2-hc-bot,57473103,bee2-hc-bot,A cool bot for hack.chat,TypeScript,2020-04-30 17:00:28,N,0,2021-02-10 04:44:24,N
159255404,https://api.github.com/repos/mplewis/yavin,311904,yavin,N,TypeScript,2020-04-05 03:21:27,N,0,2021-03-04 14:44:14,N
159256703,https://api.github.com/repos/wowczarczyk/simple-calculator,51826281,simple-calculator,A simple web-based calculator application build on top of React with Node.js express API.,TypeScript,2020-04-24 06:12:16,N,0,2020-12-12 16:25:06,N
159257469,https://api.github.com/repos/bbonkr/react-sample-calendar,3130182,react-sample-calendar,Created with CodeSandbox,TypeScript,2020-04-16 10:46:12,N,0,2021-03-02 02:24:12,N
159260208,https://api.github.com/repos/DarinRowe/googletrans,9210313,googletrans,Free and Unlimited Google translate API for node.js,TypeScript,2020-04-30 11:51:59,N,0,2021-02-22 03:37:26,N
159261082,https://api.github.com/repos/cheaprYang/vue-tool,40919291,vue-tool,vue public tool,TypeScript,2020-04-25 16:26:06,N,0,2020-10-18 03:32:37,N
159263863,https://api.github.com/repos/AndreevaMaria/homework4,56069509,homework4,N,TypeScript,2020-04-03 07:03:57,N,0,2020-05-28 02:50:29,N
159266254,https://api.github.com/repos/bprofiro/gobarber,53783759,gobarber,N,TypeScript,2020-04-30 00:27:48,N,0,2021-01-07 14:05:26,N
159268287,https://api.github.com/repos/camp-team/Encounter-Management,57481085,Encounter-Management,N,TypeScript,2020-04-23 07:41:43,N,0,2020-08-31 09:24:46,N
159268342,https://api.github.com/repos/trainingit-introangular-ed2/training-projects-pedroluisperez,50312066,training-projects-pedroluisperez,training-projects-pedroluisperez created by GitHub Classroom,TypeScript,2020-04-16 11:40:17,N,0,2020-09-12 13:13:55,N
159268699,https://api.github.com/repos/camp-team/qrcode-project,57481085,qrcode-project,N,TypeScript,2020-04-20 08:29:49,N,0,2020-09-12 22:03:25,N
159268890,https://api.github.com/repos/mm-widgets/ww000003,55877277,ww000003,N,TypeScript,2020-04-03 07:49:59,N,0,2020-05-29 04:01:02,N
159270197,https://api.github.com/repos/mm-widgets/ww000004,55877277,ww000004,N,TypeScript,2020-04-03 08:11:06,N,0,2020-05-28 01:02:57,N
159270906,https://api.github.com/repos/Support-pp/sinusbot-ts,43696208,sinusbot-ts,WIP: JavaScript library wrapper to communicate with the SinusBot API (HTTP),TypeScript,2020-04-30 19:20:20,N,0,2021-02-16 12:42:59,N
159272919,https://api.github.com/repos/Fensterbank/camp-registration,415606,camp-registration,Digital children's camp registration form powered by React and Strapi.,TypeScript,2020-04-17 22:23:11,N,0,2021-03-03 05:54:44,N
159273721,https://api.github.com/repos/AlbuquerqueGustavoO/E-commerceEdit,57533508,E-commerceEdit,N,TypeScript,2020-04-20 23:24:54,N,0,2020-06-11 18:52:29,N
159273838,https://api.github.com/repos/bmnsouza/alura-formacao-angular,55089194,alura-formacao-angular,Repositório de estudo dos cursos da Formação Angular da Alura,TypeScript,2020-04-22 17:16:44,N,0,2020-12-19 11:33:47,N
159274080,https://api.github.com/repos/diogodcastro/angular_poc,38632343,angular_poc,N,TypeScript,2020-04-29 10:40:06,N,0,2020-09-05 04:48:45,N
159275221,https://api.github.com/repos/donkeykong91/angular-testing-and-debugging,10330243,angular-testing-and-debugging,N,TypeScript,2020-04-15 13:16:25,N,0,2020-06-06 21:46:01,N
159275921,https://api.github.com/repos/forge123/forge123,39150669,forge123,projbunces,TypeScript,2020-04-03 09:37:23,N,0,2020-05-01 08:31:18,N
159276112,https://api.github.com/repos/MarcinBamburski1987/dodatkowe-przyklady-question-mark-udemy,48613003,dodatkowe-przyklady-question-mark-udemy,Created with StackBlitz ⚡️,TypeScript,2020-04-26 22:00:15,N,0,2020-09-19 09:55:12,N
159276601,https://api.github.com/repos/yiqu/boba,32249871,boba,Boba Shop,TypeScript,2020-04-17 20:04:59,N,0,2020-08-04 08:22:06,N
159276807,https://api.github.com/repos/WebLauncher/uclujapp,5475091,uclujapp,U Cluj App,TypeScript,2020-04-03 09:50:31,N,0,2021-02-26 09:41:29,N
159277206,https://api.github.com/repos/Biphyl/Quote,52849599,Quote,This is an angular app that allow the user to post a quote and the quote can be upvoted or downvoted,TypeScript,2020-04-03 09:57:10,N,0,2020-09-12 11:35:45,N
159278926,https://api.github.com/repos/tngraphql/lucid,56632066,lucid,N,TypeScript,2020-04-03 10:27:27,N,0,2020-12-19 08:41:53,N
159279501,https://api.github.com/repos/tngraphql/auth,56632066,auth,N,TypeScript,2020-04-03 10:37:16,N,0,2020-12-19 08:41:18,N
159283949,https://api.github.com/repos/trem7/angular-reactive-forms,12397863,angular-reactive-forms,Academind reactive forms tutorial,TypeScript,2020-04-03 11:50:24,N,0,2020-05-28 02:52:55,N
159283992,https://api.github.com/repos/jamesmfriedman/staterx,52627,staterx,State Management with RxJS,TypeScript,2020-04-30 15:39:03,N,0,2021-01-22 11:39:34,N
159284565,https://api.github.com/repos/ItamarTati/shows,45377140,shows,N,TypeScript,2020-04-16 14:09:34,N,0,2021-01-18 22:24:07,N
159290125,https://api.github.com/repos/donkeykong91/angular-fundamentals,10330243,angular-fundamentals,N,TypeScript,2020-04-17 02:50:30,N,0,2020-12-19 10:52:34,N
159290331,https://api.github.com/repos/nil/figma-dynamic-icon-export,1096822,figma-dynamic-icon-export,Export icons in a dynamic way,TypeScript,2020-04-05 15:28:38,N,0,2020-12-27 01:04:19,N
159292905,https://api.github.com/repos/HandsOnLearning/the-project,57457525,the-project,N,TypeScript,2020-04-29 18:15:22,N,0,2020-09-25 17:55:11,N
159293932,https://api.github.com/repos/niventc/wally,6937731,wally,Collaborative post it and whiteboard web application,TypeScript,2020-04-09 20:06:04,N,0,2021-02-17 08:06:26,N
159295964,https://api.github.com/repos/nass600/tivan,48930,tivan,Browser extension to display stats of your Plex media library.,TypeScript,2020-04-27 18:01:46,N,0,2021-01-07 06:59:15,N
159296595,https://api.github.com/repos/griffonnage/griffonnage-sync,57347769,griffonnage-sync,Synchronize drawings from Griffonnage,TypeScript,2020-04-23 20:47:20,N,0,2021-03-02 14:47:09,N
159296988,https://api.github.com/repos/hsharan-stha/stafftracker,57540756,stafftracker,N,TypeScript,2020-04-28 09:30:27,N,0,2021-01-22 11:11:39,N
159297081,https://api.github.com/repos/hsharan-stha/symmetricDS,57540756,symmetricDS,N,TypeScript,2020-04-28 09:24:39,N,0,2020-09-11 22:38:10,N
159297420,https://api.github.com/repos/repetere/jsonm,40339044,jsonm,Construct AI & ML models with JSON using Tensorflow,TypeScript,2020-04-06 03:05:43,N,0,2021-02-10 14:50:44,N
159299378,https://api.github.com/repos/dannielfs/dev_web_es6_tsc_angular,55700741,dev_web_es6_tsc_angular,Curso Udemy,TypeScript,2020-04-03 15:45:29,N,0,2020-09-12 12:17:28,N
159306920,https://api.github.com/repos/mat-sz/lettercoder,51802612,lettercoder,✉️ Isomorphic Quoted-Printable (RFC 2045) and MIME word (RFC 2047) decoding library.,TypeScript,2020-04-03 17:29:20,N,0,2020-08-03 07:22:40,N
159309587,https://api.github.com/repos/danielszuk/adata,12705342,adata,Data visualization app,TypeScript,2020-04-10 12:41:47,N,0,2021-01-07 04:53:22,N
159310925,https://api.github.com/repos/elankumaranrk/one-night-werewolf,7097343,one-night-werewolf,A online version of the one night game,TypeScript,2020-04-03 19:42:57,N,0,2021-02-18 10:45:36,N
159311791,https://api.github.com/repos/JaponicaGR/RxJS_Cuurse,7811333,RxJS_Cuurse,Udemy Course,TypeScript,2020-04-16 17:07:28,N,0,2020-08-01 23:13:48,N
159315750,https://api.github.com/repos/ikpb/flashcardsapp,8351710,flashcardsapp,simple flash card app,TypeScript,2020-04-03 20:54:06,N,0,2021-01-21 15:44:55,N
159316122,https://api.github.com/repos/typewiki/typewiki_new,51705253,typewiki_new,N,TypeScript,2020-04-03 21:00:19,N,0,2021-01-28 21:57:05,N
159316133,https://api.github.com/repos/MindfulMe/gatsby-casper,36445116,gatsby-casper,N,TypeScript,2020-04-03 21:00:14,N,0,2021-03-02 08:50:02,N
159318054,https://api.github.com/repos/plaffey/au-tab-panel,8817645,au-tab-panel,N,TypeScript,2020-04-17 03:20:22,N,0,2020-12-19 10:52:23,N
159318091,https://api.github.com/repos/ajaygaikwad774/angular-workspace,38245346,angular-workspace,N,TypeScript,2020-04-16 17:55:09,N,0,2020-09-12 13:16:14,N
159319756,https://api.github.com/repos/feload/typescript-lessons,1030639,typescript-lessons,N,TypeScript,2020-04-03 22:01:38,N,0,2020-12-19 08:46:27,N
159321017,https://api.github.com/repos/purohitneha/sample,57546944,sample,Sample App Rest and Angular,TypeScript,2020-04-16 18:27:48,N,0,2020-09-08 04:57:40,N
159321086,https://api.github.com/repos/andwhatknot/canvas-svg,45892000,canvas-svg,N,TypeScript,2020-04-03 22:22:59,N,0,2020-05-01 15:15:29,N
159326974,https://api.github.com/repos/hassan-irshad/udacity-udagram-app-microservices,57196227,udacity-udagram-app-microservices,N,TypeScript,2020-04-16 18:56:18,N,0,2020-12-19 10:49:13,N
159334842,https://api.github.com/repos/llc1123/ssmgr-trojan-client,38985255,ssmgr-trojan-client,A shadowsocks-manager s-node client for trojan,TypeScript,2020-04-25 04:43:43,N,0,2021-03-06 09:48:59,N
159335536,https://api.github.com/repos/Josee9988/Filter-Pipe-ngx,44120344,Filter-Pipe-ngx,Angular universal pipe to filter your array of objects. (accent marks and upper/lowercase ignored!!),TypeScript,2020-04-30 09:12:06,N,0,2021-03-05 21:25:33,N
159340241,https://api.github.com/repos/guiebitt/angular-microfrontend-architecture,35014666,angular-microfrontend-architecture,N,TypeScript,2020-04-03 11:29:12,N,0,2020-10-21 12:46:44,N
159340313,https://api.github.com/repos/ahmedemam/news-application,11918414,news-application,News Application using Nest Angular and Mongo,TypeScript,2020-04-03 11:30:03,N,0,2020-12-19 09:27:57,N
159341915,https://api.github.com/repos/syedadeel2/sweetalert2-with-angular-with-electron-test,15274819,sweetalert2-with-angular-with-electron-test,N,TypeScript,2020-04-04 02:12:35,N,0,2021-01-28 21:55:43,N
159343645,https://api.github.com/repos/swapnarp/angular-restify,37996107,angular-restify,N,TypeScript,2020-04-16 02:07:16,N,0,2020-12-19 10:43:37,N
159344023,https://api.github.com/repos/jcoreio/ssh-client,11044962,ssh-client,Execute SSH commands and transfer files using pure JavaScript,TypeScript,2020-04-16 02:19:44,N,0,2020-12-19 10:43:14,N
159344054,https://api.github.com/repos/renovatebot/python,43164726,python,prebuild python releases,TypeScript,2020-04-30 13:34:43,N,0,2021-03-02 04:48:13,N
159346194,https://api.github.com/repos/tngraphql/mail,56632066,mail,Mail provider for tngraphql framework and has support for common mailing services to send emails,TypeScript,2020-04-03 13:22:52,N,0,2020-12-19 09:06:55,N
159349585,https://api.github.com/repos/dpolob/cursoangular,48614155,cursoangular,N,TypeScript,2020-04-03 14:12:18,N,0,2020-09-12 11:37:41,N
159351228,https://api.github.com/repos/ARTHURPC03/GoFinancesWeb,53017014,GoFinancesWeb,"Aplicação para gerenciar finanças, feito com React + TypeScript",TypeScript,2020-04-27 00:33:03,N,0,2021-03-05 02:32:39,N
159353636,https://api.github.com/repos/devboldly/react-build-status-badge,56005121,react-build-status-badge,React build status badge component for any CI/CD service. Shows real-time status and supports Markdown for easy setup.,TypeScript,2020-04-27 03:04:09,N,0,2020-06-13 22:39:46,N
159358772,https://api.github.com/repos/jhu7235/robinhood-assistant,35608963,robinhood-assistant,A tool for pulling robinhood trade history,TypeScript,2020-04-05 12:45:47,N,0,2020-12-27 19:32:53,N
159359238,https://api.github.com/repos/hugo587/app-fotos,56817595,app-fotos,Aplicação construída em Angular com a finalidade de gerenciar fotos,TypeScript,2020-04-16 20:56:40,N,0,2020-10-23 07:06:46,N
159359708,https://api.github.com/repos/desenv-marcelo-silva/playwtypescript,12321534,playwtypescript,This was created to play and learn typescript,TypeScript,2020-04-03 16:43:03,N,0,2021-01-03 16:46:55,N
159361231,https://api.github.com/repos/AAlcazar5/bvtAngularSections,54307565,bvtAngularSections,Angular Sections for Bay Valley Tech code academy cohort 1,TypeScript,2020-04-16 21:00:36,N,0,2020-12-19 12:29:46,N
159365919,https://api.github.com/repos/miphaio/seafood-crossing-service,35923529,seafood-crossing-service,:tropical_fish: Service for seafood crossing,TypeScript,2020-04-03 19:22:11,N,0,2020-08-14 16:54:30,N
159367981,https://api.github.com/repos/mm-atom/awx000023,55755272,awx000023,N,TypeScript,2020-04-03 02:32:44,N,0,2020-06-07 03:18:03,N
159368317,https://api.github.com/repos/DS-YIL/KPIAPI,51724735,KPIAPI,N,TypeScript,2020-04-03 02:50:56,N,0,2021-02-12 08:27:45,N
159370377,https://api.github.com/repos/matthny/design-patterns-typescript-angular,56706438,design-patterns-typescript-angular,N,TypeScript,2020-04-16 22:03:16,N,0,2020-09-12 13:18:16,N
159378883,https://api.github.com/repos/dad2vad/a0,53267401,a0,Created with CodeSandbox,TypeScript,2020-04-17 04:15:21,N,0,2020-12-19 10:52:29,N
159379587,https://api.github.com/repos/codeclannigeria/codeclannigeria-backend,57415284,codeclannigeria-backend,The official website for code clan nigeria community,TypeScript,2020-04-12 19:10:24,N,0,2021-03-02 12:12:18,N
159380306,https://api.github.com/repos/freewind-demos/typescript-react-antd-modal-style-issue-demo,45323831,typescript-react-antd-modal-style-issue-demo,N,TypeScript,2020-04-03 08:57:03,N,0,2020-05-01 22:41:59,N
159381779,https://api.github.com/repos/Jefferson-jesus/QuickBuy,21429822,QuickBuy,Projeto teste de venda.,TypeScript,2020-04-16 05:47:16,N,0,2020-12-19 10:44:28,N
159381933,https://api.github.com/repos/SriLakshmi-Ganjam/Assignments,55854834,Assignments,N,TypeScript,2020-04-27 08:33:11,N,0,2021-01-22 05:18:11,N
159382515,https://api.github.com/repos/qingqibing/ngx-admin,40601144,ngx-admin,N,TypeScript,2020-04-16 06:09:33,N,0,2021-01-07 11:32:59,N
159382734,https://api.github.com/repos/tngraphql/graphql,56632066,graphql,N,TypeScript,2020-04-03 09:55:02,N,0,2020-12-18 23:19:07,N
159383162,https://api.github.com/repos/ccarrero301/angularFundamentals,31800078,angularFundamentals,N,TypeScript,2020-04-28 22:57:40,N,0,2020-09-12 15:16:48,N
159383751,https://api.github.com/repos/fjavaler/Angular-gettingStarted,14021017,Angular-gettingStarted,"Angular: Getting Started, PluralSight course.",TypeScript,2020-04-04 03:48:16,N,0,2020-05-01 23:13:40,N
159384705,https://api.github.com/repos/chadlavi/clear,6504133,clear,A simple personal Design System for TypeScript React apps,TypeScript,2020-04-25 21:25:40,N,0,2021-02-24 12:52:47,N
159386960,https://api.github.com/repos/dad2vad/qa,53267401,qa,Created with CodeSandbox,TypeScript,2020-04-17 04:32:29,N,0,2020-12-19 10:52:49,N
159388579,https://api.github.com/repos/clebert/batis,147752,batis,Writing and executing Hooks without React.,TypeScript,2020-04-26 11:17:44,N,0,2021-02-23 11:10:35,N
159390784,https://api.github.com/repos/bbaktaeho/ts-node-nodebird,51875389,ts-node-nodebird,"노드, 타입스크립트, 자바스크립트, 리액트, 타입스크립트 서버",TypeScript,2020-04-04 06:07:15,N,0,2020-12-19 08:50:18,N
159395755,https://api.github.com/repos/Mehul247/unit-testing,52137524,unit-testing,N,TypeScript,2020-04-17 04:57:53,N,0,2020-09-12 13:20:48,N
159396049,https://api.github.com/repos/ejbaling/Angular-GettingStarted,7720957,Angular-GettingStarted,N,TypeScript,2020-04-04 07:31:57,N,0,2020-09-12 11:44:19,N
159396052,https://api.github.com/repos/AkiraKane/Udacity-FullStack-Project3,9387034,Udacity-FullStack-Project3,N,TypeScript,2020-04-17 05:28:17,N,0,2020-09-12 13:21:25,N
159396114,https://api.github.com/repos/VINOOTHNAGINJALA/Module-2,56945428,Module-2,N,TypeScript,2020-04-17 04:32:10,N,0,2020-09-12 13:21:08,N
159396597,https://api.github.com/repos/ankotecha/cabbooking,51703966,cabbooking,N,TypeScript,2020-04-17 04:30:18,N,0,2020-09-09 08:57:34,N
159397302,https://api.github.com/repos/akshaybramhankar/AngularTest_Proj,37612428,AngularTest_Proj,N,TypeScript,2020-04-08 10:08:55,N,0,2020-09-12 13:22:11,N
159397770,https://api.github.com/repos/e2e-boilerplate/wd-typescript-ts-jest-webdriver-manager-jest-expect,55674466,wd-typescript-ts-jest-webdriver-manager-jest-expect,"WD end-to-end test automation boilerplate, Using TypeScript, ts-jest, Webdriver-Manager, Jest and Expect.",TypeScript,2020-04-11 09:01:20,N,0,2021-02-24 01:07:16,N
159397782,https://api.github.com/repos/e2e-boilerplate/wd-typescript-ts-jest-webdriver-manager-jest-assert,55674466,wd-typescript-ts-jest-webdriver-manager-jest-assert,"WD end-to-end test automation boilerplate, Using TypeScript, ts-jest, Webdriver-Manager, Jest and Assert.",TypeScript,2020-04-12 02:48:57,N,0,2021-03-04 16:56:05,N
159398579,https://api.github.com/repos/rajkumartr/AugularTraining,34969500,AugularTraining,N,TypeScript,2020-04-04 08:09:52,N,0,2020-09-12 13:59:59,N
159399713,https://api.github.com/repos/gagan0183/angular-with-docker-app,7925954,angular-with-docker-app,N,TypeScript,2020-04-04 08:28:10,N,0,2020-09-11 18:46:27,N
159400531,https://api.github.com/repos/valyamoon/saloncrm,57258174,saloncrm,N,TypeScript,2020-04-08 15:21:18,N,0,2020-12-17 22:49:24,N
159402077,https://api.github.com/repos/PaulJar/kata-tennis-v2,4046851,kata-tennis-v2,Kata Tennis V2,TypeScript,2020-04-17 07:19:16,N,0,2020-12-19 10:53:46,N
159402671,https://api.github.com/repos/Anuj21/MEAN-Stack,6725180,MEAN-Stack,This is for practice purpose where I create demo projects in MEAN stack,TypeScript,2020-04-07 09:15:12,N,0,2020-09-15 06:08:21,N
159404247,https://api.github.com/repos/punongbrian/TestRepository,57567891,TestRepository,N,TypeScript,2020-04-13 16:47:17,N,0,2020-09-08 05:09:59,N
159404780,https://api.github.com/repos/usdigitalresponse/project-papua,56282672,project-papua,Prototype Pandemic Unemployment Assistance (PUA) claim service,TypeScript,2020-04-08 18:19:06,N,0,2021-02-24 04:41:22,N
159405744,https://api.github.com/repos/chenxi19950223/ng-nest-mongodb1,48359468,ng-nest-mongodb1,N,TypeScript,2020-04-17 08:29:55,N,0,2021-03-02 09:48:56,N
159406058,https://api.github.com/repos/Mazur-Sebastian/terraformation,45675027,terraformation,N,TypeScript,2020-04-04 10:00:17,N,0,2020-12-10 17:18:44,N
159408048,https://api.github.com/repos/mayoljonathan/portfolio_2018,38817831,portfolio_2018,N,TypeScript,2020-04-17 09:34:27,N,0,2020-12-19 10:54:49,N
159408886,https://api.github.com/repos/MSurendarReddy/AngularProject,47647521,AngularProject,AngularTest,TypeScript,2020-04-17 09:47:40,N,0,2020-12-19 10:54:46,N
159411054,https://api.github.com/repos/Verma35/Angular,52771514,Angular,N,TypeScript,2020-04-17 10:28:19,N,0,2020-09-12 13:22:20,N
159419361,https://api.github.com/repos/hansyschmitt/udagram-microservices,56299950,udagram-microservices,Repo for Udacity Microservice Tasks ,TypeScript,2020-04-28 23:15:03,N,0,2020-05-22 23:14:46,N
159424113,https://api.github.com/repos/kasaharu/ng-workbox,1592997,ng-workbox,N,TypeScript,2020-04-05 07:09:09,N,0,2021-02-28 17:22:10,N
159426215,https://api.github.com/repos/michaelchan0101/express-fast-framework,57049107,express-fast-framework,express typscript 快速开发框架,TypeScript,2020-04-17 13:44:09,N,0,2020-12-13 06:28:28,N
159426465,https://api.github.com/repos/mareimorsy/udagram-microservices,12449158,udagram-microservices,N,TypeScript,2020-04-17 12:45:48,N,0,2020-12-19 10:55:12,N
159432188,https://api.github.com/repos/IGNW/oregon-employment-puc-poc,37022288,oregon-employment-puc-poc,Oregon State Pandemic Unemployment Assistance Application POC,TypeScript,2020-04-15 22:38:06,N,0,2021-01-22 11:16:26,N
159432678,https://api.github.com/repos/exalcams/BPCloud,52269125,BPCloud,BP Cloud,TypeScript,2020-04-17 14:27:20,N,0,2021-03-01 14:33:19,N
159435481,https://api.github.com/repos/vanducng/serverless-todo-app,45940648,serverless-todo-app,N,TypeScript,2020-04-17 14:42:43,N,0,2020-12-25 07:05:09,N
159438450,https://api.github.com/repos/brykurt/Angular-http,30940067,Angular-http,N,TypeScript,2020-04-17 14:58:41,N,0,2020-12-19 10:57:25,N
159438885,https://api.github.com/repos/atachibana/iemeshi,5148350,iemeshi,イエメシアプリ用のテンプレート,TypeScript,2020-04-30 14:07:56,157571717,0,2020-06-30 20:10:56,1567620364
159441260,https://api.github.com/repos/e2e-boilerplate/wd-typescript-ts-node-webdriver-manager-jasmine-expect,55674466,wd-typescript-ts-node-webdriver-manager-jasmine-expect,"WD end-to-end test automation boilerplate, Using TypeScript, ts-node, Webdriver-Manager, Jasmine and Expect.",TypeScript,2020-04-11 23:37:12,N,0,2021-03-05 03:00:23,N
159441679,https://api.github.com/repos/e2e-boilerplate/wd-typescript-ts-node-webdriver-manager-jasmine-assert,55674466,wd-typescript-ts-node-webdriver-manager-jasmine-assert,"WD end-to-end test automation boilerplate, Using TypeScript, ts-node, Webdriver-Manager, Jasmine and Assert.",TypeScript,2020-04-11 23:51:56,N,0,2021-03-05 03:31:11,N
159442130,https://api.github.com/repos/Malamag/log2990-202,57576143,log2990-202,N,TypeScript,2020-04-17 15:52:11,N,0,2020-12-19 10:57:31,N
159442502,https://api.github.com/repos/GregBrimble/workers.sh,10707569,workers.sh,A featureful dashboard for managing Cloudflare Workers,TypeScript,2020-04-18 13:11:09,N,0,2021-02-25 03:36:47,N
159442949,https://api.github.com/repos/ontimize/basicproject,52178281,basicproject,N,TypeScript,2020-04-17 16:13:21,N,0,2020-10-23 07:07:19,N
159443190,https://api.github.com/repos/MarcosLorencini/composicao-corporal-angular,2976598,composicao-corporal-angular,N,TypeScript,2020-04-17 14:25:32,N,0,2020-12-22 03:52:30,N
159444153,https://api.github.com/repos/thembamah/AngularAutocomplete,53748378,AngularAutocomplete,Created with StackBlitz ⚡️,TypeScript,2020-04-17 16:45:03,N,0,2020-09-12 13:32:32,N
159445113,https://api.github.com/repos/rpinheiroalmeida/aws-event-stream,745848,aws-event-stream,An event stream application for AWS in typescript.,TypeScript,2020-04-30 23:29:11,N,0,2021-03-03 19:32:39,N
159445333,https://api.github.com/repos/tngraphql/test,56632066,test,N,TypeScript,2020-04-04 14:40:07,N,0,2020-07-20 14:40:09,N
159445782,https://api.github.com/repos/hitessolanki/hiteshtest,35212475,hiteshtest,N,TypeScript,2020-04-04 14:46:01,N,0,2020-12-19 08:53:15,N
159447862,https://api.github.com/repos/shravankoheda/phone-number-UI,57577826,phone-number-UI,N,TypeScript,2020-04-17 18:00:28,N,0,2020-12-19 10:58:06,N
159448275,https://api.github.com/repos/mastermunj/format-utils,1034998,format-utils,"Utilities for validating various formats of Indian system codes like Mobile, PAN, AADHAR, GST and more!",TypeScript,2020-04-27 10:33:27,N,0,2021-03-01 02:07:06,N
159448729,https://api.github.com/repos/noru/project-gulag,189108,project-gulag,N,TypeScript,2020-04-04 15:25:09,N,0,2021-03-03 05:41:16,N
159449211,https://api.github.com/repos/tbone7243/PF_FEFAngular_L06,53044024,PF_FEFAngular_L06,Programming Foundations JavaScript Introduction To Angular Lesson 6 Modules ,TypeScript,2020-04-17 18:47:32,N,0,2020-09-05 12:25:29,N
159449512,https://api.github.com/repos/osamaaamer95/awesome-nestjs-backend,14257478,awesome-nestjs-backend,Nest.js backend with best practices,TypeScript,2020-04-19 09:17:14,N,0,2021-03-03 14:08:26,N
159449943,https://api.github.com/repos/Code-Vedas/cable-x-js,56741436,cable-x-js,N,TypeScript,2020-04-25 14:34:22,N,0,2021-03-02 07:02:00,N
159450004,https://api.github.com/repos/tbone7243/PF_FEFAngular_L06HandsOn,53044024,PF_FEFAngular_L06HandsOn,Programming Foundations JavaScript Introduction To Angular Lesson 6 Modules Practice Hands On ,TypeScript,2020-04-17 18:50:30,N,0,2020-09-05 12:27:32,N
159450317,https://api.github.com/repos/plaffey/au-modal,8817645,au-modal,N,TypeScript,2020-04-17 03:18:57,N,0,2020-09-08 05:15:01,N
159452459,https://api.github.com/repos/StephenH69/U-Coffee-Shop,36619552,U-Coffee-Shop,N,TypeScript,2020-04-17 19:57:27,N,0,2020-09-12 13:25:45,N
159453985,https://api.github.com/repos/bdiesel/simple-redux,158933,simple-redux,A simple homemade redux store,TypeScript,2020-04-17 20:32:09,N,0,2020-12-19 10:58:49,N
159455311,https://api.github.com/repos/tbone7243/PF_FEFAngular_L07,53044024,PF_FEFAngular_L07,Programming Foundations JavaScript Introduction To Angular Lesson 7 Routing And Navigation,TypeScript,2020-04-17 19:13:45,N,0,2020-09-05 12:26:17,N
159455364,https://api.github.com/repos/w3f/polkadot-api-client-ts,37211642,polkadot-api-client-ts,N,TypeScript,2020-04-04 16:51:11,N,0,2021-02-23 11:29:27,N
159455666,https://api.github.com/repos/tbone7243/PF_FEFAngular_L07HandsOn,53044024,PF_FEFAngular_L07HandsOn,Programming Foundations JavaScript Introduction To Angular Lesson 7 Routing And Navigation Practice Hands On,TypeScript,2020-04-17 20:55:31,N,0,2020-09-05 12:28:35,N
159456297,https://api.github.com/repos/jamesyeh111/google-globe-trends-coronavirus,42848697,google-globe-trends-coronavirus,N,TypeScript,2020-04-17 21:08:39,N,0,2021-03-02 09:42:49,N
159456565,https://api.github.com/repos/w2solutions/react-helper,57579960,react-helper,react helper packages,TypeScript,2020-04-17 19:56:50,N,0,2020-12-19 10:59:34,N
159456794,https://api.github.com/repos/Haddley/dominoes,11021966,dominoes,N,TypeScript,2020-04-04 17:11:51,N,0,2020-07-09 10:41:08,N
159457300,https://api.github.com/repos/w3f/logger-ts,37211642,logger-ts,N,TypeScript,2020-04-04 17:19:33,N,0,2020-10-28 09:08:47,N
159458833,https://api.github.com/repos/royvandewater/concurrent-experiments,250946,concurrent-experiments,App that demos how concurrent A/B test scan interfere with each other,TypeScript,2020-04-17 22:05:17,N,0,2021-02-22 17:51:14,N
159459222,https://api.github.com/repos/guilhermeaandrade/youtube-challenge-nest-graphql,11185853,youtube-challenge-nest-graphql,N,TypeScript,2020-04-04 17:51:20,N,0,2020-12-10 17:20:00,N
159459546,https://api.github.com/repos/wenderson1/QuickBuy,52701635,QuickBuy,Projeto de Loja Virtual usando .NET Core e Angular,TypeScript,2020-04-17 22:33:56,N,0,2020-12-19 11:00:10,N
159459786,https://api.github.com/repos/iooxa/svg,56198535,svg,Reactive SVG web-components for building explorable explanations,TypeScript,2020-04-17 18:58:11,N,0,2021-02-15 19:21:12,N
159462414,https://api.github.com/repos/fbronchaly/ionic-1magm5,40554061,ionic-1magm5,Created with StackBlitz ⚡️,TypeScript,2020-04-04 18:50:50,N,0,2020-05-30 19:59:08,N
159463544,https://api.github.com/repos/duocun/duocun-driver2,51667762,duocun-driver2,N,TypeScript,2020-04-16 17:15:40,N,0,2021-02-24 14:59:56,N
159463662,https://api.github.com/repos/forward-momentum/forward-momentum-website,57581797,forward-momentum-website,N,TypeScript,2020-04-04 19:11:25,N,0,2021-03-03 06:49:25,N
159463721,https://api.github.com/repos/sarah4594/sarahgram,46459957,sarahgram,N,TypeScript,2020-04-18 01:23:10,N,0,2020-09-12 21:46:55,N
159464299,https://api.github.com/repos/JgeovanniAm/report,44000919,report, graphql - nodejs - JWT - mongodb - apollo-server,TypeScript,2020-04-06 02:53:43,N,0,2020-12-19 10:59:47,N
159464438,https://api.github.com/repos/danielmarquesdm/alurapic,57186588,alurapic,N,TypeScript,2020-04-04 19:45:20,N,0,2020-06-10 00:06:49,N
159464847,https://api.github.com/repos/Mercally/socketiotest,36199411,socketiotest,N,TypeScript,2020-04-17 00:15:15,N,0,2021-01-22 11:04:51,N
159465251,https://api.github.com/repos/evolvable-by-design/pivo,56983296,pivo,An intent-based programming HTTP client to build evolvable-by-design clients of RESTful APIs,TypeScript,2020-04-04 19:37:38,N,0,2021-03-02 10:17:21,N
159466806,https://api.github.com/repos/hiteshtare/ionic-inappbrowser-filedownload,599335,ionic-inappbrowser-filedownload,Ionic App demostrating File Download inside InAppBrowser using FileTransfer plugin,TypeScript,2020-04-17 11:35:25,N,0,2020-09-05 16:44:22,N
159468149,https://api.github.com/repos/ardatan/nodejs-typescript-starter,32279576,nodejs-typescript-starter,Created with CodeSandbox,TypeScript,2020-04-15 15:02:49,N,0,2021-02-02 18:16:30,N
159469812,https://api.github.com/repos/AlCalzone/jsonl-db,11911306,jsonl-db,Simple JSONL-based key-value store,TypeScript,2020-04-24 08:52:19,N,0,2021-03-01 04:27:01,N
159470186,https://api.github.com/repos/avrcoelho/dragon-ball-react,50851780,dragon-ball-react,N,TypeScript,2020-04-04 21:10:34,N,0,2021-01-06 18:35:42,N
159470738,https://api.github.com/repos/devboldly/react-bootswatch-select,56005121,react-bootswatch-select,Bootswatch theme selector component for React. Try Bootswatch themes on your Bootstrap site with one line!,TypeScript,2020-04-27 01:58:38,N,0,2020-12-30 06:35:20,N
159473870,https://api.github.com/repos/luriel-xyz/clever-brain-api,40973715,clever-brain-api,N,TypeScript,2020-04-27 05:20:53,N,0,2020-07-20 23:33:22,N
159474127,https://api.github.com/repos/luizfilipezs/lousher,48709200,lousher,E-commerce de vinhos,TypeScript,2020-04-04 22:29:33,N,0,2021-02-03 12:58:34,N
159477402,https://api.github.com/repos/joshuayoes/url-shortener-microservice,42484342,url-shortener-microservice,N,TypeScript,2020-04-04 23:24:33,N,0,2020-09-04 10:36:54,N
159477632,https://api.github.com/repos/leohbatista/inscritus-web,35672056,inscritus-web,An open source event registration system.,TypeScript,2020-04-04 23:28:27,N,0,2020-09-13 09:42:48,N
159478267,https://api.github.com/repos/BombeyR/udagram,51194280,udagram,N,TypeScript,2020-04-18 04:30:26,N,0,2021-01-07 05:11:52,N
159479798,https://api.github.com/repos/adam-on-the-internet/adam-on-the-internet,57221288,adam-on-the-internet,N,TypeScript,2020-04-05 00:03:53,N,0,2020-09-12 11:46:38,N
159481292,https://api.github.com/repos/jackoschoonderwoerd/notes,40316370,notes,N,TypeScript,2020-04-18 06:50:42,N,0,2020-09-12 09:22:29,N
159482029,https://api.github.com/repos/devpurohit/tech4goodotter,18343399,tech4goodotter,N,TypeScript,2020-04-18 07:56:12,N,0,2021-01-07 11:32:19,N
159482461,https://api.github.com/repos/iacopo87/udacity-microservice,35957205,udacity-microservice,N,TypeScript,2020-04-18 08:26:06,N,0,2020-12-19 11:02:04,N
159484224,https://api.github.com/repos/stesi/odoo_tms_app,14905822,odoo_tms_app,N,TypeScript,2020-04-18 10:10:30,N,0,2020-12-10 00:09:53,N
159486239,https://api.github.com/repos/michaelchan0101/wechat-utils,57049107,wechat-utils,微信 Node.js sdk,TypeScript,2020-04-18 11:31:56,N,0,2021-01-07 05:10:06,N
159487130,https://api.github.com/repos/sillapani/angular-realworld-example-app,47616877,angular-realworld-example-app,N,TypeScript,2020-04-18 12:21:05,N,0,2020-09-11 20:46:23,N
159488735,https://api.github.com/repos/Biphyl/github,52849599,github,This is a website that allows the user to search there repos using there github username,TypeScript,2020-04-18 10:37:51,N,0,2020-09-12 13:33:44,N
159488793,https://api.github.com/repos/amis-du-centre-pompidou/acp-api,57588151,acp-api,N,TypeScript,2020-04-16 11:52:40,N,0,2020-10-25 20:04:40,N
159490765,https://api.github.com/repos/biga816/erc-test,6891390,erc-test,N,TypeScript,2020-04-18 15:18:24,N,0,2020-12-18 23:59:31,N
159490922,https://api.github.com/repos/clemenclay/speednova-stackblitz,39884926,speednova-stackblitz,N,TypeScript,2020-04-05 02:08:44,N,0,2020-07-14 00:56:04,N
159491775,https://api.github.com/repos/JuliaFong/reactive-form-practice,44249064,reactive-form-practice,N,TypeScript,2020-04-18 16:33:53,N,0,2020-09-12 13:31:05,N
159491798,https://api.github.com/repos/abdenny/Learning-TypeScript,52429009,Learning-TypeScript,N,TypeScript,2020-04-17 22:55:11,N,0,2020-12-19 11:05:06,N
159492381,https://api.github.com/repos/gawadesubodh/HackerTouch,42898047,HackerTouch,N,TypeScript,2020-04-18 17:06:44,N,0,2020-09-11 21:01:40,N
159493697,https://api.github.com/repos/tbone7243/PF_FEFAngular_L08,53044024,PF_FEFAngular_L08,Programming Foundations JavaScript Introduction To Angular Lesson 8 HTTP ,TypeScript,2020-04-18 17:58:48,N,0,2020-09-04 18:48:01,N
159493863,https://api.github.com/repos/tbone7243/PF_FEFAngular_L08HandsOn,53044024,PF_FEFAngular_L08HandsOn,Programming Foundations JavaScript Introduction To Angular Lesson 8 Hands On Worth 45 Points,TypeScript,2020-04-18 18:30:55,N,0,2020-09-05 02:17:31,N
159493870,https://api.github.com/repos/kalessine/sdmx-typescript,2291600,sdmx-typescript,Sdmx-Typescript Parser,TypeScript,2020-04-04 13:02:54,N,0,2020-08-19 14:13:10,N
159494234,https://api.github.com/repos/jmegha179/Moviedetails,42203114,Moviedetails,N,TypeScript,2020-04-18 18:47:08,N,0,2020-09-12 13:35:53,N
159494488,https://api.github.com/repos/kuroidoruido/virtual-rpg-character-sheet,1335789,virtual-rpg-character-sheet,Simple RPG character sheet manager for players and GMs (without any backend).,TypeScript,2020-04-04 13:07:55,N,0,2021-01-22 15:03:53,N
159494793,https://api.github.com/repos/andrewskej/TypeScript,39016611,TypeScript,Typescript Practices,TypeScript,2020-04-18 19:27:37,N,0,2021-01-07 05:03:41,N
159495169,https://api.github.com/repos/hector789789/capacitaciones,57589890,capacitaciones,N,TypeScript,2020-04-18 19:12:20,N,0,2020-09-12 13:36:05,N
159496494,https://api.github.com/repos/smarigowda/ngauction-angular-app,743843,ngauction-angular-app,ngAuction Angular App,TypeScript,2020-04-04 13:29:39,N,0,2020-05-30 01:12:46,N
159497746,https://api.github.com/repos/tbone7243/PF_FEFAngular_L09,53044024,PF_FEFAngular_L09,Programming Foundations JavaScript Introduction To Angular Lesson 9 Passing Data Between Components,TypeScript,2020-04-18 21:40:28,N,0,2020-09-05 12:27:12,N
159498817,https://api.github.com/repos/mm0202/remote-file,881861,remote-file,N,TypeScript,2020-04-18 23:20:18,N,0,2021-01-07 05:07:13,N
159500183,https://api.github.com/repos/deadmedusa/spring-petclinic-angular-frontend,53630589,spring-petclinic-angular-frontend,N,TypeScript,2020-04-04 14:16:19,N,0,2020-05-30 13:53:39,N
159502094,https://api.github.com/repos/adrianlukaszek1992/internetowySerwisMieszkan,33300994,internetowySerwisMieszkan,PracaInż,TypeScript,2020-04-18 12:42:35,N,0,2020-12-19 11:03:49,N
159502760,https://api.github.com/repos/drakeor/hull-breach,2948502,hull-breach,A small weekend game,TypeScript,2020-04-05 02:25:29,N,0,2020-06-01 22:55:43,N
159503717,https://api.github.com/repos/mcohen97/SportsFixtures-Web-Client,42121274,SportsFixtures-Web-Client,N,TypeScript,2020-04-19 02:20:51,N,0,2020-12-19 11:09:19,N
159504245,https://api.github.com/repos/xura/poly,6556045,poly,N,TypeScript,2020-04-15 00:06:45,N,0,2021-01-28 22:08:31,N
159505855,https://api.github.com/repos/sokcuri/inori-notes,6994314,inori-notes,(제작중) 이노리 노트 ㅡ 프린세스 커넥트! 리다이브의 정보 모음 서비스입니다,TypeScript,2020-04-30 13:23:58,N,0,2021-03-04 14:39:20,N
159511468,https://api.github.com/repos/tbone7243/PF_FEFAngular_L09HandsOn,53044024,PF_FEFAngular_L09HandsOn,Programming Foundations JavaScript Introduction To Angular Passing Data Between Components Lesson 09 Practice Hands On,TypeScript,2020-04-18 22:38:24,N,0,2020-09-04 18:37:31,N
159512884,https://api.github.com/repos/kenshinman/fullstack-apollo-graphql,8518495,fullstack-apollo-graphql,GraphQL fullstack app,TypeScript,2020-04-18 08:12:59,N,0,2020-12-19 11:02:23,N
159513252,https://api.github.com/repos/gongmyeong-study/orangenongjang,56937386,orangenongjang,Anything,TypeScript,2020-04-13 14:48:35,N,0,2021-03-03 17:45:01,N
159513639,https://api.github.com/repos/adam-on-the-internet/zoom-backgrounds,57221288,zoom-backgrounds,N,TypeScript,2020-04-04 18:13:28,N,0,2020-09-12 11:45:40,N
159513832,https://api.github.com/repos/plaffey/au-mask,8817645,au-mask,N,TypeScript,2020-04-19 03:34:54,N,0,2020-12-19 11:08:57,N
159514341,https://api.github.com/repos/patrikof/form-angular,42841668,form-angular,Curso da TreinaWeb de Formulários Data Driven e Template Driven do Angular,TypeScript,2020-04-19 04:15:49,N,0,2020-10-23 07:09:37,N
159514484,https://api.github.com/repos/msealand/polywar,389802,polywar,N,TypeScript,2020-04-04 18:26:12,N,0,2021-03-02 02:17:30,N
159518036,https://api.github.com/repos/FrozenCz/nestjs-course,52364497,nestjs-course,N,TypeScript,2020-04-19 09:00:34,N,0,2020-09-09 08:58:36,N
159518835,https://api.github.com/repos/ShonenAsh/todo-list,38017710,todo-list,MEAN stack to-do list,TypeScript,2020-04-10 11:11:37,N,0,2020-09-03 22:13:46,N
159519464,https://api.github.com/repos/alvarogv94/portafolios,42605345,portafolios,N,TypeScript,2020-04-19 09:52:02,N,0,2020-09-12 13:37:09,N
159520265,https://api.github.com/repos/patricbidiviu/Angular-Testing,50825809,Angular-Testing,N,TypeScript,2020-04-19 11:14:55,N,0,2020-09-12 13:39:28,N
159520603,https://api.github.com/repos/Rubaalmashhuri/health-food-front,55552052,health-food-front,N,TypeScript,2020-04-19 11:38:04,N,0,2020-10-23 07:08:38,N
159521564,https://api.github.com/repos/akaMrsP/angular-intro,55087716,angular-intro,All of my files from the intro angular course,TypeScript,2020-04-04 20:21:55,N,0,2020-09-11 22:18:46,N
159521693,https://api.github.com/repos/weeb-cafe/MewChan,57596582,MewChan,[WIP] A flexible multi-purpose Discord bot,TypeScript,2020-04-14 19:56:19,N,0,2021-01-16 08:55:48,N
159521806,https://api.github.com/repos/shadabumer/8ElevenCart-admin,39231351,8ElevenCart-admin,N,TypeScript,2020-04-19 13:11:46,N,0,2020-12-21 23:57:34,N
159521976,https://api.github.com/repos/Youssef9575/FrontEndPlatform,55611789,FrontEndPlatform,N,TypeScript,2020-04-19 13:21:12,N,0,2020-12-19 11:11:37,N
159522054,https://api.github.com/repos/ronaldoportela/QuickBuy2,52119055,QuickBuy2,Projeto 2 para recapitular,TypeScript,2020-04-19 13:29:48,N,0,2020-12-19 11:13:31,N
159522597,https://api.github.com/repos/vivek1kadavergu/json-parser,49111122,json-parser,N,TypeScript,2020-04-19 14:07:51,N,0,2020-08-01 23:30:37,N
159522738,https://api.github.com/repos/Kusuma18/OnlineShoppingCart,36374212,OnlineShoppingCart,OnlineShoppingCart WebAPI + Angular Code,TypeScript,2020-04-19 14:07:58,N,0,2020-09-12 13:38:22,N
159524209,https://api.github.com/repos/Abhishek-Goddale/Cricket,56617484,Cricket,N,TypeScript,2020-04-19 15:46:26,N,0,2020-10-23 07:17:49,N
159524293,https://api.github.com/repos/imranbergi/Angular-9,56710759,Angular-9,Code Samples For Angular - 9,TypeScript,2020-04-05 04:14:22,N,0,2020-09-12 11:47:42,N
159524382,https://api.github.com/repos/aacebo/lucid-json,47888656,lucid-json,json tool,TypeScript,2020-04-01 20:16:54,N,0,2021-01-22 14:18:12,N
159524605,https://api.github.com/repos/TurajlicLabs/HyperOdyssey,56675511,HyperOdyssey,A javascript library for simplifying Hypertext Application Language (HAL),TypeScript,2020-04-13 16:44:17,N,0,2021-01-06 02:32:38,N
159524615,https://api.github.com/repos/punemania/Angular-Async-Data,57555983,Angular-Async-Data,N,TypeScript,2020-04-19 16:23:34,N,0,2020-09-12 13:38:55,N
159524625,https://api.github.com/repos/punemania/MovieHunter-routing,57555983,MovieHunter-routing,N,TypeScript,2020-04-19 16:25:21,N,0,2020-09-12 13:40:00,N
159524636,https://api.github.com/repos/punemania/MovieHunter,57555983,MovieHunter,N,TypeScript,2020-04-19 16:25:54,N,0,2020-09-12 13:41:11,N
159524711,https://api.github.com/repos/punemania/MovieHunter-communication,57555983,MovieHunter-communication,N,TypeScript,2020-04-19 16:30:44,N,0,2020-12-19 11:12:38,N
159524739,https://api.github.com/repos/burn-c/StudyJS,51867068,StudyJS,N,TypeScript,2020-04-05 03:02:02,N,0,2021-01-07 04:21:42,N
159524874,https://api.github.com/repos/Adamhingoro/micro-restaurants,32943215,micro-restaurants,"MIcro-restaurants - A complete multi restaurant online ordering system based on microservices using Node, Sequelize, Postgres and Docker",TypeScript,2020-04-18 20:07:02,N,0,2021-01-07 05:05:52,N
159525126,https://api.github.com/repos/subhajitrajak1995/angular-shopping-cart,57597448,angular-shopping-cart,Angular E commerce project,TypeScript,2020-04-19 16:01:36,N,0,2020-09-06 04:56:04,N
159525541,https://api.github.com/repos/Charlie-robin/post-course,53610502,post-course,N,TypeScript,2020-04-19 17:22:54,N,0,2020-12-19 13:12:11,N
159526832,https://api.github.com/repos/merist/udagram-microservice,8093488,udagram-microservice,N,TypeScript,2020-04-19 18:50:58,N,0,2020-12-19 11:13:47,N
159527361,https://api.github.com/repos/JMo911/psAngularFundamentalsJoeEamesJimCooper,38864364,psAngularFundamentalsJoeEamesJimCooper,N,TypeScript,2020-04-19 18:42:49,N,0,2020-09-12 13:38:36,N
159528202,https://api.github.com/repos/repeabr/frontend,51578827,frontend,N,TypeScript,2020-04-28 22:53:55,N,0,2020-09-13 12:58:12,N
159528415,https://api.github.com/repos/pereslavtsev/axios-log,2773792,axios-log,Easy way to log all Axios calls,TypeScript,2020-04-19 08:54:11,N,0,2021-01-07 05:15:10,N
159528531,https://api.github.com/repos/gmirembe/Refactor_Project,9299707,Refactor_Project,This is my project for the Udacity NanoDegree Module - Monolith to Microservices ,TypeScript,2020-04-19 20:29:42,N,0,2020-12-19 11:16:15,N
159529030,https://api.github.com/repos/ulysesrico33/angular-playground,13245567,angular-playground,N,TypeScript,2020-04-19 21:40:16,N,0,2020-09-12 13:41:23,N
159529215,https://api.github.com/repos/inoccard/curso-angular,46739630,curso-angular,Curso Angular - Loinane Gronner,TypeScript,2020-04-19 21:24:12,N,0,2020-09-12 13:39:12,N
159529635,https://api.github.com/repos/Alorel/rollup-plugin-copy,2246720,rollup-plugin-copy,Personal use rollup plugin for copying files,TypeScript,2020-04-19 20:27:18,N,0,2020-09-26 08:24:06,N
159530648,https://api.github.com/repos/cliffkang/learning,3167675,learning,N,TypeScript,2020-04-19 23:37:04,N,0,2020-09-12 17:21:58,N
159530966,https://api.github.com/repos/Learning-Something/angular-firebase-tasks,37108092,angular-firebase-tasks,N,TypeScript,2020-04-19 23:56:35,N,0,2020-09-12 13:40:48,N
159532778,https://api.github.com/repos/Magnus-Fidelis/Projet-6,52397326,Projet-6,Projet 6 pour OpenClassroom,TypeScript,2020-04-19 00:00:04,N,0,2020-12-19 11:08:05,N
159533846,https://api.github.com/repos/chuckylee/Localization,43098745,Localization,N,TypeScript,2020-04-05 04:13:39,N,0,2020-09-12 11:47:51,N
159535953,https://api.github.com/repos/vinaysurtani/Coffee_shop,56396182,Coffee_shop,N,TypeScript,2020-04-19 13:47:47,N,0,2020-09-12 13:38:50,N
159536111,https://api.github.com/repos/saostad/ldap-schema-ts-generator,32398125,ldap-schema-ts-generator,Ldap Active Directory Schema Typescript Generator,TypeScript,2020-04-05 04:55:05,N,0,2021-03-03 02:39:40,N
159537615,https://api.github.com/repos/abhinaba-ghosh/cucumber-quick,56792877,cucumber-quick,vscode extension to run cucumber scenarios quickly and easily,TypeScript,2020-04-19 15:38:04,N,0,2021-02-27 03:20:35,N
159538165,https://api.github.com/repos/punemania/Angular-NgRx-GettingStarted,57555983,Angular-NgRx-GettingStarted,N,TypeScript,2020-04-19 16:24:25,N,0,2020-09-08 05:53:41,N
159538561,https://api.github.com/repos/brianodermatt/imr,52717643,imr,Instant Medic Radar (webapp),TypeScript,2020-04-06 09:34:56,N,0,2020-09-10 06:48:41,N
159538706,https://api.github.com/repos/workpathco/client,44246515,client,N,TypeScript,2020-04-05 05:43:58,N,0,2021-01-06 18:40:36,N
159538926,https://api.github.com/repos/LiltGoldfish/DrawingDFD,44233511,DrawingDFD,A tool to draw DFD,TypeScript,2020-04-05 05:48:05,N,0,2020-12-19 08:59:27,N
159539265,https://api.github.com/repos/mayukhbasu/apollo-graphql-poc,57478818,apollo-graphql-poc,N,TypeScript,2020-04-12 16:42:15,N,0,2020-12-03 02:03:26,N
159542154,https://api.github.com/repos/lazypanda-instance/microfrontend-singlespa,57121925,microfrontend-singlespa,N,TypeScript,2020-04-19 19:57:22,N,0,2021-02-11 08:09:39,N
159544708,https://api.github.com/repos/kacimi03hamza/github-4zpkjw-aufpfb,50914765,github-4zpkjw-aufpfb,Created with StackBlitz ⚡️,TypeScript,2020-04-19 03:48:10,N,0,2020-09-12 13:37:04,N
159545107,https://api.github.com/repos/HDOSURREGO/lesson-3-container,31970758,lesson-3-container,N,TypeScript,2020-04-20 03:24:26,N,0,2020-12-19 11:16:43,N
159546723,https://api.github.com/repos/dennielstephen/todo-by-angular,32899506,todo-by-angular,Created with StackBlitz ⚡️,TypeScript,2020-04-19 09:25:05,N,0,2020-09-19 09:50:33,N
159547263,https://api.github.com/repos/SarmadNoor/BugTracker,46262959,BugTracker,Initial Commit,TypeScript,2020-04-20 03:54:52,N,0,2020-10-23 07:08:14,N
159548334,https://api.github.com/repos/bluesky711711/angular-seven-universal,53744439,angular-seven-universal,N,TypeScript,2020-04-20 04:47:14,N,0,2020-12-21 11:49:08,N
159548357,https://api.github.com/repos/arvi9/AngualrUnitTesting,31928995,AngualrUnitTesting,Angular Unit Testing Plurarsight - https://app.pluralsight.com/library/courses/unit-testing-angular/,TypeScript,2020-04-20 04:21:19,N,0,2020-08-01 23:47:27,N
159548598,https://api.github.com/repos/buschtoens/unsupported-value-error,6075743,unsupported-value-error,Utility Error class for performing exhaustiveness checks via exceptions in TypeScript.,TypeScript,2020-04-07 10:51:21,N,0,2021-02-25 09:48:21,N
159548899,https://api.github.com/repos/alizahid/kelaya-backend,1283205,kelaya-backend,N,TypeScript,2020-04-05 08:45:57,N,0,2020-12-18 23:21:33,N
159549904,https://api.github.com/repos/HernandezTellezGerardo886/todasmislandingpage,57552467,todasmislandingpage,N,TypeScript,2020-04-05 09:01:59,N,0,2020-09-11 18:47:46,N
159549964,https://api.github.com/repos/bbaktaeho/ts-chair-server,51875389,ts-chair-server,타입스크립트와 노드로 구현한 api 서버,TypeScript,2020-04-05 09:03:37,N,0,2021-03-04 14:53:29,N
159552193,https://api.github.com/repos/bytenaija/udacity-gram-bytenaija,30964676,udacity-gram-bytenaija,N,TypeScript,2020-04-20 07:51:28,N,0,2020-12-19 11:17:38,N
159553721,https://api.github.com/repos/eurus1201/typescrip,51538680,typescrip,N,TypeScript,2020-04-05 10:16:35,N,0,2020-05-31 23:57:48,N
159554292,https://api.github.com/repos/eventenergy/evenEnergy-basu,57605552,evenEnergy-basu,N,TypeScript,2020-04-20 08:56:40,N,0,2021-01-07 11:32:29,N
159554481,https://api.github.com/repos/andrecampll/GoFinancesMobile,53807150,GoFinancesMobile,Projeto mobile do GoFinances,TypeScript,2020-04-29 13:46:19,N,0,2021-01-07 06:36:38,N
159555036,https://api.github.com/repos/ErikSharp/water-ripple,7609165,water-ripple,My implementation of the Coding Train video on water ripples,TypeScript,2020-04-05 10:41:11,N,0,2021-02-03 07:14:26,N
159556958,https://api.github.com/repos/sbagchi06/teamcity-test,57606324,teamcity-test,N,TypeScript,2020-04-20 11:46:44,N,0,2020-12-19 11:18:37,N
159557632,https://api.github.com/repos/multimediaAG/AGtiv,56935559,AGtiv,AGtiv - We bike around the globe,TypeScript,2020-04-20 11:59:48,N,0,2020-12-31 03:01:46,N
159557713,https://api.github.com/repos/anthony-elhaddad/productCompareAngular,42667192,productCompareAngular,N,TypeScript,2020-04-20 12:25:26,N,0,2020-12-18 23:41:18,N
159558091,https://api.github.com/repos/JLazarte/text_formater,30627791,text_formater,N,TypeScript,2020-04-20 12:56:43,N,0,2020-09-11 21:07:45,N
159558736,https://api.github.com/repos/Cezerin2/cezerin2-api-graphql,48366475,cezerin2-api-graphql,Cezerin GraphQL API,TypeScript,2020-04-20 12:41:04,N,0,2020-07-24 01:18:53,N
159559271,https://api.github.com/repos/adonese/saleor-storefront,13219994,saleor-storefront,N,TypeScript,2020-04-20 14:37:34,N,0,2020-05-19 14:53:01,N
159560207,https://api.github.com/repos/Andrew-Marty00shenko/apollo-graphql,56861890,apollo-graphql,N,TypeScript,2020-04-20 15:50:09,N,0,2020-12-19 11:21:03,N
159560330,https://api.github.com/repos/RubenZubicoa/App-Imagenes,31091429,App-Imagenes,Aplicacion de Imagenes con Angular,TypeScript,2020-04-20 15:35:37,N,0,2020-12-18 23:41:24,N
159560579,https://api.github.com/repos/Yuvahere/ngReactiveForms,35134894,ngReactiveForms,N,TypeScript,2020-04-05 12:22:31,N,0,2020-05-03 04:02:18,N
159563999,https://api.github.com/repos/freewind-demos/typescript-react-async-hook-trigger-by-click-demo,45323831,typescript-react-async-hook-trigger-by-click-demo,N,TypeScript,2020-04-05 12:39:20,N,0,2020-05-03 04:20:42,N
159564145,https://api.github.com/repos/ganatan/angular-example-charts,57298097,angular-example-charts,Angular 9 example Charts.js & Bootstrap,TypeScript,2020-04-17 14:51:47,N,0,2020-12-09 20:38:49,N
159564929,https://api.github.com/repos/freewind-demos/typescript-react-async-hook-demo,45323831,typescript-react-async-hook-demo,N,TypeScript,2020-04-05 12:43:00,N,0,2021-01-13 00:14:41,N
159569742,https://api.github.com/repos/smarigowda/angular-router-demo,743843,angular-router-demo,angular-router-demo,TypeScript,2020-04-05 12:57:39,N,0,2020-05-31 02:20:52,N
159571743,https://api.github.com/repos/ganatan/angular-example-leaflet,57298097,angular-example-leaflet,Angular 9 example Leaflet & Bootstrap,TypeScript,2020-04-17 15:05:25,N,0,2020-09-29 01:31:02,N
159572723,https://api.github.com/repos/ganatan/angular-example-template-driven-forms,57298097,angular-example-template-driven-forms,Angular 9 example Template driven forms & Bootstrap,TypeScript,2020-04-17 14:44:39,N,0,2020-10-31 13:30:59,N
159573261,https://api.github.com/repos/kcmr/build-polymer,1218158,build-polymer,A modified build process for Polymer forked from polymer-build (Polymer/tools monorepo),TypeScript,2020-04-20 17:46:19,N,0,2021-03-03 06:59:43,N
159575247,https://api.github.com/repos/gflohr/esgettext,3685215,esgettext,Gettext-like translation runtime for JavaScript,TypeScript,2020-04-26 06:56:55,N,0,2021-01-02 15:17:21,N
159575740,https://api.github.com/repos/freewind-demos/typescript-react-mobx-demo,45323831,typescript-react-mobx-demo,N,TypeScript,2020-04-05 13:18:04,N,0,2020-05-31 02:05:05,N
159576890,https://api.github.com/repos/ashismo/AngularAssignments,7186653,AngularAssignments,Angular assignments are done as a part of the Udemy courses,TypeScript,2020-04-20 18:34:38,N,0,2020-09-12 01:04:52,N
159582538,https://api.github.com/repos/nnsantosh/angular8-basic-features-sample-code,36530106,angular8-basic-features-sample-code,Basic features of Angular 8 code ,TypeScript,2020-04-05 13:40:29,N,0,2020-09-12 13:09:48,N
159584898,https://api.github.com/repos/mininene/angular_core,40624317,angular_core,N,TypeScript,2020-04-20 20:24:16,N,0,2020-10-23 07:10:54,N
159585723,https://api.github.com/repos/freewind-demos/typescript-react-mobx-async-action-demo,45323831,typescript-react-mobx-async-action-demo,N,TypeScript,2020-04-05 14:10:22,N,0,2020-05-03 06:10:42,N
159586390,https://api.github.com/repos/KSXGitHub/deno_simple_static_server,7598376,deno_simple_static_server,Simple stoppable static file server for testing purposes,TypeScript,2020-04-12 05:53:34,N,0,2020-06-05 16:47:24,N
159586488,https://api.github.com/repos/loicnico96/roborally,43772617,roborally,Roborally game,TypeScript,2020-04-05 14:21:05,N,0,2021-03-03 17:35:06,N
159587659,https://api.github.com/repos/jpuerta2011/tvshows,10310571,tvshows,N,TypeScript,2020-04-19 23:14:20,N,0,2021-03-02 08:52:22,N
159589802,https://api.github.com/repos/Mark-Ball/angular-rxjs,51977684,angular-rxjs,RxJS course from Angular University,TypeScript,2020-04-20 23:22:56,N,0,2020-09-11 21:15:08,N
159590035,https://api.github.com/repos/tryonn/GoStack,208474,GoStack,This repository contains all project of curso GoStack,TypeScript,2020-04-07 12:49:44,N,0,2021-01-06 18:51:50,N
159593501,https://api.github.com/repos/Learning-Something/ionic-stencil-conference-app,37108092,ionic-stencil-conference-app,N,TypeScript,2020-04-20 00:07:03,N,0,2020-09-05 04:32:27,N
159594129,https://api.github.com/repos/MoKhaled3003/udagram-microservice,37185033,udagram-microservice,N,TypeScript,2020-04-20 00:36:06,N,0,2020-12-19 11:15:37,N
159594155,https://api.github.com/repos/andrescrm/CloudDeveloperMicroservices,30998773,CloudDeveloperMicroservices,N,TypeScript,2020-04-20 01:04:42,N,0,2020-12-19 11:15:44,N
159594967,https://api.github.com/repos/yduman/nestjs-samples,8284524,nestjs-samples,N,TypeScript,2020-04-05 16:14:07,N,0,2020-08-21 08:01:28,N
159595673,https://api.github.com/repos/ValeriaDaukshis/Spp_socket,53272291,Spp_socket,N,TypeScript,2020-04-05 16:28:02,N,0,2021-01-22 10:57:58,N
159597454,https://api.github.com/repos/SeedCompany/eslint-plugin,41102103,eslint-plugin,Seed Company's ESLint config / rules,TypeScript,2020-04-05 16:57:29,N,0,2021-03-04 00:52:42,N
159599432,https://api.github.com/repos/shiro/usagi.io-frontend,12589614,usagi.io-frontend,usagi.io website frontend,TypeScript,2020-04-11 12:54:15,N,0,2021-02-02 15:01:03,N
159600335,https://api.github.com/repos/shr124/masters,57616881,masters,Created with StackBlitz ⚡️,TypeScript,2020-04-20 13:07:17,N,0,2020-09-19 09:52:35,N
159609954,https://api.github.com/repos/marciodiasdeveloper/gostack-github-explorer,50001214,gostack-github-explorer,N,TypeScript,2020-04-21 03:08:59,N,0,2021-01-07 05:29:30,N
159612515,https://api.github.com/repos/gustaandrade/filter-search-react-test,4265890,filter-search-react-test,"Repositório criado para armazenar o código do repositório teste de recriação e simulação de uma página que busca e filtra carros de uma API. Projeto feito em ReactJS, usando TypeScript, react-select, react-icons, redux e react-redux.",TypeScript,2020-04-05 20:57:12,N,0,2020-12-19 10:19:39,N
159617022,https://api.github.com/repos/Chessman97/anekdot-bot,50330227,anekdot-bot,Anekdot.ru год 2005 ,TypeScript,2020-04-21 03:39:21,N,0,2021-02-18 07:04:02,N
159617515,https://api.github.com/repos/CruSea/Assemble_6kilo_cms_frontend,12024707,Assemble_6kilo_cms_frontend,N,TypeScript,2020-04-29 09:13:50,N,0,2020-12-19 12:19:04,N
159619325,https://api.github.com/repos/fadvarela/sniper.cofarsur,35749799,sniper.cofarsur,N,TypeScript,2020-04-20 22:40:10,N,0,2021-01-30 13:41:03,N
159619445,https://api.github.com/repos/griffonnage/griffonnage,57347769,griffonnage,"Scribble careless drawings with friends, privately",TypeScript,2020-04-23 20:47:02,N,0,2021-03-05 09:24:53,N
159620022,https://api.github.com/repos/Jack09jk/aiofinalbhaado,52704768,aiofinalbhaado,N,TypeScript,2020-04-05 23:16:59,N,0,2020-05-31 10:03:44,N
159620353,https://api.github.com/repos/prosoftware4/angular-app,56916794,angular-app,N,TypeScript,2020-04-20 03:24:37,N,0,2020-07-07 13:17:20,N
159623564,https://api.github.com/repos/Tinadim/ts-api-server-template,4382002,ts-api-server-template,Template for typescript servers using express and mongoose,TypeScript,2020-04-06 00:21:52,N,0,2021-03-05 11:01:18,N
159624949,https://api.github.com/repos/postrowinski/redux-test,36020028,redux-test,N,TypeScript,2020-04-20 08:58:11,N,0,2021-01-03 17:42:34,N
159625231,https://api.github.com/repos/samyumaddikunta/Module2,55047832,Module2,N,TypeScript,2020-04-20 09:03:18,N,0,2020-09-11 21:07:02,N
159629391,https://api.github.com/repos/spadger9/todo,33898211,todo,N,TypeScript,2020-04-21 06:05:08,N,0,2021-03-05 00:29:45,N
159630490,https://api.github.com/repos/KorotkovAlex/diploma_project_generator,56925518,diploma_project_generator,N,TypeScript,2020-04-21 06:48:01,N,0,2020-12-10 17:41:18,N
159630872,https://api.github.com/repos/vijaykumarsatyamsetti/testtriangles_assessment,13406329,testtriangles_assessment,N,TypeScript,2020-04-10 15:48:50,N,0,2020-12-19 11:26:05,N
159631185,https://api.github.com/repos/SaqibSattar/Signup-Login-MEANSTACK-,49037857,Signup-Login-MEANSTACK-,N,TypeScript,2020-04-21 07:11:49,N,0,2020-09-12 13:48:57,N
159631565,https://api.github.com/repos/tuandinh91/cloud-developer,6921812,cloud-developer,N,TypeScript,2020-04-21 07:58:23,N,0,2021-01-07 05:28:46,N
159633310,https://api.github.com/repos/jiansing/minimal-blog,37133058,minimal-blog,N,TypeScript,2020-04-05 10:24:25,N,0,2020-10-05 05:39:12,N
159634573,https://api.github.com/repos/goldbright00000/bidblab-angular,38524618,bidblab-angular,N,TypeScript,2020-04-21 10:28:06,N,0,2020-12-19 11:27:43,N
159637371,https://api.github.com/repos/Sindhu-Parkavi-Raghunathan/Monolithic_To_Microservices_Docker_Kebernetes_TravisCI,57486816,Monolithic_To_Microservices_Docker_Kebernetes_TravisCI,N,TypeScript,2020-04-21 12:29:07,N,0,2020-12-19 11:25:43,N
159637573,https://api.github.com/repos/stefanoschrs/hackcyprus-2020_miami-iron-crew,8337572,hackcyprus-2020_miami-iron-crew,N,TypeScript,2020-04-05 11:36:30,N,0,2021-01-22 10:53:12,N
159637634,https://api.github.com/repos/OezzyB/EManagement,38601321,EManagement,N,TypeScript,2020-04-21 12:41:44,N,0,2020-09-12 13:49:45,N
159637769,https://api.github.com/repos/evlymn/jobs-devas-web,43283153,jobs-devas-web,N,TypeScript,2020-04-21 12:48:34,N,0,2020-10-23 07:09:04,N
159637911,https://api.github.com/repos/ivid-123/learn,57626274,learn,N,TypeScript,2020-04-20 12:57:06,N,0,2020-09-12 13:44:05,N
159638641,https://api.github.com/repos/GeovaneDaSilva/Angular-Materia-Map,50369547,Angular-Materia-Map,Como adicionar angular materia map com modulos personalizados,TypeScript,2020-04-21 12:52:53,N,0,2021-01-12 08:02:54,N
159638795,https://api.github.com/repos/campusonair/app,57626524,app,N,TypeScript,2020-04-19 08:42:59,N,0,2020-09-12 13:39:34,N
159640803,https://api.github.com/repos/Bro7Alexis/GsbFinal,56110058,GsbFinal,N,TypeScript,2020-04-21 15:12:18,N,0,2020-12-10 00:19:34,N
159640819,https://api.github.com/repos/Mahesh-Umachagi/Angular-Nebular-NestJS-PostgreSQL,54827280,Angular-Nebular-NestJS-PostgreSQL,N,TypeScript,2020-04-30 14:57:12,N,0,2020-12-10 18:00:17,N
159641828,https://api.github.com/repos/Gabkings/angular-component-commn-practise,39224599,angular-component-commn-practise,This is a angular project to practice angular components communications. ,TypeScript,2020-04-21 16:39:36,N,0,2020-12-19 11:27:56,N
159642661,https://api.github.com/repos/venkateshjkuratti/BMFrontEnd,31775319,BMFrontEnd,budgetmanager,TypeScript,2020-04-21 17:10:37,N,0,2020-12-19 11:28:42,N
159642721,https://api.github.com/repos/serkandurusoy/socialx.oss.reactnative.gundb,2087935,socialx.oss.reactnative.gundb,Decentralized mobile social network app built on gundb and react native,TypeScript,2020-04-21 17:22:07,N,0,2021-01-21 16:04:44,N
159642852,https://api.github.com/repos/serkandurusoy/socialx.app.old,2087935,socialx.app.old,N,TypeScript,2020-04-21 17:15:59,N,0,2021-01-07 05:28:45,N
159643126,https://api.github.com/repos/arielzamora/IONIC_2020,56190350,IONIC_2020,N,TypeScript,2020-04-05 20:56:56,N,0,2020-09-12 11:54:30,N
159644249,https://api.github.com/repos/rubensojunior/gostack11-challenge-06,53669817,gostack11-challenge-06,This project was created to solve a challenge requested by Rocketseat.,TypeScript,2020-04-21 18:38:26,N,0,2021-01-07 05:21:59,N
159644827,https://api.github.com/repos/deleonn/chatbot,10053223,chatbot,"Chatbot example. Api, web and mobile app using Google's Dialogflow platform",TypeScript,2020-04-21 18:57:54,N,0,2021-01-22 11:07:56,N
159646429,https://api.github.com/repos/Bantr/Lib,13732936,Lib,"Database definitions, migrations, configuration. Shared across Bantr repos",TypeScript,2020-04-24 15:20:14,N,0,2021-03-01 03:00:30,N
159646879,https://api.github.com/repos/hariprasath2603/udacity-colud-project3,45790893,udacity-colud-project3,N,TypeScript,2020-04-21 19:58:30,N,0,2020-12-19 11:28:34,N
159648213,https://api.github.com/repos/aussiegeek/rest-countries,86944,rest-countries,N,TypeScript,2020-04-29 05:59:03,N,0,2021-02-25 15:38:26,N
159650017,https://api.github.com/repos/littleLane/jagdrevier,30405963,jagdrevier,A large collection of learning,TypeScript,2020-04-06 02:29:10,N,0,2021-01-24 06:40:51,N
159650254,https://api.github.com/repos/cemetery-gates/hackathon_game,52167150,hackathon_game,N,TypeScript,2020-04-21 22:37:51,N,0,2020-12-19 11:29:23,N
159650307,https://api.github.com/repos/Ros4eva/tagzmail,54554910,tagzmail,N,TypeScript,2020-04-21 22:36:23,N,0,2020-12-19 11:30:23,N
159650467,https://api.github.com/repos/martinjoost/vdc,45265623,vdc,Video chat websocket,TypeScript,2020-04-18 19:54:35,N,0,2020-08-01 23:22:38,N
159651026,https://api.github.com/repos/anautovic/Angular-8-Projects-master,49957625,Angular-8-Projects-master,N,TypeScript,2020-04-21 23:10:38,N,0,2020-09-12 13:54:34,N
159653108,https://api.github.com/repos/artoodeeto/ggpo-client,32248042,ggpo-client,N,TypeScript,2020-04-21 04:25:09,N,0,2021-02-21 19:04:29,N
159653665,https://api.github.com/repos/manojbokku/KubernetesProject,5970848,KubernetesProject,N,TypeScript,2020-04-22 01:29:13,N,0,2020-12-19 11:29:37,N
159653981,https://api.github.com/repos/Vaz-Tiago/FormacaoTypescript,52769861,FormacaoTypescript,Curso - | Typescript | Node | React | React Native | - Bootcamp Rocketseat GoStack11,TypeScript,2020-04-14 12:02:55,N,0,2021-01-07 04:41:11,N
159654652,https://api.github.com/repos/jasurabdullin/angular-tutorial,51795044,angular-tutorial,N,TypeScript,2020-04-30 15:03:54,N,0,2020-09-11 23:24:23,N
159654989,https://api.github.com/repos/ivanoid768/freelance-market-analyzer,49533800,freelance-market-analyzer,N,TypeScript,2020-04-05 15:57:32,N,0,2020-12-19 09:05:43,N
159655173,https://api.github.com/repos/GallDavid/first-crud,45335873,first-crud,N,TypeScript,2020-04-21 05:40:56,N,0,2020-12-19 11:26:10,N
159655503,https://api.github.com/repos/janki75/online-furniture-shopping-app,43965344,online-furniture-shopping-app,N,TypeScript,2020-04-21 10:06:20,N,0,2020-10-23 07:08:51,N
159655662,https://api.github.com/repos/freewind-demos/typescript-express-client-fetch-specified-fields-demo,45323831,typescript-express-client-fetch-specified-fields-demo,N,TypeScript,2020-04-21 10:18:10,N,0,2020-05-19 20:55:47,N
159658815,https://api.github.com/repos/CharlesNjau/AngularComponent-Sharing,39311844,AngularComponent-Sharing,Created with StackBlitz ⚡️,TypeScript,2020-04-21 12:18:10,N,0,2020-09-19 09:52:54,N
159659203,https://api.github.com/repos/nalberthy/projeto_LPWEB,30833791,projeto_LPWEB,N,TypeScript,2020-04-22 02:29:07,N,0,2020-09-12 13:56:43,N
159659208,https://api.github.com/repos/TekhneGithub/valerius-vtb-pdf,35588849,valerius-vtb-pdf,N,TypeScript,2020-04-21 12:30:07,N,0,2021-02-12 13:16:02,N
159659782,https://api.github.com/repos/Tahmid79/Angular-Course1,48098160,Angular-Course1,N,TypeScript,2020-04-05 17:13:19,N,0,2020-06-03 22:40:49,N
159660168,https://api.github.com/repos/elias551/biskott-ui,7572513,biskott-ui,N,TypeScript,2020-04-05 17:21:24,N,0,2021-03-02 02:17:30,N
159660487,https://api.github.com/repos/rondon23/Angular-Master-Detail,44565198,Angular-Master-Detail,Criação de uma aplicação Angular utilizando uma arquitetura Master Detail padronizada. Focado na reutilização de componentes.,TypeScript,2020-04-21 13:19:32,N,0,2020-12-19 11:27:25,N
159661894,https://api.github.com/repos/a01sa01to/asas-funcs,35102463,asas-funcs,Asa's JS Library,TypeScript,2020-04-09 07:04:24,N,0,2020-11-01 05:41:11,N
159663034,https://api.github.com/repos/belozerskiy/nest-task-manager,12545444,nest-task-manager,task maneger backend,TypeScript,2020-04-05 18:35:49,N,0,2020-12-10 17:25:26,N
159664000,https://api.github.com/repos/avih75/PickerFieldsControl,40687516,PickerFieldsControl,N,TypeScript,2020-04-23 21:49:21,N,0,2021-03-03 00:14:34,N
159665831,https://api.github.com/repos/fbronchaly/angular-leerJson,40554061,angular-leerJson,Created with StackBlitz ⚡️,TypeScript,2020-04-05 19:40:38,N,0,2020-06-01 15:10:44,N
159666737,https://api.github.com/repos/AdrianSalvador21/firechat-angular,37324193,firechat-angular,Angular - Firebase chat,TypeScript,2020-04-22 03:06:32,N,0,2020-10-23 07:09:51,N
159667211,https://api.github.com/repos/PERES-Richard/Polympic,49060121,Polympic,N,TypeScript,2020-04-21 17:08:23,N,0,2021-01-22 08:59:24,N
159667222,https://api.github.com/repos/AdrianSalvador21/firebase-photos,37324193,firebase-photos,Upload firebase example,TypeScript,2020-04-22 03:08:36,N,0,2020-10-23 07:11:36,N
159667886,https://api.github.com/repos/AdrianSalvador21/angular-youtube,37324193,angular-youtube,Angular - Youtube API example,TypeScript,2020-04-22 03:11:59,N,0,2020-12-19 11:30:27,N
159670241,https://api.github.com/repos/luminuszz/Git-hub-explorer,50555335,Git-hub-explorer,"Git-hub-explorer , explore repositories the easy way",TypeScript,2020-04-21 18:35:57,N,0,2021-01-07 06:28:44,N
159670628,https://api.github.com/repos/rauf/rabbitmq-nestjs,11112772,rabbitmq-nestjs,Different approaches to use RabbitMQ with NestJS.,TypeScript,2020-04-20 09:11:08,N,0,2020-11-28 21:21:24,N
159672213,https://api.github.com/repos/samualtnorman/screeps,12385782,screeps,N,TypeScript,2020-04-21 19:46:36,N,0,2021-01-03 15:36:43,N
159672460,https://api.github.com/repos/microsoft/clarity,3886902,clarity,An analytics library that uses web page interactions to generate aggregated insights.,TypeScript,2020-04-30 12:42:51,N,0,2021-02-24 23:53:44,N
159672813,https://api.github.com/repos/tbone7243/PF_FEFAngular_Angular_Compilation,53044024,PF_FEFAngular_Angular_Compilation,"Programming foundations JavaScript Introduction to Angular, compilation of the entire module rolled up in one repository. ",TypeScript,2020-04-21 01:09:23,N,0,2020-09-05 12:29:12,N
159673455,https://api.github.com/repos/simonayotte/svg-web-sketching,49025133,svg-web-sketching,SVG Web Sketching application made with the MEAN stack.,TypeScript,2020-04-21 18:05:04,N,0,2020-12-19 11:29:28,N
159674667,https://api.github.com/repos/petruki/page-replacement-algorithm,37934145,page-replacement-algorithm,Page Replacement Algorithm,TypeScript,2020-04-05 23:05:46,N,0,2020-08-01 20:28:24,N
159675039,https://api.github.com/repos/Mardoniosc/COVID-19,40618332,COVID-19,N,TypeScript,2020-04-05 23:22:11,N,0,2020-09-11 18:47:53,N
159675132,https://api.github.com/repos/EliasGcf/bootcamp-gostack-desafios,52719455,bootcamp-gostack-desafios,Repositório contendo todas as resoluções dos desafios do Bootcamp GoStack 11,TypeScript,2020-04-05 23:26:36,N,0,2021-03-05 09:59:10,N
159675787,https://api.github.com/repos/samheutmaker/happy.co,8111402,happy.co,N,TypeScript,2020-04-21 21:43:01,N,0,2020-12-19 11:28:26,N
159676446,https://api.github.com/repos/KSXGitHub/deno-shell-escape,7598376,deno-shell-escape,Escape and stringify an array of arguments to be executed on the shell,TypeScript,2020-04-05 03:34:16,N,0,2020-05-30 22:45:01,N
159677069,https://api.github.com/repos/SafeSafe-app/opentrace-cloud-functions,57154387,opentrace-cloud-functions,OpenTrace Cloud Functions. Reference implementation of the BlueTrace protocol.,TypeScript,2020-04-10 11:46:07,155389426,0,2021-02-01 16:54:02,1542032880
159680140,https://api.github.com/repos/HemangiSatasiya/training_angular_app,35031948,training_angular_app,N,TypeScript,2020-04-21 05:28:30,N,0,2020-12-19 11:25:23,N
159680516,https://api.github.com/repos/randy102/fullstackTest,30807860,fullstackTest,N,TypeScript,2020-04-21 06:02:56,N,0,2020-12-19 11:27:22,N
159681787,https://api.github.com/repos/khairymym/angular-app,57637338,angular-app,N,TypeScript,2020-04-21 07:19:40,N,0,2020-12-18 23:42:05,N
159682992,https://api.github.com/repos/freewind-demos/typescript-express-react-demo,45323831,typescript-express-react-demo,N,TypeScript,2020-04-21 08:23:12,N,0,2020-05-20 10:49:11,N
159683430,https://api.github.com/repos/Phong2421999/Demo-CNPMCS,49972198,Demo-CNPMCS,N,TypeScript,2020-04-21 08:36:58,N,0,2021-03-02 02:22:01,N
159685397,https://api.github.com/repos/architecodev/process-factory,44352633,process-factory,Provide Process Factory,TypeScript,2020-04-05 09:52:32,N,0,2020-12-18 23:21:35,N
159686646,https://api.github.com/repos/resmytomy/singleSpaSample,56629536,singleSpaSample,N,TypeScript,2020-04-22 05:46:03,N,0,2020-12-19 11:30:59,N
159687925,https://api.github.com/repos/xyramsoftware/Repo_For_Analysis,49095352,Repo_For_Analysis,N,TypeScript,2020-04-21 10:42:16,N,0,2021-01-22 11:09:44,N
159688668,https://api.github.com/repos/lKaisal/vue-js-blank,45457998,vue-js-blank,N,TypeScript,2020-04-22 07:03:06,N,0,2021-03-04 14:38:31,N
159689892,https://api.github.com/repos/yordanov03/Angular,32624433,Angular,N,TypeScript,2020-04-20 08:50:51,N,0,2021-01-03 16:39:51,N
159692361,https://api.github.com/repos/APP-C19/backend,57150746,backend,Backend,TypeScript,2020-04-20 20:04:46,N,0,2021-03-03 05:46:45,N
159694165,https://api.github.com/repos/bevry/duration-timestamp,7537,duration-timestamp,Parse and stringify duration timestamps (such as hh:mm:ss and HhMmSs),TypeScript,2020-04-06 05:47:05,N,0,2021-02-28 06:18:40,N
159695649,https://api.github.com/repos/arezookhrirabedi/input-wrapper-date-conventor,51923211,input-wrapper-date-conventor,N,TypeScript,2020-04-19 09:26:03,N,0,2020-06-11 00:34:21,N
159696532,https://api.github.com/repos/harshzalavadiya/use-indexeddb,2811218,use-indexeddb,Lightweight (1KB gzipped) hook w/ promises for easy IndexedDB access in React ⚓,TypeScript,2020-04-14 22:05:28,N,0,2021-02-23 00:49:35,N
159698123,https://api.github.com/repos/serCJm/understanding-typescript,34112458,understanding-typescript,N,TypeScript,2020-04-06 06:47:23,N,0,2021-01-07 04:24:25,N
159699127,https://api.github.com/repos/AdnanSalah84/NgHosting,32371063,NgHosting,N,TypeScript,2020-04-22 12:46:56,N,0,2020-12-19 11:34:44,N
159700390,https://api.github.com/repos/seand52/invoices-docker,44579713,invoices-docker,N,TypeScript,2020-04-22 15:03:42,N,0,2021-01-07 05:31:46,N
159701010,https://api.github.com/repos/wallacelim/learn-apollo,57205450,learn-apollo,Full stack tutorial for Apollo. Retrieved from https://www.apollographql.com/docs/tutorial/introduction ,TypeScript,2020-04-22 16:40:35,N,0,2020-12-19 11:35:01,N
159701032,https://api.github.com/repos/andreirawan97/titip.in,33852982,titip.in,This the repo for Technopreneur final project.,TypeScript,2020-04-22 15:36:41,N,0,2020-07-21 05:56:57,N
159702885,https://api.github.com/repos/ARKlab/Ark.Tools.Js,11877699,Ark.Tools.Js,N,TypeScript,2020-04-22 16:33:40,N,0,2020-12-19 11:38:02,N
159703344,https://api.github.com/repos/joabda/SVGDrawing,48857162,SVGDrawing,MEAN Stack Web application for SVG Drawing.,TypeScript,2020-04-22 17:08:13,N,0,2020-12-18 23:43:37,N
159704758,https://api.github.com/repos/kutyepov/LeetCode30DayCodingChallenge,13155117,LeetCode30DayCodingChallenge,https://leetcode.com/explore/challenge/card/30-day-leetcoding-challenge,TypeScript,2020-04-19 00:10:30,N,0,2021-02-10 15:57:59,N
159704815,https://api.github.com/repos/karimsyed6886/portal,57643433,portal,project code,TypeScript,2020-04-22 18:18:52,N,0,2020-12-19 11:35:50,N
159705111,https://api.github.com/repos/cdeery/reactql,1754446,reactql,Created with CodeSandbox,TypeScript,2020-04-22 18:51:56,N,0,2021-03-02 02:21:57,N
159705556,https://api.github.com/repos/w3f/test-utils-ts,37211642,test-utils-ts,N,TypeScript,2020-04-06 08:43:54,N,0,2021-02-23 11:26:36,N
159706039,https://api.github.com/repos/bowen9284/cloud_developer,6895710,cloud_developer,Udemy Cloud Developer Course,TypeScript,2020-04-22 19:33:45,N,0,2021-01-07 05:32:59,N
159706246,https://api.github.com/repos/Terminatt/udacity-microservices,42631284,udacity-microservices,N,TypeScript,2020-04-22 19:49:02,N,0,2020-12-19 11:34:03,N
159707661,https://api.github.com/repos/m-mitsuhide/thunder,5849971,thunder,N,TypeScript,2020-04-06 09:21:17,N,0,2020-05-04 02:18:56,N
159707890,https://api.github.com/repos/wswaileh/users_crud_app,47107636,users_crud_app,N,TypeScript,2020-04-06 09:26:09,N,0,2020-09-12 11:55:43,N
159710184,https://api.github.com/repos/Shushlayka2/LockWebSite,34577936,LockWebSite,N,TypeScript,2020-04-22 23:04:07,N,0,2020-10-03 05:42:17,N
159710405,https://api.github.com/repos/mneiferbag/javascript-examples,11345081,javascript-examples,Collection of JavaScript code examples.,TypeScript,2020-04-06 10:15:45,N,0,2021-01-03 19:26:38,N
159710520,https://api.github.com/repos/puzzleio/router,51420400,router,Router is responsible for routing messages between Producer & Consumer as well as other routers,TypeScript,2020-04-10 12:13:00,N,0,2020-08-01 20:59:22,N
159710721,https://api.github.com/repos/priyanshuin1/EventBooking,44939419,EventBooking,N,TypeScript,2020-04-22 23:18:43,N,0,2020-12-19 11:36:30,N
159714123,https://api.github.com/repos/tobysmith568/License-Sorter,41082212,License-Sorter,NPM CLI which sorts the JSON output from the library license-checker by the license type,TypeScript,2020-04-06 11:28:13,N,0,2020-07-21 15:47:05,N
159714256,https://api.github.com/repos/MuriloAbranches/modulos-gostack-11,45751757,modulos-gostack-11,Módulos do GoStack 11 - Rocketseat,TypeScript,2020-04-12 02:49:52,N,0,2021-01-07 04:29:12,N
159715565,https://api.github.com/repos/Jhordy9/github_explorer,54022327,github_explorer,Aplicação para listar repositórios e suas issues.,TypeScript,2020-04-25 11:54:05,N,0,2020-06-24 20:57:36,N
159717797,https://api.github.com/repos/AlexGolubnychyi/hsbuddy,30912129,hsbuddy,N,TypeScript,2020-04-23 02:22:39,N,0,2020-10-23 07:10:04,N
159719838,https://api.github.com/repos/AtiSen/assignment-test,31192038,assignment-test,N,TypeScript,2020-04-22 11:35:33,N,0,2020-12-19 11:33:14,N
159720007,https://api.github.com/repos/faelperetta/bootcamp-desafio07,716511,bootcamp-desafio07,GoFinances react app,TypeScript,2020-04-23 00:55:45,N,0,2021-02-24 07:32:26,N
159725862,https://api.github.com/repos/ewestsecurus/AngularLearning,57649040,AngularLearning,N,TypeScript,2020-04-06 14:12:33,N,0,2020-05-04 04:27:23,N
159726927,https://api.github.com/repos/saiswapnil123/Angular_Projects,48326092,Angular_Projects,N,TypeScript,2020-04-22 11:58:39,N,0,2020-09-11 21:31:09,N
159737790,https://api.github.com/repos/kigh-ota/electron-ts,9124876,electron-ts,N,TypeScript,2020-04-22 13:59:51,N,0,2021-02-10 14:35:14,N
159746455,https://api.github.com/repos/fabianopimpao/meat-app-sample,11641555,meat-app-sample,Meat App Sample,TypeScript,2020-04-23 02:19:33,N,0,2020-06-12 02:50:50,N
159747091,https://api.github.com/repos/whizzes/avocado,52677129,avocado,:avocado: Testing tool for Web API,TypeScript,2020-04-27 15:38:08,N,0,2020-07-08 07:17:21,N
159750041,https://api.github.com/repos/lebarreto/GoBarberTypescript,40516251,GoBarberTypescript,N,TypeScript,2020-04-13 14:22:17,N,0,2021-01-07 05:46:42,N
159751384,https://api.github.com/repos/sojeongw/nuber-client,45689517,nuber-client,N,TypeScript,2020-04-26 06:15:11,N,0,2021-03-02 02:24:41,N
159753254,https://api.github.com/repos/Hippowatamus/Databases-Final,40909351,Databases-Final,N,TypeScript,2020-04-06 18:19:57,N,0,2020-09-12 12:00:26,N
159756638,https://api.github.com/repos/sempostma/afira-rfjs-material-ui,51702687,afira-rfjs-material-ui,N,TypeScript,2020-04-22 19:13:42,N,0,2020-12-19 11:35:31,N
159756806,https://api.github.com/repos/drd-alves/BlogPessoal-Angular,54611199,BlogPessoal-Angular,N,TypeScript,2020-04-06 19:27:18,N,0,2020-06-17 22:00:07,N
159757385,https://api.github.com/repos/UD-CISC374/educational-game-project-team-5-eric-and-toby,55150149,educational-game-project-team-5-eric-and-toby,educational-game-project-team-5-eric-and-toby created by GitHub Classroom,TypeScript,2020-04-06 19:41:47,N,0,2020-12-19 09:14:50,N
159758994,https://api.github.com/repos/RenanContiero/todo-app,57452102,todo-app,Projeto de um gerenciador de tarefas feito em Angular.,TypeScript,2020-04-06 20:48:41,N,0,2020-09-12 12:05:35,N
159759861,https://api.github.com/repos/rgflsc/rocketseat_gostack_nivel03_first_project_react,31012670,rocketseat_gostack_nivel03_first_project_react,Rocketseat Bootcamp - GoBarber,TypeScript,2020-04-22 20:04:53,N,0,2020-12-19 11:34:42,N
159761383,https://api.github.com/repos/yabba36/allerlei-componenten-ionic,55555599,allerlei-componenten-ionic,N,TypeScript,2020-04-06 21:51:40,N,0,2020-06-07 07:51:16,N
159762231,https://api.github.com/repos/leonidasyopan/gostack-aulas-input,38181934,gostack-aulas-input,Pratica das lições do GoStack 11 promovido pela RocketSeat,TypeScript,2020-04-06 22:13:17,N,0,2021-01-06 18:42:50,N
159766662,https://api.github.com/repos/bernas1104/gostack,12478122,gostack,"A repository for all the exercises, challanges and whatever of the Bootcamp GoStack from Rocketseat",TypeScript,2020-04-07 00:01:37,N,0,2020-09-04 11:15:22,N
159767816,https://api.github.com/repos/swathibhe/ionic-basic-app,48507589,ionic-basic-app,N,TypeScript,2020-04-23 04:07:39,N,0,2020-09-11 21:46:21,N
159771034,https://api.github.com/repos/PN-promo6/openmuseum-maddy-12,51923535,openmuseum-maddy-12,openmuseum-maddy-12 created by GitHub Classroom,TypeScript,2020-04-22 07:24:19,N,0,2020-09-04 11:18:59,N
159776708,https://api.github.com/repos/wchan07/anag,36048345,anag,N,TypeScript,2020-04-23 02:34:23,N,0,2020-09-11 21:37:03,N
159779890,https://api.github.com/repos/pathareshekhar29/Gherkin-Test,44368612,Gherkin-Test,Gherkin Test cases,TypeScript,2020-04-23 07:17:56,N,0,2020-12-19 11:38:14,N
159780538,https://api.github.com/repos/yashika-5/angular-practice,40819252,angular-practice,N,TypeScript,2020-04-06 12:15:33,N,0,2020-09-11 22:55:37,N
159780799,https://api.github.com/repos/sanphandinh/san-phan-dinh-blog,5049154,san-phan-dinh-blog,N,TypeScript,2020-04-09 11:08:03,N,0,2020-06-22 00:56:41,N
159781554,https://api.github.com/repos/mm-widgets/wm000001,55877277,wm000001,N,TypeScript,2020-04-07 02:18:19,N,0,2020-06-02 19:06:37,N
159782991,https://api.github.com/repos/Tomyail/cra-template-redux-observerable,116396,cra-template-redux-observerable,N,TypeScript,2020-04-20 11:09:57,N,0,2021-01-24 08:55:04,N
159783828,https://api.github.com/repos/yeddu/angularforms,8751491,angularforms,N,TypeScript,2020-04-23 10:21:11,N,0,2020-12-19 11:38:42,N
159784146,https://api.github.com/repos/trem7/angular-pipes,12397863,angular-pipes,Academind angular pipes tutorial,TypeScript,2020-04-06 13:00:58,N,0,2020-06-01 00:34:45,N
159784507,https://api.github.com/repos/yeddu/Angular-Jumpstart,8751491,Angular-Jumpstart,N,TypeScript,2020-04-23 10:54:45,N,0,2020-09-09 07:57:01,N
159784642,https://api.github.com/repos/courses-angular/Angular-NgxRx-Getting-Started-By-DeborahK,54823974,Angular-NgxRx-Getting-Started-By-DeborahK,N,TypeScript,2020-04-23 10:52:26,N,0,2020-09-09 09:01:33,N
159788828,https://api.github.com/repos/hrvatees/RxJsCourse,43646688,RxJsCourse,N,TypeScript,2020-04-23 14:24:55,N,0,2020-09-12 14:04:01,N
159791034,https://api.github.com/repos/bbmattieu9/Inventory,40742866,Inventory,Component communication in molayo mini store,TypeScript,2020-04-22 13:47:38,N,0,2020-12-19 11:41:04,N
159791606,https://api.github.com/repos/trem7/angular-http,12397863,angular-http,Academind angular http tutorial,TypeScript,2020-04-06 14:42:55,N,0,2020-06-01 02:04:34,N
159791900,https://api.github.com/repos/gaetanBloch/angular-binding,1157216,angular-binding,Angular 9 Components and Data Binding fundamentals,TypeScript,2020-04-06 14:46:30,N,0,2020-06-01 02:00:51,N
159792542,https://api.github.com/repos/bass-2000/angular-sandbox,44354526,angular-sandbox,Angular 8 - The Complete Guide sandbox,TypeScript,2020-04-06 14:55:52,N,0,2020-09-04 18:24:24,N
159793913,https://api.github.com/repos/Johnny-Saraiva/go-barber,55631028,go-barber,"Aplicativo para barbearia utilizando NodeJS, ReactJS e React Native.",TypeScript,2020-04-13 21:22:33,N,0,2021-01-07 05:51:51,N
159795271,https://api.github.com/repos/mm-atom/awx000026,55755272,awx000026,N,TypeScript,2020-04-07 02:42:56,N,0,2020-06-01 14:45:59,N
159795649,https://api.github.com/repos/Shahid1993/udagram-microservices,40026458,udagram-microservices,"Microservices based project that uses kubernetes, and Travis CI. Part of Udacity Cloud Developer Nanodegree program.",TypeScript,2020-04-23 18:03:28,N,0,2020-12-19 11:40:33,N
159796032,https://api.github.com/repos/freewind-demos/typescript-react-antd-table-search-column-demo,45323831,typescript-react-antd-table-search-column-demo,N,TypeScript,2020-04-06 15:42:07,N,0,2021-02-20 05:11:32,N
159798491,https://api.github.com/repos/RenanContiero/project-rm,57452102,project-rm,Projeto Renan e Mayke,TypeScript,2020-04-06 16:22:13,N,0,2020-09-12 11:58:33,N
159803014,https://api.github.com/repos/resmytomy/SIngleSPA,56629536,SIngleSPA,N,TypeScript,2020-04-23 19:02:20,N,0,2021-03-04 15:26:32,N
159804494,https://api.github.com/repos/siddjain/phf,1478020,phf,N,TypeScript,2020-04-06 18:13:15,N,0,2021-01-10 14:41:45,N
159806415,https://api.github.com/repos/rafaelone/GoBarber-web,30685542,GoBarber-web,N,TypeScript,2020-04-23 22:51:07,N,0,2021-01-07 05:52:53,N
159807943,https://api.github.com/repos/shaxqt/fcd,57245581,fcd,N,TypeScript,2020-04-23 23:41:57,N,0,2020-12-10 00:21:26,N
159808920,https://api.github.com/repos/oumaymanasr/manage-events,41060266,manage-events,N,TypeScript,2020-04-24 00:30:29,N,0,2021-01-22 11:08:47,N
159810254,https://api.github.com/repos/Jude-MS/singin-signup-mean,56288502,singin-signup-mean,Login and Register using MEAN ,TypeScript,2020-04-24 01:34:08,N,0,2020-12-19 11:42:46,N
159811787,https://api.github.com/repos/NooksBazaar/api,56965456,api,N,TypeScript,2020-04-23 23:27:16,N,0,2021-01-07 05:39:07,N
159812548,https://api.github.com/repos/AndresCode11/TodoList,50216819,TodoList,to do list,TypeScript,2020-04-17 02:27:41,N,0,2020-12-19 11:43:12,N
159813199,https://api.github.com/repos/lamungu/UdacityProject3,11814687,UdacityProject3,N,TypeScript,2020-04-24 02:08:23,N,0,2020-12-19 11:43:52,N
159814793,https://api.github.com/repos/yeddu/customermanage,8751491,customermanage,N,TypeScript,2020-04-23 10:52:25,N,0,2020-09-09 07:57:14,N
159815289,https://api.github.com/repos/wmcarlosv/fastmerDrive,39711356,fastmerDrive,fastmerDrive,TypeScript,2020-04-23 11:10:02,N,0,2020-09-05 01:11:30,N
159817356,https://api.github.com/repos/tntan796/vuejs-youtube-material,55759189,vuejs-youtube-material,N,TypeScript,2020-04-24 02:23:45,N,0,2020-12-19 11:43:39,N
159818464,https://api.github.com/repos/brunoqueiroz2011/Desafio_Selpe,34433481,Desafio_Selpe,Projeto para o processo seletivo Selpe,TypeScript,2020-04-30 14:43:10,N,0,2020-12-19 13:04:42,N
159824460,https://api.github.com/repos/m2marcelo/udagram-microservice,1865914,udagram-microservice,Third project for Udacity Cloud Developer nanodegree,TypeScript,2020-04-30 14:55:53,N,0,2020-09-11 23:41:57,N
159824565,https://api.github.com/repos/iajimeneespol/espol,57329377,espol,proyecto de postgrado,TypeScript,2020-04-23 22:11:50,N,0,2020-10-23 07:09:27,N
159826325,https://api.github.com/repos/Team-VM/spring-petclinic,57552303,spring-petclinic,N,TypeScript,2020-04-06 09:23:39,N,0,2020-05-04 17:00:27,N
159827421,https://api.github.com/repos/pgomez465/14,56719212,14,N,TypeScript,2020-04-23 17:08:43,N,0,2020-09-05 02:30:25,N
159829892,https://api.github.com/repos/danilovitolo/goStackReact,57085871,goStackReact,N,TypeScript,2020-04-07 04:15:30,N,0,2021-01-07 05:11:27,N
159832265,https://api.github.com/repos/ARTHURPC03/Github-Explorer,53017014,Github-Explorer,Aplicação desenvolvida com React + TypeScript.,TypeScript,2020-04-22 15:04:22,N,0,2021-01-03 17:46:39,N
159834401,https://api.github.com/repos/baishancloudFE/bsy-components,36299424,bsy-components,组件库,TypeScript,2020-04-07 05:35:25,N,0,2020-09-28 17:56:59,N
159835287,https://api.github.com/repos/nuxt-community/composition-api,36601454,composition-api,Composition API hooks for Nuxt.,TypeScript,2020-04-27 19:40:36,N,0,2021-03-01 05:14:41,N
159839256,https://api.github.com/repos/jcfranco/stencil-next-lifecycle-issue,153891,stencil-next-lifecycle-issue,N,TypeScript,2020-04-07 06:54:12,N,0,2020-05-04 18:44:41,N
159841566,https://api.github.com/repos/c-w/bgio-azure-storage,1379890,bgio-azure-storage,Azure Storage database connector for boardgame.io,TypeScript,2020-04-25 14:27:55,N,0,2021-03-03 05:50:25,N
159848473,https://api.github.com/repos/tolokoban/tfw-component-world-map,1587556,tfw-component-world-map,React component representing a SVG image from 211 highlightable countries,TypeScript,2020-04-07 09:49:50,N,0,2020-12-09 23:06:45,N
159848621,https://api.github.com/repos/builinh98/Manage-Time-Working,56980231,Manage-Time-Working,N,TypeScript,2020-04-07 09:52:44,N,0,2021-03-04 15:30:20,N
159851056,https://api.github.com/repos/henriqueweiand/electron-to-do-list,6145896,electron-to-do-list,N,TypeScript,2020-04-23 21:34:15,N,0,2021-01-29 08:40:23,N
159851132,https://api.github.com/repos/Awais-Practice/Angular-products-Management,57322932,Angular-products-Management,Angular-products-Management for Practice Deborah Kurata,TypeScript,2020-04-07 10:45:20,N,0,2020-12-31 12:14:17,N
159851481,https://api.github.com/repos/OlvArthur/gostack2-nivel03,40459814,gostack2-nivel03,N,TypeScript,2020-04-21 14:48:49,N,0,2021-01-07 05:41:24,N
159853336,https://api.github.com/repos/satyagowtham/Angular,57682728,Angular,N,TypeScript,2020-04-22 16:23:29,N,0,2021-01-07 05:36:13,N
159855411,https://api.github.com/repos/anamikamaurya/udacity-cloud-developer-capstone-project,49867019,udacity-cloud-developer-capstone-project,Udacity cloud developer program's capstone project.,TypeScript,2020-04-29 06:03:24,N,0,2020-06-14 22:10:02,N
159858308,https://api.github.com/repos/arunkumarmahesh/Adverse-Event-Explorer,33155859,Adverse-Event-Explorer,AE Explorer improves the reporting and monitoring of AE's by applying data visualizations and contemporary web browsing practices to the traditional process.,TypeScript,2020-04-23 07:32:19,N,0,2021-01-21 12:30:08,N
159860820,https://api.github.com/repos/getshifter/ionic-react-wordpress,30966438,ionic-react-wordpress,N,TypeScript,2020-04-22 13:43:15,N,0,2021-01-02 03:55:25,N
159862416,https://api.github.com/repos/sudo-d/angular-blog,57685492,angular-blog,N,TypeScript,2020-04-23 09:08:20,N,0,2020-09-12 14:03:21,N
159870747,https://api.github.com/repos/yom-elect/React_TypeScript_User_Search,47723938,React_TypeScript_User_Search,This is a user query and searching Application built with typescript,TypeScript,2020-04-24 08:12:27,N,0,2021-03-03 05:48:25,N
159870757,https://api.github.com/repos/dmitrystnkv/Let-s-talk,57687979,Let-s-talk,The website where you can chat with any people in English. It gives you a discussion topic.,TypeScript,2020-04-24 07:57:41,N,0,2020-12-19 11:46:29,N
159875160,https://api.github.com/repos/trainingit-introangular/practica-final-curso-ignaciogallent,49400250,practica-final-curso-ignaciogallent,practica-final-curso-ignaciogallent created by GitHub Classroom,TypeScript,2020-04-24 10:30:25,N,0,2020-09-08 12:11:28,N
159877672,https://api.github.com/repos/AlvinTang1/Jeopardy_Clone,11608608,Jeopardy_Clone,Clone of  Jeopardy  utilizing  MEAN Stack,TypeScript,2020-04-24 11:35:13,N,0,2020-12-19 11:46:08,N
159882683,https://api.github.com/repos/CODEHUSTLE/ng-auction,57173367,ng-auction,N,TypeScript,2020-04-24 14:24:03,N,0,2020-12-19 11:48:10,N
159882910,https://api.github.com/repos/lucasbarroos/site_api,21972775,site_api,Api with the blog posts to website,TypeScript,2020-04-24 14:34:26,N,0,2021-02-17 08:03:20,N
159885190,https://api.github.com/repos/Matheus-Bandeira/mean-contactlist-angular2,35744953,mean-contactlist-angular2,N,TypeScript,2020-04-24 15:36:12,N,0,2020-12-19 11:49:24,N
159886819,https://api.github.com/repos/hendrickh/udacity_fsdn_coffee_shop,55948885,udacity_fsdn_coffee_shop,N,TypeScript,2020-04-24 16:21:33,N,0,2020-09-12 14:08:47,N
159887142,https://api.github.com/repos/UD-CISC374/educational-game-project-team-10-hansen-shi-seth-prentice,55150149,educational-game-project-team-10-hansen-shi-seth-prentice,educational-game-project-team-10-hansen-shi-seth-prentice created by GitHub Classroom,TypeScript,2020-04-08 00:29:31,N,0,2020-09-12 12:09:25,N
159888069,https://api.github.com/repos/RenanContiero/currency-converter,57452102,currency-converter,Conversor de moedas.,TypeScript,2020-04-08 00:54:49,N,0,2020-09-12 12:11:36,N
159888137,https://api.github.com/repos/Gasorey/desafio07-reactjs,55769999,desafio07-reactjs,Desafio elaborado para praticar ReactJs durante o GoStack,TypeScript,2020-04-24 17:04:14,N,0,2020-06-13 02:26:38,N
159889497,https://api.github.com/repos/werts/single-spa-demo,9244766,single-spa-demo,N,TypeScript,2020-04-08 01:27:49,N,0,2020-12-19 09:28:15,N
159889927,https://api.github.com/repos/anbiun/BannerlordBanners,39336381,BannerlordBanners,N,TypeScript,2020-04-24 17:53:47,N,0,2020-12-19 11:47:50,N
159890015,https://api.github.com/repos/aish-setia/Angular-ng,57694291,Angular-ng,N,TypeScript,2020-04-20 18:29:51,N,0,2020-12-18 23:41:28,N
159890627,https://api.github.com/repos/rankery/Test,44300722,Test,Test app with Angular + NestJS,TypeScript,2020-04-07 00:01:57,N,0,2020-09-12 20:48:44,N
159892393,https://api.github.com/repos/duocun/duocun-fd,51667762,duocun-fd,N,TypeScript,2020-04-08 02:03:46,N,0,2020-06-17 23:59:37,N
159893113,https://api.github.com/repos/theapplegates/nehal-testing,35290372,nehal-testing,N,TypeScript,2020-04-24 19:20:10,N,0,2020-10-22 22:43:40,N
159893615,https://api.github.com/repos/dreiv/ng-multiselect,4456752,ng-multiselect,N,TypeScript,2020-04-07 10:31:40,N,0,2020-06-02 00:48:15,N
159893920,https://api.github.com/repos/duocun/duocun-driver,51667762,duocun-driver,N,TypeScript,2020-04-08 02:07:18,N,0,2020-05-05 02:49:55,N
159894246,https://api.github.com/repos/the-brave-house/apps,47959892,apps,The Brave House mobile app,TypeScript,2020-04-10 15:05:56,N,0,2021-02-21 20:42:33,N
159894647,https://api.github.com/repos/Jayanthzcom/angular-template-Forms,57655209,angular-template-Forms,Template Driven Forms exercises with validation short cuts,TypeScript,2020-04-24 20:03:50,N,0,2020-09-11 23:00:51,N
159895399,https://api.github.com/repos/leewhitbeck/blossom,41779,blossom,Lia's Website,TypeScript,2020-04-23 23:12:34,N,0,2020-06-09 21:11:28,N
159895570,https://api.github.com/repos/chrisbmar/guestbook,51819701,guestbook,A simple TypeScript and React app. using Easy-peasy and Material-UI. Backend uses json-server to persist posts in the db.json file.,TypeScript,2020-04-24 20:32:42,N,0,2020-09-12 14:09:28,N
159896138,https://api.github.com/repos/Paperback-iOS/extensions,57570589,extensions,"Repo to host extensions for Paperback, WIP",TypeScript,2020-04-29 22:58:35,N,0,2021-01-07 02:21:07,N
159896907,https://api.github.com/repos/davidjentjens/gostack,51196464,gostack,Todo material utilizado para completar o curso GoStack 11 da RocketSeat.,TypeScript,2020-04-08 18:08:33,N,0,2021-01-07 06:26:22,N
159897444,https://api.github.com/repos/krthk2005/tambola-game,2634934,tambola-game,test game,TypeScript,2020-04-24 20:48:53,N,0,2020-10-23 07:09:53,N
159897606,https://api.github.com/repos/Kinsj/gulu,57205122,gulu,N,TypeScript,2020-04-07 12:19:21,N,0,2020-10-30 02:02:36,N
159899175,https://api.github.com/repos/garronej/denoify_kickstart,5016101,denoify_kickstart,N,TypeScript,2020-04-24 22:04:31,N,0,2020-06-13 01:29:10,N
159900459,https://api.github.com/repos/anbiun/MB2Banner,39336381,MB2Banner,N,TypeScript,2020-04-24 22:49:33,N,0,2020-12-19 11:49:40,N
159902196,https://api.github.com/repos/ayayalar/ReactContextAPIDefect,47824,ReactContextAPIDefect,N,TypeScript,2020-04-24 23:23:05,N,0,2020-12-19 11:48:56,N
159902636,https://api.github.com/repos/ditek/udagram,8263850,udagram,N,TypeScript,2020-04-24 23:34:59,N,0,2021-01-03 18:27:25,N
159906057,https://api.github.com/repos/avrcoelho/react-skeleton-loader-pulse,50851780,react-skeleton-loader-pulse,N,TypeScript,2020-04-22 12:00:59,N,0,2020-06-13 16:05:41,N
159907987,https://api.github.com/repos/Alorel/rollup-modular-css-plugin,2246720,rollup-modular-css-plugin,A personal use plugin for making modular css files in rollup,TypeScript,2020-04-18 21:48:21,N,0,2020-06-13 03:17:22,N
159915577,https://api.github.com/repos/rougeTitan/Angular-Demo-projects,57699000,Angular-Demo-projects,These projects are related to specific module of Angular,TypeScript,2020-04-07 14:46:48,N,0,2020-09-12 12:04:46,N
159919988,https://api.github.com/repos/jasonlimantoro/realtime-editor,37668585,realtime-editor,Real time editor,TypeScript,2020-04-07 15:14:04,N,0,2021-01-22 10:56:19,N
159928225,https://api.github.com/repos/MarcinBamburski1987/udemy-cwiczenia-z-interpolacji-z-stackbitz,48613003,udemy-cwiczenia-z-interpolacji-z-stackbitz,Created with StackBlitz ⚡️,TypeScript,2020-04-24 13:31:58,N,0,2020-09-19 09:53:47,N
159928766,https://api.github.com/repos/renatoDev0ps/BootcampGoStack2020,55410977,BootcampGoStack2020,"Estudo de NodeJS, ReactJS, React Native",TypeScript,2020-04-09 23:52:46,N,0,2021-01-06 18:53:26,N
159931947,https://api.github.com/repos/dhaileytaha/comit_app_check,29480508,comit_app_check,N,TypeScript,2020-04-25 02:31:50,N,0,2021-03-02 02:22:00,N
159934902,https://api.github.com/repos/astemm/taskManagerClient,7879353,taskManagerClient,N,TypeScript,2020-04-24 15:32:55,N,0,2020-09-12 14:08:56,N
159936305,https://api.github.com/repos/SushmithaNekkalapudi/Module2,45893248,Module2,N,TypeScript,2020-04-24 15:55:14,N,0,2020-09-11 21:56:29,N
159938127,https://api.github.com/repos/Quarantine-Help/quarantine-help-web,56214142,quarantine-help-web,"A web frontend for the QuarantineHelp project, built using the Angular framework. The project aims to assist people to find help while in quarantined.",TypeScript,2020-04-11 11:11:54,N,0,2021-01-22 10:59:26,N
159939352,https://api.github.com/repos/ryparker/jest-allure2,14143844,jest-allure2,Jest reporter that produces Allure reports using the latest Allure features : ^2.0.0-beta.6,TypeScript,2020-04-09 19:20:34,N,0,2021-02-27 10:38:47,N
159939548,https://api.github.com/repos/MohamedDounnani94/nestjs-project,48303445,nestjs-project,Simple nestjs project with typescript,TypeScript,2020-04-07 17:52:03,N,0,2020-12-10 17:18:27,N
159940842,https://api.github.com/repos/JacobMiske/react-flask-starter,25952254,react-flask-starter,"Like a sourdough starter, but for a React app served by a flask server.",TypeScript,2020-04-24 17:28:33,N,0,2021-02-09 07:53:07,N
159946367,https://api.github.com/repos/theapplegates/nehal-testing2,35290372,nehal-testing2,N,TypeScript,2020-04-24 19:30:58,N,0,2020-10-22 22:44:33,N
159949230,https://api.github.com/repos/RaphaelCaputo/rxjs-course,43444155,rxjs-course,N,TypeScript,2020-04-07 19:14:39,N,0,2020-09-11 18:49:26,N
159952825,https://api.github.com/repos/TangKunjun/angulartest,33813002,angulartest,angular学习笔记,TypeScript,2020-04-24 02:39:57,N,0,2020-12-18 23:45:31,N
159952910,https://api.github.com/repos/wechaty/ha-wechaty,30739243,ha-wechaty,HAWechaty is a Load Balance for providing High Availability for Wechaty Chatbot by spreading requests across multiple WeChat individual accounts.,TypeScript,2020-04-06 06:44:15,N,0,2021-01-31 06:06:52,N
159953874,https://api.github.com/repos/poliha/wallet.saza.io,2864765,wallet.saza.io,Saza Stellar Wallet,TypeScript,2020-04-10 04:39:43,N,0,2021-03-03 05:45:19,N
159958069,https://api.github.com/repos/dra2020/lambda,52737889,lambda,Manage lambda invocations,TypeScript,2020-04-07 22:31:45,N,0,2020-12-15 12:19:31,N
159959323,https://api.github.com/repos/julian-kuroiwa/bootcamp-gostack-rocketseat,35574623,bootcamp-gostack-rocketseat,Bootcamp Rocketseat - GoStack 11,TypeScript,2020-04-07 23:26:43,N,0,2021-01-06 18:43:42,N
159959479,https://api.github.com/repos/materya/pulumi,57713036,pulumi,Collection of components for Pulumi,TypeScript,2020-04-19 21:48:53,N,0,2021-03-05 12:13:36,N
159964775,https://api.github.com/repos/Groww/super,56032149,super,React native common components kit ,TypeScript,2020-04-20 06:23:14,N,0,2020-08-02 05:39:01,N
159965403,https://api.github.com/repos/snehdalal/aws-modern-application-workshop,45022521,aws-modern-application-workshop,N,TypeScript,2020-04-25 08:34:25,N,0,2020-08-02 00:20:45,N
159966982,https://api.github.com/repos/domints/TTSSWeb2,1558672,TTSSWeb2,N,TypeScript,2020-04-25 09:10:45,N,0,2020-09-12 14:11:23,N
159968662,https://api.github.com/repos/mm-atom/aw000024,55755272,aw000024,N,TypeScript,2020-04-07 09:18:44,N,0,2020-06-02 13:01:41,N
159968700,https://api.github.com/repos/mm-atom/aw000025,55755272,aw000025,N,TypeScript,2020-04-07 09:19:43,N,0,2020-06-03 17:52:03,N
159970025,https://api.github.com/repos/KauthamMurugan/web-tutorial-tryouts,50507310,web-tutorial-tryouts,Just my tryouts in learning web development,TypeScript,2020-04-24 10:51:59,N,0,2020-12-19 11:47:03,N
159971594,https://api.github.com/repos/leandrovi/gofinances,42703327,gofinances,"Fullstack and mobile application that saves finantial transactions such as inflows and outflows, and allows these transactions creation and listing.",TypeScript,2020-04-16 00:34:11,N,0,2021-01-07 06:02:13,N
159971737,https://api.github.com/repos/smallbatchdevs/10-sendgrid,54840290,10-sendgrid,N,TypeScript,2020-04-19 21:33:26,N,0,2021-03-01 22:16:35,N
159972701,https://api.github.com/repos/Code-Vedas/ngx-cable-x,56741436,ngx-cable-x,N,TypeScript,2020-04-25 12:11:54,N,0,2021-03-05 11:29:44,N
159973000,https://api.github.com/repos/RobsonElias/QuickBuy,45674616,QuickBuy,N,TypeScript,2020-04-21 13:57:41,N,0,2020-12-19 11:52:01,N
159973512,https://api.github.com/repos/thirtsoft/GStockWeb,48195663,GStockWeb,Spring boot + Angular Web Application for stock and Sell. (Frontend Partie),TypeScript,2020-04-25 13:55:28,N,0,2020-09-12 14:48:27,N
159973897,https://api.github.com/repos/ledesmablt/social-media-integrations,31047735,social-media-integrations,Test repo for social media integrations through Firebase. Meant to be messy.,TypeScript,2020-04-24 15:17:45,N,0,2021-01-07 06:00:00,N
159974963,https://api.github.com/repos/kross77/react-link,1984836,react-link,N,TypeScript,2020-04-25 14:47:25,N,0,2020-12-18 23:47:28,N
159975251,https://api.github.com/repos/ahmadelkhateb/cloud-developer,39739494,cloud-developer,N,TypeScript,2020-04-25 14:59:16,N,0,2020-12-19 11:52:13,N
159975935,https://api.github.com/repos/wellol/ngx-translate-multi-http-loader-sample-wqfeoj,51774514,ngx-translate-multi-http-loader-sample-wqfeoj,Created with StackBlitz ⚡️,TypeScript,2020-04-25 15:26:40,N,0,2020-10-23 07:11:25,N
159976175,https://api.github.com/repos/thiagoltavares/GoBarber,46489275,GoBarber,N,TypeScript,2020-04-25 12:12:35,N,0,2021-01-07 05:51:52,N
159977585,https://api.github.com/repos/sirigirisai/mean,46243639,mean,N,TypeScript,2020-04-25 16:18:00,N,0,2020-09-11 22:04:04,N
159978766,https://api.github.com/repos/koshyj1/html,57718998,html,For html code.,TypeScript,2020-04-21 20:51:36,N,0,2021-01-28 22:02:41,N
159979521,https://api.github.com/repos/ysrivast/angular-base-setup,34620016,angular-base-setup,N,TypeScript,2020-04-10 19:57:23,N,0,2021-03-04 14:38:08,N
159980293,https://api.github.com/repos/u-can-miracle/code_example_BE,11189893,code_example_BE,N,TypeScript,2020-04-25 17:53:24,N,0,2021-03-03 05:48:37,N
159981148,https://api.github.com/repos/sanchit2107/AngularWorkspace,48788329,AngularWorkspace,"Angular based project with Spring, REST and Micro services.",TypeScript,2020-04-25 18:24:17,N,0,2020-10-19 18:34:17,N
159982137,https://api.github.com/repos/chedburgh/udacity-udagram-microservice,2831550,udacity-udagram-microservice,N,TypeScript,2020-04-25 18:58:20,N,0,2021-01-21 07:03:08,N
159982200,https://api.github.com/repos/mm-widgets/wwx000001,55877277,wwx000001,N,TypeScript,2020-04-08 07:48:39,N,0,2020-06-04 06:38:43,N
159982935,https://api.github.com/repos/1015355299/Web-FullStack-Video-Website,51121397,Web-FullStack-Video-Website,视频网站-app-小程序,TypeScript,2020-04-08 08:06:30,N,0,2020-12-09 23:01:57,N
159983555,https://api.github.com/repos/FallenMaster/overtour,30374845,overtour,N,TypeScript,2020-04-25 18:39:27,N,0,2021-01-29 13:46:52,N
159983693,https://api.github.com/repos/trainingit-introangular/practica-final-curso-pinhi,49400250,practica-final-curso-pinhi,practica-final-curso-pinhi created by GitHub Classroom,TypeScript,2020-04-25 19:58:51,N,0,2020-09-09 09:04:14,N
159983935,https://api.github.com/repos/victorh1705/rocketseat-bootcamp-reactjs-gofinance,11408138,rocketseat-bootcamp-reactjs-gofinance,Desafio 07 do curso goStack da rocketseat. Desafio de react JS.,TypeScript,2020-04-25 20:07:46,N,0,2021-01-04 04:06:38,N
159985179,https://api.github.com/repos/Onetail/simple-express-graphql,8266198,simple-express-graphql,use graphql with express,TypeScript,2020-04-08 09:02:48,N,0,2021-03-04 15:25:38,N
159985294,https://api.github.com/repos/MTLantoine/Appareils,48978359,Appareils,AngularJS project of a home appliance list to turn ON or OFF,TypeScript,2020-04-25 20:33:57,N,0,2020-09-04 18:42:01,N
159986303,https://api.github.com/repos/rafaelcouto/desenvolvimento-mobile,3033356,desenvolvimento-mobile,"Projetos desenvolvidos na matéria de desenvolvimento mobile do curso de Engenharia de Software na USC, utilizando Angular e Ionic.",TypeScript,2020-04-25 21:12:21,N,0,2020-07-20 20:16:15,N
159989008,https://api.github.com/repos/thqueiroz/GoBarber-2.0,45215351,GoBarber-2.0,Project created during goStack bootcamp using React and Node.js with Typescript,TypeScript,2020-04-25 22:35:47,N,0,2021-01-07 16:03:33,N
159989633,https://api.github.com/repos/jirapat169/Job_Dormitory_RMUTi,34941410,Job_Dormitory_RMUTi,N,TypeScript,2020-04-08 10:59:40,N,0,2021-02-26 22:40:37,N
159990134,https://api.github.com/repos/gnharishkumar13/monolith-to-microservices,54041983,monolith-to-microservices,Udacity Project - Course 03,TypeScript,2020-04-25 23:25:45,N,0,2020-12-19 11:54:16,N
159990472,https://api.github.com/repos/smarigowda/angular-di-demo,743843,angular-di-demo,angular-di-demo,TypeScript,2020-04-08 11:42:13,N,0,2020-06-03 06:31:11,N
159991265,https://api.github.com/repos/rgflsc/rocketseat_gostack_nivel03_frontend,31012670,rocketseat_gostack_nivel03_frontend,Rocketseat Bootcamp - GoBarber,TypeScript,2020-04-26 00:19:02,N,0,2020-12-19 11:54:38,N
159991293,https://api.github.com/repos/kartikcr/Udagram_Docker_Microservices,13670297,Udagram_Docker_Microservices,"Udagram Image Filtering Microservice: a. Using AWS Elastic BeanStalk, deploy a complete end to end application which is a Node-Express application that runs script to process images, using a Node-Express server as a RestAPI Backend and a basic ionic clien",TypeScript,2020-04-26 00:20:35,N,0,2020-12-18 23:48:03,N
159992274,https://api.github.com/repos/eITNH/backend,57723301,backend,N,TypeScript,2020-04-26 01:09:57,N,0,2021-03-01 22:16:03,N
159993992,https://api.github.com/repos/xuxihua/init-project-client,50944691,init-project-client,初始化前后端分离项目之客户端，采用技术栈：vue+vue-cli3+vue-router+vuex+element-ui+typescript,TypeScript,2020-04-26 01:54:41,N,0,2020-12-19 11:54:57,N
160001219,https://api.github.com/repos/mateussmohamed/zoe-delivery,35347450,zoe-delivery,N,TypeScript,2020-04-27 21:22:48,N,0,2021-01-03 19:47:03,N
160002643,https://api.github.com/repos/ksleeq21/cloud-developer-image-filter,3258999,cloud-developer-image-filter,Udacity Cloud Developer Nanodegree Project - Image Filter,TypeScript,2020-04-19 18:39:46,N,0,2020-12-18 23:48:12,N
160002906,https://api.github.com/repos/prozacgod/dnd-web,70382,dnd-web,DnD Web interface for character sheets and possibly more,TypeScript,2020-04-25 22:00:10,N,0,2021-01-22 11:12:11,N
160003936,https://api.github.com/repos/mrvnr24/orbit-report,55685736,orbit-report,N,TypeScript,2020-04-09 03:49:33,N,0,2020-09-12 12:22:49,N
160004669,https://api.github.com/repos/kusl/aws-cli,2119165,aws-cli,N,TypeScript,2020-04-08 17:08:32,N,0,2020-07-14 01:02:26,N
160006394,https://api.github.com/repos/jgcarballa/sprint-W1,55801092,sprint-W1,Demo app,TypeScript,2020-04-10 04:05:52,N,0,2020-09-09 09:04:14,N
160007863,https://api.github.com/repos/gpuweb-cts-glsl/gpuweb-cts-glsl.github.io,57728107,gpuweb-cts-glsl.github.io,N,TypeScript,2020-04-08 18:18:55,N,0,2020-12-10 18:12:12,N
160009529,https://api.github.com/repos/luis443/WebCore,57728630,WebCore,N,TypeScript,2020-04-26 05:40:05,N,0,2020-10-23 07:12:34,N
160009915,https://api.github.com/repos/jnk-beneyto/basketStatsDocker,57578830,basketStatsDocker,fetching data from local basketball league in order to analize a team,TypeScript,2020-04-26 05:54:48,N,0,2020-09-03 22:35:29,N
160010272,https://api.github.com/repos/pkostua/vguresarch-front,34954124,vguresarch-front,N,TypeScript,2020-04-26 06:08:23,N,0,2020-12-20 16:48:32,N
160012949,https://api.github.com/repos/qistra/online-shop,57729757,online-shop,Angular Exercise,TypeScript,2020-04-08 20:19:09,N,0,2020-09-12 12:19:52,N
160014000,https://api.github.com/repos/tombarton/booquet,3548966,booquet,"Headless e-commerce service using NestJS, GraphQL and Prisma",TypeScript,2020-04-08 20:48:52,N,0,2021-01-03 03:22:06,N
160014062,https://api.github.com/repos/gaetanBloch/angular-directives,1157216,angular-directives,Angular 9 Directives fundamentals,TypeScript,2020-04-08 20:49:59,N,0,2020-06-04 02:39:58,N
160014212,https://api.github.com/repos/Sherwyne/first-crud-angular,49820164,first-crud-angular,N,TypeScript,2020-04-26 08:54:52,N,0,2020-09-09 09:04:37,N
160014931,https://api.github.com/repos/mikan3rd/commitly-functions,35476453,commitly-functions,N,TypeScript,2020-04-26 09:16:31,N,0,2020-07-27 12:48:58,N
160015759,https://api.github.com/repos/MikitaLisavets/studio-booking,9451316,studio-booking,N,TypeScript,2020-04-14 13:42:25,N,0,2020-12-19 10:27:41,N
160016378,https://api.github.com/repos/aoisupersix/jobcan-autocomplete-manhour,13185390,jobcan-autocomplete-manhour,N,TypeScript,2020-04-26 10:22:37,N,0,2021-02-07 14:05:58,N
160016419,https://api.github.com/repos/botondracz/botond.github.io,57730746,botond.github.io,N,TypeScript,2020-04-26 10:16:28,N,0,2020-05-22 10:51:05,N
160017159,https://api.github.com/repos/kciesiel/github-ahnmy6,2646982,github-ahnmy6,Created with StackBlitz ⚡️,TypeScript,2020-04-26 10:55:11,N,0,2020-09-19 09:54:46,N
160018297,https://api.github.com/repos/gauravggg21/udagram-microservices,36586650,udagram-microservices,Cloud Developer Degree - Project 3,TypeScript,2020-04-26 11:43:47,N,0,2020-12-18 23:48:33,N
160019168,https://api.github.com/repos/dimonge/Udagram-Image-Filtering-microservice,152044,Udagram-Image-Filtering-microservice,N,TypeScript,2020-04-26 12:22:00,N,0,2020-12-19 11:56:26,N
160019885,https://api.github.com/repos/bms241093/Angular-Unit-Testing,50827988,Angular-Unit-Testing,N,TypeScript,2020-04-26 12:51:30,N,0,2020-09-12 14:51:56,N
160021442,https://api.github.com/repos/dra2020/fn-fullpatchscan,52737889,fn-fullpatchscan,Run occasional patch process on map database,TypeScript,2020-04-08 23:23:42,N,0,2021-01-22 19:13:16,N
160022571,https://api.github.com/repos/AviralDixit-star/M2-Assignments,55464317,M2-Assignments,N,TypeScript,2020-04-26 14:38:42,N,0,2020-09-11 22:14:18,N
160022640,https://api.github.com/repos/Kamal-Walia/Udacity-Project-Microservice,41365475,Udacity-Project-Microservice,N,TypeScript,2020-04-26 09:58:47,N,0,2021-01-22 11:11:01,N
160022834,https://api.github.com/repos/LuizCarlosAbbott/ad-2019,38603862,ad-2019,N,TypeScript,2020-04-08 23:57:14,N,0,2020-12-19 09:44:55,N
160023373,https://api.github.com/repos/Sarvesh19/Angular7-aws-Employee-CRUD,12537046,Angular7-aws-Employee-CRUD,N,TypeScript,2020-04-26 15:06:53,N,0,2020-12-22 03:53:15,N
160024041,https://api.github.com/repos/schurenkov/mini_blog,18768356,mini_blog,N,TypeScript,2020-04-26 15:25:42,N,0,2020-12-19 11:58:15,N
160025241,https://api.github.com/repos/dmgauthier/website_dev,51913318,website_dev,N,TypeScript,2020-04-26 16:04:44,N,0,2021-02-21 10:00:23,N
160026613,https://api.github.com/repos/robertourias/conversor-de-moedas,455071,conversor-de-moedas,Projeto em Angular,TypeScript,2020-04-09 01:23:44,N,0,2020-11-30 07:11:20,N
160026865,https://api.github.com/repos/burman2005/AngularMeetingUI,33098646,AngularMeetingUI,AngularMeetingUI,TypeScript,2020-04-26 17:08:28,N,0,2020-09-11 22:21:58,N
160027116,https://api.github.com/repos/LucianoFromTrelew/work-activities,12134050,work-activities,N,TypeScript,2020-04-26 17:36:37,N,0,2020-12-19 11:58:47,N
160027539,https://api.github.com/repos/Alorel/rollup-plugin-index-denderer,2246720,rollup-plugin-index-denderer,Personal use rollup plugin for rendering index.pug,TypeScript,2020-04-25 23:46:38,N,0,2021-02-28 07:05:00,N
160029209,https://api.github.com/repos/guilherme-ampp/gostack-bootcamp,57085813,gostack-bootcamp,Repo for coding during the GoStack Bootcamp classes,TypeScript,2020-04-08 00:46:07,N,0,2021-01-22 11:01:31,N
160030411,https://api.github.com/repos/tchoupoGuy/blog-ui,45391249,blog-ui,Use this repository to create my blog ui,TypeScript,2020-04-26 19:10:19,N,0,2020-12-19 21:18:47,N
160030811,https://api.github.com/repos/mzienert/sta,55509801,sta,N,TypeScript,2020-04-22 00:43:11,N,0,2020-12-19 11:31:24,N
160031521,https://api.github.com/repos/olegboychuk099/Course2.0,39676575,Course2.0,N,TypeScript,2020-04-25 17:17:21,N,0,2020-09-11 22:06:46,N
160031835,https://api.github.com/repos/mCodex/rocketseat-gostack2020,8636401,rocketseat-gostack2020,Mono repo including all codes from Rocketseat's GoStack,TypeScript,2020-04-26 13:21:12,N,0,2021-01-07 06:14:46,N
160033951,https://api.github.com/repos/ahmedaltour/capstone,32554721,capstone,N,TypeScript,2020-04-26 21:32:56,N,0,2020-12-18 23:49:03,N
160037630,https://api.github.com/repos/imgdrop/imgdrop,56927639,imgdrop,N,TypeScript,2020-04-19 01:27:04,N,0,2020-12-13 06:31:31,N
160038058,https://api.github.com/repos/Darantir/angular-inventory-works,41617050,angular-inventory-works,Created with StackBlitz ⚡️,TypeScript,2020-04-08 12:10:48,N,0,2020-06-03 20:46:30,N
160039236,https://api.github.com/repos/cbadger85/anti-materiel-v2,47644875,anti-materiel-v2,N,TypeScript,2020-04-08 12:28:13,N,0,2021-01-06 18:50:29,N
160057261,https://api.github.com/repos/chronark/settlers-stats,31681084,settlers-stats,N,TypeScript,2020-04-26 14:31:33,N,0,2021-02-16 12:53:49,N
160057262,https://api.github.com/repos/dvsa/cvs-tsk-sec-pr-tool,32860182,cvs-tsk-sec-pr-tool,Finds dependabot PRs and take actions,TypeScript,2020-04-08 14:02:02,N,0,2021-03-04 15:21:04,N
160057282,https://api.github.com/repos/Tahmid79/Angular-Course-Services,48098160,Angular-Course-Services,N,TypeScript,2020-04-08 14:02:24,N,0,2020-06-03 22:39:39,N
160060177,https://api.github.com/repos/eduardo3g/gobarber-typescript,52403487,gobarber-typescript,"Second version of GoBarber, but now using TypeScript. GoBarber is a software to schedule and manage appointments of barber shops ✂",TypeScript,2020-04-21 00:31:57,N,0,2021-01-07 06:19:36,N
160061404,https://api.github.com/repos/stanwood/traidoo-web,1090015,traidoo-web,N,TypeScript,2020-04-30 14:52:51,N,0,2021-02-27 09:26:37,N
160082773,https://api.github.com/repos/fsousadev/edirectcodechallenge,57350301,edirectcodechallenge,N,TypeScript,2020-04-25 11:51:22,N,0,2020-12-19 12:03:38,N
160084756,https://api.github.com/repos/dra2020/fn-fullsplitscan,52737889,fn-fullsplitscan,Lambda function to do full scan of split bucket and DB for consistency.,TypeScript,2020-04-08 15:42:16,N,0,2021-01-21 21:54:59,N
160084913,https://api.github.com/repos/dra2020/fn-fullchunkscan,52737889,fn-fullchunkscan,AWS Lambda function to do full scan for split chunk consistency.,TypeScript,2020-04-08 15:43:07,N,0,2021-01-21 21:54:43,N
160086238,https://api.github.com/repos/dra2020/fn-fullimagescan,52737889,fn-fullimagescan,AWS Lambda function for full image thumbnail consistency scan,TypeScript,2020-04-08 15:47:46,N,0,2021-01-22 19:13:15,N
160091488,https://api.github.com/repos/felipersdf/GoStack11,37205057,GoStack11,Códigos produzidos durante os estudos no bootcamp GoStack 11.0,TypeScript,2020-04-08 16:10:24,N,0,2021-01-07 04:04:54,N
160095306,https://api.github.com/repos/DjailinVasu/learn-angular-basics,55413169,learn-angular-basics,I`m learn angular now,TypeScript,2020-04-08 16:25:48,N,0,2020-09-12 12:13:56,N
160102839,https://api.github.com/repos/kcemenike/Project_coffeeshop,36722027,Project_coffeeshop,N,TypeScript,2020-04-27 05:03:11,N,0,2020-09-06 18:08:12,N
160103236,https://api.github.com/repos/sinoe9891/ionic-super-tabs-example,30893023,ionic-super-tabs-example,N,TypeScript,2020-04-27 04:51:51,N,0,2020-09-19 09:55:23,N
160103242,https://api.github.com/repos/roger-king/sqsman,6988212,sqsman,A simple UI for managing your SQS Queues,TypeScript,2020-04-08 17:57:56,N,0,2020-06-03 16:44:55,N
160104987,https://api.github.com/repos/tashinoki/ResearchManagement,48162351,ResearchManagement,N,TypeScript,2020-04-23 07:37:48,N,0,2020-09-11 16:57:01,N
160104989,https://api.github.com/repos/AkshaySakare/Project2,42001488,Project2,N,TypeScript,2020-04-27 05:22:49,N,0,2020-12-19 12:01:58,N
160105357,https://api.github.com/repos/moneyforward/eslint-action,4298983,eslint-action,Analyze code statically using ESLint in Github actions,TypeScript,2020-04-28 04:37:38,N,0,2021-02-12 05:53:14,N
160105980,https://api.github.com/repos/megharajsh/angular-unit-test,3541973,angular-unit-test,Angular Unit Testing,TypeScript,2020-04-26 21:39:43,N,0,2020-09-12 14:57:14,N
160106494,https://api.github.com/repos/yogesh-sinoriya/home-automation,37801186,home-automation,Basic home automation example.,TypeScript,2020-04-27 06:24:35,N,0,2021-01-22 11:09:30,N
160106782,https://api.github.com/repos/meatloaf111/udagram,15364690,udagram,N,TypeScript,2020-04-27 06:28:28,N,0,2020-12-19 12:02:13,N
160107054,https://api.github.com/repos/geofberard/scuf-tournois,6363999,scuf-tournois,N,TypeScript,2020-04-08 19:10:35,N,0,2020-11-25 14:20:29,N
160107769,https://api.github.com/repos/pullmana8/hapi-project,31176371,hapi-project,N,TypeScript,2020-04-08 19:24:25,N,0,2020-06-29 01:12:33,N
160109012,https://api.github.com/repos/OliQa/GroupProject-angular,54049455,GroupProject-angular,N,TypeScript,2020-04-08 19:47:33,N,0,2020-05-06 12:41:04,N
160109303,https://api.github.com/repos/gnshkhr/angularpractice,54623169,angularpractice,N,TypeScript,2020-04-27 07:34:13,N,0,2020-12-18 23:49:44,N
160111745,https://api.github.com/repos/crzdvl/NestJs-Api,51386437,NestJs-Api,"Simple Api in which you can add books, users and see information about them.",TypeScript,2020-04-21 15:27:15,N,0,2021-02-23 09:05:16,N
160115862,https://api.github.com/repos/baptiste-bordet/pwa-poc,57077032,pwa-poc,N,TypeScript,2020-04-27 10:30:10,N,0,2021-01-22 15:08:54,N
160117157,https://api.github.com/repos/das-buro-am-draht/fam-sandbox,51211766,fam-sandbox,N,TypeScript,2020-04-26 16:22:57,N,0,2020-06-26 22:36:57,N
160119972,https://api.github.com/repos/shaunoff/hutches-server,24838825,hutches-server,N,TypeScript,2020-04-27 12:18:25,N,0,2020-12-10 17:54:30,N
160121643,https://api.github.com/repos/postrowinski/redux-streams,36020028,redux-streams,N,TypeScript,2020-04-27 12:59:46,N,0,2021-01-07 15:18:11,N
160122532,https://api.github.com/repos/AselaDK/Angular-Material,45981683,Angular-Material,Angular Material Basics,TypeScript,2020-04-08 06:14:18,N,0,2020-09-12 12:14:31,N
160123108,https://api.github.com/repos/hrueger/simple-crud-tutorial,51738562,simple-crud-tutorial,N,TypeScript,2020-04-08 06:34:02,N,0,2020-12-31 03:01:45,N
160124763,https://api.github.com/repos/hugo-marcelo/bootcamp-gostack-11-desafios,38857322,bootcamp-gostack-11-desafios,Repositório contendo todos os desafios dos módulos do Bootcamp Gostack,TypeScript,2020-04-27 14:43:45,N,0,2021-01-07 06:05:51,N
160126001,https://api.github.com/repos/obyerere/Teacup-FE,55771793,Teacup-FE,N,TypeScript,2020-04-27 15:18:26,N,0,2020-12-19 12:05:38,N
160126546,https://api.github.com/repos/mikan3rd/commitly-web,35476453,commitly-web,N,TypeScript,2020-04-27 15:29:16,N,0,2020-07-16 19:37:54,N
160126568,https://api.github.com/repos/karthik6636/smvss_custom_moodle,56467949,smvss_custom_moodle,N,TypeScript,2020-04-08 08:03:04,N,0,2020-06-03 04:01:33,N
160127564,https://api.github.com/repos/dramacdn/p2p,57079205,p2p,N,TypeScript,2020-04-27 16:06:08,N,0,2021-01-21 17:34:07,N
160129112,https://api.github.com/repos/LeoSAN10/project,57759742,project,N,TypeScript,2020-04-27 16:50:13,N,0,2020-12-19 12:06:53,N
160129845,https://api.github.com/repos/rdavenport92/rack-builder,39572982,rack-builder,N,TypeScript,2020-04-09 03:53:12,N,0,2021-03-02 09:40:50,N
160130287,https://api.github.com/repos/Aiyangyanglog/TypeScript,45721344,TypeScript,N,TypeScript,2020-04-08 09:13:54,N,0,2020-07-07 13:22:49,N
160131630,https://api.github.com/repos/jaanfdo/NewsAppIonic,30609596,NewsAppIonic,N,TypeScript,2020-04-27 17:51:32,N,0,2020-09-11 22:30:36,N
160132476,https://api.github.com/repos/ajafik/Electron-Dev-Hub,8378231,Electron-Dev-Hub,Electron Development Tools and Codes,TypeScript,2020-04-27 16:24:20,N,0,2021-01-28 22:02:39,N
160133999,https://api.github.com/repos/stefax/modul1-udacity-cloud-developer,297998,modul1-udacity-cloud-developer,N,TypeScript,2020-04-27 18:47:32,N,0,2021-01-07 06:03:30,N
160135183,https://api.github.com/repos/dinoo812/JWT-ANGULAR,35737044,JWT-ANGULAR,N,TypeScript,2020-04-27 19:08:30,N,0,2020-09-12 14:59:17,N
160135846,https://api.github.com/repos/insightfull-data/saas,56632486,saas,N,TypeScript,2020-04-27 19:50:49,N,0,2021-01-22 11:12:03,N
160136091,https://api.github.com/repos/EricPolman/thirty-days-of-code,1255602,thirty-days-of-code,Full-stack Typescript-based #thirtydaysofcode challenge attempt. Days are not necessarily consecutive (I like weekends very much),TypeScript,2020-04-27 07:08:05,N,0,2021-03-02 02:29:46,N
160136297,https://api.github.com/repos/kscript/pvz2,34064715,pvz2,canvas版植物大战僵尸,TypeScript,2020-04-27 19:50:14,N,0,2021-03-03 05:49:22,N
160137004,https://api.github.com/repos/nikhilspidy/testHeroku,6408136,testHeroku,N,TypeScript,2020-04-27 19:41:43,N,0,2020-10-23 07:13:25,N
160137337,https://api.github.com/repos/Ivesonchen/customer-front,35988779,customer-front,N,TypeScript,2020-04-27 20:13:00,N,0,2020-12-19 12:07:32,N
160137722,https://api.github.com/repos/sudeep-katiar/UI-Programs,52264613,UI-Programs,N,TypeScript,2020-04-13 09:23:49,N,0,2020-09-12 12:49:38,N
160139320,https://api.github.com/repos/geoffwhitehead/monorepo-pos,6929699,monorepo-pos,N,TypeScript,2020-04-27 20:17:27,N,0,2021-01-30 00:00:04,N
160139852,https://api.github.com/repos/mm-widgets/wm000002,55877277,wm000002,N,TypeScript,2020-04-09 06:16:47,N,0,2020-06-04 12:57:57,N
160139941,https://api.github.com/repos/diegoruiz635/AplicacionAngular,55674933,AplicacionAngular,Aplicaciòn de votos,TypeScript,2020-04-27 21:44:53,N,0,2020-12-19 12:07:34,N
160142137,https://api.github.com/repos/juliensnz/opz-gif-deploy,872307,opz-gif-deploy,N,TypeScript,2020-04-27 20:28:26,N,0,2020-12-19 12:07:17,N
160143194,https://api.github.com/repos/albertaveryfs/NodeRestClient,46023600,NodeRestClient,N,TypeScript,2020-04-27 23:22:44,N,0,2020-12-18 23:50:35,N
160144123,https://api.github.com/repos/CoralFoco/typeorm,57764773,typeorm,N,TypeScript,2020-04-27 23:49:58,N,0,2020-12-10 17:57:11,N
160144174,https://api.github.com/repos/CoralFoco/ng-bootstrap,57764773,ng-bootstrap,N,TypeScript,2020-04-27 23:53:24,N,0,2021-03-01 22:15:27,N
160144819,https://api.github.com/repos/ditek/serverless-todo-app,8263850,serverless-todo-app,A serverless todo webapp using AWS,TypeScript,2020-04-27 09:02:52,N,0,2021-01-28 23:09:44,N
160145745,https://api.github.com/repos/luriel-xyz/tresp,40973715,tresp,"My boilerplate code for Typescript, React, Express, PostgreSQL, Sequelize",TypeScript,2020-04-09 08:18:42,N,0,2020-06-15 02:10:18,N
160145808,https://api.github.com/repos/mm-widgets/wm000003,55877277,wm000003,N,TypeScript,2020-04-09 08:19:50,N,0,2020-06-04 13:08:13,N
160148538,https://api.github.com/repos/cft-group/elephas-angular,56122428,elephas-angular,N,TypeScript,2020-04-09 09:19:52,N,0,2021-02-24 08:53:48,N
160150593,https://api.github.com/repos/freewind-demos/typescript-react-antd-editable-table-demo,45323831,typescript-react-antd-editable-table-demo,N,TypeScript,2020-04-09 10:08:59,N,0,2020-05-06 20:46:36,N
160150815,https://api.github.com/repos/freewind-demos/typescript-react-antd-labeled-component-demo,45323831,typescript-react-antd-labeled-component-demo,N,TypeScript,2020-04-09 10:14:32,N,0,2020-05-06 20:49:13,N
160151176,https://api.github.com/repos/Daniel-Ola/Daniel-Ola-angular-todo,48803354,Daniel-Ola-angular-todo,N,TypeScript,2020-04-09 10:26:03,N,0,2020-06-04 14:00:14,N
160152207,https://api.github.com/repos/olli1997/group-spring-project,57767475,group-spring-project,N,TypeScript,2020-04-09 10:53:47,N,0,2020-05-06 21:05:56,N
160152564,https://api.github.com/repos/Josue-adsd/bookstore,55265948,bookstore,Book Store,TypeScript,2020-04-28 02:21:32,N,0,2020-09-11 22:37:49,N
160152990,https://api.github.com/repos/tonghuaz/Angular,57171958,Angular,N,TypeScript,2020-04-09 11:11:32,N,0,2020-09-11 21:38:23,N
160156138,https://api.github.com/repos/odanado/vue-reactive-error-handler,3000731,vue-reactive-error-handler,N,TypeScript,2020-04-09 12:31:42,N,0,2020-12-20 10:17:18,N
160158330,https://api.github.com/repos/gaetanBloch/angular-services,1157216,angular-services,Angular 9 Services and Dependency Injections fundamentals,TypeScript,2020-04-09 13:31:24,N,0,2020-06-04 15:19:27,N
160159330,https://api.github.com/repos/walidhorchani11/cypress,30930103,cypress,N,TypeScript,2020-04-27 16:22:42,N,0,2021-01-07 11:32:30,N
160165829,https://api.github.com/repos/niroshan123/spring-ng-blog-posts-frontend,50190175,spring-ng-blog-posts-frontend,N,TypeScript,2020-04-14 00:57:37,N,0,2020-09-11 22:34:48,N
160168999,https://api.github.com/repos/84KaliPleXon3/PeerTube,52924146,PeerTube,N,TypeScript,2020-04-28 03:36:33,N,0,2021-01-22 11:11:52,N
160172008,https://api.github.com/repos/IntroAngular4/practica4-franmontero-ximdex,54404677,practica4-franmontero-ximdex,practica4-franmontero-ximdex created by GitHub Classroom,TypeScript,2020-04-27 07:47:18,N,0,2020-09-09 09:05:39,N
160172193,https://api.github.com/repos/marcusoft/fayd-virtual-mobil,30617843,fayd-virtual-mobil,N,TypeScript,2020-04-09 21:01:24,N,0,2020-05-07 01:45:44,N
160172361,https://api.github.com/repos/reedlex98/angular-getting-started-pluralsight,49379283,angular-getting-started-pluralsight,N,TypeScript,2020-04-09 21:06:32,N,0,2020-09-12 12:30:09,N
160173010,https://api.github.com/repos/automateddecision/joblink-loopback-explorer,37888916,joblink-loopback-explorer,N,TypeScript,2020-04-09 22:00:23,N,0,2020-06-04 15:33:07,N
160174813,https://api.github.com/repos/natalieg/udemyAngular,2521745,udemyAngular,Exercises for Angular ,TypeScript,2020-04-27 09:46:02,N,0,2020-09-11 22:31:09,N
160175987,https://api.github.com/repos/rahulhegde99/Conneqt-News,48084688,Conneqt-News,Conneqt News is a sub-project of a large network of Conneqt Network Technologies. Conneqt News is powered by News API,TypeScript,2020-04-28 04:32:05,N,0,2020-10-22 17:15:33,N
160176329,https://api.github.com/repos/aratamagna/github-veqzad,44015234,github-veqzad,Created with StackBlitz ⚡️,TypeScript,2020-04-28 04:50:35,N,0,2020-09-19 09:55:45,N
160176356,https://api.github.com/repos/luminuszz/Mitteres,50555335,Mitteres,This for you for post everything,TypeScript,2020-04-09 23:58:33,N,0,2020-12-09 23:03:27,N
160176434,https://api.github.com/repos/batusai513/auth-server-client,111246,auth-server-client,N,TypeScript,2020-04-10 00:05:57,N,0,2020-12-10 17:22:09,N
160176785,https://api.github.com/repos/hilel-attia/Angular_Tuto-Complete_Pack,53750404,Angular_Tuto-Complete_Pack,Source code for the Angular Tutorials ...,TypeScript,2020-04-10 00:22:08,N,0,2020-09-12 12:25:40,N
160181920,https://api.github.com/repos/binaryprotagonist/MEAN-Chat-Application,56597026,MEAN-Chat-Application,N,TypeScript,2020-04-28 09:05:29,N,0,2021-01-22 11:12:19,N
160186211,https://api.github.com/repos/garciawell/typescript,38985672,typescript,N,TypeScript,2020-04-09 01:41:57,N,0,2021-01-07 05:21:17,N
160188338,https://api.github.com/repos/mnurmansah/belajargolang,44554416,belajargolang,N,TypeScript,2020-04-28 04:35:29,N,0,2020-09-13 11:45:35,N
160189797,https://api.github.com/repos/onichandame/react-bim,37295257,react-bim,a react component designed for Building Information Modelling(BIM),TypeScript,2020-04-28 06:49:34,N,0,2020-06-14 18:17:26,N
160205937,https://api.github.com/repos/techieprod/alafrod,50597093,alafrod,N,TypeScript,2020-04-28 09:33:44,N,0,2020-09-19 09:56:55,N
160211731,https://api.github.com/repos/tricelex/chuckzokoye,34561109,chuckzokoye,N,TypeScript,2020-04-28 04:40:01,N,0,2021-02-26 02:38:22,N
160214870,https://api.github.com/repos/LoukilRihab/unit-testing-angular-Rloukil,57782452,unit-testing-angular-Rloukil,N,TypeScript,2020-04-28 11:07:04,N,0,2020-09-12 15:03:25,N
160218026,https://api.github.com/repos/johnwr-response/atcg-cmp-databinding,56665530,atcg-cmp-databinding,N,TypeScript,2020-04-28 11:36:19,N,0,2020-06-14 14:48:24,N
160221568,https://api.github.com/repos/kamontat/nmsys,9384470,nmsys,NMSys - Novel Management System,TypeScript,2020-04-25 13:12:37,N,0,2021-02-26 08:48:49,N
160222368,https://api.github.com/repos/Anwesh43/youtube-like-play-pause-button-ts,4591955,youtube-like-play-pause-button-ts,N,TypeScript,2020-04-10 02:25:57,N,0,2020-05-07 09:29:50,N
160225324,https://api.github.com/repos/sony923/Microservices-,57630348,Microservices-,N,TypeScript,2020-04-28 12:34:13,N,0,2020-12-19 12:11:05,N
160230912,https://api.github.com/repos/Praveen-Sharma00/CoronaApp,51785381,CoronaApp,N,TypeScript,2020-04-09 14:20:54,N,0,2020-09-12 12:37:02,N
160238291,https://api.github.com/repos/kimhaingvan/crawler,45856958,crawler,N,TypeScript,2020-04-27 10:57:45,N,0,2021-01-07 06:17:26,N
160241011,https://api.github.com/repos/pclemente/Udagram-microservices-CI,32022646,Udagram-microservices-CI,N,TypeScript,2020-04-28 16:30:08,N,0,2020-12-19 12:13:03,N
160246818,https://api.github.com/repos/MibinGit/Remote-IOT-System,57790054,Remote-IOT-System,Northeastern University - INFO6150 - Web Design/User Experien Engr,TypeScript,2020-04-28 17:36:45,N,0,2020-12-19 12:13:59,N
160250215,https://api.github.com/repos/DjailinVasu/angular-theory,55413169,angular-theory,I keep learning angular,TypeScript,2020-04-09 15:54:34,N,0,2020-09-12 12:24:33,N
160256888,https://api.github.com/repos/xweronika/Angular_Exercises,47114545,Angular_Exercises,Angular exercises to learn.,TypeScript,2020-04-28 17:43:04,N,0,2021-01-31 19:41:27,N
160259102,https://api.github.com/repos/CarlosSJM/sapphire,50216883,sapphire,teamwork clone Netflix  developed while studing bootcamp upgrade-hub (Used tecnologies ->Node.js & Angular & mysql) 06/2019,TypeScript,2020-04-28 20:14:33,N,0,2020-09-12 15:07:15,N
160260212,https://api.github.com/repos/QueensCoder/typescript-workshop,37258928,typescript-workshop,N,TypeScript,2020-04-09 17:06:21,N,0,2021-01-07 04:08:19,N
160261994,https://api.github.com/repos/ange1mp/CRUD,57793667,CRUD,Mongo/Nest/Angular,TypeScript,2020-04-28 21:14:40,N,0,2020-09-08 08:06:05,N
160264848,https://api.github.com/repos/adriancubillos/todo-angular-redux,49596246,todo-angular-redux,N,TypeScript,2020-04-28 22:34:20,N,0,2020-09-12 15:05:29,N
160265314,https://api.github.com/repos/ErickBVA/Chiefs-place,10922724,Chiefs-place,N,TypeScript,2020-04-28 20:20:44,N,0,2020-09-05 02:43:35,N
160266150,https://api.github.com/repos/elvinciqueira/api-gobarber,51788017,api-gobarber,A barber scheduling app that shows to the barber his agenda for the day.,TypeScript,2020-04-13 22:35:22,N,0,2020-08-08 05:07:17,N
160267266,https://api.github.com/repos/DjailinVasu/learn-angular-forms,55413169,learn-angular-forms,I keep learning angular,TypeScript,2020-04-09 19:16:09,N,0,2020-09-11 18:55:22,N
160268445,https://api.github.com/repos/iabu94/ngrx-data,47136303,ngrx-data,ngrx-data example,TypeScript,2020-04-29 00:11:00,N,0,2021-01-28 22:02:49,N
160272955,https://api.github.com/repos/psatler/barbershop-mobile,1464199,barbershop-mobile,React Native app w/ Typescript ,TypeScript,2020-04-24 01:56:35,N,0,2021-01-07 05:46:41,N
160274010,https://api.github.com/repos/prisma-labs/template-typescript-lib,51703363,template-typescript-lib,Project template for TypeScript libraries,TypeScript,2020-04-29 01:02:41,N,0,2020-09-17 05:48:40,N
160276710,https://api.github.com/repos/moneyforward/rails_best_practices-action,4298983,rails_best_practices-action,Analyze code statically using Rails Best Practices in Github actions,TypeScript,2020-04-30 14:01:46,N,0,2020-08-31 14:06:37,N
160280448,https://api.github.com/repos/naoki-tomita/inline-chat,3535957,inline-chat,リアルタイムチャットをページに埋め込みましょう,TypeScript,2020-04-09 23:31:14,N,0,2021-03-02 10:18:30,N
160281264,https://api.github.com/repos/Jhordy9/gostack-dabase-upload,54022327,gostack-dabase-upload,Desafio 06: Banco de dados e upload de arquivos no Node.js,TypeScript,2020-04-23 10:51:55,N,0,2020-05-21 03:40:51,N
160286306,https://api.github.com/repos/INTECS-ITFAC/intecs_webapp_back-end,56373992,intecs_webapp_back-end,dev: https://dev-dot-intecs-webapp.el.r.appspot.com/  staging: https://staging-dot-intecs-webapp.el.r.appspot.com/,TypeScript,2020-04-29 18:03:10,N,0,2021-02-23 00:06:31,N
160288283,https://api.github.com/repos/mm-widgets/wm000004,55877277,wm000004,N,TypeScript,2020-04-09 08:43:26,N,0,2020-06-04 23:00:39,N
160288435,https://api.github.com/repos/saijeevanballa/angular-timer,44909642,angular-timer,Created with StackBlitz ⚡️,TypeScript,2020-04-09 08:46:44,N,0,2020-06-04 15:48:57,N
160295868,https://api.github.com/repos/hylerrix-coop/ledge,57803156,ledge,Ledge —— DevOps knowledge learning platform. DevOps、研发效能知识和工具平台，是我们基于在 ThoughtWorks 进行的一系列 DevOps 实践、敏捷实践、软件开发与测试、精益实践提炼出来的知识体系。它包含了各种最佳实践、操作手册、原则与模式、度量、工具，用于帮助您的企业在数字化时代更好地前进，还有 DevOps 转型。,TypeScript,2020-04-20 02:54:35,154034480,0,2020-07-23 12:20:08,1578473389
160297652,https://api.github.com/repos/PoulaHelmy/FindMEDashboard,47931292,FindMEDashboard,N,TypeScript,2020-04-10 06:01:13,N,0,2020-08-13 00:42:07,N
160299810,https://api.github.com/repos/vdhug/Udagram,34407020,Udagram,Udagram Project developed as part of the Cloud Developer Nanodegree,TypeScript,2020-04-29 22:41:17,N,0,2020-12-19 13:32:46,N
160302064,https://api.github.com/repos/luancaius/udacity-clouddev-proj3,7330956,udacity-clouddev-proj3,N,TypeScript,2020-04-28 20:42:19,N,0,2020-12-19 16:55:22,N
160302565,https://api.github.com/repos/jj2007/alphakineticreactsolution,7484732,alphakineticreactsolution,Alphakinetic React Solution,TypeScript,2020-04-29 04:12:41,N,0,2020-12-19 12:18:53,N
160302673,https://api.github.com/repos/HitendraSinghRathore/ngrx,33970735,ngrx,N,TypeScript,2020-04-29 04:18:25,N,0,2020-09-09 09:07:49,N
160303169,https://api.github.com/repos/YogliB/ng-template,6970555,ng-template,N,TypeScript,2020-04-29 21:15:00,N,0,2020-07-05 16:29:07,N
160304944,https://api.github.com/repos/Shravya-96/LabBook_Module_2,55027491,LabBook_Module_2,N,TypeScript,2020-04-29 05:27:26,N,0,2020-09-11 22:51:22,N
160305509,https://api.github.com/repos/Kazuya-dx/taskle,55319689,taskle,学びを積み上げるアプリ,TypeScript,2020-04-10 08:33:52,N,0,2020-09-03 07:43:05,N
160305903,https://api.github.com/repos/lukeissad/udacity-coffee-shop-full-stack,41801271,udacity-coffee-shop-full-stack,N,TypeScript,2020-04-29 04:01:38,N,0,2020-09-12 15:07:33,N
160306060,https://api.github.com/repos/RishabMusaramthota25/LabAssignments,55035444,LabAssignments,N,TypeScript,2020-04-29 05:49:04,N,0,2020-10-20 02:30:05,N
160306350,https://api.github.com/repos/SakethReddy999/module2,57805868,module2,N,TypeScript,2020-04-29 06:01:08,N,0,2020-09-11 22:51:21,N
160306619,https://api.github.com/repos/sksdanielx/proyecto-final-mtwdm,57725272,proyecto-final-mtwdm,Repositorio del proyecto final MTWDM,TypeScript,2020-04-29 06:10:16,N,0,2021-01-22 11:12:36,N
160307006,https://api.github.com/repos/RishabMusaramthota25/Module2,55035444,Module2,N,TypeScript,2020-04-29 06:13:07,N,0,2020-09-11 22:53:50,N
160307017,https://api.github.com/repos/HarshithaRedd/LabModule2,46063313,LabModule2,N,TypeScript,2020-04-29 06:13:45,N,0,2020-09-11 22:51:40,N
160307784,https://api.github.com/repos/mpkelly/react-editor-kit-examples,3564219,react-editor-kit-examples,Created with CodeSandbox,TypeScript,2020-04-29 06:40:29,N,0,2021-03-02 02:27:07,N
160307838,https://api.github.com/repos/bravenoob/firebase-course,8283561,firebase-course,N,TypeScript,2020-04-10 09:17:12,N,0,2020-06-04 23:04:45,N
160308331,https://api.github.com/repos/smarigowda/angular-components-communication,743843,angular-components-communication,Demo of components communication,TypeScript,2020-04-10 09:27:01,N,0,2020-09-12 12:28:24,N
160310668,https://api.github.com/repos/Biphyl/Github-search,52849599,Github-search,N,TypeScript,2020-04-10 10:39:45,N,0,2020-09-12 12:28:58,N
160310748,https://api.github.com/repos/harshit266/mean-event-listening,49103093,mean-event-listening,N,TypeScript,2020-04-29 07:49:09,N,0,2020-12-19 12:17:28,N
160310779,https://api.github.com/repos/gaetanBloch/angular-routing,1157216,angular-routing,Angular 9 Routing fundamentals,TypeScript,2020-04-10 10:43:35,N,0,2020-06-04 19:13:36,N
160310827,https://api.github.com/repos/lingu185/score_card,57807003,score_card,N,TypeScript,2020-04-29 07:41:16,N,0,2020-09-11 22:49:05,N
160311385,https://api.github.com/repos/petereijgermans11/workshop-angular10,7800521,workshop-angular10,N,TypeScript,2020-04-10 10:58:16,N,0,2021-01-21 15:01:26,N
160313918,https://api.github.com/repos/basvandorst/angular-playground,915301,angular-playground,N,TypeScript,2020-04-29 10:27:50,N,0,2020-09-11 22:51:19,N
160313931,https://api.github.com/repos/CarlosPantojaGomez/front-tfg,35510704,front-tfg,N,TypeScript,2020-04-29 10:25:03,N,0,2020-09-12 15:07:55,N
160314740,https://api.github.com/repos/mm0202/sandbox_react-env,881861,sandbox_react-env,react+eslint+stylelint+editorconfig+nvmrc+vscode-remote-development+sentry+lighthouse,TypeScript,2020-04-28 23:58:26,N,0,2021-01-04 06:00:34,N
160315333,https://api.github.com/repos/gitgregoryfuntera/space-tube,50213408,space-tube,A transparent youtube player that can be player on top of other applications.,TypeScript,2020-04-10 12:24:37,N,0,2020-10-10 23:33:36,N
160315865,https://api.github.com/repos/veles-md/erp-backend,57808200,erp-backend,N,TypeScript,2020-04-21 09:27:22,N,0,2020-10-27 22:02:40,N
160319573,https://api.github.com/repos/yojid/yojid,57809045,yojid,chime,TypeScript,2020-04-10 14:06:42,N,0,2021-01-22 10:58:30,N
160319931,https://api.github.com/repos/dra2020/fn-computesplitchunk,52737889,fn-computesplitchunk,AWS Lambda function to compute a split block chunk file and save to S3,TypeScript,2020-04-10 14:09:11,N,0,2021-01-21 21:54:23,N
160322299,https://api.github.com/repos/meti651/online-minecraft,51177383,online-minecraft,N,TypeScript,2020-04-20 11:02:48,N,0,2021-01-21 20:29:02,N
160322463,https://api.github.com/repos/arnaudhuc/pathfinder-character-sheet,405345,pathfinder-character-sheet,N,TypeScript,2020-04-27 18:34:33,N,0,2021-02-12 12:45:00,N
160323362,https://api.github.com/repos/DjailinVasu/learn-angular-http-client,55413169,learn-angular-http-client,I keep learning angular,TypeScript,2020-04-10 14:33:33,N,0,2020-09-12 12:31:53,N
160329788,https://api.github.com/repos/13sss14/react_test,57811104,react_test,N,TypeScript,2020-04-10 15:17:03,N,0,2020-06-04 19:39:23,N
160331598,https://api.github.com/repos/bytdnel/testprohect,57811521,testprohect,N,TypeScript,2020-04-29 13:35:54,N,0,2020-12-19 12:19:11,N
160333834,https://api.github.com/repos/actions-ecosystem/action-size,57747778,action-size,GitHub Action to determine a label to be added based on PR's size,TypeScript,2020-04-29 14:09:21,N,0,2021-02-22 10:11:08,N
160337470,https://api.github.com/repos/kentherd/git-sb,57812779,git-sb,N,TypeScript,2020-04-29 14:01:44,N,0,2021-03-01 22:17:17,N
160342590,https://api.github.com/repos/abdullah329/leaveRequestSys,57322760,leaveRequestSys,new - prototype - Algarni,TypeScript,2020-04-29 15:02:31,N,0,2020-12-06 07:41:10,N
160344465,https://api.github.com/repos/duocun/duocun-mall,51667762,duocun-mall,N,TypeScript,2020-04-24 18:55:02,N,0,2021-02-24 14:59:51,N
160354914,https://api.github.com/repos/darzu/arcade-words,3832251,arcade-words,N,TypeScript,2020-04-10 18:33:04,N,0,2020-06-09 20:34:25,N
160357830,https://api.github.com/repos/anthonyjoeseph/fp-ts-routing-redux,2247194,fp-ts-routing-redux,Increasingly pure integrations of fp-ts-routing into redux,TypeScript,2020-04-10 18:54:58,N,0,2020-06-04 19:59:24,N
160365666,https://api.github.com/repos/sersoft-gmbh/running-release-tags-action,19639437,running-release-tags-action,"A GitHub action that automatically updates ""running release"" major and major.minor tags.",TypeScript,2020-04-20 09:22:53,N,0,2021-02-18 04:27:24,N
160369962,https://api.github.com/repos/zoul/prostor-program,43990,prostor-program,Strojově čitelný program Prostoru,TypeScript,2020-04-27 11:56:45,N,0,2020-06-14 03:43:16,N
160372034,https://api.github.com/repos/syedevman07/Angular-Locus,57819411,Angular-Locus,N,TypeScript,2020-04-29 18:45:04,N,0,2020-09-12 15:10:33,N
160372301,https://api.github.com/repos/syedevman07/angular7-mail-provider,57819411,angular7-mail-provider,N,TypeScript,2020-04-29 18:46:37,N,0,2020-09-05 12:28:58,N
160375237,https://api.github.com/repos/lucasverm/GandaCarsAngular,41455622,GandaCarsAngular,N,TypeScript,2020-04-10 21:47:29,N,0,2021-01-22 12:20:59,N
160376436,https://api.github.com/repos/jfandy1982/emby-backup-ui-angular-bootstrap,8199348,emby-backup-ui-angular-bootstrap,Website with Angular & Bootstrap frameworks for my personal EmbyBackup Tool,TypeScript,2020-04-26 18:40:39,N,0,2020-09-03 10:43:26,N
160376817,https://api.github.com/repos/GummadiRavi/angular-concepts,56514608,angular-concepts,angular-concepts,TypeScript,2020-04-29 19:13:38,N,0,2021-03-01 22:15:36,N
160379048,https://api.github.com/repos/wellingtoncalixto/Bootcamp11,50336167,Bootcamp11,N,TypeScript,2020-04-10 22:30:36,N,0,2021-01-07 04:27:50,N
160379400,https://api.github.com/repos/themoscode/epimobile_angular,57557126,epimobile_angular,A web app made with Angular for the company EPI Development (https://epi.rent),TypeScript,2020-04-29 19:21:12,N,0,2020-12-19 12:22:14,N
160384022,https://api.github.com/repos/mordgard/holivar-chat-backend,37716076,holivar-chat-backend,N,TypeScript,2020-04-29 19:20:24,N,0,2021-03-06 20:21:38,N
160385598,https://api.github.com/repos/hydemo/lottery,42060767,lottery,抽奖,TypeScript,2020-04-29 20:30:57,N,0,2021-01-07 06:17:57,N
160385884,https://api.github.com/repos/markeu/Voopik_tasks,54471030,Voopik_tasks,N,TypeScript,2020-04-22 20:31:47,N,0,2020-12-10 00:42:41,N
160387517,https://api.github.com/repos/stanleyhor/stanNewBotPress,12504151,stanNewBotPress,N,TypeScript,2020-04-29 21:01:32,N,0,2020-09-05 18:42:48,N
160387780,https://api.github.com/repos/lucasnahuels/KeyCloakDemo,50371625,KeyCloakDemo,N,TypeScript,2020-04-29 21:23:03,N,0,2020-12-19 12:26:26,N
160387935,https://api.github.com/repos/Kesin11/CIAnalyzer,4749,CIAnalyzer,Analyze each CI service build metrics.,TypeScript,2020-04-28 16:09:13,N,0,2021-03-05 02:16:05,N
160389141,https://api.github.com/repos/kaviarjs/core,51514877,core,This is the module orchestrator for TypeScript,TypeScript,2020-04-13 06:04:34,N,0,2021-02-24 09:20:40,N
160392194,https://api.github.com/repos/JGGuerrero/NodeRestClient,46023598,NodeRestClient,N,TypeScript,2020-04-29 22:49:22,N,0,2020-10-23 07:15:20,N
160392844,https://api.github.com/repos/yatsubashi/yatsubashi-blog,49332543,yatsubashi-blog,My blog powered by GatsbyJS,TypeScript,2020-04-28 13:20:15,N,0,2020-10-02 16:50:11,N
160392944,https://api.github.com/repos/Co9514/React-Typescript,45539090,React-Typescript,리액트 공부 목적으로 CRUD 작업이 가능한 테이블을 만들어보기 위해 만들었습니다.,TypeScript,2020-04-29 23:00:59,N,0,2021-01-07 06:44:09,N
160393819,https://api.github.com/repos/hirezio/observer-spy,9586585,observer-spy,A simple little class that helps making Observable testing a breeze,TypeScript,2020-04-23 14:15:54,N,0,2021-02-27 06:11:18,N
160394355,https://api.github.com/repos/saijeevanballa/todolist-angular-app,44909642,todolist-angular-app,Created with StackBlitz ⚡️,TypeScript,2020-04-10 10:10:32,N,0,2020-06-04 19:35:40,N
160397191,https://api.github.com/repos/enricoschaaf/template,53790824,template,N,TypeScript,2020-04-19 12:09:19,N,0,2020-10-30 11:15:15,N
160397230,https://api.github.com/repos/freewind-demos/typescript-react-use-index-as-key-issue-demo,45323831,typescript-react-use-index-as-key-issue-demo,N,TypeScript,2020-04-10 11:24:24,N,0,2020-06-04 19:12:16,N
160397246,https://api.github.com/repos/artem1458/random-ts-auto-mock,39171300,random-ts-auto-mock,N,TypeScript,2020-04-10 11:24:29,N,0,2020-08-01 22:39:12,N
160399353,https://api.github.com/repos/SpeedUp-io/nodejs-async-http-server,55614581,nodejs-async-http-server,Asynchronous wrapper for HTTP server,TypeScript,2020-04-10 12:22:43,N,0,2020-07-21 16:13:03,N
160399378,https://api.github.com/repos/thendraln/AngularJS,57826625,AngularJS,N,TypeScript,2020-04-10 12:21:09,N,0,2020-05-08 14:11:44,N
160399796,https://api.github.com/repos/densPro/ngrx-pluralsight-course,8544190,ngrx-pluralsight-course,N,TypeScript,2020-04-29 22:54:36,N,0,2020-09-09 09:09:00,N
160401398,https://api.github.com/repos/CPrescher/angular-electron-material,33326304,angular-electron-material,N,TypeScript,2020-04-10 12:55:24,N,0,2020-10-13 02:32:12,N
160402966,https://api.github.com/repos/graphql-nexus/logger,48145774,logger,Delightful logging library that is pretty practical & performant,TypeScript,2020-04-29 02:45:00,N,0,2020-09-17 22:08:16,N
160403541,https://api.github.com/repos/progfay/github-streaks,37564090,github-streaks,Check streak on GitHub from CLI,TypeScript,2020-04-10 13:28:17,N,0,2021-03-05 01:38:03,N
160404038,https://api.github.com/repos/AUITS-com-au/minicrm-ui,57828049,minicrm-ui,N,TypeScript,2020-04-29 09:46:04,N,0,2020-12-19 12:20:51,N
160406408,https://api.github.com/repos/pullmana8/serverless-todo-app,31176371,serverless-todo-app,N,TypeScript,2020-04-10 14:08:57,N,0,2020-07-20 18:59:55,N
160406813,https://api.github.com/repos/Jeklah/tourOfHeroes,6574644,tourOfHeroes,N,TypeScript,2020-04-29 11:12:52,N,0,2020-09-11 22:51:41,N
160408685,https://api.github.com/repos/gerbilsinspace/abelldesign,276528,abelldesign,N,TypeScript,2020-04-10 14:42:09,N,0,2020-12-30 08:25:04,N
160414863,https://api.github.com/repos/Bryantellius/db-chirpr,52935346,db-chirpr,N,TypeScript,2020-04-10 16:02:13,N,0,2020-08-01 22:31:43,N
160415683,https://api.github.com/repos/GENIVI/vss-graphql,5618318,vss-graphql,Configuration and software to serve VSS signals from a GraphQL based server ,TypeScript,2020-04-06 07:43:19,N,0,2021-01-26 17:13:15,N
160416672,https://api.github.com/repos/mackilinen/wheat-theme,57830868,wheat-theme,A light theme,TypeScript,2020-04-20 07:19:46,N,0,2021-03-02 10:38:20,N
160416785,https://api.github.com/repos/nobrainerlabs/mvp-starterkit-api,57793380,mvp-starterkit-api,"MVP Starterkit API is a Nest.js framework pre-configured w/ user management, authentication (JWT/SSO), TypeORM, and billing features.",TypeScript,2020-04-30 23:35:13,N,0,2020-09-12 22:59:26,N
160418390,https://api.github.com/repos/hugo-cardenas/infra-exercises,31326799,infra-exercises,N,TypeScript,2020-04-10 16:41:11,N,0,2020-12-19 07:30:40,N
160421144,https://api.github.com/repos/narrowspark/template-sync-action,4076086,template-sync-action,:arrows_counterclockwise: Github action to sync repository with a template repository,TypeScript,2020-04-27 10:14:10,N,0,2021-03-02 11:55:32,N
160421479,https://api.github.com/repos/nikhilkarje/Ruby-React-ChatRoom,2375087,Ruby-React-ChatRoom,N,TypeScript,2020-04-17 20:22:19,N,0,2021-03-03 10:38:17,N
160422714,https://api.github.com/repos/kalimist123/angular-model-adapter,2128476,angular-model-adapter,N,TypeScript,2020-04-29 18:31:45,N,0,2020-12-19 12:21:36,N
160423052,https://api.github.com/repos/EliasGcf/github-explorer,52719455,github-explorer,Um simples cliente para listar repositórios do GitHub,TypeScript,2020-04-20 17:10:29,N,0,2021-01-07 05:24:19,N
160425949,https://api.github.com/repos/WellBeyond/wellbeyond-wash-training,55428414,wellbeyond-wash-training,N,TypeScript,2020-04-10 18:57:28,N,0,2021-03-05 00:19:12,N
160426822,https://api.github.com/repos/martinjoost/martinbj,45265623,martinbj,My website portafolio,TypeScript,2020-04-29 20:31:37,N,0,2020-08-17 22:54:22,N
160427364,https://api.github.com/repos/jpalala/weather-app,92516,weather-app,angular practice,TypeScript,2020-04-30 01:23:35,N,0,2020-09-11 23:02:53,N
160429407,https://api.github.com/repos/AntoineCheron/commander-a-la-ferme,10550384,commander-a-la-ferme,N,TypeScript,2020-04-18 17:24:51,N,0,2020-12-19 11:05:46,N
160429614,https://api.github.com/repos/wslp12/game-front,35245136,game-front,N,TypeScript,2020-04-30 02:45:11,N,0,2021-01-28 22:10:19,N
160429657,https://api.github.com/repos/jeffcandido/GoStack,53592947,GoStack,N,TypeScript,2020-04-10 02:31:42,N,0,2021-02-19 17:34:06,N
160431507,https://api.github.com/repos/kdenno/Angular-Tests,39670219,Angular-Tests,N,TypeScript,2020-04-30 03:08:59,N,0,2020-09-05 12:27:33,N
160431527,https://api.github.com/repos/RafaelRSantos/QuickBuy,7249856,QuickBuy,N,TypeScript,2020-04-30 03:15:28,N,0,2020-12-19 12:26:28,N
160433174,https://api.github.com/repos/dra2020/fn-periodicvalidation,52737889,fn-periodicvalidation,Run periodic validation processes on DRA databases.,TypeScript,2020-04-10 20:56:36,N,0,2021-01-21 21:55:10,N
160436190,https://api.github.com/repos/DjailinVasu/learn-angular-routing,55413169,learn-angular-routing,I keep learning angular,TypeScript,2020-04-10 22:00:49,N,0,2020-09-12 12:38:29,N
160436734,https://api.github.com/repos/mohdshahbazkhang/student_frontend,57835503,student_frontend,student frontend,TypeScript,2020-04-29 08:14:42,N,0,2020-12-22 03:51:59,N
160439742,https://api.github.com/repos/mtbui01/buhtig-usage,48026585,buhtig-usage,N,TypeScript,2020-04-28 12:56:15,N,0,2020-08-11 08:22:28,N
160439768,https://api.github.com/repos/gilbertmpanga12/cheqqly-web,30760028,cheqqly-web,N,TypeScript,2020-04-29 09:40:36,N,0,2021-02-12 08:04:05,N
160440732,https://api.github.com/repos/CPrescher/angular-electron-material-plotly,33326304,angular-electron-material-plotly,N,TypeScript,2020-04-11 05:39:55,N,0,2020-10-10 23:35:45,N
160454968,https://api.github.com/repos/sprout2000/poilerplate,35405138,poilerplate,"A boilerplate for parcel, react and typescript.",TypeScript,2020-04-11 06:06:04,N,0,2020-06-04 23:44:31,N
160478500,https://api.github.com/repos/talshbt/trans-mock-prj,52036012,trans-mock-prj,N,TypeScript,2020-04-11 09:31:36,N,0,2020-12-19 10:01:21,N
160481371,https://api.github.com/repos/billodiallo/git-search,53991051,git-search,N,TypeScript,2020-04-13 13:52:03,N,0,2020-12-20 15:50:23,N
160486108,https://api.github.com/repos/lajcf/ajcf,57254948,ajcf,N,TypeScript,2020-04-26 19:55:13,N,0,2021-03-06 14:39:48,N
160487461,https://api.github.com/repos/iwa/Q-Bot,12622083,Q-Bot,Custom Discord Bot made for Qumu's Discord Server,TypeScript,2020-04-30 14:50:58,N,0,2020-07-12 15:52:14,N
160491726,https://api.github.com/repos/Ulysses31/angular-mean-backened,14853748,angular-mean-backened,Angular project using routing lazy loading as backened for Travel Book,TypeScript,2020-04-11 10:40:18,N,0,2020-06-15 15:42:02,N
160501863,https://api.github.com/repos/jinglanfan/Angular,57194699,Angular,N,TypeScript,2020-04-11 11:31:35,N,0,2020-09-12 12:37:50,N
160502686,https://api.github.com/repos/GerardoH95/ahorcado,32037204,ahorcado,Juego del ahorcado usando angular.,TypeScript,2020-04-30 04:19:31,N,0,2020-12-19 12:26:35,N
160509972,https://api.github.com/repos/pedrohasf/challenges-rocketseat,53660258,challenges-rocketseat,N,TypeScript,2020-04-13 14:50:07,N,0,2020-12-10 00:14:59,N
160533705,https://api.github.com/repos/bobstrange/nestjs-playground,1535949,nestjs-playground,N,TypeScript,2020-04-11 14:24:58,N,0,2020-12-09 23:34:40,N
160539432,https://api.github.com/repos/simonolander/category-client,7398537,category-client,N,TypeScript,2020-04-11 15:29:55,N,0,2021-01-07 12:14:49,N
160541384,https://api.github.com/repos/1015575170/study,56667687,study,N,TypeScript,2020-04-12 04:53:37,N,0,2020-09-11 21:52:15,N
160541886,https://api.github.com/repos/HappyHappy1996/NestJS-Demo,9304423,NestJS-Demo,N,TypeScript,2020-04-11 16:04:43,N,0,2020-12-09 23:06:45,N
160542585,https://api.github.com/repos/YoshidaTomoaki/nextjs-sns,48988297,nextjs-sns,N,TypeScript,2020-04-11 16:18:01,N,0,2021-02-28 14:42:03,N
160549254,https://api.github.com/repos/GoogleCloudPlatform/cloud-run-anthos-reference-web-app,1007812,cloud-run-anthos-reference-web-app, An opinionated set of best practices aimed at demonstrating a reference architecture for building a web application on Google Cloud using Cloud Run for Anthos.,TypeScript,2020-04-14 17:26:05,N,0,2021-02-25 02:25:56,N
160551477,https://api.github.com/repos/kulturspektakel/kult.cash,46745173,kult.cash,N,TypeScript,2020-04-11 19:06:57,N,0,2021-02-12 08:10:50,N
160551951,https://api.github.com/repos/developervipul/TravelTicketManagement,42906970,TravelTicketManagement,nagarro travel ticket management ,TypeScript,2020-04-30 06:58:09,N,0,2020-09-11 23:04:25,N
160554997,https://api.github.com/repos/xudc/Angular,38737064,Angular,Angular是一个开发平台，用于使用TypeScript / JavaScript和其他语言来构建移动和桌面Web应用程序。,TypeScript,2020-04-14 03:15:06,N,0,2020-12-20 16:01:33,N
160555063,https://api.github.com/repos/dorlevy1/Angular,56629034,Angular,N,TypeScript,2020-04-12 11:57:32,N,0,2020-07-20 19:11:14,N
160555539,https://api.github.com/repos/melissa7days/sterkinekor-movie-app,56866696,sterkinekor-movie-app,N,TypeScript,2020-04-16 15:35:39,N,0,2020-09-12 13:21:47,N
160556207,https://api.github.com/repos/robertobellardi/AngularGit,54225893,AngularGit,N,TypeScript,2020-04-24 14:30:04,N,0,2020-09-11 21:57:55,N
160556538,https://api.github.com/repos/pkonnov/298643f,54591468,298643f,N,TypeScript,2020-04-27 09:52:33,N,0,2020-12-10 17:51:45,N
160556839,https://api.github.com/repos/bawbq2/orbit-report,55684550,orbit-report,Assignment 6 Orbit Report,TypeScript,2020-04-11 20:59:00,N,0,2020-08-02 10:18:24,N
160558918,https://api.github.com/repos/gaetanBloch/angular-observables,1157216,angular-observables,Observables fundamentals,TypeScript,2020-04-11 21:16:51,N,0,2020-06-05 17:10:18,N
160559281,https://api.github.com/repos/Wicusiu/strapi-gatsby,32222767,strapi-gatsby,N,TypeScript,2020-04-11 21:23:55,N,0,2021-03-03 05:43:20,N
160559413,https://api.github.com/repos/JuliaFong/practice-HTTP,44249064,practice-HTTP,N,TypeScript,2020-04-30 08:38:37,N,0,2020-09-12 15:12:01,N
160560382,https://api.github.com/repos/pairjacks/poker-cards,56639413,poker-cards,N,TypeScript,2020-04-01 00:02:58,N,0,2020-07-20 13:22:18,N
160560720,https://api.github.com/repos/ankurkthakur/magnolia-angular,41058891,magnolia-angular,N,TypeScript,2020-04-30 09:23:06,N,0,2020-12-10 18:02:31,N
160560785,https://api.github.com/repos/CherryMcy/StockMarket,57365999,StockMarket,N,TypeScript,2020-04-14 08:06:35,N,0,2021-01-15 12:06:21,N
160561599,https://api.github.com/repos/melquisedecfelipe/gobarber,47953302,gobarber,:barber: App for barber appointment and scheduling,TypeScript,2020-04-24 20:01:14,N,0,2021-01-04 12:14:03,N
160561992,https://api.github.com/repos/Kazakoff/admission-committee-service-frontend,3267784,admission-committee-service-frontend,N,TypeScript,2020-04-30 12:38:26,N,0,2020-10-27 17:11:16,N
160562312,https://api.github.com/repos/qwerty6174/lab_prahpql,57862605,lab_prahpql,1-3 points of lab,TypeScript,2020-04-30 13:13:38,N,0,2020-10-22 22:44:14,N
160562334,https://api.github.com/repos/m2marcelo/udacity-cloud-deployment,1865914,udacity-cloud-deployment,N,TypeScript,2020-04-30 12:14:53,N,0,2020-12-19 12:28:25,N
160562342,https://api.github.com/repos/refract-cms/refract-cms,57862612,refract-cms,Code-first Headless CMS using TypeScript/React/GraphQL,TypeScript,2020-04-11 22:23:16,N,0,2021-02-24 10:32:11,N
160563838,https://api.github.com/repos/MarioJunio/web-app-finances-management,8545609,web-app-finances-management,Aplicativo desenvolvido em Angular para controle de lançamentos completo com fins didáticos,TypeScript,2020-04-30 17:02:06,N,0,2020-09-04 18:48:52,N
160566800,https://api.github.com/repos/BluePrince123/shopify,56267476,shopify,N,TypeScript,2020-04-30 18:52:55,N,0,2020-12-18 23:53:33,N
160567815,https://api.github.com/repos/sergycg/SpringbootChat,8377025,SpringbootChat,N,TypeScript,2020-04-30 19:18:44,N,0,2020-09-05 12:21:34,N
160568723,https://api.github.com/repos/weizhang05g/learningAngular1,51962752,learningAngular1,大地视频练习,TypeScript,2020-04-11 01:35:33,N,0,2021-01-07 04:27:21,N
160569132,https://api.github.com/repos/rshackleton/rshackleton.co.uk-nextjs,2410767,rshackleton.co.uk-nextjs,Personal portfolio and blog website.,TypeScript,2020-04-30 19:56:04,N,0,2020-08-26 10:32:19,N
160574116,https://api.github.com/repos/EdwinAlmendras/scraper,52502346,scraper,N,TypeScript,2020-04-11 13:03:08,N,0,2020-06-05 00:20:42,N
160574843,https://api.github.com/repos/johnnyoshika/webhook-buddy-client,368342,webhook-buddy-client,N,TypeScript,2020-04-12 02:20:12,N,0,2020-10-03 05:33:30,N
160575531,https://api.github.com/repos/sportloop/mrc,56650519,mrc,TypeScript Toolkit for Parsing MRC Workout Files,TypeScript,2020-04-30 22:06:11,N,0,2021-03-01 23:58:56,N
160578049,https://api.github.com/repos/prasadns2/Angular-RxJS,42343219,Angular-RxJS,N,TypeScript,2020-04-11 14:30:51,N,0,2020-05-09 22:24:13,N
160579308,https://api.github.com/repos/OricoGrillo/Integraci-nContinuaDocker,54530863,Integraci-nContinuaDocker,N,TypeScript,2020-04-30 22:47:38,N,0,2021-01-22 11:14:55,N
160579397,https://api.github.com/repos/axc41840/angular-unit-testing,7387160,angular-unit-testing,Angular unit testing,TypeScript,2020-04-30 23:54:39,N,0,2020-09-05 12:31:57,N
160580371,https://api.github.com/repos/Benkhan219/LabAssignment4,54272023,LabAssignment4,N,TypeScript,2020-04-25 02:31:09,N,0,2020-09-11 23:12:11,N
160581063,https://api.github.com/repos/pullmana8/Project-3-Udagram-Microservice,31176371,Project-3-Udagram-Microservice,N,TypeScript,2020-04-16 16:22:16,N,0,2020-12-16 23:37:43,N
160582005,https://api.github.com/repos/fbronchaly/angular-covid19-ympezx,40554061,angular-covid19-ympezx,Created with StackBlitz ⚡️,TypeScript,2020-04-11 15:50:25,N,0,2020-06-05 00:45:13,N
160582417,https://api.github.com/repos/pullmana8/udagram-microservice-dev,31176371,udagram-microservice-dev,N,TypeScript,2020-04-13 17:20:45,N,0,2020-07-09 10:42:38,N
160583935,https://api.github.com/repos/twisted-gg/twisted-models,57493599,twisted-models,Database javascript models,TypeScript,2020-04-15 06:05:17,N,0,2020-09-13 10:07:53,N
160584029,https://api.github.com/repos/syusakusai/pokdextest,38201987,pokdextest,N,TypeScript,2020-04-27 21:38:42,N,0,2021-03-02 02:52:46,N
160584308,https://api.github.com/repos/QueensCoder/sorting-ts,37258928,sorting-ts,basic typescript sorting module that can be used on string array and Linked lists,TypeScript,2020-04-11 16:43:20,N,0,2020-07-20 19:05:08,N
160587014,https://api.github.com/repos/KaloyanYosifov/vue-graphql-todo,50871143,vue-graphql-todo,N,TypeScript,2020-04-11 17:56:53,N,0,2020-12-09 23:31:34,N
160589304,https://api.github.com/repos/sajadtorkamani/device-sync,6467080,device-sync,Monorepo for the Device Sync app,TypeScript,2020-04-11 19:10:32,N,0,2020-09-03 22:16:17,N
160589682,https://api.github.com/repos/pairjacks/poker-server,56639413,poker-server,N,TypeScript,2020-04-11 19:21:35,N,0,2020-07-21 16:25:04,N
160590667,https://api.github.com/repos/lucaskahl/gostack3.0,42514244,gostack3.0,N,TypeScript,2020-04-11 19:50:41,N,0,2021-01-07 05:13:56,N
160590695,https://api.github.com/repos/smarigowda/forms-api-demo,743843,forms-api-demo,Forms API Demo,TypeScript,2020-04-11 19:52:03,N,0,2020-09-11 19:18:42,N
160592046,https://api.github.com/repos/roneygomes/gql-ts-template,818117,gql-ts-template,A template project for Apollo GraphQL APIs using Typescript.,TypeScript,2020-04-11 20:09:43,N,0,2020-10-22 20:18:50,N
160599907,https://api.github.com/repos/Developer-Abel/curso-ionic,54331048,curso-ionic,"Curso ionic de platzi, utilizando capacitor",TypeScript,2020-04-11 23:40:33,N,0,2020-09-11 19:22:21,N
160618108,https://api.github.com/repos/KIMINJOONG/my-blog-ts-client,41426940,my-blog-ts-client,N,TypeScript,2020-04-12 09:02:16,N,0,2021-01-22 08:06:45,N
160627723,https://api.github.com/repos/storybrain/dojo,57877780,dojo,Where we code for fun,TypeScript,2020-04-25 16:12:43,N,0,2020-09-12 00:29:21,N
160634877,https://api.github.com/repos/ranmaru22/ng-library,11886697,ng-library,A simple library app made in Angular,TypeScript,2020-04-12 12:54:44,N,0,2020-06-06 02:51:29,N
160639178,https://api.github.com/repos/Sagie501/ilend-lease-service,31178340,ilend-lease-service,N,TypeScript,2020-04-12 13:33:30,N,0,2020-12-19 10:10:39,N
160640346,https://api.github.com/repos/iemeshi/hikone.iemeshi.jp,57111101,hikone.iemeshi.jp,N,TypeScript,2020-04-27 23:26:15,N,0,2021-01-07 06:05:39,N
160640980,https://api.github.com/repos/KSXGitHub/deno_run_tests_on_localhost,7598376,deno_run_tests_on_localhost,Create a localhost server and run tests,TypeScript,2020-04-12 13:46:23,N,0,2020-06-21 05:58:13,N
160654186,https://api.github.com/repos/acuarica/gtm-web,12693179,gtm-web,Git Time Metric Web Dashboard,TypeScript,2020-04-19 15:29:00,N,0,2020-12-10 21:20:38,N
160655031,https://api.github.com/repos/lu4ezar/phoneBook,33870694,phoneBook,N,TypeScript,2020-04-12 17:07:10,N,0,2021-03-02 04:27:57,N
160655519,https://api.github.com/repos/pullmana8/Udacity-Capstone-Project,31176371,Udacity-Capstone-Project,N,TypeScript,2020-04-14 16:15:18,N,0,2020-07-21 16:46:21,N
160657243,https://api.github.com/repos/futuredayv/todos,9182348,todos,N,TypeScript,2020-04-12 18:35:29,N,0,2020-12-19 10:14:36,N
160657283,https://api.github.com/repos/ivamuno/opsflow-saga,32828696,opsflow-saga,N,TypeScript,2020-04-12 18:36:55,N,0,2020-09-12 21:11:01,N
160657351,https://api.github.com/repos/andrecampll/GoBarber-Backend,53807150,GoBarber-Backend,Backend do GoBarber,TypeScript,2020-04-21 20:26:25,N,0,2020-06-22 23:16:35,N
160660677,https://api.github.com/repos/saostad/ldap-query-generator,32398125,ldap-query-generator,generate LDAP search filter query defined in RFC 4515,TypeScript,2020-04-12 20:17:30,N,0,2021-03-03 02:31:58,N
160663701,https://api.github.com/repos/robertourias/projetos-estudo-angular,455071,projetos-estudo-angular,Unificando alguns projeto de estudo com Angular,TypeScript,2020-04-12 21:52:20,N,0,2020-09-11 19:33:57,N
160665182,https://api.github.com/repos/gilsonc13/GoStack,2043693,GoStack,Códigos desenvolvidos durante o Bootcamp GoStack (Rocketseat).,TypeScript,2020-04-12 23:05:51,N,0,2021-01-07 04:45:18,N
160668114,https://api.github.com/repos/pedrosales/eshop-app-ionic,40636863,eshop-app-ionic,Angular e Ionic,TypeScript,2020-04-13 01:01:25,N,0,2020-09-11 19:33:09,N
160669126,https://api.github.com/repos/prashanthdeekonda/angular--rxjs,57231859,angular--rxjs,N,TypeScript,2020-04-13 01:36:26,N,0,2020-05-10 14:32:08,N
160669845,https://api.github.com/repos/trybick/tv-minder,44822848,tv-minder,Web app to track your favorite shows,TypeScript,2020-04-12 00:03:42,N,0,2021-01-19 07:50:47,N
160670935,https://api.github.com/repos/dzucconi/garden,12112,garden,N,TypeScript,2020-04-30 15:23:11,N,0,2021-03-05 01:47:24,N
160672750,https://api.github.com/repos/ahmedbhl/Covid-19-certificate,3626491,Covid-19-certificate,N,TypeScript,2020-04-12 01:26:09,N,0,2020-12-31 19:55:06,N
160674129,https://api.github.com/repos/gaetanBloch/angular-forms-td,1157216,angular-forms-td,Angular 9 Template-Driven (TD) Forms fundamentals,TypeScript,2020-04-12 10:04:02,N,0,2020-06-05 15:18:54,N
160674611,https://api.github.com/repos/rogerlista/bootcamp-2020,313883,bootcamp-2020,Bootcamp Rocketseat 2020,TypeScript,2020-04-12 10:14:07,N,0,2020-12-31 09:08:28,N
160675078,https://api.github.com/repos/chrisbmar/typescript-basics,51819701,typescript-basics,N,TypeScript,2020-04-12 10:22:23,N,0,2020-07-20 19:10:28,N
160676972,https://api.github.com/repos/adam-on-the-internet/spectre-squad,57221288,spectre-squad,N,TypeScript,2020-04-17 03:45:32,N,0,2020-09-12 13:19:31,N
160677295,https://api.github.com/repos/podverse/podverse-fdroid,7691251,podverse-fdroid,N,TypeScript,2020-04-16 03:04:07,N,0,2021-02-15 08:15:30,N
160678009,https://api.github.com/repos/AlbuquerqueGustavoO/E-commerce,57533508,E-commerce,N,TypeScript,2020-04-20 23:24:54,N,0,2020-12-19 11:22:29,N
160679098,https://api.github.com/repos/Ced59/DakWeb-Discovery-Expose,50191144,DakWeb-Discovery-Expose,N,TypeScript,2020-04-25 18:36:49,N,0,2020-09-12 14:48:05,N
160679452,https://api.github.com/repos/84KaliPleXon3/underbase,52924146,underbase,N,TypeScript,2020-04-28 03:08:12,N,0,2021-03-01 22:15:14,N
160681175,https://api.github.com/repos/aarongc/bitdev-react-matui-web-component,7679994,bitdev-react-matui-web-component,a react material app web component for bit.dev,TypeScript,2020-04-14 02:46:49,N,0,2020-12-20 19:46:55,N
160683573,https://api.github.com/repos/emizzle/nodegui-status-go,16856918,nodegui-status-go,nodegui app with status-go lib,TypeScript,2020-04-30 09:13:47,N,0,2020-12-19 12:27:11,N
160686079,https://api.github.com/repos/tony-go/babanu-server,52295502,babanu-server,N,TypeScript,2020-04-12 14:08:17,N,0,2021-02-08 14:39:54,N
160687144,https://api.github.com/repos/tanmen/openapi-automatons,13366850,openapi-automatons,N,TypeScript,2020-04-12 14:35:16,N,0,2021-02-02 19:47:00,N
160689360,https://api.github.com/repos/luzihao123/learn_ts,40349596,learn_ts,N,TypeScript,2020-04-12 15:16:49,N,0,2021-02-18 19:33:13,N
160690900,https://api.github.com/repos/DjailinVasu/learn-angular-modules,55413169,learn-angular-modules,I keep learning angular,TypeScript,2020-04-12 15:45:45,N,0,2020-06-05 16:01:50,N
160691646,https://api.github.com/repos/wanyoulc/simple_distributed_crawler,43061865,simple_distributed_crawler,a simple distributed crawler based on nodejs and written by typescript,TypeScript,2020-04-12 15:59:13,N,0,2021-03-03 05:43:16,N
160691749,https://api.github.com/repos/ValeriaDaukshis/SPP_GraphQl,53272291,SPP_GraphQl,N,TypeScript,2020-04-12 16:01:11,N,0,2020-12-18 23:32:27,N
160692312,https://api.github.com/repos/kartik468/spring-boot-mysql-crud-angular,7252032,spring-boot-mysql-crud-angular,"CRUD using spring boot , mysql, angular",TypeScript,2020-04-30 20:53:58,N,0,2020-09-11 23:05:40,N
160693138,https://api.github.com/repos/nicolaspascual/corona-dashboard,33841259,corona-dashboard,https://nicolaspascual.github.io/corona-dashboard/,TypeScript,2020-04-12 16:29:40,N,0,2021-02-25 03:01:19,N
160693229,https://api.github.com/repos/robertourias/dashboard-ang,455071,dashboard-ang,Dashboard com Google chart e Angular,TypeScript,2020-04-12 16:31:21,N,0,2020-12-01 05:09:27,N
160695503,https://api.github.com/repos/gaetanBloch/angular-forms-reactive,1157216,angular-forms-reactive,Angular 9 Reactive Forms fundamentals,TypeScript,2020-04-12 17:21:02,N,0,2020-06-05 05:43:34,N
160696890,https://api.github.com/repos/Darantir/angular-formeduc,41617050,angular-formeduc,Created with StackBlitz ⚡️,TypeScript,2020-04-12 17:51:17,N,0,2020-06-05 18:17:49,N
160707054,https://api.github.com/repos/kodenix/angular-nest-monorepo-tutorial,5811164,angular-nest-monorepo-tutorial,Example for tutorial Angular Nest Monorepo With NX,TypeScript,2020-04-12 21:17:11,N,0,2020-10-21 02:13:00,N
160712917,https://api.github.com/repos/pelikhan/palette-blocks,5116436,palette-blocks,Manipulate the palette from blocks,TypeScript,2020-04-12 03:42:10,N,0,2020-07-29 01:01:48,N
160712993,https://api.github.com/repos/eemb3d/ngx-admin-seed,55233394,ngx-admin-seed,"Created by using one of the most popular Angular open source dashboard akveo. Used by hundreds of thousands developers worldwide, and it works perfectly with Angular Material.",TypeScript,2020-04-12 03:44:32,N,0,2020-06-14 22:49:22,N
160713352,https://api.github.com/repos/rdlabo/ionic-version-compare,6546408,ionic-version-compare,N,TypeScript,2020-04-12 03:56:06,N,0,2020-09-12 12:41:02,N
160719707,https://api.github.com/repos/progresak/lucrat-project,2748161,lucrat-project,Lucrative automatic trading strategy system,TypeScript,2020-04-15 21:19:37,N,0,2021-02-09 07:13:36,N
160733548,https://api.github.com/repos/renovatebot/auto-cancel-actions,43164726,auto-cancel-actions,N,TypeScript,2020-04-30 10:36:35,N,0,2021-03-06 21:28:50,N
160737054,https://api.github.com/repos/jlucktay/jlucktay.dev,2151757,jlucktay.dev,"It's a website, about me",TypeScript,2020-04-17 08:00:44,N,0,2021-03-01 11:14:28,N
160738970,https://api.github.com/repos/whatsgoood/whatsgoood.github.io,57350603,whatsgoood.github.io,UI for weather-based activity suggestion web app,TypeScript,2020-04-19 17:21:04,N,0,2021-02-22 08:33:16,N
160742422,https://api.github.com/repos/bravemaster619/duocun-frontoffice,51083036,duocun-frontoffice,Duocun front office built with Ionic 5 framework,TypeScript,2020-04-12 07:35:19,N,0,2020-06-16 20:28:37,N
160745327,https://api.github.com/repos/MoltenPL85/typescript_samples,36985248,typescript_samples,N,TypeScript,2020-04-12 07:47:58,N,0,2021-01-07 04:33:30,N
160747160,https://api.github.com/repos/Alex079/vscode-avr-helper,30519832,vscode-avr-helper,Helper extension to simplify code compilation and flashing for AVR chips,TypeScript,2020-04-12 07:53:18,N,0,2021-02-15 07:28:19,N
160748676,https://api.github.com/repos/Covid-Self-report-Tool/cov-self-report-frontend,57872747,cov-self-report-frontend,Frontend repository for COVID-19 self-reporting tool in React,TypeScript,2020-04-30 00:23:19,N,0,2021-02-04 05:12:02,N
160754501,https://api.github.com/repos/statikksh/statikk,57905757,statikk,A service that shares static websites.,TypeScript,2020-04-30 08:30:04,N,0,2020-06-26 03:43:35,N
160761550,https://api.github.com/repos/Bruermar/Backery,53741509,Backery,N,TypeScript,2020-04-12 08:57:41,N,0,2020-05-11 09:31:14,N
160763538,https://api.github.com/repos/Bruermar/PathHeroku,53741509,PathHeroku,N,TypeScript,2020-04-12 09:05:41,N,0,2020-06-06 09:27:16,N
160764245,https://api.github.com/repos/anjithp/nestjs-typeorm-migration-demo,7184926,nestjs-typeorm-migration-demo,N,TypeScript,2020-04-12 09:10:26,N,0,2020-12-10 17:52:44,N
160765091,https://api.github.com/repos/Polytech-Paris-Sud-Web/TP2_VERRIERE,43455457,TP2_VERRIERE,TP2 Dorian Verriere,TypeScript,2020-04-30 14:17:32,N,0,2020-09-08 12:17:25,N
160771241,https://api.github.com/repos/adam-on-the-internet/kids-book-club,57221288,kids-book-club,N,TypeScript,2020-04-13 04:09:25,N,0,2020-09-12 12:50:01,N
160774352,https://api.github.com/repos/saikumar-everest/ticket-creator,49786896,ticket-creator,"This project is useful to create tickets in ticket management systems like, zendesk, freshdesk. It's easy to integrate with any other new ticket management system also.",TypeScript,2020-04-13 05:14:39,N,0,2021-01-07 04:40:49,N
160778788,https://api.github.com/repos/naveenmnav/MEANRepo,42175669,MEANRepo,Angular Web App,TypeScript,2020-04-13 06:58:32,N,0,2020-09-12 12:48:51,N
160779766,https://api.github.com/repos/chrisbmar/ts-classes-and-interfaces,51819701,ts-classes-and-interfaces,N,TypeScript,2020-04-13 07:20:06,N,0,2020-07-20 19:16:37,N
160783978,https://api.github.com/repos/Gongsta/chatbot,46261571,chatbot,N,TypeScript,2020-04-27 18:35:41,N,0,2020-09-11 23:24:23,N
160784483,https://api.github.com/repos/open-project-templates/nodejs-microservice-typescript,55297464,nodejs-microservice-typescript,Microservice template,TypeScript,2020-04-13 09:18:07,N,0,2020-08-06 08:18:06,N
160785226,https://api.github.com/repos/mat-sz/catchmail-ws,51802612,catchmail-ws,✉️ Self-hosted e-mail debugging tool. (WebSockets backend/TypeScript),TypeScript,2020-04-13 09:38:27,N,0,2020-07-19 18:33:13,N
160785240,https://api.github.com/repos/mat-sz/catchmail-web,51802612,catchmail-web,✉️ Self-hosted e-mail debugging tool. (React.js frontend/TypeScript),TypeScript,2020-04-13 09:38:41,N,0,2020-10-01 14:39:34,N
160787838,https://api.github.com/repos/lu4ezar/e-shop,33870694,e-shop,N,TypeScript,2020-04-13 10:52:26,N,0,2021-02-01 12:48:14,N
160790910,https://api.github.com/repos/punemania/Angular-GettingStarted,57555983,Angular-GettingStarted,N,TypeScript,2020-04-13 12:18:29,N,0,2020-05-11 15:21:36,N
160791157,https://api.github.com/repos/okeschwien/okeschwien-website,3655327,okeschwien-website,Website okeschwien.de,TypeScript,2020-04-13 12:24:08,N,0,2021-03-02 10:27:49,N
160792256,https://api.github.com/repos/keenanhumm/auth-app,34326537,auth-app,"example of authentication setup using node.js, postgres db, gql, typeorm, react, typescript ",TypeScript,2020-04-13 12:50:50,N,0,2020-12-09 23:11:19,N
160794693,https://api.github.com/repos/plaffey/ngrx-data,8817645,ngrx-data,N,TypeScript,2020-04-13 14:04:54,N,0,2020-06-05 20:35:11,N
160796749,https://api.github.com/repos/Pablovitor97/testes_de_apli,57916985,testes_de_apli,"Testes de SPA, usando Ionic, Vue.JS;",TypeScript,2020-04-13 15:06:03,N,0,2020-12-09 23:25:43,N
160797795,https://api.github.com/repos/jamadeu/GoBarber_backend,48634300,GoBarber_backend,N,TypeScript,2020-04-13 16:06:04,N,0,2020-12-10 18:03:49,N
160798078,https://api.github.com/repos/7elven/Next.js-Serverless-Typescript,12813365,Next.js-Serverless-Typescript,"Next.js Serverless Typescript with eslint, prettierr and styled-component config",TypeScript,2020-04-13 15:50:10,N,0,2021-02-12 07:10:02,N
160803102,https://api.github.com/repos/guipeixoto/gostack,34475370,gostack,Repositório com projetos desenvolvidos no curso GoStack da Rocketseat,TypeScript,2020-04-21 04:08:11,N,0,2021-01-07 05:19:16,N
160804378,https://api.github.com/repos/EvanPurkhiser/prolink-connect,75300,prolink-connect,A Typescript / JavaScript library that is able to talk to Pioneer PROLINK enabled DJ equipment,TypeScript,2020-04-13 19:57:22,N,0,2021-02-26 22:39:39,N
160804732,https://api.github.com/repos/StayDistributed/binding-blocks,34919469,binding-blocks,building blocks for React apps with data-binding,TypeScript,2020-04-13 20:14:43,N,0,2020-06-15 19:56:20,N
160806038,https://api.github.com/repos/nathaliacristina20/gostack-gobarber-server,52887723,gostack-gobarber-server,Aplicação para gerenciamento e agendamentos de atendimentos de barbearias. ,TypeScript,2020-04-13 21:13:00,N,0,2021-01-21 16:42:15,N
160806094,https://api.github.com/repos/leon-carvalho/typescript-101,55868545,typescript-101,Getting started with TypeScript on Node.JS,TypeScript,2020-04-13 21:15:41,N,0,2020-06-28 12:41:34,N
160806938,https://api.github.com/repos/yuriburk/gobarber-backend,8579208,gobarber-backend,Backend project of GoBarber application created with Node.JS in Rocketseat's GoStack Bootcamp,TypeScript,2020-04-13 21:56:22,N,0,2020-12-10 17:32:37,N
160809245,https://api.github.com/repos/leonardorcamargo/bootcamp2020,8577310,bootcamp2020,Bootcamp da RocketSeat,TypeScript,2020-04-13 23:49:43,N,0,2021-01-07 04:42:08,N
160809839,https://api.github.com/repos/bawbq2/orbit-report-rev2,55684550,orbit-report-rev2,Assignment 6,TypeScript,2020-04-14 00:22:52,N,0,2020-09-12 12:57:36,N
160810139,https://api.github.com/repos/bawbq2/orbit-report-rev4,55684550,orbit-report-rev4,N,TypeScript,2020-04-14 00:36:25,N,0,2020-09-11 19:51:13,N
160810710,https://api.github.com/repos/elanfraga/gostack11-fundamentos-nodejs,51833414,gostack11-fundamentos-nodejs,N,TypeScript,2020-04-14 00:57:43,N,0,2020-07-21 16:27:41,N
160811164,https://api.github.com/repos/rafaelkorz/go-barber-v2,8769976,go-barber-v2,N,TypeScript,2020-04-14 01:15:55,N,0,2021-01-07 11:49:57,N
160812332,https://api.github.com/repos/mluc/udacity-cloud-developer,620237,udacity-cloud-developer,N,TypeScript,2020-04-20 02:36:16,N,0,2020-12-19 12:41:50,N
160813245,https://api.github.com/repos/hermeslmj/ConsultaFipe,843850,ConsultaFipe,N,TypeScript,2020-04-13 00:56:24,N,0,2020-06-05 09:46:08,N
160813667,https://api.github.com/repos/helplingapp/app,52830508,app,N,TypeScript,2020-04-13 01:14:50,N,0,2020-07-21 16:27:23,N
160820971,https://api.github.com/repos/elecfreaks/pxt-PlanetX,6386461,pxt-PlanetX,The micro:bit new sensor series PlanetX(行星X) with RJ11 connection port by ELECFREAKS Co.ltd,TypeScript,2020-04-13 12:31:25,N,0,2021-02-07 10:58:10,N
160822385,https://api.github.com/repos/mirandati7/gostack-11,50198871,gostack-11,N,TypeScript,2020-04-13 13:00:44,N,0,2021-01-07 04:43:04,N
160825561,https://api.github.com/repos/mvillarrealb/order-management-system,14086031,order-management-system,"Ecommerce demo microservice platform, a proof of concept for microservices architecture",TypeScript,2020-04-13 13:52:27,N,0,2021-01-29 07:30:15,N
160829530,https://api.github.com/repos/mk-hill/udagram-microservices,46159690,udagram-microservices,N,TypeScript,2020-04-22 23:45:22,N,0,2021-01-07 05:52:19,N
160830314,https://api.github.com/repos/eggheadio-projects/egghead-examples-build-an-app-with-aws-cloud-development-kit,31920040,egghead-examples-build-an-app-with-aws-cloud-development-kit,N,TypeScript,2020-04-13 15:13:23,N,0,2021-02-09 20:09:57,N
160831446,https://api.github.com/repos/oufresh/learning,13305286,learning,Quick learning,TypeScript,2020-04-13 15:31:43,N,0,2021-02-09 05:28:35,N
160831698,https://api.github.com/repos/beeman/nx-nest-graphql,50638,nx-nest-graphql,NX Workspace + Nest and GraphQL Starter repo ,TypeScript,2020-04-28 00:52:32,N,0,2020-12-18 23:55:23,N
160832505,https://api.github.com/repos/celso-alexandre/new_gostack_bootcamp,46509522,new_gostack_bootcamp,New RocketSeat GoStack Bootcamp,TypeScript,2020-04-13 22:02:39,N,0,2021-01-07 06:42:16,N
160832766,https://api.github.com/repos/m4thieulavoie/web-components-project-template,56124861,web-components-project-template,"Web Components based project with typescript, webpack and sass-to-string",TypeScript,2020-04-21 22:11:18,N,0,2020-09-12 15:58:48,N
160833161,https://api.github.com/repos/KamilKonopka/wetmedyk-api-nestjs,39673465,wetmedyk-api-nestjs,N,TypeScript,2020-04-13 16:00:26,N,0,2020-12-10 17:28:10,N
160836355,https://api.github.com/repos/QueensCoder/football-ts,37258928,football-ts,N,TypeScript,2020-04-13 16:57:04,N,0,2020-12-19 10:20:33,N
160836937,https://api.github.com/repos/myschoolinp/ayushMobile,51381465,ayushMobile,N,TypeScript,2020-04-26 10:43:56,N,0,2021-01-29 08:40:53,N
160846003,https://api.github.com/repos/axiiomatic/hackernews-clone-fullstack,57164646,hackernews-clone-fullstack,N,TypeScript,2020-04-13 17:57:44,N,0,2020-05-12 05:37:29,N
160851827,https://api.github.com/repos/devleandrodias/balta.io-api-node-ts-nestjs,51819063,balta.io-api-node-ts-nestjs,N,TypeScript,2020-04-13 18:35:43,N,0,2020-12-10 17:43:32,N
160854434,https://api.github.com/repos/Goopil/nest-nuxt-starter,7267203,nest-nuxt-starter,Full stack nestjs with nuxtjs as one projet. full Typescript support,TypeScript,2020-04-14 06:19:27,N,0,2021-03-05 13:00:55,N
160860176,https://api.github.com/repos/mikemorcerf/nodejs-server-api-with-typescript-GoBarber,11369509,nodejs-server-api-with-typescript-GoBarber,Back end of app GoBarber. Using NodeJS with Typescript for back-end API. GoBarber: An app that lets users and barbers create appointments through their browser or mobile app.,TypeScript,2020-04-13 19:42:00,N,0,2020-12-21 20:54:24,N
160865308,https://api.github.com/repos/tierrasdelsur/mobile-app,57868764,mobile-app,Versión Mobile del sitio web oficial de Tierras del Sur. (Angular PWA),TypeScript,2020-04-13 02:50:40,N,0,2021-01-21 16:11:24,N
160874080,https://api.github.com/repos/Wykerd/quiz,48058909,quiz,A simple quiz app built with the MERN stack,TypeScript,2020-04-13 21:10:15,N,0,2021-01-06 00:58:34,N
160876044,https://api.github.com/repos/gilsonmandalogo/crypto-alert-telegram-bot,3309482,crypto-alert-telegram-bot,A open-source Telegram bot that you can create and manage alerts about the cryptocurrency world.,TypeScript,2020-04-13 21:32:17,N,0,2021-02-20 10:31:58,N
160878136,https://api.github.com/repos/rafaelone/GoBarber-api,30685542,GoBarber-api,N,TypeScript,2020-04-13 21:55:21,N,0,2020-12-09 23:32:22,N
160879712,https://api.github.com/repos/starfish01/street-light,11960284,street-light,N,TypeScript,2020-04-13 22:15:12,N,0,2021-01-02 18:46:46,N
160880557,https://api.github.com/repos/matheusBCordeiro/crud-angular,51898554,crud-angular,N,TypeScript,2020-04-13 22:24:07,N,0,2020-06-28 08:37:46,N
160883005,https://api.github.com/repos/JosefButzke/GoBarber,12438181,GoBarber,"This project is a full project(nodeJS, React and React Native) application simulatiing a store of barber",TypeScript,2020-04-13 22:59:20,N,0,2021-01-07 05:33:11,N
160883373,https://api.github.com/repos/gpn-prototypes/vega-ui,52857294,vega-ui,UIkit для проектов Веги 2.0,TypeScript,2020-04-20 07:05:23,N,0,2021-03-02 16:29:36,N
160888011,https://api.github.com/repos/cristianobombazar/go-barber,37765271,go-barber,N,TypeScript,2020-04-13 23:55:17,N,0,2021-01-07 12:05:09,N
160893494,https://api.github.com/repos/shankarkulkarn/Angular-Book-Management-System,38638199,Angular-Book-Management-System,N,TypeScript,2020-04-13 05:08:37,N,0,2020-09-11 19:35:52,N
160896831,https://api.github.com/repos/SongLi-sh/StockMarket,52901527,StockMarket,For FSD Training.,TypeScript,2020-04-13 06:05:24,N,0,2021-01-07 06:32:25,N
160899303,https://api.github.com/repos/s0l0c0ding/solocoding,53037816,solocoding,N,TypeScript,2020-04-07 18:17:43,N,0,2021-03-05 19:17:21,N
160900310,https://api.github.com/repos/stump26/GGMapPay-backend,9722314,GGMapPay-backend,경기지역화폐 가맹점 지도,TypeScript,2020-04-28 04:43:48,N,0,2021-03-03 05:49:30,N
160917857,https://api.github.com/repos/pelikhan/pxt-amg88xx,5116436,pxt-amg88xx,"A driver for AMG88xx thermal matrix, ported from Adafruit CircuitPython AMG88xx",TypeScript,2020-04-14 04:23:35,N,0,2020-06-05 22:33:27,N
160918296,https://api.github.com/repos/dongjunson/ggmap,49091647,ggmap,성남시지역화폐 가맹점,TypeScript,2020-04-14 04:30:34,N,0,2020-06-05 22:34:20,N
160930798,https://api.github.com/repos/omidkh68/daba-office-container,1962132,daba-office-container,Daba Office Container,TypeScript,2020-04-14 06:36:50,N,0,2021-02-12 13:09:45,N
160932876,https://api.github.com/repos/technologiestiftung/otc-toolkit,11174471,otc-toolkit,small utilities for the open traffic count project,TypeScript,2020-04-22 08:39:06,N,0,2021-01-28 05:01:18,N
160933171,https://api.github.com/repos/booqs/booqs-back,57696558,booqs-back,N,TypeScript,2020-04-27 15:41:32,N,0,2021-01-07 06:48:08,N
160939336,https://api.github.com/repos/cubasepp/currency-converter-ui,4223128,currency-converter-ui,currency-converter-ui,TypeScript,2020-04-30 11:34:48,N,0,2021-01-13 14:22:26,N
160943594,https://api.github.com/repos/nhatquangta2911/nextjs-graphql-neo4j-flash,48927815,nextjs-graphql-neo4j-flash,"Learning NextJS, GraphQL (Apollo Server, Apollo Client), Typescript, neo4j DB to build a personal schedule and habit tracking web app",TypeScript,2020-04-29 13:50:53,N,0,2020-12-15 04:47:53,N
160951266,https://api.github.com/repos/emjimadhu/eslint-formatter-formattify,10685891,eslint-formatter-formattify,A Custom beautiful eslint formatter.,TypeScript,2020-04-14 15:02:00,N,0,2021-02-10 16:42:11,N
160952539,https://api.github.com/repos/dawood7919/aria,54907588,aria,N,TypeScript,2020-04-14 17:17:25,N,0,2020-06-06 01:58:12,N
160952655,https://api.github.com/repos/DarioFlores/spotify-app-electron,30784741,spotify-app-electron,N,TypeScript,2020-04-14 17:33:24,N,0,2020-10-11 08:56:02,N
160953362,https://api.github.com/repos/NordicSemiconductor/NAT-TestReporter,3193645,NAT-TestReporter,Provides an analytics dashboard for the NAT test data received from the NAT-TestServer,TypeScript,2020-04-22 10:04:17,N,0,2020-09-13 12:01:14,N
160953880,https://api.github.com/repos/Boubouliakof/pekocko,52969778,pekocko,projet 6 ,TypeScript,2020-04-27 13:56:23,N,0,2020-12-19 12:51:04,N
160955868,https://api.github.com/repos/dougs007/aulas-gostack,36082990,aulas-gostack,Projetos práticos vistos nas aulas do bootcamp gostack da RockeSeat.,TypeScript,2020-04-15 00:29:23,N,0,2021-01-07 04:48:06,N
160957916,https://api.github.com/repos/bawbq2/orbit-report-rev3,55684550,orbit-report-rev3,N,TypeScript,2020-04-14 00:32:33,N,0,2020-09-12 12:53:49,N
160957997,https://api.github.com/repos/tavareshenrique/nodejs-gostack11,39646159,nodejs-gostack11,N,TypeScript,2020-04-14 00:36:14,N,0,2020-06-24 10:32:13,N
160961361,https://api.github.com/repos/helplingapp/firebase,52830508,firebase,N,TypeScript,2020-04-14 10:32:44,N,0,2020-07-21 16:42:00,N
160961603,https://api.github.com/repos/Sneaken/blog,50323569,blog,个人博客~,TypeScript,2020-04-14 10:38:01,N,0,2021-01-07 06:36:02,N
160962037,https://api.github.com/repos/UD-CISC374/educational-game-project-team-11-david-and-kevin,55150149,educational-game-project-team-11-david-and-kevin,educational-game-project-team-11-david-and-kevin created by GitHub Classroom,TypeScript,2020-04-15 18:33:11,N,0,2020-12-19 10:39:56,N
160962068,https://api.github.com/repos/boradakash/stencil-store-demo,6731905,stencil-store-demo,N,TypeScript,2020-04-14 10:47:40,N,0,2020-05-13 01:42:40,N
160962112,https://api.github.com/repos/tavareshenrique/go-barber-api-ts,39646159,go-barber-api-ts,N,TypeScript,2020-04-14 10:48:27,N,0,2020-11-01 08:36:01,N
160963451,https://api.github.com/repos/Bruermar/Path-Backery,53741509,Path-Backery,N,TypeScript,2020-04-14 11:17:59,N,0,2020-06-06 00:33:51,N
160965013,https://api.github.com/repos/Jhordy9/gostack-database-upload,54022327,gostack-database-upload,Desafio 06: Banco de dados e upload de arquivos no Node.js,TypeScript,2020-04-23 10:51:55,N,0,2020-05-13 02:29:31,N
160965064,https://api.github.com/repos/Jhordy9/Fundamentos-NodeJS,54022327,Fundamentos-NodeJS,Desafio 05: Fundamentos Node.js,TypeScript,2020-04-16 00:24:03,N,0,2020-05-13 02:29:55,N
160966054,https://api.github.com/repos/brettspiel/client-app,41977740,client-app,N,TypeScript,2020-04-14 12:19:34,N,0,2021-01-29 09:38:17,N
160967379,https://api.github.com/repos/cdemiguel/angular-testint,40639742,angular-testint,Intentional testing with angular,TypeScript,2020-04-14 12:41:39,N,0,2020-09-12 13:07:30,N
160988579,https://api.github.com/repos/Morpa/GoBarber-API-V2,12795943,GoBarber-API-V2,✂️ GoBarber application ,TypeScript,2020-04-14 14:36:03,N,0,2021-01-11 12:15:50,N
160989159,https://api.github.com/repos/OfirTheOne/birdy,42587322,birdy,N,TypeScript,2020-04-14 14:39:15,N,0,2021-01-22 11:04:22,N
160996032,https://api.github.com/repos/ashishui/jenng,34464370,jenng,Testing jenkins CI & CD pipeline,TypeScript,2020-04-14 15:05:30,N,0,2020-09-11 19:59:52,N
161008337,https://api.github.com/repos/move-hub/move-syntax-highlight,57249893,move-syntax-highlight,vscode plugin to do syntax highlight for libra move lang,TypeScript,2020-04-14 15:52:27,N,0,2021-02-25 09:55:36,N
161009126,https://api.github.com/repos/sudoql/sudoql-typescript,57966398,sudoql-typescript,:lemon: Sudoql,TypeScript,2020-04-14 15:54:25,N,0,2020-06-06 01:41:15,N
161013667,https://api.github.com/repos/rsksmart/rif-ui,36027274,rif-ui,N,TypeScript,2020-04-22 16:11:10,N,0,2021-03-03 15:34:06,N
161016322,https://api.github.com/repos/HarishRMaryada/node_db,45552661,node_db,N,TypeScript,2020-04-14 16:18:53,N,0,2020-12-19 19:38:55,N
161024865,https://api.github.com/repos/woopen/RPlayer,35130003,RPlayer,video player,TypeScript,2020-04-14 16:43:07,N,0,2021-03-04 10:50:17,N
161028814,https://api.github.com/repos/LilianLourenco/mobdev-ca2-2020323,55426271,mobdev-ca2-2020323,N,TypeScript,2020-04-14 16:53:21,N,0,2020-09-11 19:57:39,N
161029832,https://api.github.com/repos/pedroleinar/gobarber,56411028,gobarber,GoBarber application developed during Rocketseat Bootcamp,TypeScript,2020-04-14 16:55:33,N,0,2021-01-07 13:32:29,N
161034263,https://api.github.com/repos/saostad/ldap-ts-client,32398125,ldap-ts-client,Type-safe LDAP client written in typescript,TypeScript,2020-04-14 17:07:39,N,0,2021-03-03 02:27:11,N
161062901,https://api.github.com/repos/UFFeScience/Polyflow,31658904,Polyflow,Provenance Queries over Polystore Databases,TypeScript,2020-04-14 19:22:38,N,0,2020-12-09 23:30:50,N
161063973,https://api.github.com/repos/darshan-dedhia/splitexpense,57909840,splitexpense,N,TypeScript,2020-04-05 05:06:35,N,0,2021-01-22 06:49:49,N
161065083,https://api.github.com/repos/zrninlive/rocketseat-bootcamp,11885214,rocketseat-bootcamp,N,TypeScript,2020-04-14 19:49:49,N,0,2021-01-07 05:02:33,N
161066681,https://api.github.com/repos/ningo-agilityio/nestjs,36676230,nestjs,NestJs Samples,TypeScript,2020-04-14 02:23:28,N,0,2020-12-10 01:56:48,N
161067791,https://api.github.com/repos/alexbispo/GoStack11,3344633,GoStack11,My classes at GoStack11 bootcamp.,TypeScript,2020-04-15 03:37:01,N,0,2021-01-07 04:45:30,N
161070250,https://api.github.com/repos/luanyata/go-barber,8180247,go-barber,Sistema de Agendamento para barbearia,TypeScript,2020-04-14 20:29:43,N,0,2021-01-07 05:45:14,N
161072190,https://api.github.com/repos/saostad/ldap-studio,32398125,ldap-studio,Electron React UI interface for ldap-graphql,TypeScript,2020-04-14 20:39:52,N,0,2020-06-06 02:48:41,N
161075942,https://api.github.com/repos/guicostaarantes/my-portfolio,47291447,my-portfolio,N,TypeScript,2020-04-14 21:39:07,N,0,2021-01-07 05:13:01,N
161076568,https://api.github.com/repos/gurleensethi/react-router-v4-project,23687103,react-router-v4-project,Project from react router course: https://tylermcginnis.com/courses/react-router/,TypeScript,2020-04-14 21:46:29,N,0,2020-09-12 13:06:21,N
161079245,https://api.github.com/repos/IPadawans/gobarber-typescript-2020,30922690,gobarber-typescript-2020,N,TypeScript,2020-04-21 22:19:08,N,0,2021-01-07 11:37:44,N
161080833,https://api.github.com/repos/leon-carvalho/nodejs-typescript,55868545,nodejs-typescript,"Application to schedule appointments. Built with NodeJS and TypeScript applying Repository Pattern and code linting with Prettier, ESLint and EditorConfig. ",TypeScript,2020-04-14 22:46:54,N,0,2020-06-28 15:48:05,N
161083207,https://api.github.com/repos/guilhermedeandrade/gostack-gobarber,32557331,gostack-gobarber,N,TypeScript,2020-04-14 23:29:20,N,0,2021-01-11 01:32:15,N
161084693,https://api.github.com/repos/pedrosales/shop-cart,40636863,shop-cart,"Shopping cart Angular, Ionic e Redux",TypeScript,2020-04-14 03:04:06,N,0,2020-09-12 12:55:25,N
161086146,https://api.github.com/repos/Falinor/vue-md-route-generator,8306702,vue-md-route-generator,Vue Router route generator for markdown arborescence.,TypeScript,2020-04-28 08:17:39,N,0,2020-12-14 07:07:23,N
161089471,https://api.github.com/repos/chadlavi/turnip,6504133,turnip,N,TypeScript,2020-04-14 04:11:50,N,0,2020-06-16 21:31:00,N
161091089,https://api.github.com/repos/pelikhan/arcade-infrared-array,5116436,arcade-infrared-array,A MakeCode library for AMG8833 Grid Eye thermal cameras.,TypeScript,2020-04-14 04:37:17,N,0,2020-06-05 22:35:11,N
161098899,https://api.github.com/repos/dobrakowskimat/angular-workshops,57988187,angular-workshops,N,TypeScript,2020-04-20 10:32:52,N,0,2021-01-22 11:10:31,N
161108890,https://api.github.com/repos/freewind-demos/typescript-apollo-graphql-server-demo,45323831,typescript-apollo-graphql-server-demo,N,TypeScript,2020-04-14 07:25:22,N,0,2020-06-07 16:39:44,N
161111186,https://api.github.com/repos/Eyenajaaa/Eyenajaaa,57990718,Eyenajaaa,N,TypeScript,2020-04-14 07:44:17,N,0,2020-08-05 15:33:51,N
161114680,https://api.github.com/repos/Avneendra/cloud-developer,9701948,cloud-developer,Udacity Cloud Developer ND,TypeScript,2020-04-27 01:08:34,N,0,2021-03-04 14:46:54,N
161117836,https://api.github.com/repos/freewind-demos/typescript-apollo-graphql-react-client-demo,45323831,typescript-apollo-graphql-react-client-demo,N,TypeScript,2020-04-14 08:24:22,N,0,2020-06-15 00:49:11,N
161129187,https://api.github.com/repos/Biphyl/search-github,52849599,search-github,N,TypeScript,2020-04-14 09:37:20,N,0,2020-09-12 13:01:36,N
161131768,https://api.github.com/repos/rodalladea/go-barber,37794205,go-barber,An application to make appointment at a barber shop,TypeScript,2020-04-14 09:54:18,N,0,2021-02-06 05:35:33,N
161139063,https://api.github.com/repos/rubensojunior/social-learn,53669817,social-learn, Social network project focused on learning.,TypeScript,2020-04-29 00:17:40,N,0,2021-01-07 06:40:00,N
161144945,https://api.github.com/repos/eomttt/electron-test,56549176,electron-test,First test for electron,TypeScript,2020-04-15 06:32:39,N,0,2021-01-28 22:00:06,N
161153380,https://api.github.com/repos/courses-angular/RXJS-by-DeborahK,54823974,RXJS-by-DeborahK,N,TypeScript,2020-04-15 08:06:28,N,0,2020-05-14 13:57:41,N
161162060,https://api.github.com/repos/antonvolkoff/kosmos,52287903,kosmos,Graphic development environment for Clojure,TypeScript,2020-04-15 07:06:33,N,0,2021-02-05 06:37:43,N
161162757,https://api.github.com/repos/snerks/mui-theme-switcher-01,3827967,mui-theme-switcher-01,Material UI Dark Them Switcher with Typescript,TypeScript,2020-04-15 10:46:08,N,0,2020-06-06 07:40:28,N
161164939,https://api.github.com/repos/khakholin/amazing-courses-frontend,52309942,amazing-courses-frontend,Course portal [FRONTEND],TypeScript,2020-04-26 06:28:13,N,0,2020-10-03 17:41:32,N
161170629,https://api.github.com/repos/leandrovi/gobarber,42703327,gobarber,"Welcome to GoBarber App! Fullstack and Mobile application built in Node.js, ReactJS and React Native + TypeScript, to make appointments in Barber Shops",TypeScript,2020-04-15 16:16:51,N,0,2021-01-07 06:16:26,N
161171201,https://api.github.com/repos/leorrodrigues/goFinance,46129932,goFinance,N,TypeScript,2020-04-15 16:47:40,N,0,2021-03-02 01:58:34,N
161171751,https://api.github.com/repos/Darantir/angular-httpeduc,41617050,angular-httpeduc,Created with StackBlitz ⚡️,TypeScript,2020-04-15 17:10:42,N,0,2020-06-06 12:31:54,N
161172591,https://api.github.com/repos/Darantir/angular-httpeducation,41617050,angular-httpeducation,Created with StackBlitz ⚡️,TypeScript,2020-04-15 17:47:31,N,0,2020-06-06 12:34:29,N
161173857,https://api.github.com/repos/bezael/fullstack-angular-nestjs,10776453,fullstack-angular-nestjs,Fullstack-angular-nestjs,TypeScript,2020-04-28 07:16:46,N,0,2020-05-14 19:17:59,N
161174329,https://api.github.com/repos/MikevPeeren/Prompter,10653636,Prompter,Playground for different Prompts.,TypeScript,2020-04-15 19:13:53,N,0,2021-03-06 09:09:11,N
161174697,https://api.github.com/repos/felipefahl/gostack11-bootcamp-challenges,54418680,gostack11-bootcamp-challenges,N,TypeScript,2020-04-15 18:20:29,N,0,2021-01-07 04:53:47,N
161177195,https://api.github.com/repos/UD-CISC374/educational-game-project-matt-vermont-and-daniel-warszawski,55150149,educational-game-project-matt-vermont-and-daniel-warszawski,educational-game-project-matt-vermont-and-daniel-warszawski created by GitHub Classroom,TypeScript,2020-04-15 21:59:27,N,0,2020-12-19 10:41:15,N
161180866,https://api.github.com/repos/pedrosales/angular9-todo-app,40636863,angular9-todo-app,Todo app em Angular 9 e Firebase,TypeScript,2020-04-16 01:08:55,N,0,2020-06-03 16:23:00,N
161181348,https://api.github.com/repos/MarceloHBoff/gobarber-2.0,49319495,gobarber-2.0,GoStack - APP for schedule a appointment (new version using typescript),TypeScript,2020-04-16 01:37:42,N,0,2021-01-07 12:08:13,N
161182307,https://api.github.com/repos/tiagojosebogoni/GoBarber,31700048,GoBarber,N,TypeScript,2020-04-16 22:46:45,N,0,2021-01-07 11:41:49,N
161183095,https://api.github.com/repos/8eecf0d2/gcp-emulator,44365045,gcp-emulator,☁️ Emulate Google Cloud Platform services,TypeScript,2020-04-16 22:28:50,N,0,2020-08-20 21:52:49,N
161183671,https://api.github.com/repos/cacevedod/pet-book,41852744,pet-book,N,TypeScript,2020-04-15 00:46:46,N,0,2020-11-27 01:26:02,N
161186115,https://api.github.com/repos/anthonyjoeseph/fp-ts-routing-react-seed,2247194,fp-ts-routing-react-seed,Seed project for react projects that route with rxjs-first-router,TypeScript,2020-04-15 01:44:22,N,0,2021-01-04 12:27:35,N
161187572,https://api.github.com/repos/KMDMNAK/StockChart,41999484,StockChart,N,TypeScript,2020-04-15 10:13:16,N,0,2020-12-19 11:11:02,N
161187952,https://api.github.com/repos/saijeevanballa/Angular-User-Forms,44909642,Angular-User-Forms,N,TypeScript,2020-04-21 12:08:56,N,0,2020-06-06 06:58:13,N
161188613,https://api.github.com/repos/FJavierEstrada/chessboard,58010258,chessboard,Sample for reusing code with Stencil and web components.,TypeScript,2020-04-20 08:01:42,N,0,2020-07-21 06:16:03,N
161194335,https://api.github.com/repos/piral-samples/piral-webpack-sample,55980713,piral-webpack-sample,Example for building and debugging a pilet and a Piral instance with webpack. :rocket:,TypeScript,2020-04-15 12:30:02,N,0,2021-01-03 18:08:24,N
161196084,https://api.github.com/repos/antrp93LCA/CaptivistAngular,52667810,CaptivistAngular,N,TypeScript,2020-04-30 20:19:16,N,0,2020-06-15 10:34:50,N
161222908,https://api.github.com/repos/leorrodrigues/goBarber_typescript,46129932,goBarber_typescript,N,TypeScript,2020-04-15 14:23:13,N,0,2021-01-07 07:04:26,N
161236163,https://api.github.com/repos/billodiallo/CoreIP2,53991051,CoreIP2,Fixipissue,TypeScript,2020-04-15 15:03:38,N,0,2020-06-06 12:52:42,N
161241581,https://api.github.com/repos/joemdevlin/BreweryBuddy,51338988,BreweryBuddy,N,TypeScript,2020-04-30 17:04:08,N,0,2020-09-12 15:48:34,N
161244427,https://api.github.com/repos/Support-pp/demo-webinterface,43696208,demo-webinterface,Das Webinterface für Support++ Demo.,TypeScript,2020-04-29 21:27:12,N,0,2021-02-25 12:18:36,N
161249223,https://api.github.com/repos/leticiaenz/bootcamp-backend-nivel2-part1,5039173,bootcamp-backend-nivel2-part1,N,TypeScript,2020-04-15 15:39:49,N,0,2020-07-21 16:54:03,N
161281848,https://api.github.com/repos/alexgs/silent-cartographer,1374036,silent-cartographer,Experiments with WebGL libraries toward a very basic virtual tabletop,TypeScript,2020-04-16 03:22:20,N,0,2021-03-01 21:49:17,N
161283751,https://api.github.com/repos/lpbborges/gobarber,46359540,gobarber,Aplicação GoBarber desenvolvida no bootcamp da @Rocketseat,TypeScript,2020-04-21 20:45:35,N,0,2021-01-07 05:52:31,N
161283882,https://api.github.com/repos/pablorodrigo/gostack_bootcamp11,4924124,gostack_bootcamp11,All projects develop during gostack11 2020 course by https://rocketseat.com.br/gostack,TypeScript,2020-04-15 18:22:22,N,0,2021-01-07 05:31:36,N
161285358,https://api.github.com/repos/andreiduca/use-async-resource,7851553,use-async-resource,A custom React hook for simple data fetching with React Suspense,TypeScript,2020-04-28 19:13:36,N,0,2021-02-26 07:15:24,N
161286191,https://api.github.com/repos/makeproaudio/makehaus-js,57895563,makehaus-js,The Node.js project which connects to the MakeHaus Tiles Hub and facilitates convenient control of your project,TypeScript,2020-04-15 18:48:00,N,0,2021-01-22 11:02:20,N
161288876,https://api.github.com/repos/JeffSallans/awesomenauts-drafter,1324358,awesomenauts-drafter,N,TypeScript,2020-04-16 03:33:08,N,0,2021-02-18 11:25:24,N
161289228,https://api.github.com/repos/codeferreira/GoBarber_v3,33681928,GoBarber_v3,GoBarber is an application to manage barbers appointments,TypeScript,2020-04-15 19:28:32,N,0,2021-01-07 06:50:24,N
161294796,https://api.github.com/repos/RP-OIS-SK/decentralized-renderer-react-template.,49426276,decentralized-renderer-react-template.,decentralized-renderer-react-template.,TypeScript,2020-04-15 02:56:46,N,0,2020-06-06 03:49:04,N
161295203,https://api.github.com/repos/UD-CISC374/educational-game-project-luis-figueroa-and-kendell-rennie,55150149,educational-game-project-luis-figueroa-and-kendell-rennie,educational-game-project-luis-figueroa-and-kendell-rennie created by GitHub Classroom,TypeScript,2020-04-15 20:03:52,N,0,2020-12-19 10:40:56,N
161295552,https://api.github.com/repos/milky2028/web-components,36766818,web-components,Some web components demos,TypeScript,2020-04-15 20:10:00,N,0,2020-12-10 17:45:27,N
161296151,https://api.github.com/repos/EdwinAlmendras/golden,52502346,golden,"Download, unrar, crypt, upload and delete",TypeScript,2020-04-15 20:20:21,N,0,2020-09-03 07:49:22,N
161298271,https://api.github.com/repos/Anwesh43/right-angled-line-block-ts,4591955,right-angled-line-block-ts,N,TypeScript,2020-04-15 20:52:32,N,0,2020-05-15 19:02:45,N
161299627,https://api.github.com/repos/kadirnacar/pretty_little_things,2283405,pretty_little_things,N,TypeScript,2020-04-15 21:19:17,N,0,2021-01-28 22:03:15,N
161299889,https://api.github.com/repos/rogertavaress/rocketseat-aulas,4031204,rocketseat-aulas,N,TypeScript,2020-04-15 21:26:20,N,0,2020-08-12 01:05:46,N
161302636,https://api.github.com/repos/darzu/arcade-minimap,3832251,arcade-minimap,N,TypeScript,2020-04-15 22:34:32,N,0,2020-08-12 20:44:32,N
161303828,https://api.github.com/repos/garronej/denoify_ci,5016101,denoify_ci,✅ Continuous integration setup for modules using denoify,TypeScript,2020-04-24 22:04:31,N,0,2021-02-21 07:30:56,N
161306525,https://api.github.com/repos/elanfraga/gostack11-gobarber-node,51833414,gostack11-gobarber-node,N,TypeScript,2020-04-15 03:24:12,N,0,2020-12-09 23:24:32,N
161318592,https://api.github.com/repos/heikaimu/ts-axios,26987088,ts-axios,N,TypeScript,2020-04-15 08:31:46,N,0,2020-05-15 22:39:51,N
161329660,https://api.github.com/repos/rzane/webpack,1480909,webpack,Functional Webpack configuration,TypeScript,2020-04-03 05:47:48,N,0,2021-03-01 17:43:53,N
161331151,https://api.github.com/repos/MilaBits/SS3D-browser-electron,34117423,SS3D-browser-electron,Server browser for SS3D made with Electron,TypeScript,2020-04-16 10:17:22,N,0,2020-10-11 02:02:18,N
161331538,https://api.github.com/repos/exhaler/Ionic,47998235,Ionic,Ionic projects,TypeScript,2020-04-16 10:31:53,N,0,2020-09-11 21:58:44,N
161331981,https://api.github.com/repos/nchandran030/single-spa-implementation,36432031,single-spa-implementation,N,TypeScript,2020-04-16 10:51:13,N,0,2021-02-17 08:02:29,N
161336112,https://api.github.com/repos/w3f/downloader-ts,37211642,downloader-ts,N,TypeScript,2020-04-24 17:01:26,N,0,2021-01-07 11:38:11,N
161337191,https://api.github.com/repos/rubensojunior/gostack11-challenge-05,53669817,gostack11-challenge-05,This project was created to solve a challenge requested by Rocketseat.,TypeScript,2020-04-16 21:45:54,N,0,2020-12-10 17:38:09,N
161337502,https://api.github.com/repos/yroffin/phaser,734063,phaser,N,TypeScript,2020-04-16 21:52:06,N,0,2021-03-03 05:45:15,N
161353797,https://api.github.com/repos/arfurlaneto/bootcamp-gostack11-gobarber,2119153,bootcamp-gostack11-gobarber,A barber appointment app developed at Rocketseat's GoStack Bootcamp.,TypeScript,2020-04-17 00:55:43,N,0,2021-01-07 05:42:31,N
161361505,https://api.github.com/repos/RonilsonRDG/Bootcamp-Gostack-11,56632591,Bootcamp-Gostack-11,Arquivos curso Bootcamp Gostack 11,TypeScript,2020-04-17 01:28:52,N,0,2021-01-07 05:22:09,N
161363847,https://api.github.com/repos/ScaleLeap/amazon-mws-api-sdk,46204985,amazon-mws-api-sdk,Amazon MWS API TypeScript and Node.js Unofficial SDK,TypeScript,2020-04-27 14:05:34,N,0,2021-03-01 01:43:28,N
161364091,https://api.github.com/repos/iff/plog,33631,plog,simple photo story log aka exposure.co,TypeScript,2020-04-13 06:36:57,N,0,2021-01-29 10:52:51,N
161368440,https://api.github.com/repos/AlejandroLaborde/PPS,41085062,PPS,N,TypeScript,2020-04-17 01:56:11,N,0,2020-09-12 13:21:16,N
161372206,https://api.github.com/repos/guardian/guardian-engineering-site,11571,guardian-engineering-site,Gatsby code for the guardian.engineering site,TypeScript,2020-04-03 14:35:17,N,0,2021-03-04 10:41:12,N
161372741,https://api.github.com/repos/action-geek/react-typescript-boilerate,56461448,react-typescript-boilerate,N,TypeScript,2020-04-16 00:23:58,N,0,2020-07-20 19:36:55,N
161383652,https://api.github.com/repos/tavareshenrique/go-finances-api,39646159,go-finances-api,GoFinances is a simple financial control project developed during Rocketseat's GoStack 11. Its API is built using TypeORM and TypeScript.,TypeScript,2020-04-16 01:34:51,N,0,2021-01-14 09:04:12,N
161392886,https://api.github.com/repos/IT-Labs/AngularTechniques,40957093,AngularTechniques,"Showcase for Angular routing, pipes and directives",TypeScript,2020-04-16 10:14:06,N,0,2020-09-12 13:15:45,N
161413801,https://api.github.com/repos/eltonsimor/projetos-angular,2438057,projetos-angular,N,TypeScript,2020-04-27 00:23:55,N,0,2020-12-26 23:03:33,N
161417530,https://api.github.com/repos/OMantel1/DWP6,51790886,DWP6,DWP6,TypeScript,2020-04-17 09:34:43,N,0,2020-12-19 10:54:51,N
161417652,https://api.github.com/repos/Gerjunior/go-barber,50956813,go-barber,N,TypeScript,2020-04-16 12:53:24,N,0,2021-01-07 06:51:32,N
161419212,https://api.github.com/repos/gaetanBloch/angular-http,1157216,angular-http,Angular 9 HTTP handling and Backend Interaction,TypeScript,2020-04-16 13:00:54,N,0,2020-06-07 02:52:57,N
161421571,https://api.github.com/repos/SsrCoder/money-note,51828515,money-note,N,TypeScript,2020-04-16 13:10:44,N,0,2021-01-28 22:01:50,N
161426599,https://api.github.com/repos/TimBijnen/super-fun-time,6315260,super-fun-time,Code assignment for Bankai,TypeScript,2020-04-16 13:50:11,N,0,2020-12-18 23:36:39,N
161428445,https://api.github.com/repos/milena-mognon/gobarber,42998145,gobarber,Sistema para gerenciamento de barbearias.,TypeScript,2020-04-16 14:07:58,N,0,2021-01-07 11:53:17,N
161430808,https://api.github.com/repos/virb30/gostack11,47599426,gostack11,Códigos das aulas - Bootcamp GoStack 11,TypeScript,2020-04-16 18:12:40,N,0,2021-01-07 04:55:15,N
161430946,https://api.github.com/repos/sibelius/relay-workshop,13693613,relay-workshop,Material for my Relay Workshop,TypeScript,2020-04-15 00:47:34,N,0,2021-02-25 14:07:51,N
161433117,https://api.github.com/repos/anarinya/tutorial-airbn1ab,18174990,tutorial-airbn1ab,Newline.co tinyhouse full-stack javascript tutorial.,TypeScript,2020-04-17 02:50:03,N,0,2020-12-19 11:34:16,N
161437892,https://api.github.com/repos/LeChatErrant/API-template,41743042,API-template,Simple typescript server template,TypeScript,2020-04-19 18:42:49,N,0,2021-03-04 10:22:32,N
161438826,https://api.github.com/repos/goSunadeod/ts-axios,37388069,ts-axios,利用typeScript实现axios,TypeScript,2020-04-16 15:36:56,N,0,2021-02-08 23:10:51,N
161442549,https://api.github.com/repos/maaryhabad/backendloopback,31968561,backendloopback,N,TypeScript,2020-04-16 16:13:48,N,0,2020-09-03 22:39:34,N
161445412,https://api.github.com/repos/QasimQureshi/twilio-video-react,2134988,twilio-video-react,N,TypeScript,2020-04-16 16:49:00,N,0,2020-06-07 17:58:25,N
161445843,https://api.github.com/repos/MarcinHorczak/bluff-app,38677203,bluff-app,N,TypeScript,2020-04-16 16:53:48,N,0,2021-01-22 11:13:38,N
161449625,https://api.github.com/repos/SudoDotDog/Sudoo-Geometry,46292605,Sudoo-Geometry,:globe_with_meridians: Geometry,TypeScript,2020-04-16 17:41:14,N,0,2020-11-21 23:31:06,N
161453600,https://api.github.com/repos/ryoshii/primeiro-projeto-node,56588906,primeiro-projeto-node,Projeto criado no segundo módulo do bootcamp GoStack da Rocketseat ,TypeScript,2020-04-16 18:29:12,N,0,2020-12-09 23:44:18,N
161455718,https://api.github.com/repos/ARTHURPC03/NewGoBarber,53017014,NewGoBarber,N,TypeScript,2020-04-16 18:54:57,N,0,2021-03-04 05:06:05,N
161456377,https://api.github.com/repos/marlon-barreto/gobarber,56542754,gobarber,N,TypeScript,2020-04-16 19:03:03,N,0,2021-01-07 05:50:29,N
161456692,https://api.github.com/repos/Luiz5007/Learning,57124673,Learning,N,TypeScript,2020-04-16 19:07:12,N,0,2020-09-11 13:07:48,N
161458517,https://api.github.com/repos/GlauberC/gostack11,38874515,gostack11,Códigos do bootcamp da rocketseat,TypeScript,2020-04-16 19:31:13,N,0,2021-01-07 11:39:58,N
161458542,https://api.github.com/repos/fabianoobispo/gobarberbootcamp11,53823734,gobarberbootcamp11,Aplicaçao GoBarber para uma barbearia ficticia ,TypeScript,2020-04-16 19:31:37,N,0,2021-01-07 06:18:58,N
161458788,https://api.github.com/repos/QueensCoder/ts-web-framework,37258928,ts-web-framework,simple web framework using TS,TypeScript,2020-04-16 19:34:58,N,0,2020-08-01 23:18:37,N
161460923,https://api.github.com/repos/humaine-anac/utils-js,55416476,utils-js,Utility library for NodeJS applications,TypeScript,2020-04-16 02:00:10,N,0,2020-07-21 17:02:15,N
161462763,https://api.github.com/repos/Andrea-Arauz/ionic-ucatec,58061610,ionic-ucatec,N,TypeScript,2020-04-16 02:45:13,N,0,2020-09-11 20:24:07,N
161470323,https://api.github.com/repos/felipmarinho/Bootcamp11,1893228,Bootcamp11,Here you will find all source code produce in the Bootcamp 11 of the Rocketseat.,TypeScript,2020-04-19 09:06:54,N,0,2021-01-07 05:15:16,N
161472149,https://api.github.com/repos/SunOfScarecrows/-,58077499,-,N,TypeScript,2020-04-28 23:02:09,N,0,2020-10-23 07:13:43,N
161478396,https://api.github.com/repos/AnDong4213/ng_learn,33629331,ng_learn,ng_learn,TypeScript,2020-04-16 03:41:45,N,0,2020-12-10 19:33:45,N
161484855,https://api.github.com/repos/Consile/CH04,56253449,CH04,N,TypeScript,2020-04-16 06:58:17,N,0,2020-09-12 13:13:40,N
161486711,https://api.github.com/repos/gaetanBloch/angular-pipes,1157216,angular-pipes,Angular 9 Pipes fundamentals,TypeScript,2020-04-16 07:35:59,N,0,2020-06-07 02:35:22,N
161490237,https://api.github.com/repos/mm-works/p000005,57954286,p000005,N,TypeScript,2020-04-16 08:48:05,N,0,2020-06-09 00:21:38,N
161494248,https://api.github.com/repos/yearofthedan/we-be-best,13369786,we-be-best,Cause we can always be best-er,TypeScript,2020-04-16 09:58:27,N,0,2020-12-10 17:52:11,N
161495435,https://api.github.com/repos/nirooj56/covidnepalinfo,9649955,covidnepalinfo,An Handy Android application to keep track of the Covid-19 cases in Nepal and the World along with Information about the Virus.,TypeScript,2020-04-17 07:51:54,N,0,2020-09-03 07:48:19,N
161496114,https://api.github.com/repos/GWSzeto/habit-backend,33712969,habit-backend,N,TypeScript,2020-04-17 05:25:08,N,0,2020-12-19 10:52:53,N
161496864,https://api.github.com/repos/TAKU1022/angular-firebase-example,57147301,angular-firebase-example,N,TypeScript,2020-04-17 05:40:39,N,0,2020-09-12 21:41:35,N
161502567,https://api.github.com/repos/melissa7days/sterkinekor-movies,56866696,sterkinekor-movies,N,TypeScript,2020-04-17 07:30:30,N,0,2020-07-01 01:34:24,N
161502677,https://api.github.com/repos/okayestdeveloper/beer-vote,56380790,beer-vote,App for listing beer recipes for users to vote for which to brew next and rate brewed beers.,TypeScript,2020-04-27 11:54:36,N,0,2021-01-22 10:33:35,N
161503618,https://api.github.com/repos/cogelab/coge,58085177,coge,An efficient code generator,TypeScript,2020-04-17 07:31:36,N,0,2021-01-03 07:49:27,N
161507718,https://api.github.com/repos/jenyayel/help-widget,912588,help-widget,A reference for creating embeddable web UI widget ,TypeScript,2020-04-27 20:08:44,N,0,2021-03-01 17:40:32,N
161528048,https://api.github.com/repos/nasikusa/three-fspy-camera-loader,39033263,three-fspy-camera-loader,Script to import camera matching data in fSpy into three.js,TypeScript,2020-04-22 12:30:00,N,0,2021-03-05 11:05:25,N
161534488,https://api.github.com/repos/Bruermar/Path1704,53741509,Path1704,N,TypeScript,2020-04-17 10:00:26,N,0,2020-06-08 23:32:08,N
161553230,https://api.github.com/repos/WillBooster/firestore-migrator,47985613,firestore-migrator,:fire: A library for writing code in TypeScript for migrating Firestore collections,TypeScript,2020-04-26 02:42:08,N,0,2021-03-05 00:55:45,N
161556140,https://api.github.com/repos/secretarium/connector-typescript,44539082,connector-typescript,Connector for API communication with Secretarium enclave clusters,TypeScript,2020-04-17 11:39:41,N,0,2021-02-25 13:07:17,N
161558117,https://api.github.com/repos/Bruermar/Path1704nach,53741509,Path1704nach,N,TypeScript,2020-04-17 12:01:46,N,0,2020-06-09 13:15:39,N
161558414,https://api.github.com/repos/punemania/Angular-Communication,57555983,Angular-Communication,N,TypeScript,2020-04-17 12:05:45,N,0,2020-09-08 05:08:34,N
161561792,https://api.github.com/repos/LuisaFC/GoBarber,41855466,GoBarber,N,TypeScript,2020-04-17 12:48:47,N,0,2021-01-07 07:03:32,N
161568493,https://api.github.com/repos/Bryantellius/db-blogs,52935346,db-blogs,N,TypeScript,2020-04-17 14:10:28,N,0,2020-08-21 07:35:50,N
161570185,https://api.github.com/repos/snerks/react-mui-reversi-ts,3827967,react-mui-reversi-ts,React Material UI Reversi Sample with React,TypeScript,2020-04-17 14:30:20,N,0,2020-06-09 03:29:25,N
161570694,https://api.github.com/repos/guilhermelimpo/gobarber,37275783,gobarber,N,TypeScript,2020-04-17 14:34:19,N,0,2021-01-07 05:46:21,N
161578883,https://api.github.com/repos/ernestoacosta75/corso-angular,43533269,corso-angular,N,TypeScript,2020-04-17 16:27:53,N,0,2020-05-17 11:43:47,N
161581221,https://api.github.com/repos/ENNA-Groupe/toto-firebase,52479776,toto-firebase,N,TypeScript,2020-04-17 17:04:51,N,0,2020-09-12 13:24:22,N
161585289,https://api.github.com/repos/cityssm/bulma-webapp-js,39778804,bulma-webapp-js,Shared JavaScript files for lottery-licence-manager and parking-ticket-system.,TypeScript,2020-04-17 18:06:46,N,0,2021-03-06 09:12:48,N
161588284,https://api.github.com/repos/khaitn1309/LoveBox,40961856,LoveBox,Copy from https://github.com/nguyenphucthienan/LoveBox,TypeScript,2020-04-28 07:39:12,N,0,2021-02-11 00:57:51,N
161593130,https://api.github.com/repos/dalbay/Angular-Forms,51666293,Angular-Forms,N,TypeScript,2020-04-17 20:22:23,N,0,2020-09-12 13:26:29,N
161595502,https://api.github.com/repos/DjailinVasu/learn-angular-animations,55413169,learn-angular-animations,I keep learning angular,TypeScript,2020-04-17 21:06:06,N,0,2020-08-01 23:18:26,N
161600825,https://api.github.com/repos/leticiaenz/bootcamp-backend-nivel2-part2,5039173,bootcamp-backend-nivel2-part2,N,TypeScript,2020-04-17 22:56:16,N,0,2020-12-10 17:35:35,N
161600958,https://api.github.com/repos/acassioqueiroz/gobarber,57269978,gobarber,N,TypeScript,2020-04-17 22:59:38,N,0,2021-01-07 05:33:26,N
161602634,https://api.github.com/repos/jtmorrisbytes/client-portal,42317017,client-portal,N,TypeScript,2020-04-17 23:36:33,N,0,2020-06-19 22:37:14,N
161602897,https://api.github.com/repos/StevenMcHenry01/backyard-borrow,22584990,backyard-borrow,"fullstack application for renting out backyards. Utilizes typescript, typorm, apollo client 3, graphql, postgres, testing, and is housed in one mono repo using yarn workspaces",TypeScript,2020-04-17 23:44:38,N,0,2021-03-03 05:46:03,N
161606382,https://api.github.com/repos/Devcon4/Bonelli,5779176,Bonelli,Playing with mdjs and lit-element!,TypeScript,2020-04-18 01:11:24,N,0,2021-03-06 09:14:59,N
161606635,https://api.github.com/repos/pedrosales/pedro-todos-front,40636863,pedro-todos-front,Todo App frontend em Angular9,TypeScript,2020-04-18 01:17:44,N,0,2020-05-17 16:16:12,N
161609541,https://api.github.com/repos/alfalfaw/edu,54126911,edu,Vue+NestJS实现在线教育,TypeScript,2020-04-17 00:38:58,N,0,2021-01-07 05:08:11,N
161627647,https://api.github.com/repos/thejoaov/gostack-11-aulas,47556175,gostack-11-aulas,Repositório pessoal de estudos do Bootcamp GoStack 11.,TypeScript,2020-04-30 06:58:17,N,0,2020-12-23 04:35:50,N
161628908,https://api.github.com/repos/adrianoqueiroz/go-barber,2934762,go-barber,N,TypeScript,2020-04-17 03:49:36,N,0,2021-01-07 05:42:28,N
161633850,https://api.github.com/repos/farfromrefug/nativescript-push,28332,nativescript-push,N,TypeScript,2020-04-17 09:02:59,N,0,2020-06-08 18:28:28,N
161635162,https://api.github.com/repos/berkbaski/eventidea-ionic4-egitimi,42919320,eventidea-ionic4-egitimi,Eventidea'dan gerceklestirdigimiz ionic 4 egitimimizin kaynak kodlari,TypeScript,2020-04-17 09:40:07,N,0,2020-09-11 20:37:51,N
161636127,https://api.github.com/repos/ICodeMyOwnLife/cb-toolset,12326262,cb-toolset,N,TypeScript,2020-04-18 04:01:14,N,0,2020-12-19 11:32:03,N
161641449,https://api.github.com/repos/KaloyanYosifov/pong-clone,50871143,pong-clone,Pong clone,TypeScript,2020-04-18 05:55:38,N,0,2020-12-10 17:43:26,N
161646934,https://api.github.com/repos/dleviathan/reactjs,10386274,reactjs,N,TypeScript,2020-04-18 08:04:56,N,0,2021-01-07 15:42:32,N
161651435,https://api.github.com/repos/fahmi-idris/batutourism.com,47147261,batutourism.com,batutourism.com microservices,TypeScript,2020-04-18 09:42:22,N,0,2020-12-19 11:02:17,N
161654280,https://api.github.com/repos/ansumanmishra/graphql,1445187,graphql,N,TypeScript,2020-04-18 10:34:18,N,0,2020-12-19 11:03:10,N
161654975,https://api.github.com/repos/misca223/xx,58119030,xx,N,TypeScript,2020-04-18 10:46:45,N,0,2020-12-19 11:02:34,N
161658419,https://api.github.com/repos/ivid-123/video-tool,57626274,video-tool,N,TypeScript,2020-04-30 19:27:47,N,0,2020-09-12 15:27:39,N
161659062,https://api.github.com/repos/ErikSharp/ray-casting,7609165,ray-casting,Ray casting against moving boundaries,TypeScript,2020-04-18 12:07:38,N,0,2021-02-03 04:35:40,N
161666464,https://api.github.com/repos/ZQ-jhon/backend,38665944,backend,Typeorm + Nest.js +Mysql,TypeScript,2020-04-18 14:49:21,N,0,2021-02-26 15:19:13,N
161667251,https://api.github.com/repos/open-project-templates/nodejs-microservice-nats-typescript,55297464,nodejs-microservice-nats-typescript,NATS-enabled microservice template,TypeScript,2020-04-18 15:13:52,N,0,2020-08-05 19:01:06,N
161668216,https://api.github.com/repos/yuriburk/desafio-nodejs-typeorm-upload,8579208,desafio-nodejs-typeorm-upload,Desafio sobre banco de dados e upload de arquivos no Bootcamp Gostack da Rocketseat,TypeScript,2020-04-18 15:39:49,N,0,2020-12-09 23:40:20,N
161668256,https://api.github.com/repos/igalM/covid-server,46399889,covid-server,N,TypeScript,2020-04-18 15:44:43,N,0,2020-06-22 13:32:50,N
161669374,https://api.github.com/repos/tavareshenrique/medicine-time-api,39646159,medicine-time-api,N,TypeScript,2020-04-18 16:13:02,N,0,2020-06-15 20:28:50,N
161669999,https://api.github.com/repos/DamnVulnerableCryptoApp/DamnVulnerableCryptoApp,57942047,DamnVulnerableCryptoApp,"An app with really insecure crypto. To be used to see/test/exploit weak cryptographic implementations as well as to learn a little bit more about crypto, without the need to dive deep into the math behind it",TypeScript,2020-04-27 16:51:33,N,0,2021-02-18 16:16:06,N
161671061,https://api.github.com/repos/jmnsingle/Bootcamp-GoStack11.0,49444438,Bootcamp-GoStack11.0,All bootcamp modules here.,TypeScript,2020-04-19 18:52:50,N,0,2021-01-04 11:05:12,N
161671256,https://api.github.com/repos/luminuszz/typescript-Typeorm,50555335,typescript-Typeorm,Aplication using typeorm for study,TypeScript,2020-04-18 17:06:00,N,0,2020-12-09 23:39:53,N
161672500,https://api.github.com/repos/prodevits/mean,58103025,mean,MEAN Demos,TypeScript,2020-04-18 17:39:25,N,0,2020-12-29 08:55:36,N
161672528,https://api.github.com/repos/igalM/covid-app,46399889,covid-app,N,TypeScript,2020-04-18 17:37:32,N,0,2020-06-29 18:11:22,N
161676736,https://api.github.com/repos/bputre93/challenge-fantasy-league,56871980,challenge-fantasy-league,N,TypeScript,2020-04-18 20:00:04,N,0,2021-02-17 10:22:10,N
161678694,https://api.github.com/repos/eliseuvideira/nodejs-typescript-rest-api-boilerplate,50383735,nodejs-typescript-rest-api-boilerplate,N,TypeScript,2020-04-18 21:02:50,N,0,2020-07-27 06:24:22,N
161680348,https://api.github.com/repos/chadlavi/severity,6504133,severity,N,TypeScript,2020-04-18 21:54:12,N,0,2020-06-21 01:05:56,N
161681164,https://api.github.com/repos/mm0202/cache-for-page,881861,cache-for-page,N,TypeScript,2020-04-18 22:24:08,N,0,2020-07-21 17:15:54,N
161682292,https://api.github.com/repos/ranmaru22/my-weather,11886697,my-weather,A small weather app made in Vue.js,TypeScript,2020-04-18 22:56:20,N,0,2020-12-10 17:42:21,N
161685436,https://api.github.com/repos/ryoshii/desafio-database-upload,56588906,desafio-database-upload,"Nesse desafio, você deve continuar desenvolvendo a aplicação de gestão de transações, treinando o que você aprendeu até agora no Node.js junto ao TypeScript, mas dessa vez incluindo o uso de banco de dados com o TypeORM e envio de arquivos com o Multer!  ",TypeScript,2020-04-19 00:57:32,N,0,2020-12-09 23:41:19,N
161688132,https://api.github.com/repos/FoxyTheBot/FoxySite,58126004,FoxySite,N,TypeScript,2020-04-29 04:20:12,N,0,2020-06-20 19:21:40,N
161691642,https://api.github.com/repos/xolvio/webpack-federation-storybook-design-systems-demo,1742222,webpack-federation-storybook-design-systems-demo,N,TypeScript,2020-04-13 07:11:55,N,0,2020-12-14 09:46:23,N
161695473,https://api.github.com/repos/sakshayphanda/BeMeanStack,40298115,BeMeanStack,Community for Mean Stack developers,TypeScript,2020-04-18 11:25:54,N,0,2020-12-19 21:38:32,N
161698448,https://api.github.com/repos/Akimotorakiyu/collection-app,51738508,collection-app,collection-app,TypeScript,2020-04-18 12:05:19,N,0,2021-01-22 11:58:32,N
161728225,https://api.github.com/repos/PedroGabrielBeirao/kpiManager-Angular,58121848,kpiManager-Angular,N,TypeScript,2020-04-18 15:30:11,N,0,2020-05-18 07:52:43,N
161739536,https://api.github.com/repos/chrisbmar/drag-n-drop-typescript,51819701,drag-n-drop-typescript,A TypeScript project implementing drag and drop functionality with vanilla JavaScript and bundled with Webpack.,TypeScript,2020-04-18 17:47:08,N,0,2020-12-19 11:10:06,N
161746891,https://api.github.com/repos/Kapcash/yousortube,6880184,yousortube,An RSS youtube souscriptions sorter,TypeScript,2020-04-18 20:06:42,N,0,2021-01-01 15:01:54,N
161747115,https://api.github.com/repos/Fender123/wordclock-controller,640949,wordclock-controller,N,TypeScript,2020-04-18 20:14:40,N,0,2021-03-01 11:21:43,N
161747327,https://api.github.com/repos/GitAlison/bridge-angular-electron,40373756,bridge-angular-electron,Uma aplicacao para testar um bridge entre angular e electron,TypeScript,2020-04-18 20:22:11,N,0,2021-01-28 21:58:45,N
161753038,https://api.github.com/repos/grid-js/gridjs,58139320,gridjs,Fast and extensible table library ,TypeScript,2020-04-15 17:41:40,N,0,2021-02-28 16:29:57,N
161754376,https://api.github.com/repos/devboldly/dboldly-react-tools,56005121,dboldly-react-tools,Components for use in DevBoldly projects.,TypeScript,2020-04-19 03:12:38,N,0,2020-06-16 18:39:52,N
161765141,https://api.github.com/repos/khakholin/amazing-courses-backend,52309942,amazing-courses-backend,Course portal [BACKEND],TypeScript,2020-04-29 13:54:37,N,0,2020-10-04 07:04:44,N
161766490,https://api.github.com/repos/Elena3416/TypeScript,57152577,TypeScript,N,TypeScript,2020-04-19 05:44:07,N,0,2020-12-19 11:09:36,N
161768464,https://api.github.com/repos/y-klochikhin/advanced-angular,44440920,advanced-angular,N,TypeScript,2020-04-19 06:28:23,N,0,2020-09-11 20:56:54,N
161772019,https://api.github.com/repos/franklinbravo/peer-share,58144104,peer-share,Aula virtual con conexion P2P,TypeScript,2020-04-19 07:00:39,N,0,2020-07-08 04:28:23,N
161773846,https://api.github.com/repos/hijiangtao/billboard-generator,3257072,billboard-generator,Generate your billboard in a second,TypeScript,2020-04-19 07:24:45,N,0,2021-02-02 08:33:51,N
161775824,https://api.github.com/repos/bonkzero404/yi4k-sdk-js,2775925,yi4k-sdk-js,YI 4k Action Camera Controlling with NodeJS,TypeScript,2020-04-25 23:46:16,N,0,2021-03-02 23:19:17,N
161777647,https://api.github.com/repos/ccpu/playwright-utils,57662938,playwright-utils,N,TypeScript,2020-04-19 09:01:37,N,0,2021-02-19 05:21:41,N
161778808,https://api.github.com/repos/stefanSheva/strapi-blog,37536122,strapi-blog,Blog Application build in Angular and Strapi,TypeScript,2020-04-19 09:38:15,N,0,2021-03-03 05:46:05,N
161779426,https://api.github.com/repos/biancarosa/azdevops-google-secret-manager,781582,azdevops-google-secret-manager,Azure DevOps Extension to write or read secrets from secret manager,TypeScript,2020-04-20 19:16:35,N,0,2020-12-31 20:05:26,N
161779821,https://api.github.com/repos/jamadeu/BDC-TS,48634300,BDC-TS,N,TypeScript,2020-04-19 10:09:09,N,0,2020-12-09 23:58:43,N
161783963,https://api.github.com/repos/RuedigerMueller/vocab_frontend,1778034,vocab_frontend,N,TypeScript,2020-04-19 12:05:11,N,0,2021-01-11 16:55:57,N
161785076,https://api.github.com/repos/sajadtorkamani/nextjs-docker-example,6467080,nextjs-docker-example,An example of a Dockerized Next.js app.,TypeScript,2020-04-19 12:37:49,N,0,2020-08-01 23:36:45,N
161786315,https://api.github.com/repos/carloshrf/Bootcamp-GoBarber,52930811,Bootcamp-GoBarber,N,TypeScript,2020-04-19 13:17:05,N,0,2021-01-07 06:46:11,N
161792034,https://api.github.com/repos/rafaelone/GoFinance-api,30685542,GoFinance-api,N,TypeScript,2020-04-19 15:45:53,N,0,2020-12-10 17:40:48,N
161793121,https://api.github.com/repos/punemania/Angular-ReactiveForms,57555983,Angular-ReactiveForms,N,TypeScript,2020-04-19 16:18:00,N,0,2020-05-18 22:03:03,N
161793427,https://api.github.com/repos/punemania/Angular-RxJS,57555983,Angular-RxJS,N,TypeScript,2020-04-19 16:29:03,N,0,2020-05-18 22:05:03,N
161793475,https://api.github.com/repos/punemania/Angular-DD,57555983,Angular-DD,N,TypeScript,2020-04-19 16:30:11,N,0,2020-05-18 22:05:18,N
161794812,https://api.github.com/repos/punemania/MovieHunter-CRUD,57555983,MovieHunter-CRUD,N,TypeScript,2020-04-19 17:09:46,N,0,2020-05-18 22:12:52,N
161795245,https://api.github.com/repos/matheusBCordeiro/insta-clone-angular,51898554,insta-clone-angular,N,TypeScript,2020-04-19 18:07:14,N,0,2020-06-09 20:09:49,N
161795665,https://api.github.com/repos/mlorenzeto/gostack_gobarber,42282825,gostack_gobarber,Repository used during the creation of gobarber project (GoStack),TypeScript,2020-04-19 17:39:56,N,0,2021-01-07 11:34:45,N
161795760,https://api.github.com/repos/davidgg090/tourofheroes,33071231,tourofheroes,N,TypeScript,2020-04-30 02:16:57,N,0,2021-02-27 09:39:03,N
161797140,https://api.github.com/repos/Ryand1234/Discussion-forum,46299241,Discussion-forum,A MEAN stack Discussion site,TypeScript,2020-04-19 18:14:41,N,0,2021-03-04 01:35:06,N
161800073,https://api.github.com/repos/gbdsantos/bootcamp-gostack-backend-02,31532238,bootcamp-gostack-backend-02,:rocket: NodeJS + Typescript for the second week(F 03) of BootStamp GoStack 11.,TypeScript,2020-04-19 19:46:28,N,0,2020-12-09 23:59:30,N
161801196,https://api.github.com/repos/gbdsantos/bootcamp-gostack-challenge-06,31532238,bootcamp-gostack-challenge-06,:rocket: Challenge 06 Database upload of Bootcamp GoStack from Rocketseat.,TypeScript,2020-04-19 20:18:37,N,0,2020-12-10 17:38:21,N
161807833,https://api.github.com/repos/DouglasFuelber/gostack-database-upload-challenge,9850463,gostack-database-upload-challenge,[Challenge 06] GoStack 11 - Database and Upload challenge,TypeScript,2020-04-20 00:05:14,N,0,2020-12-09 23:47:39,N
161809505,https://api.github.com/repos/wallberg13/GoStack-Bootcamp,4767445,GoStack-Bootcamp,Arquivos das aulas do GoStack 11.,TypeScript,2020-04-20 01:18:14,N,0,2021-01-07 16:43:23,N
161810780,https://api.github.com/repos/helcioItiyama/GoBarber,55680603,GoBarber,N,TypeScript,2020-04-19 00:07:41,N,0,2021-01-07 17:50:09,N
161813377,https://api.github.com/repos/FactorBlockchain/market,51815138,market,N,TypeScript,2020-04-20 02:07:48,N,0,2020-06-11 10:17:35,N
161813446,https://api.github.com/repos/merutin/study-react-hook,58153356,study-react-hook,N,TypeScript,2020-04-19 10:55:56,N,0,2020-12-19 11:55:35,N
161813581,https://api.github.com/repos/josepereza/angular-material-blog-upload,49848208,angular-material-blog-upload,N,TypeScript,2020-04-19 11:00:28,N,0,2020-06-11 00:22:46,N
161821708,https://api.github.com/repos/sersoft-gmbh/swifty-docs-action,19639437,swifty-docs-action,A GitHub Action that combines jazzy docs for all SwiftPM products,TypeScript,2020-04-19 15:00:30,N,0,2021-01-04 11:33:00,N
161822494,https://api.github.com/repos/diegomais/gostack-typeorm-upload,47098907,gostack-typeorm-upload,Desafio: Banco de dados e upload de arquivos no Node.js,TypeScript,2020-04-19 15:15:03,N,0,2020-07-21 17:11:40,N
161823643,https://api.github.com/repos/Mardoniosc/NodeJs-Typescript-Exemplo,40618332,NodeJs-Typescript-Exemplo,N,TypeScript,2020-04-19 15:42:14,N,0,2020-07-21 17:20:10,N
161825369,https://api.github.com/repos/punemania/Angular-Routing,57555983,Angular-Routing,N,TypeScript,2020-04-19 16:28:02,N,0,2020-05-19 01:49:52,N
161828010,https://api.github.com/repos/Gasorey/Desafio-node-finance,55769999,Desafio-node-finance,Desafio elaborado pela rocketseat para praticar os conhecimentos de banco de dados e nodeJS,TypeScript,2020-04-19 17:28:23,N,0,2020-12-09 23:59:14,N
161831100,https://api.github.com/repos/jrcrenn/Covid-MapLive,35343325,Covid-MapLive,N,TypeScript,2020-04-06 15:48:41,N,0,2020-12-10 18:12:22,N
161832518,https://api.github.com/repos/mrozik1521/AngularBasicCourse,42276590,AngularBasicCourse,N,TypeScript,2020-04-19 19:44:47,N,0,2020-09-12 13:40:10,N
161835462,https://api.github.com/repos/UD-CISC374/educational-game-project-team-11-william-dwinnell,55150149,educational-game-project-team-11-william-dwinnell,educational-game-project-team-11-william-dwinnell created by GitHub Classroom,TypeScript,2020-04-19 21:01:45,N,0,2020-12-19 11:14:36,N
161841289,https://api.github.com/repos/467057463/blog_docker,10294229,blog_docker,block docker,TypeScript,2020-04-20 03:26:25,N,0,2020-12-19 12:29:03,N
161842687,https://api.github.com/repos/rajanwalt/ionic-practice,6366356,ionic-practice,N,TypeScript,2020-04-19 06:16:50,N,0,2021-01-07 19:46:00,N
161856115,https://api.github.com/repos/SpeedUp-io/nodejs-method-chainer,55614581,nodejs-method-chainer,Chain callbacks and promises together to handle the most complex flows,TypeScript,2020-04-20 04:02:18,N,0,2020-07-13 00:54:33,N
161861632,https://api.github.com/repos/jimmy-grande/kata-bdd-bankaccount,37210958,kata-bdd-bankaccount,N,TypeScript,2020-04-29 08:54:26,N,0,2020-12-19 13:22:29,N
161872798,https://api.github.com/repos/webmakaka/Microservices-with-Node-JS-and-React,55211755,Microservices-with-Node-JS-and-React,"[DevOps][Stephen Grider] Microservices with Node JS and React [ENG, 2020]",TypeScript,2020-04-29 01:07:03,N,0,2021-02-25 02:11:38,N
161893653,https://api.github.com/repos/sekretk/RxJsTs,43134146,RxJsTs,N,TypeScript,2020-04-20 07:18:03,N,0,2021-03-02 16:01:48,N
161895390,https://api.github.com/repos/y-endo/angular-after-tutorial,5534262,angular-after-tutorial,N,TypeScript,2020-04-20 07:26:06,N,0,2020-09-11 23:21:51,N
161909185,https://api.github.com/repos/ghostkillerpl/BikeEssence,58172321,BikeEssence,N,TypeScript,2020-04-03 14:53:36,N,0,2020-12-02 18:26:31,N
161911223,https://api.github.com/repos/freewind-demos/typescript-react-material-ui-dialog-demo,45323831,typescript-react-material-ui-dialog-demo,N,TypeScript,2020-04-20 09:28:18,N,0,2020-06-11 10:40:43,N
161913814,https://api.github.com/repos/freewind-demos/typescript-react-material-ui-tabs-demo,45323831,typescript-react-material-ui-tabs-demo,N,TypeScript,2020-04-20 10:14:52,N,0,2020-05-19 08:39:10,N
161918820,https://api.github.com/repos/rkgautamhash/decentralized-renderer-react-components,58175294,decentralized-renderer-react-components,N,TypeScript,2020-04-20 12:21:32,N,0,2020-12-05 04:07:43,N
161920480,https://api.github.com/repos/JunilHwang/nestjs-graphql-vue-composition-tutorial,30676446,nestjs-graphql-vue-composition-tutorial,Vue Composition API + Nestjs + GraphQL,TypeScript,2020-04-20 13:06:23,N,0,2020-10-21 07:51:28,N
161926463,https://api.github.com/repos/Sansossio/electron-typescript-video-converter,10540545,electron-typescript-video-converter,Simple electron video converter,TypeScript,2020-04-20 15:48:43,N,0,2021-01-28 21:58:48,N
161931116,https://api.github.com/repos/kennedyrs/bootcamp-gostack,12137589,bootcamp-gostack,Curso Bootcamp gostack da Rocketseat,TypeScript,2020-04-22 15:53:32,N,0,2020-07-31 19:24:37,N
161933588,https://api.github.com/repos/miltonyano/gostack_gobarber,57305133,gostack_gobarber,N,TypeScript,2020-04-20 18:41:33,N,0,2021-01-07 12:24:50,N
161934875,https://api.github.com/repos/rubensojunior/github-explorer,53669817,github-explorer,Projeto simples que explora a API do Github.,TypeScript,2020-04-20 19:23:08,N,0,2021-01-07 05:27:33,N
161937169,https://api.github.com/repos/ryoshii/explorer-repositories,56588906,explorer-repositories,"O projeto é uma alternativa para explorar repositórios na plataforma GitHub. Podemos selecionar os repositórios, que irão ficar salvos temporariamente, e podemos consultar quantas stars, forks e issues. Logo abaixo as issues serão listadas.",TypeScript,2020-04-20 20:28:15,N,0,2020-12-19 11:21:29,N
161941812,https://api.github.com/repos/arturmbrasil/github-explorer,32128539,github-explorer,N,TypeScript,2020-04-20 22:58:56,N,0,2021-01-07 05:22:45,N
161943980,https://api.github.com/repos/tavareshenrique/github-explorer,39646159,github-explorer,"GitHub Explorer is a project to consult Github repositories in a simple, easy, detailed and beautiful way. It was developed during Rocketseat's GoStack 11.",TypeScript,2020-04-21 00:22:22,N,0,2021-01-07 05:26:52,N
161944502,https://api.github.com/repos/lucachaves/gostack-primeiro-projeto-node,118513,gostack-primeiro-projeto-node,N,TypeScript,2020-04-21 00:42:24,N,0,2020-06-21 16:55:47,N
161945259,https://api.github.com/repos/elanfraga/gostack11-github-explorer-react,51833414,gostack11-github-explorer-react,N,TypeScript,2020-04-21 01:03:19,N,0,2021-01-07 05:21:12,N
161948031,https://api.github.com/repos/CarlosCraviotto/curli-bus,2486521,curli-bus,Simple Command Bus Implementation (CQRS) for NodeJS/Typescript.,TypeScript,2020-04-20 01:08:15,N,0,2020-07-20 19:56:49,N
161949953,https://api.github.com/repos/Hygor/RocketSeat.GoStack11,651678,RocketSeat.GoStack11,Repositório de demonstração do cronograma planejado para o GoStack11 da RocketSeat,TypeScript,2020-04-20 10:24:00,N,0,2021-01-07 05:57:37,N
161954157,https://api.github.com/repos/kodevz/mm_app,6353821,mm_app,Local Directory Listing App,TypeScript,2020-04-20 11:50:58,N,0,2020-06-11 11:04:34,N
161956639,https://api.github.com/repos/murpjack/social-planner-full-stack,51462530,social-planner-full-stack,"An evening planner served on a MERN stack, or MongoDB, Express, ReactJS, NodeJS",TypeScript,2020-04-13 08:06:12,N,0,2021-01-07 05:00:46,N
161961467,https://api.github.com/repos/rkgautamhash/render-component,58175294,render-component,N,TypeScript,2020-04-20 13:54:56,N,0,2020-12-05 04:05:39,N
161962631,https://api.github.com/repos/leon-carvalho/github-explorer,55868545,github-explorer,Project to explore GitHub repositories built with React and TypeScript,TypeScript,2020-04-20 14:09:49,N,0,2021-01-11 00:41:53,N
161962927,https://api.github.com/repos/GuAntunes/angular-examples,11586980,angular-examples,N,TypeScript,2020-04-23 01:05:45,N,0,2020-09-12 16:00:46,N
161962969,https://api.github.com/repos/Morpa/Github-Explorer,12795943,Github-Explorer,N,TypeScript,2020-04-20 14:15:10,N,0,2021-01-03 18:09:02,N
161964177,https://api.github.com/repos/rkgautamhash/hashstudioz-render-component,58175294,hashstudioz-render-component,N,TypeScript,2020-04-20 14:34:50,N,0,2020-12-05 04:05:33,N
161966339,https://api.github.com/repos/ARTHURPC03/GoFinancesBackend,53017014,GoFinancesBackend,Back-end da Aplicação GoFinances utilizando Node+Typescript,TypeScript,2020-04-20 15:13:10,N,0,2020-12-31 03:17:36,N
161967394,https://api.github.com/repos/ranmaru22/battleship,11886697,battleship,An implementation of the classic Battleship game,TypeScript,2020-04-20 15:25:52,N,0,2020-06-11 18:40:48,N
161968828,https://api.github.com/repos/leticiaenz/gostack-node-desafio3,5039173,gostack-node-desafio3,N,TypeScript,2020-04-20 15:47:52,N,0,2020-12-10 17:41:12,N
161970594,https://api.github.com/repos/fbronchaly/angular-electricBlog,40554061,angular-electricBlog,Created with StackBlitz ⚡️,TypeScript,2020-04-21 03:06:01,N,0,2020-06-11 16:32:39,N
161973036,https://api.github.com/repos/mikemorcerf/github-explorer,11369509,github-explorer,"ReactJS app that connects to GitHub API and lets users save repositories they like to track how many Open Issues, Stars and Forks the repositories have.",TypeScript,2020-04-20 16:54:54,N,0,2021-01-07 05:33:56,N
161979952,https://api.github.com/repos/lbcosta/node-ts,38142616,node-ts,Primeiro exercício de node usando typescript,TypeScript,2020-04-20 19:28:25,N,0,2020-07-20 21:08:17,N
161980864,https://api.github.com/repos/LilianLourenco/LilianLourenco-mobdev-ca2-2019323,55426271,LilianLourenco-mobdev-ca2-2019323,N,TypeScript,2020-04-20 19:49:41,N,0,2020-09-12 13:47:32,N
161982811,https://api.github.com/repos/dusty-wil/angularPractice,38321606,angularPractice,N,TypeScript,2020-04-21 03:38:11,N,0,2020-09-11 21:14:56,N
161988609,https://api.github.com/repos/elvinciqueira/github-explorer,51788017,github-explorer,Projeto utilizando a API do GitHub,TypeScript,2020-04-20 23:14:18,N,0,2021-01-07 05:19:54,N
161988911,https://api.github.com/repos/azevedorafael/github,12053601,github,React + TS + GITHUB API,TypeScript,2020-04-20 23:34:47,N,0,2021-01-07 05:33:16,N
161990093,https://api.github.com/repos/maktak1995/Exercise-for-TS-React-Redux,56536083,Exercise-for-TS-React-Redux,N,TypeScript,2020-04-20 03:33:36,N,0,2021-01-07 05:49:34,N
161992147,https://api.github.com/repos/bbaktaeho/typescript-data-structure,51875389,typescript-data-structure,타입스크립트로 구현한 자료구조,TypeScript,2020-04-20 05:28:11,N,0,2020-06-23 08:54:29,N
161995232,https://api.github.com/repos/alizahid/verspaetung,1283205,verspaetung,N,TypeScript,2020-04-20 07:38:23,N,0,2020-12-19 11:25:34,N
161999091,https://api.github.com/repos/OlinaMSousa/ionic-model,57467417,ionic-model,N,TypeScript,2020-04-20 09:41:04,N,0,2020-09-06 10:08:16,N
162002882,https://api.github.com/repos/Styxies/my-react-app,55612200,my-react-app,N,TypeScript,2020-04-21 06:08:15,N,0,2020-06-21 20:45:50,N
162003016,https://api.github.com/repos/Open-Attestation/react-template,51739430,react-template,N,TypeScript,2020-04-29 09:30:45,N,0,2021-01-19 19:07:09,N
162013218,https://api.github.com/repos/freewind-demos/typescript-express-post-json-demo,45323831,typescript-express-post-json-demo,N,TypeScript,2020-04-21 10:34:55,N,0,2020-05-19 20:59:22,N
162016511,https://api.github.com/repos/longvision/Azure-functions-learn,37351501,Azure-functions-learn,N,TypeScript,2020-04-21 12:04:49,N,0,2020-05-19 21:21:26,N
162018379,https://api.github.com/repos/MBreece89/APM,54024790,APM,APM angular rxjs,TypeScript,2020-04-21 12:45:15,N,0,2020-05-19 21:34:59,N
162019434,https://api.github.com/repos/Morpa/GoBarber-WEB-V2,12795943,GoBarber-WEB-V2,N,TypeScript,2020-04-21 13:05:11,N,0,2021-01-03 18:08:54,N
162019467,https://api.github.com/repos/LGX9/kubernetes-project,35192500,kubernetes-project,N,TypeScript,2020-04-25 12:20:10,N,0,2020-12-19 14:50:07,N
162022423,https://api.github.com/repos/FlexaBR/G0Stack11-nivel3,44688777,G0Stack11-nivel3,N,TypeScript,2020-04-21 14:11:48,N,0,2021-01-07 05:22:46,N
162024127,https://api.github.com/repos/lineuxyz/bootcamp-gostack-challengers,53047883,bootcamp-gostack-challengers,N,TypeScript,2020-04-24 19:36:38,N,0,2021-01-03 18:26:06,N
162026649,https://api.github.com/repos/pedrouid/starkware-controller,39033759,starkware-controller,Starkware JSON-RPC Controller Library,TypeScript,2020-04-21 16:44:13,N,0,2020-12-19 11:26:52,N
162029422,https://api.github.com/repos/carterdacat/Minus-Bot,52795157,Minus-Bot,N,TypeScript,2020-04-21 17:59:26,N,0,2021-02-27 04:40:59,N
162033454,https://api.github.com/repos/leevladislav/money,45360743,money,"Money Keeper App ( Angular, Express, NodeJS)",TypeScript,2020-04-21 19:42:13,N,0,2021-02-05 16:05:38,N
162034017,https://api.github.com/repos/leticiaenz/bootcamp-frontend-nivel3-part1,5039173,bootcamp-frontend-nivel3-part1,N,TypeScript,2020-04-23 17:09:32,N,0,2021-01-07 05:56:04,N
162039972,https://api.github.com/repos/felipejsborges/gobarber,56405872,gobarber,N,TypeScript,2020-04-21 23:13:30,N,0,2021-01-07 06:00:01,N
162040156,https://api.github.com/repos/antrp93LCA/Beer-App,52667810,Beer-App,N,TypeScript,2020-04-21 23:18:12,N,0,2020-06-11 18:58:13,N
162041554,https://api.github.com/repos/AlexisMunera98/pet-book,13253585,pet-book,N,TypeScript,2020-04-22 00:06:11,N,0,2020-09-11 21:24:58,N
162046956,https://api.github.com/repos/DuarteJD/du-agenda,44393717,du-agenda,Projeto de agendamento de serviços,TypeScript,2020-04-21 01:00:38,N,0,2021-01-07 05:55:17,N
162047398,https://api.github.com/repos/jamesacarr/jest-reporter-github-actions,34455166,jest-reporter-github-actions,N,TypeScript,2020-04-21 01:25:26,N,0,2021-01-15 13:46:18,N
162053477,https://api.github.com/repos/fbastias/UpAcademy13-KPIManager-FE,56857506,UpAcademy13-KPIManager-FE,N,TypeScript,2020-04-21 11:54:11,N,0,2020-05-20 01:37:13,N
162053582,https://api.github.com/repos/sfd-itdev/person,58204341,person,نظام الأشخاص,TypeScript,2020-04-23 15:25:17,N,0,2020-12-06 00:44:22,N
162058886,https://api.github.com/repos/tavareshenrique/go-finances-web,39646159,go-finances-web,GoFinances is a simple financial control project developed in ReactJS during Rocketseat's GoStack 11.,TypeScript,2020-04-22 02:40:02,N,0,2021-01-23 05:20:23,N
162058916,https://api.github.com/repos/polnara/mustafa,48046017,mustafa,N,TypeScript,2020-04-21 13:31:25,N,0,2020-09-04 11:37:38,N
162062216,https://api.github.com/repos/matheusbr1/go-barber,35713189,go-barber,Project of GoStack from Rocketseat,TypeScript,2020-04-21 14:20:28,N,0,2021-03-03 06:32:07,N
162067725,https://api.github.com/repos/Cristuker/ts-code,45644442,ts-code,N,TypeScript,2020-04-21 16:01:42,N,0,2021-03-02 08:56:45,N
162124911,https://api.github.com/repos/fmgermano/fmgermano-portfolio,33884910,fmgermano-portfolio,N,TypeScript,2020-04-21 20:26:17,N,0,2020-05-20 07:33:26,N
162132884,https://api.github.com/repos/Bryantellius/Striders_FS,52935346,Striders_FS,N,TypeScript,2020-04-21 20:59:32,N,0,2020-08-21 08:01:11,N
162142443,https://api.github.com/repos/you-got-bud/frontend,58091780,frontend,N,TypeScript,2020-04-28 23:56:09,N,0,2020-09-11 05:40:24,N
162143361,https://api.github.com/repos/nathaliacristina20/gostack-github-explorer,52887723,gostack-github-explorer,:octocat: Aplicação para explorar repositórios do Github ,TypeScript,2020-04-21 22:13:08,N,0,2021-01-07 05:21:58,N
162144948,https://api.github.com/repos/MicrosoftDocs/mslearn-staticwebapp,31476398,mslearn-staticwebapp,Static Web App template repository,TypeScript,2020-04-09 19:58:17,N,0,2021-02-26 15:46:08,N
162144973,https://api.github.com/repos/elvinciqueira/gobarberweb,51788017,gobarberweb,A barber scheduling app that shows to the barber his agenda for the day.,TypeScript,2020-04-21 22:43:53,N,0,2021-01-07 05:47:15,N
162147598,https://api.github.com/repos/na8esin/nestjs-samples,8414910,nestjs-samples,N,TypeScript,2020-04-22 04:06:36,N,0,2020-12-19 12:11:06,N
162147995,https://api.github.com/repos/lucasferbap/Photos-Repository,54480833,Photos-Repository," Projeto pessoal que tem como funcionalidade principal, criar um repositorio pessoal de fotos para cada usuário cadastrado na plataforma. Projeto desenvolvido com intenção de treinar os meus conhecimentos e ser disponibilizado primeiramente para a família",TypeScript,2020-04-22 05:02:40,N,0,2021-01-07 05:22:43,N
162148279,https://api.github.com/repos/CarlosCraviotto/curli-core,2486521,curli-core,The core for a library to handle modules on the top of Express and build a complete custom framework,TypeScript,2020-04-21 03:17:09,N,0,2020-07-21 05:31:08,N
162152611,https://api.github.com/repos/freewind-demos/typescript-fetch-specified-fields-demo,45323831,typescript-fetch-specified-fields-demo,N,TypeScript,2020-04-21 05:44:03,N,0,2020-06-13 19:30:32,N
162153545,https://api.github.com/repos/sersoft-gmbh/xcodebuild-action,19639437,xcodebuild-action,A GitHub action that runs xcodebuild,TypeScript,2020-04-21 06:08:36,N,0,2021-01-11 05:59:35,N
162158638,https://api.github.com/repos/leon-carvalho/gobarber-api,55868545,gobarber-api,API built with TypeScript for Gobarber,TypeScript,2020-04-16 18:44:40,N,0,2020-06-29 23:18:56,N
162162670,https://api.github.com/repos/freewind-demos/typescript-check-object-field-undefined-demo,45323831,typescript-check-object-field-undefined-demo,N,TypeScript,2020-04-21 09:21:10,N,0,2020-05-20 11:09:50,N
162177545,https://api.github.com/repos/darda-ergo/twilio-react-video-app,55982118,twilio-react-video-app,N,TypeScript,2020-04-22 10:39:23,N,0,2020-05-20 13:05:19,N
162180621,https://api.github.com/repos/pedrouid/basic-provider,39033759,basic-provider,Basic Provider Library,TypeScript,2020-04-22 12:05:15,N,0,2020-12-19 11:32:45,N
162180830,https://api.github.com/repos/4hiroramos/gatsby-starter-wordpress-typescript,9052017,gatsby-starter-wordpress-typescript,N,TypeScript,2020-04-22 12:08:34,N,0,2020-05-20 13:27:12,N
162182011,https://api.github.com/repos/ranmaru22/nullpo,11886697,nullpo,An anonymous/pseudonymous message board software in the spirit of old textboards.,TypeScript,2020-04-22 12:57:28,N,0,2020-09-04 10:52:24,N
162182607,https://api.github.com/repos/shuheb/ag-grid-frameworks-license-build,42270146,ag-grid-frameworks-license-build,"Preset builds for ag-grid in React, Angular and Vue.",TypeScript,2020-04-22 13:20:22,N,0,2021-02-10 15:56:36,N
162183710,https://api.github.com/repos/knoepdan/TemplReact,50218375,TemplReact,N,TypeScript,2020-04-22 14:00:44,N,0,2020-12-20 17:24:31,N
162184699,https://api.github.com/repos/freight-chain/etherjs-track-repo,51736892,etherjs-track-repo,N,TypeScript,2020-04-29 16:11:50,N,0,2020-05-20 13:55:04,N
162189300,https://api.github.com/repos/MyCryptoHQ/landing,39131995,landing,N,TypeScript,2020-04-22 17:21:43,N,0,2021-03-05 08:58:48,N
162193110,https://api.github.com/repos/semojs/semo,58225027,semo,A command line tools dispatcher based on Yargs,TypeScript,2020-04-22 19:17:25,N,0,2021-03-02 10:24:13,N
162196470,https://api.github.com/repos/gudik-zoe/Angular-basics,53647225,Angular-basics,N,TypeScript,2020-04-22 21:23:33,N,0,2021-01-22 11:30:19,N
162198847,https://api.github.com/repos/BetTogether/MagicBet-Client,57684058,MagicBet-Client,Frontend Interface,TypeScript,2020-04-25 17:20:30,N,0,2020-10-02 08:14:41,N
162204093,https://api.github.com/repos/diegomais/gobarber-ts,47098907,gobarber-ts,N,TypeScript,2020-04-23 00:38:06,N,0,2021-03-05 03:41:21,N
162205352,https://api.github.com/repos/CarlosCraviotto/curli-types,2486521,curli-types,Types for all the curli libraries,TypeScript,2020-04-23 01:16:30,N,0,2020-07-21 05:57:33,N
162205379,https://api.github.com/repos/CarlosCraviotto/curli-http,2486521,curli-http,A Http layer on Express without decorators.,TypeScript,2020-04-23 01:17:29,N,0,2020-07-21 06:11:48,N
162207203,https://api.github.com/repos/sarpn/petBook,31997035,petBook,N,TypeScript,2020-04-22 00:08:32,N,0,2020-09-12 13:55:13,N
162207329,https://api.github.com/repos/jhosep2001/calidad,34456356,calidad,N,TypeScript,2020-04-22 00:12:11,N,0,2020-09-12 13:57:24,N
162207517,https://api.github.com/repos/Gasorey/GitHub-Explorer,55769999,GitHub-Explorer,Projeto desenvolvido para praticar os conceitos de reactJS consumindo a API do Github,TypeScript,2020-04-22 00:17:25,N,0,2021-01-07 05:24:38,N
162210087,https://api.github.com/repos/Wolven531/SimpleLeagueCompare,3789473,SimpleLeagueCompare,SimpleLeagueCompare is a web UI based interface designed to help query and compare the game stats for myself and my two friends.,TypeScript,2020-04-22 01:49:16,N,0,2020-12-30 21:55:05,N
162215297,https://api.github.com/repos/freewind-demos/typescript-class-overload-methods-demo,45323831,typescript-class-overload-methods-demo,N,TypeScript,2020-04-22 11:13:26,N,0,2020-05-20 16:47:48,N
162215429,https://api.github.com/repos/freewind-demos/typescript-interface-overload-methods-demo,45323831,typescript-interface-overload-methods-demo,N,TypeScript,2020-04-22 11:16:17,N,0,2020-05-20 16:48:37,N
162217295,https://api.github.com/repos/pedrouid/3id-provider,39033759,3id-provider,3ID Provider Library,TypeScript,2020-04-22 11:50:33,N,0,2020-12-19 11:32:38,N
162218348,https://api.github.com/repos/moneyforward/github-actions-toolkit,4298983,github-actions-toolkit,This toolkit provides a set of packages to make creating Github Actions easier.,TypeScript,2020-04-23 02:30:07,N,0,2020-10-02 04:48:51,N
162219191,https://api.github.com/repos/guicostaarantes/gobarber-web,47291447,gobarber-web,N,TypeScript,2020-04-22 12:24:07,N,0,2021-01-07 05:30:56,N
162223379,https://api.github.com/repos/freewind-demos/typescript-function-return-overloaded-functions-demo,45323831,typescript-function-return-overloaded-functions-demo,N,TypeScript,2020-04-22 13:11:51,N,0,2020-06-12 02:20:23,N
162226440,https://api.github.com/repos/goncalo-mendes/APIs-Node.js-e-Express-to-Azure,56728530,APIs-Node.js-e-Express-to-Azure,Refatorizar APIs Node.js e Express para APIs sem servidor com as Funções do Azure,TypeScript,2020-04-22 13:49:12,N,0,2020-05-20 17:42:42,N
162226531,https://api.github.com/repos/EdwinAlmendras/github,52502346,github,full stack proyect github,TypeScript,2020-04-22 13:50:11,N,0,2020-06-12 00:02:03,N
162233932,https://api.github.com/repos/yuriburk/gobarber-web,8579208,gobarber-web,GoBarber Web is an application created with React.js in Rocketseat's GoStack Bootcamp,TypeScript,2020-04-23 02:58:44,N,0,2021-01-07 05:57:03,N
162234849,https://api.github.com/repos/dubalumesh/file-Demo,54425261,file-Demo,N,TypeScript,2020-04-22 15:10:15,N,0,2021-01-28 21:59:02,N
162234967,https://api.github.com/repos/freewind-demos/typescript-define-class-implements-function-demo,45323831,typescript-define-class-implements-function-demo,N,TypeScript,2020-04-22 13:29:01,N,0,2020-05-20 18:24:03,N
162242987,https://api.github.com/repos/md7marcu/Oauth2-Debugging,3573495,Oauth2-Debugging,OAuth2 learning by debugging,TypeScript,2020-04-29 22:21:30,N,0,2021-03-04 14:49:41,N
162246464,https://api.github.com/repos/stefan-wullems/jest-date,58077228,jest-date,:date: Custom jest matchers to compare dates against eachother,TypeScript,2020-04-22 17:24:49,N,0,2021-03-04 22:00:02,N
162249791,https://api.github.com/repos/tskweres/angularfire-ssr-test,995951,angularfire-ssr-test,AngularFire SSR Test,TypeScript,2020-04-22 18:09:41,N,0,2020-08-08 05:03:25,N
162250214,https://api.github.com/repos/klodianshaba/AMS-Ionic,33618899,AMS-Ionic,N,TypeScript,2020-04-22 18:15:29,N,0,2021-01-02 04:05:31,N
162250333,https://api.github.com/repos/lbcosta/bootcamp-backend,38142616,bootcamp-backend,Back-end do GoBarber (Bootcamp Rocketseat 2020),TypeScript,2020-04-22 18:17:17,N,0,2020-07-21 01:22:50,N
162255409,https://api.github.com/repos/chuckerin/react-arcgis,57589824,react-arcgis,N,TypeScript,2020-04-22 19:39:00,N,0,2020-12-19 11:36:51,N
162256040,https://api.github.com/repos/lucachaves/gostack-primeiro-projeto-react,118513,gostack-primeiro-projeto-react,N,TypeScript,2020-04-22 19:56:37,N,0,2020-06-28 20:34:35,N
162258082,https://api.github.com/repos/samualtnorman/web-server,12385782,web-server,N,TypeScript,2020-04-22 20:04:29,N,0,2021-02-23 10:00:41,N
162259703,https://api.github.com/repos/lscborges1/GoBarber-Back-end,50223395,GoBarber-Back-end,N,TypeScript,2020-04-23 03:50:47,N,0,2021-01-06 10:04:29,N
162261085,https://api.github.com/repos/jcaicedo83/udemy-angular,58221671,udemy-angular,curso de angular realizado a traves de udemy,TypeScript,2020-04-22 21:19:13,N,0,2021-01-22 11:32:52,N
162261326,https://api.github.com/repos/gustaandrade/new-portfolio,4265890,new-portfolio,Repository for my new portfolio/website.,TypeScript,2020-04-22 21:25:25,N,0,2020-06-19 20:12:20,N
162261342,https://api.github.com/repos/ivid-123/demo,57626274,demo,N,TypeScript,2020-04-22 21:25:53,N,0,2020-09-12 14:01:23,N
162265442,https://api.github.com/repos/huming2207/syncify,11026202,syncify,Yet another self-deployable/self-hosted Storage-as-a-Service and data syncing platform,TypeScript,2020-04-03 04:47:02,N,0,2020-12-31 05:27:26,N
162273301,https://api.github.com/repos/michaelchan0101/hodgepodge,57049107,hodgepodge,Blog based on Next.js,TypeScript,2020-04-22 07:45:01,N,0,2020-06-21 21:47:40,N
162273377,https://api.github.com/repos/moneyforward/brakeman-action,4298983,brakeman-action,Analyze code statically by using Brakeman in Github actions,TypeScript,2020-04-23 04:32:12,N,0,2020-06-24 01:33:47,N
162273381,https://api.github.com/repos/arturmbrasil/gobarber-web,32128539,gobarber-web,N,TypeScript,2020-04-23 04:32:04,N,0,2021-01-07 05:51:25,N
162275959,https://api.github.com/repos/pangdeskpad/tobiasbot,56230163,tobiasbot,test bot project,TypeScript,2020-04-22 08:35:40,N,0,2021-01-07 05:28:52,N
162278273,https://api.github.com/repos/freewind-demos/typescript-typesafe-nested-property-access-demo,45323831,typescript-typesafe-nested-property-access-demo,N,TypeScript,2020-04-22 09:32:45,N,0,2020-05-20 22:53:43,N
162279183,https://api.github.com/repos/tspencer029/tyler-spencer-portfolio-jodie-gatsby,37828218,tyler-spencer-portfolio-jodie-gatsby,N,TypeScript,2020-04-22 09:59:19,N,0,2020-06-11 23:27:56,N
162287132,https://api.github.com/repos/moovweb/xdn-templates,41289,xdn-templates,Templates used with create-xdn-app,TypeScript,2020-04-23 08:35:04,N,0,2021-02-27 12:38:56,N
162288641,https://api.github.com/repos/mm-core/nodejs,56661290,nodejs,N,TypeScript,2020-04-23 09:23:32,N,0,2020-06-24 15:17:58,N
162289495,https://api.github.com/repos/kryz81/ecboard,49813838,ecboard,N,TypeScript,2020-04-23 09:56:15,N,0,2021-03-03 07:00:22,N
162290098,https://api.github.com/repos/askar200018/interns-projects,49163748,interns-projects,N,TypeScript,2020-04-23 14:26:16,N,0,2020-09-12 14:05:31,N
162290163,https://api.github.com/repos/Nelfire/collegues-front,36479287,collegues-front,N,TypeScript,2020-04-23 11:10:09,N,0,2020-06-12 19:14:13,N
162293423,https://api.github.com/repos/jonathansagan/collegues-front,55325556,collegues-front,N,TypeScript,2020-04-23 11:49:35,N,0,2020-06-12 19:25:37,N
162293568,https://api.github.com/repos/AntoineRen/collegues-front,55324575,collegues-front,N,TypeScript,2020-04-23 11:54:27,N,0,2020-06-12 19:18:40,N
162293604,https://api.github.com/repos/boukhemis11/collegues-front,39359168,collegues-front,N,TypeScript,2020-04-23 11:55:30,N,0,2020-06-12 19:18:54,N
162294024,https://api.github.com/repos/salah-aka/collegues-front,55326158,collegues-front,N,TypeScript,2020-04-23 13:05:55,N,0,2020-06-12 19:46:35,N
162294689,https://api.github.com/repos/XavierCalloch/collegues-front,55325831,collegues-front,N,TypeScript,2020-04-23 12:21:42,N,0,2020-06-12 19:26:10,N
162296016,https://api.github.com/repos/freewind-demos/typescript-let-in-switch-case-demo,45323831,typescript-let-in-switch-case-demo,N,TypeScript,2020-04-23 12:52:54,N,0,2020-06-12 21:40:16,N
162299683,https://api.github.com/repos/SpeedUp-io/nodejs-object-validator,55614581,nodejs-object-validator,Validate JavaScript/TypeScript objects agains a specific schema,TypeScript,2020-04-23 14:31:46,N,0,2020-07-21 06:22:23,N
162301472,https://api.github.com/repos/c10342/lin-ui,38535199,lin-ui,react+typescript组件库,TypeScript,2020-04-23 14:57:00,N,0,2021-01-07 11:48:51,N
162305068,https://api.github.com/repos/Mardoniosc/iniciandobackendapp,40618332,iniciandobackendapp,N,TypeScript,2020-04-23 16:20:37,N,0,2020-12-10 17:45:40,N
162313437,https://api.github.com/repos/kaiomagri/GoBarber_v2,35258584,GoBarber_v2,N,TypeScript,2020-04-23 21:29:36,N,0,2021-01-07 06:24:08,N
162313759,https://api.github.com/repos/charleseduardome/gobarber,52791472,gobarber,"Projeto contendo os módulos  App, Web e Backend do GoBarber",TypeScript,2020-04-23 21:36:36,N,0,2020-12-31 02:26:39,N
162314453,https://api.github.com/repos/rubensojunior/gobarber-api,53669817,gobarber-api,Aplicação de marcação de horário com prestadores de serviço.,TypeScript,2020-04-23 21:56:19,N,0,2020-12-10 00:18:46,N
162317639,https://api.github.com/repos/vdtn359/vdtn359-os,8969800,vdtn359-os,Tuan's open source packages,TypeScript,2020-04-24 00:03:57,N,0,2020-06-15 19:38:15,N
162318305,https://api.github.com/repos/ICodeMyOwnLife/cb-react-micro-frontend,12326262,cb-react-micro-frontend,N,TypeScript,2020-04-24 00:26:23,N,0,2020-12-19 12:09:24,N
162319609,https://api.github.com/repos/FelixHsp/Rax,43016387,Rax,rax学习之路,TypeScript,2020-04-24 01:13:57,N,0,2021-03-01 21:48:18,N
162320852,https://api.github.com/repos/EduardoCeolin/rocketseat-challenges-gostack,39038906,rocketseat-challenges-gostack,Challenges developed in Rocketseat Bootcamp Gostack,TypeScript,2020-04-24 01:54:29,N,0,2020-12-10 17:52:30,N
162321318,https://api.github.com/repos/guicostaarantes/gobarber-server,47291447,gobarber-server,N,TypeScript,2020-04-23 00:05:47,N,0,2020-12-10 17:49:00,N
162322594,https://api.github.com/repos/mikemorcerf/reactjs-web-with-typescript-GoBarber,11369509,reactjs-web-with-typescript-GoBarber,Front end of app GoBarber for the web. Using ReactJS with Typescript.  GoBarber: An app that lets users and barbers create appointments through their browser or mobile app.,TypeScript,2020-04-23 00:56:46,N,0,2021-01-07 05:55:00,N
162323182,https://api.github.com/repos/tajammul1996/todo-gql,6299455,todo-gql,N,TypeScript,2020-04-24 02:05:23,N,0,2020-12-19 11:44:04,N
162325473,https://api.github.com/repos/alpe89/pokemon-app,42063991,pokemon-app,Pokemon database app built with react - typescript - graphql,TypeScript,2020-04-23 10:24:27,N,0,2020-12-19 11:38:32,N
162328407,https://api.github.com/repos/JulesDup/collegues-front,55337407,collegues-front,N,TypeScript,2020-04-23 11:51:40,N,0,2020-06-12 19:18:07,N
162330646,https://api.github.com/repos/4hiroramos/gatsby-starter-wordpress-typescript_Hiroramos,9052017,gatsby-starter-wordpress-typescript_Hiroramos,N,TypeScript,2020-04-23 12:46:43,N,0,2020-05-21 03:54:10,N
162332033,https://api.github.com/repos/freewind-demos/typescript-create-partial-of-another-type-demo,45323831,typescript-create-partial-of-another-type-demo,N,TypeScript,2020-04-23 13:54:48,N,0,2020-05-21 03:59:19,N
162333179,https://api.github.com/repos/bbaktaeho/typscript-algoritm,51875389,typscript-algoritm,타입스크립트로 작성한 알고리즘 코드,TypeScript,2020-04-24 02:36:41,N,0,2020-07-03 09:41:10,N
162349417,https://api.github.com/repos/Morpa/GoBarber-MOBILE-V2,12795943,GoBarber-MOBILE-V2,N,TypeScript,2020-04-23 15:39:25,N,0,2021-01-03 18:08:56,N
162352794,https://api.github.com/repos/technologiestiftung/otc-mongo-listener,11174471,otc-mongo-listener,Open Traffic Count - mongo change stream listner for the ,TypeScript,2020-04-23 15:47:55,N,0,2021-02-09 07:56:07,N
162355748,https://api.github.com/repos/SudoDotDog/BWNL-Clip,46292605,BWNL-Clip,:clipboard: Clip,TypeScript,2020-04-23 15:58:33,N,0,2021-02-26 16:01:50,N
162357761,https://api.github.com/repos/moneyforward/rubocop-action,4298983,rubocop-action,Analyze code statically by using Rubocop in Github actions,TypeScript,2020-04-23 16:05:13,N,0,2020-06-24 01:36:07,N
162361432,https://api.github.com/repos/ivandotv/mobx-data-new,11094929,mobx-data-new,N,TypeScript,2020-04-17 19:11:45,N,0,2020-07-14 02:30:43,N
162368936,https://api.github.com/repos/sirocogabriel/RocketSeat,49260012,RocketSeat,Course Rocketseat of Typescript on NodeJS and ReactJS,TypeScript,2020-04-23 16:51:06,N,0,2021-01-07 06:38:53,N
162394865,https://api.github.com/repos/theodoreschen/ng-teddystrations-players,56972081,ng-teddystrations-players,Implementation of player view of game,TypeScript,2020-04-22 04:39:30,N,0,2020-09-13 04:15:22,N
162394875,https://api.github.com/repos/theodoreschen/ng-teddystrations-game,56972081,ng-teddystrations-game,Implementation of telestrations game view,TypeScript,2020-04-22 04:40:11,N,0,2020-09-13 04:24:49,N
162397012,https://api.github.com/repos/elanfraga/gostack11-gobarber-web,51833414,gostack11-gobarber-web,N,TypeScript,2020-04-24 03:09:02,N,0,2021-01-07 05:40:20,N
162404177,https://api.github.com/repos/igorMarynich/TW,49139970,TW,N,TypeScript,2020-04-23 19:36:44,N,0,2020-06-15 18:19:39,N
162404302,https://api.github.com/repos/jamadeu/GoBarber_WEB,48634300,GoBarber_WEB,N,TypeScript,2020-04-23 19:38:21,N,0,2021-01-07 05:44:56,N
162409932,https://api.github.com/repos/tavareshenrique/go-barber-web-ts,39646159,go-barber-web-ts,N,TypeScript,2020-04-23 20:04:55,N,0,2020-12-16 06:30:10,N
162414157,https://api.github.com/repos/SudoDotDog/BWNL-Listener,46292605,BWNL-Listener,:rabbit: Listener controller,TypeScript,2020-04-23 20:51:52,N,0,2021-02-27 20:09:47,N
162418724,https://api.github.com/repos/bpander/list,248612,list,N,TypeScript,2020-04-23 23:01:59,N,0,2021-01-01 21:30:41,N
162419366,https://api.github.com/repos/eliseuvideira/social-media-app-api,50383735,social-media-app-api,N,TypeScript,2020-04-23 23:36:04,N,0,2020-09-04 10:50:07,N
162419961,https://api.github.com/repos/DouglasFuelber/gostack-gofinances-backend,9850463,gostack-gofinances-backend,GoFinances - Backend application develop with Node.js and TypeScript in the GoStack Bootcamp,TypeScript,2020-04-23 03:01:59,N,0,2020-12-10 17:47:24,N
162423489,https://api.github.com/repos/ccpu/storybook-addon-typescript-boilerplate,57662938,storybook-addon-typescript-boilerplate,N,TypeScript,2020-04-23 05:10:52,N,0,2021-02-21 17:22:46,N
162425633,https://api.github.com/repos/AlexandreZelante/GoBarber,44639006,GoBarber,"A complete Barbershop System - Node (TypeScript), ReactJS, React Native",TypeScript,2020-04-23 06:21:35,N,0,2021-01-07 11:41:46,N
162434264,https://api.github.com/repos/TheRealToxicDev/gatsby-casper,51950583,gatsby-casper,N,TypeScript,2020-04-23 09:45:40,N,0,2021-03-01 22:14:39,N
162436232,https://api.github.com/repos/xarples/bee,49194401,bee,N,TypeScript,2020-04-24 04:55:28,N,0,2020-12-19 11:44:16,N
162436643,https://api.github.com/repos/sprout2000/gen-icns,35405138,gen-icns,GenICNS (GUI Wrapper for png2icons),TypeScript,2020-04-27 00:01:04,N,0,2020-06-13 12:00:33,N
162436881,https://api.github.com/repos/nomadGeonilJang/cratypescript,51798480,cratypescript,cratypescript,TypeScript,2020-04-24 05:18:07,N,0,2021-01-07 07:46:29,N
162447476,https://api.github.com/repos/Bruermar/PathOrig,53741509,PathOrig,N,TypeScript,2020-04-24 09:07:51,N,0,2020-05-21 13:22:40,N
162451400,https://api.github.com/repos/guicostaarantes/gobarber-mobile,47291447,gobarber-mobile,N,TypeScript,2020-04-24 10:37:38,N,0,2021-01-07 06:12:32,N
162457660,https://api.github.com/repos/ElmaAnn/Udemy-Assignments,54407324,Udemy-Assignments,Assignments based on Udemy course,TypeScript,2020-04-24 13:28:37,N,0,2020-09-11 21:54:18,N
162462466,https://api.github.com/repos/jamesferrerg/angular-consultorio,48837922,angular-consultorio,N,TypeScript,2020-04-25 00:21:35,N,0,2021-02-10 00:47:34,N
162463997,https://api.github.com/repos/brycent/graduhit,44043973,graduhit,Graduhit application official repository,TypeScript,2020-04-24 15:49:35,N,0,2020-09-20 15:29:17,N
162464346,https://api.github.com/repos/gaetanBloch/angular-animations,1157216,angular-animations,Angular 9 animations fundamentals,TypeScript,2020-04-24 15:57:28,N,0,2020-06-13 14:24:55,N
162468028,https://api.github.com/repos/SudoDotDog/Sudoo-Verify,46292605,Sudoo-Verify,:beetle: Runtime schema verify,TypeScript,2020-04-24 17:34:09,N,0,2021-03-04 01:56:25,N
162470471,https://api.github.com/repos/andrecampll/GoBarber-Mobile,53807150,GoBarber-Mobile,Versão mobile de um app de agendamentos de serviço para uma barbearia.,TypeScript,2020-04-24 18:22:44,N,0,2020-09-03 12:41:40,N
162472836,https://api.github.com/repos/pelikhan/arcade-image-text,5116436,arcade-image-text,Blocks to render text on images,TypeScript,2020-04-24 18:48:58,N,0,2020-06-13 02:22:24,N
162475080,https://api.github.com/repos/balintkiraly/gatsby-prismic-starter,55887580,gatsby-prismic-starter,A Gatsby starter with Chakra UI and Prismic integration,TypeScript,2020-04-24 19:41:38,N,0,2020-06-23 23:47:14,N
162475666,https://api.github.com/repos/saku97/Todo-App-FrontEnd,42013085,Todo-App-FrontEnd,This is a simple todo application done by Angular 8,TypeScript,2020-04-24 19:59:50,N,0,2021-01-12 12:41:47,N
162477658,https://api.github.com/repos/dra2020/fn-importmap,52737889,fn-importmap,"Import a map from a JSON, DRF or CSV file into DRA",TypeScript,2020-04-24 20:55:04,N,0,2021-01-22 19:13:17,N
162480774,https://api.github.com/repos/Mycyk/master,57198764,master,N,TypeScript,2020-04-24 22:26:01,N,0,2021-01-28 22:01:28,N
162484750,https://api.github.com/repos/DouglasFuelber/gostack-gobarber-web,9850463,gostack-gobarber-web,GoBarber - Frontend application develop with React.js and TypeScript in the GoStack Bootcamp,TypeScript,2020-04-25 00:30:16,N,0,2021-01-07 05:54:09,N
162487017,https://api.github.com/repos/Dev-Cold-36102/Angular,52474977,Angular,N,TypeScript,2020-04-25 01:53:18,N,0,2020-09-12 15:27:19,N
162488116,https://api.github.com/repos/ashnamuh/ash-ui,16135910,ash-ui,N,TypeScript,2020-04-24 00:51:09,N,0,2020-12-18 23:49:53,N
162488444,https://api.github.com/repos/johnnyoshika/amplify-react-conference,368342,amplify-react-conference,N,TypeScript,2020-04-24 01:19:32,N,0,2020-06-12 21:03:16,N
162490367,https://api.github.com/repos/nathaliacristina20/gostack-gobarber-web,52887723,gostack-gobarber-web,:scissors: Versão web do gerenciador de agenda para barbearias. - Desenvolvido durante o Bootcamp GoStack #11 da @Rocketseat.,TypeScript,2020-04-25 02:12:12,N,0,2021-02-11 05:54:15,N
162490531,https://api.github.com/repos/snerks/formik2-sample,3827967,formik2-sample,React Formik Yup sample with TypeScript and Material UI,TypeScript,2020-04-24 10:58:05,N,0,2020-06-13 01:06:36,N
162497023,https://api.github.com/repos/elvinciqueira/gobarber-mobile,51788017,gobarber-mobile,A barber scheduling app that shows to the barber his agenda for the day.,TypeScript,2020-04-25 02:37:45,N,0,2021-01-07 06:11:59,N
162499448,https://api.github.com/repos/Gasorey/Go_barber-front,55769999,Go_barber-front,App desenvolvido durante o Go Stack para praticar os conceitos da Stack JS,TypeScript,2020-04-24 16:06:06,N,0,2020-12-19 11:47:13,N
162499583,https://api.github.com/repos/leandroferes/typescript,31570785,typescript,N,TypeScript,2020-04-24 16:10:11,N,0,2021-01-07 12:20:46,N
162505537,https://api.github.com/repos/laraludwig18/gobarber-web,32736665,gobarber-web,Frontend web do app para agendamento de serviços de barbearia,TypeScript,2020-04-24 02:10:43,N,0,2021-01-04 21:34:04,N
162505724,https://api.github.com/repos/leandrovi/github-explorer,42703327,github-explorer,Simple React Application to explore some GitHub repositories consuming its RESTful API :rocket:,TypeScript,2020-04-24 02:20:43,N,0,2021-01-07 05:50:56,N
162507606,https://api.github.com/repos/cislrpi/express,54581195,express,An opinionated express setup for cogs,TypeScript,2020-04-24 21:04:49,N,0,2020-07-21 06:13:09,N
162508861,https://api.github.com/repos/Visual-Regression-Tracker/backend,58100405,backend,N,TypeScript,2020-04-15 16:28:04,N,0,2021-02-27 04:46:39,N
162510967,https://api.github.com/repos/gurleensethi/react-courses-webiste,23687103,react-courses-webiste,Project inspired from Pluralsight's React with Flux course (React + Flux + IndexedDB),TypeScript,2020-04-24 04:45:01,N,0,2020-09-12 14:06:40,N
162513513,https://api.github.com/repos/cogelab/environment,58085177,environment,Handles lookups of templates in a specific environment,TypeScript,2020-04-24 07:46:39,N,0,2020-12-20 19:30:06,N
162516765,https://api.github.com/repos/ccforeverd/electron-tmp4,4617330,electron-tmp4,N,TypeScript,2020-04-24 09:22:40,N,0,2021-01-28 22:01:25,N
162519748,https://api.github.com/repos/NickHodges/nestjstodoserver,988380,nestjstodoserver,N,TypeScript,2020-04-25 05:11:51,N,0,2020-12-01 17:32:06,N
162520351,https://api.github.com/repos/cnfreitax/gobarber-frontend,53975853,gobarber-frontend,N,TypeScript,2020-04-25 05:32:37,N,0,2021-01-07 06:07:35,N
162520686,https://api.github.com/repos/felapr1804/Ts-Bot,56795008,Ts-Bot,N,TypeScript,2020-04-25 05:44:31,N,0,2020-05-21 19:56:17,N
162532596,https://api.github.com/repos/DanielTavares6/kpiManager-FE,56857486,kpiManager-FE,N,TypeScript,2020-04-25 10:36:20,N,0,2020-06-15 14:35:17,N
162533620,https://api.github.com/repos/eduflornet/Angular,11661921,Angular,"Applying design, concepts and patterns with Angular",TypeScript,2020-04-25 11:04:45,N,0,2021-01-11 07:16:09,N
162534026,https://api.github.com/repos/balabalaboom666/ch05,57276015,ch05,N,TypeScript,2020-04-25 11:13:05,N,0,2020-09-11 22:10:38,N
162536022,https://api.github.com/repos/DNI69/mcbot,54690470,mcbot,N,TypeScript,2020-04-25 11:52:15,N,0,2020-06-13 14:58:38,N
162538669,https://api.github.com/repos/LilianLourenco/LilianLourenco-mobdev-ca2-2019323_testSearch,55426271,LilianLourenco-mobdev-ca2-2019323_testSearch,N,TypeScript,2020-04-25 12:53:51,N,0,2020-09-11 22:06:47,N
162538701,https://api.github.com/repos/yhay81/code-sortings,40811102,code-sortings,N,TypeScript,2020-04-25 12:54:33,N,0,2021-03-03 03:17:50,N
162539349,https://api.github.com/repos/ErikSharp/flocking,7609165,flocking,An implementation of the Boids algorithm that uses a quad tree,TypeScript,2020-04-25 13:12:53,N,0,2021-02-03 04:29:21,N
162540502,https://api.github.com/repos/Tyratox/vendure-bulk-discounts,1803667,vendure-bulk-discounts,Adds bulk discounts to vendure,TypeScript,2020-04-25 13:37:45,N,0,2021-01-07 20:57:47,N
162541474,https://api.github.com/repos/IsaacAderogba/motion,41989755,motion,N,TypeScript,2020-04-25 13:59:18,N,0,2021-01-02 06:00:17,N
162542429,https://api.github.com/repos/AlexSwtlsk/nuxt-typescript-custom,31030852,nuxt-typescript-custom,Nuxt Typescript project with custom lint & modules config,TypeScript,2020-04-25 14:24:56,N,0,2021-02-25 21:40:36,N
162543347,https://api.github.com/repos/jamadeu/AppGoBarber,48634300,AppGoBarber,N,TypeScript,2020-04-25 14:48:48,N,0,2021-01-07 14:19:30,N
162543873,https://api.github.com/repos/burksan/374-tester,41370330,374-tester,N,TypeScript,2020-04-27 19:35:16,N,0,2020-09-12 15:00:04,N
162544390,https://api.github.com/repos/LilianLourenco/LilianLourenco-mobdev-ca2-2019323.vs,55426271,LilianLourenco-mobdev-ca2-2019323.vs,N,TypeScript,2020-04-25 15:15:00,N,0,2020-09-12 14:49:25,N
162545638,https://api.github.com/repos/webistomin/velocity-dashboard,37275637,velocity-dashboard,N,TypeScript,2020-04-25 15:47:22,N,0,2021-03-02 23:29:06,N
162547101,https://api.github.com/repos/Blurlingite/microservice-blog,43963543,microservice-blog,N,TypeScript,2020-04-26 13:02:35,N,0,2021-01-07 05:58:49,N
162548369,https://api.github.com/repos/damingerdai/express-postgres-ts-starter,31735633,express-postgres-ts-starter,express postgres typescript starter,TypeScript,2020-04-25 16:34:33,N,0,2021-02-20 14:55:19,N
162548416,https://api.github.com/repos/moneyforward/misspell-action,4298983,misspell-action,Analyze code statically using misspell in Github actions,TypeScript,2020-04-25 16:35:13,N,0,2021-02-11 08:26:13,N
162551722,https://api.github.com/repos/gmartinezsan/angular-gettingstarted,10697635,angular-gettingstarted,Angular getting started app from DeborahK course,TypeScript,2020-04-25 18:04:03,N,0,2020-05-21 22:57:39,N
162551799,https://api.github.com/repos/ideas-peripheral/amalgam,58305439,amalgam,networked conversations,TypeScript,2020-04-25 18:06:46,N,0,2021-01-28 22:03:00,N
162555953,https://api.github.com/repos/snerks/mui-recommended-gigs-01,3827967,mui-recommended-gigs-01,Material UI TypeScript List Editor,TypeScript,2020-04-25 20:08:24,N,0,2020-09-12 14:51:11,N
162562116,https://api.github.com/repos/Anwesh43/boomerang-half-circle-ts,4591955,boomerang-half-circle-ts,N,TypeScript,2020-04-25 22:43:07,N,0,2020-05-21 23:58:35,N
162562515,https://api.github.com/repos/shawnantonucci/Monster-Creator,37961138,Monster-Creator,N,TypeScript,2020-04-25 22:55:41,N,0,2020-12-18 23:48:00,N
162563570,https://api.github.com/repos/spidgorny/touryst2,737191,touryst2,N,TypeScript,2020-04-25 23:37:18,N,0,2021-03-02 09:44:43,N
162566044,https://api.github.com/repos/stroveio/postgres-example,51982924,postgres-example,N,TypeScript,2020-04-26 01:17:57,N,0,2020-12-19 11:54:33,N
162566905,https://api.github.com/repos/darzu/arcade-grid,3832251,arcade-grid,N,TypeScript,2020-04-26 01:28:04,N,0,2020-06-13 16:59:07,N
162567928,https://api.github.com/repos/rubensojunior/gobarber-web,53669817,gobarber-web,Frontend da aplicação Gobarber,TypeScript,2020-04-25 00:20:49,N,0,2021-01-07 05:53:51,N
162568174,https://api.github.com/repos/luizAzevedo/gostack-nivel03,34703748,gostack-nivel03,Rocketseat GoStack Nivel 03,TypeScript,2020-04-25 00:39:56,N,0,2021-01-03 23:53:03,N
162570108,https://api.github.com/repos/vatsal-kandoi/PaintingPortfolio,40514102,PaintingPortfolio,N,TypeScript,2020-04-25 11:12:15,N,0,2020-09-12 14:48:09,N
162570381,https://api.github.com/repos/Bruermar/pathclever2504,53741509,pathclever2504,N,TypeScript,2020-04-25 11:25:07,N,0,2020-06-13 14:54:14,N
162571668,https://api.github.com/repos/aymenDhaouadi/Angular-GettingStarted,37807264,Angular-GettingStarted,N,TypeScript,2020-04-25 12:47:42,N,0,2020-05-22 00:58:13,N
162574054,https://api.github.com/repos/pavelkukov/acb-website,592712,acb-website,"The website of ""Adults Coloring Books"" app. Domain: coloring-pages.tv",TypeScript,2020-04-25 14:43:30,N,0,2021-01-22 11:09:19,N
162577022,https://api.github.com/repos/iyubinest/monorepo-template,2158307,monorepo-template,N,TypeScript,2020-04-29 18:41:01,N,0,2020-07-03 22:34:24,N
162577673,https://api.github.com/repos/ccpu/storybook-addon-snapshot-test,57662938,storybook-addon-snapshot-test,N,TypeScript,2020-04-25 16:55:47,N,0,2020-06-16 23:20:12,N
162579159,https://api.github.com/repos/gmahechas/tutorial-react,36069462,tutorial-react,N,TypeScript,2020-04-26 02:42:34,N,0,2021-01-13 09:28:17,N
162579464,https://api.github.com/repos/RaviganeshR/Angular-Routing,39307101,Angular-Routing,N,TypeScript,2020-04-25 18:33:38,N,0,2020-05-22 01:48:50,N
162582103,https://api.github.com/repos/electricessence/EventPublisher,2985975,EventPublisher,A strongly typed protected event creator/publisher/signaler for use with TypeScript and JavaScript.,TypeScript,2020-04-25 21:53:14,N,0,2020-06-13 16:38:38,N
162582218,https://api.github.com/repos/matpandino/gostack-aulas,35941830,gostack-aulas,N,TypeScript,2020-04-25 22:07:22,N,0,2021-01-07 05:52:41,N
162583812,https://api.github.com/repos/tavareshenrique/go-barber-mobile-ts,39646159,go-barber-mobile-ts,N,TypeScript,2020-04-25 04:10:55,N,0,2021-01-07 05:56:08,N
162585023,https://api.github.com/repos/johnnyoshika/minimal-node-typescript,368342,minimal-node-typescript,N,TypeScript,2020-04-25 06:37:35,N,0,2021-02-02 14:06:47,N
162585903,https://api.github.com/repos/iansinnott/gatsby-notion,1739712,gatsby-notion,N,TypeScript,2020-04-26 03:16:33,N,0,2021-01-22 11:08:53,N
162587990,https://api.github.com/repos/saostad/ldap-directory-manager,32398125,ldap-directory-manager,N,TypeScript,2020-04-26 03:40:32,N,0,2021-03-03 03:24:48,N
162588308,https://api.github.com/repos/nksaraf/pkger,42591051,pkger,N,TypeScript,2020-04-26 03:51:07,N,0,2020-12-23 13:41:59,N
162588443,https://api.github.com/repos/rubensojunior/gobarber-mobile,53669817,gobarber-mobile,Mobile da aplicação GoBarber,TypeScript,2020-04-26 03:56:46,N,0,2021-01-07 06:00:33,N
162588580,https://api.github.com/repos/saostad/ldap-graphql,32398125,ldap-graphql,N,TypeScript,2020-04-26 04:01:20,N,0,2020-12-14 14:15:38,N
162591248,https://api.github.com/repos/kwonth211/newstart,49316355,newstart,N,TypeScript,2020-04-26 05:37:02,N,0,2020-12-19 18:46:13,N
162592198,https://api.github.com/repos/deskoh/feathers-oidc-sample,45714227,feathers-oidc-sample,FeathersJS OIDC Sample http://feathersjs.com/,TypeScript,2020-04-26 05:47:52,N,0,2021-01-22 11:11:48,N
162593901,https://api.github.com/repos/chengpeixin/nest-zhiHuApi,35878756,nest-zhiHuApi,知乎API重构后的nest版本,TypeScript,2020-04-26 07:08:53,N,0,2020-12-11 09:28:02,N
162597814,https://api.github.com/repos/electricessence/TweenFactory,2985975,TweenFactory,Simplifies tweening (changing values over time) and synchronizing property values.,TypeScript,2020-04-26 07:49:35,N,0,2020-05-22 03:40:24,N
162601568,https://api.github.com/repos/onichandame/apollo-client-ssr,37295257,apollo-client-ssr,"HOC and hooks for apollo actions, especially subscription",TypeScript,2020-04-26 09:20:27,N,0,2020-12-04 19:51:46,N
162603777,https://api.github.com/repos/Rahu9977/Angular-8,43823527,Angular-8,N,TypeScript,2020-04-26 10:15:59,N,0,2020-09-11 22:11:55,N
162610890,https://api.github.com/repos/NullSense/NullSense,51826023,NullSense,My profile page,TypeScript,2020-04-26 11:10:31,N,0,2021-02-27 10:15:17,N
162611374,https://api.github.com/repos/termoxin/blog,36483105,blog,My blog about tech,TypeScript,2020-04-26 11:13:36,N,0,2020-12-19 11:56:21,N
162614286,https://api.github.com/repos/ho-nl/next-bundlesize-action,148093,next-bundlesize-action,Report the bundlesize on a PR,TypeScript,2020-04-26 11:28:59,N,0,2020-12-19 12:10:42,N
162618612,https://api.github.com/repos/RVA-2020/FrontendRVA1,55827968,FrontendRVA1,N,TypeScript,2020-04-26 11:54:33,N,0,2020-07-10 05:05:53,N
162621490,https://api.github.com/repos/RVA-2020/FrontendRVA2,55827968,FrontendRVA2,N,TypeScript,2020-04-26 16:16:59,N,0,2020-06-13 20:09:01,N
162621898,https://api.github.com/repos/BrunoAlencar/bootcamp-rocketseat-2020,7394155,bootcamp-rocketseat-2020,N,TypeScript,2020-04-26 12:11:14,N,0,2021-01-07 06:16:08,N
162629327,https://api.github.com/repos/ryoshii/primeiro-projeto-react,56588906,primeiro-projeto-react,N,TypeScript,2020-04-26 12:47:17,N,0,2021-01-07 06:04:13,N
162639213,https://api.github.com/repos/ccpu/storybook-addons-playwright,57662938,storybook-addons-playwright,N,TypeScript,2020-04-26 13:35:19,N,0,2020-06-18 18:22:17,N
162641912,https://api.github.com/repos/KoenBrouwer/react-grapple,4124553,react-grapple,A collection of useful React hooks that I made.,TypeScript,2020-04-12 11:03:31,N,0,2021-01-09 13:35:59,N
162648993,https://api.github.com/repos/Devashish289/lab-books,55417719,lab-books,assignment m2,TypeScript,2020-04-26 14:24:05,N,0,2020-09-11 22:16:46,N
162658631,https://api.github.com/repos/johnwr-response/atcg-my-first-app,56665530,atcg-my-first-app,N,TypeScript,2020-04-26 15:06:39,N,0,2020-06-13 20:45:27,N
162666157,https://api.github.com/repos/RVA-2020/FrontendRVA3,55827968,FrontendRVA3,RVA 3. grupa,TypeScript,2020-04-26 16:38:10,N,0,2020-06-13 22:09:34,N
162667109,https://api.github.com/repos/RVA-2020/FrontendRVA4,55827968,FrontendRVA4,RVA 4. grupa,TypeScript,2020-04-26 17:02:50,N,0,2020-06-13 22:09:48,N
162668344,https://api.github.com/repos/mikemorcerf/react-native-mobile-with-typescript-GoBarber,11369509,react-native-mobile-with-typescript-GoBarber,Mobile app of GoBarber for iOS and Android. Using React Native with Typescript. GoBarber: An app that lets users and barbers create appointments through their browser or mobile app.,TypeScript,2020-04-26 17:21:25,N,0,2021-01-24 04:34:25,N
162669044,https://api.github.com/repos/sajadtorkamani/oauth-frontend,6467080,oauth-frontend,Front-end demonstrating usage of Single Sign On.,TypeScript,2020-04-26 17:33:55,N,0,2020-06-13 20:38:47,N
162670915,https://api.github.com/repos/Gerjunior/gostack-desafios,50956813,gostack-desafios,N,TypeScript,2020-04-26 18:16:48,N,0,2021-01-07 05:56:59,N
162672788,https://api.github.com/repos/jfandy1982/emby-backup-ui-angular-material,8199348,emby-backup-ui-angular-material,Website with Angular & Material Design frameworks for my personal EmbyBackup Tool ,TypeScript,2020-04-26 18:42:15,N,0,2020-07-11 20:16:05,N
162675502,https://api.github.com/repos/rafaelone/GoBarber-mobile,30685542,GoBarber-mobile,N,TypeScript,2020-04-26 19:28:21,N,0,2021-01-07 06:18:48,N
162676260,https://api.github.com/repos/GiovaniHMilani/GoBarber-GoStack,50642905,GoBarber-GoStack,N,TypeScript,2020-04-26 19:45:38,N,0,2021-01-07 05:57:19,N
162677780,https://api.github.com/repos/nathaliacristina20/gostack-gobarber-mobile,52887723,gostack-gobarber-mobile,:scissors: Versão mobile do gerenciador de agenda para barbearias. - Desenvolvido durante o Bootcamp GoStack #11 da @Rocketseat.,TypeScript,2020-04-26 20:15:41,N,0,2021-01-07 06:33:33,N
162679716,https://api.github.com/repos/lynxtaa/covid-russia,31266853,covid-russia,Дневная статистика случаев по регионам и стране в целом,TypeScript,2020-04-26 20:51:40,N,0,2021-03-01 10:31:05,N
162681007,https://api.github.com/repos/Inmost-RomanRaroh/th3numbersAdmin,58332094,th3numbersAdmin,N,TypeScript,2020-04-26 21:23:50,N,0,2020-07-24 16:15:21,N
162687724,https://api.github.com/repos/Jurbin6090/conferenceApp,1300668,conferenceApp,N,TypeScript,2020-04-27 00:07:38,N,0,2020-09-12 14:55:39,N
162691925,https://api.github.com/repos/RohitKumarSinha/Mean-Stack,52110166,Mean-Stack,N,TypeScript,2020-04-27 10:41:29,N,0,2020-06-10 00:28:00,N
162692505,https://api.github.com/repos/savvy-cloud/savvy-cdk-js,58334934,savvy-cdk-js,Javascript library for introspecting the aws-cdk repositories,TypeScript,2020-04-27 01:59:25,N,0,2020-06-13 21:43:33,N
162693809,https://api.github.com/repos/CroquetMickael/WDA,43959106,WDA,N,TypeScript,2020-04-26 10:22:17,N,0,2021-02-26 11:15:40,N
162699614,https://api.github.com/repos/robinaust/Development,52467963,Development,N,TypeScript,2020-04-26 14:16:26,N,0,2020-08-02 03:41:33,N
162699775,https://api.github.com/repos/cislrpi/cog-loader,54581195,cog-loader,Utility library for loading cog.json files,TypeScript,2020-04-26 14:23:43,N,0,2020-07-20 20:13:42,N
162700150,https://api.github.com/repos/yashmahalwal/nirikshak,41522734,nirikshak,Test your REST APIs,TypeScript,2020-04-26 14:53:30,N,0,2021-03-02 15:57:34,N
162704986,https://api.github.com/repos/sajadtorkamani/oauth-backend,6467080,oauth-backend,Back-end for the Single Sign On demo app.,TypeScript,2020-04-26 17:19:38,N,0,2020-09-04 10:50:23,N
162705038,https://api.github.com/repos/LilianLourenco/-LilianLourenco-mobdev-ca2-20193_final23_,55426271,-LilianLourenco-mobdev-ca2-20193_final23_,N,TypeScript,2020-04-26 17:22:13,N,0,2020-09-12 14:53:32,N
162705214,https://api.github.com/repos/LilianLourenco/-LilianLourenco-mobdev-ca2-2019323_final,55426271,-LilianLourenco-mobdev-ca2-2019323_final,N,TypeScript,2020-04-26 17:27:44,N,0,2020-09-12 14:54:48,N
162705677,https://api.github.com/repos/RVA-2020/FrontendRVA5,55827968,FrontendRVA5,RVA 5. grupa,TypeScript,2020-04-26 17:46:10,N,0,2020-06-23 21:52:02,N
162706394,https://api.github.com/repos/RVA-2020/FrontendRVA6,55827968,FrontendRVA6,RVA 6. grupa,TypeScript,2020-04-26 18:14:52,N,0,2020-06-13 20:29:31,N
162707571,https://api.github.com/repos/avrcoelho/frontend-gobarber-gostack-2020,50851780,frontend-gobarber-gostack-2020,N,TypeScript,2020-04-26 19:24:31,N,0,2020-12-19 11:59:27,N
162708532,https://api.github.com/repos/rained23/socketcarsome,694545,socketcarsome,N,TypeScript,2020-04-26 02:13:36,N,0,2020-12-10 00:22:44,N
162708659,https://api.github.com/repos/armorjs/collections,49662535,collections,N,TypeScript,2020-04-26 02:20:25,N,0,2020-09-25 16:33:47,N
162713009,https://api.github.com/repos/elanfraga/gostack11-gobarber-mobile,51833414,gostack11-gobarber-mobile,N,TypeScript,2020-04-26 03:17:04,N,0,2021-01-07 05:58:30,N
162722087,https://api.github.com/repos/d-valles/tiny-house-back,41332851,tiny-house-back,N,TypeScript,2020-04-27 05:11:11,N,0,2020-12-18 23:49:36,N
162722382,https://api.github.com/repos/luriel-xyz/clever-brain,40973715,clever-brain,N,TypeScript,2020-04-29 09:05:24,N,0,2020-05-22 13:08:16,N
162723952,https://api.github.com/repos/hevertonc/GoBarber,36959677,GoBarber,N,TypeScript,2020-04-27 05:52:47,N,0,2021-01-07 06:03:39,N
162727095,https://api.github.com/repos/Lagily/player-database,46920847,player-database,N,TypeScript,2020-04-27 07:00:22,N,0,2021-01-05 23:20:19,N
162730853,https://api.github.com/repos/ICodeMyOwnLife/cb-react-micro-frontend-core,12326262,cb-react-micro-frontend-core,N,TypeScript,2020-04-27 08:40:52,N,0,2020-06-13 23:48:13,N
162732146,https://api.github.com/repos/lItc0de/jukebox,40600887,jukebox,music player for spotify,TypeScript,2020-04-27 09:16:49,N,0,2020-10-22 22:42:53,N
162738290,https://api.github.com/repos/diegomais/gostack-fundamentos-react-native,47098907,gostack-fundamentos-react-native,Desafio: Fundamentos do React Native,TypeScript,2020-04-27 12:08:07,N,0,2020-07-21 07:03:01,N
162744722,https://api.github.com/repos/vitejs/vite,58199304,vite,An opinionated web dev build tool. It's fast.,TypeScript,2020-04-21 05:03:57,N,0,2021-02-28 04:33:20,N
162747803,https://api.github.com/repos/MKDale/xstate,2849163,xstate,xstate sandbox,TypeScript,2020-04-27 15:59:27,N,0,2020-09-12 15:00:06,N
162749600,https://api.github.com/repos/Miguelfalco/test,58346455,test,N,TypeScript,2020-04-27 16:44:57,N,0,2020-05-22 15:46:48,N
162751755,https://api.github.com/repos/uini223/timer-app,40217162,timer-app,Timer app,TypeScript,2020-04-27 17:48:13,N,0,2021-01-29 08:40:24,N
162751773,https://api.github.com/repos/julopesrocha/Capacitor,53748277,Capacitor,camera e geolocation por coordenadas,TypeScript,2020-04-27 17:48:53,N,0,2020-09-11 22:55:38,N
162753413,https://api.github.com/repos/ponchix/ngBlog,55178474,ngBlog,N,TypeScript,2020-04-27 19:08:30,N,0,2020-06-14 11:32:01,N
162760667,https://api.github.com/repos/danieuuul/GoBarber,56447606,GoBarber,Aplicação completa para conexão entre barbeiros e clientes: backend (node.js) + web (react) + mobile (reactnative). ,TypeScript,2020-04-27 21:27:59,N,0,2021-01-07 06:08:18,N
162761686,https://api.github.com/repos/ryoshii/primeiro-projeto-react-native,56588906,primeiro-projeto-react-native,N,TypeScript,2020-04-27 22:12:20,N,0,2021-01-07 06:14:28,N
162763060,https://api.github.com/repos/Bryantellius/MyPage,52935346,MyPage,N,TypeScript,2020-04-28 13:58:08,N,0,2021-03-06 15:26:05,N
162765714,https://api.github.com/repos/DouglasFuelber/gostack-gobarber-mobile,9850463,gostack-gobarber-mobile,GoBarber - Mobile application develop with React Native in the GoStack Bootcamp,TypeScript,2020-04-28 00:24:20,N,0,2021-01-07 06:34:02,N
162766116,https://api.github.com/repos/4Ny3L0/practicavarias,55402391,practicavarias,N,TypeScript,2020-04-28 00:39:21,N,0,2021-01-22 11:34:25,N
162770726,https://api.github.com/repos/ICodeMyOwnLife/cb-react-micro-frontend-server,12326262,cb-react-micro-frontend-server,N,TypeScript,2020-04-27 10:16:24,N,0,2020-06-14 00:07:04,N
162774776,https://api.github.com/repos/jbpextra/udagram,25564632,udagram,N,TypeScript,2020-04-27 12:30:12,N,0,2021-01-07 06:03:45,N
162778189,https://api.github.com/repos/Mardoniosc/primeiroprojetoReactjs,40618332,primeiroprojetoReactjs,N,TypeScript,2020-04-27 13:57:22,N,0,2021-01-07 06:08:32,N
162779812,https://api.github.com/repos/johnwr-response/atcg-reciepe-app,56665530,atcg-reciepe-app,N,TypeScript,2020-04-27 14:29:42,N,0,2020-06-14 00:42:42,N
162781369,https://api.github.com/repos/hb-bobo/huobi-server,12285442,huobi-server,Automated trading and analysis,TypeScript,2020-04-27 15:05:54,N,0,2021-02-08 06:11:00,N
162781684,https://api.github.com/repos/leandrovi/thevie,42703327,thevie,"Hi folks! One of my companies is TheVie, focused in 3D modeling and CGI and this is TheVie's intitutional website, built entirely in Next.js + TypeScript :rocket:",TypeScript,2020-04-27 15:14:26,N,0,2020-09-28 23:14:38,N
162782035,https://api.github.com/repos/wjmmk/PruebasUnitarias-Angular,47601468,PruebasUnitarias-Angular,N,TypeScript,2020-04-27 15:23:09,N,0,2021-02-23 15:14:57,N
162783873,https://api.github.com/repos/petruki/skimming-api,37934145,skimming-api,Skimming API is a RESTful API that uses Skimming and Oak Middleware modules to deliver a simple and efficient search engine.,TypeScript,2020-04-28 02:51:15,N,0,2020-09-09 13:58:20,N
162786856,https://api.github.com/repos/ErikSharp/quad-tree,7609165,quad-tree,N,TypeScript,2020-04-27 17:38:55,N,0,2021-02-03 06:56:39,N
162786929,https://api.github.com/repos/rubensojunior/bin-2-dec,53669817,bin-2-dec,"Binary is the number system all digital computers are based on. Therefore it's important for developers to understand binary, or base 2, mathematics. The purpose of Bin2Dec is to provide practice and understanding of how binary calculations.",TypeScript,2020-04-27 17:41:37,N,0,2020-12-18 23:50:16,N
162787999,https://api.github.com/repos/rgflsc/rocketseat_gostack_nivel03_mobile,31012670,rocketseat_gostack_nivel03_mobile,Rocketseat Bootcamp - GoBarber,TypeScript,2020-04-28 03:06:10,N,0,2020-07-20 20:22:15,N
162789649,https://api.github.com/repos/terminuslabsok/curso-ionic,58354365,curso-ionic,N,TypeScript,2020-04-27 19:24:12,N,0,2020-09-11 23:13:54,N
162791302,https://api.github.com/repos/devboldly/react-bootswatch-select-demo,56005121,react-bootswatch-select-demo,Demo for react-bootswatch-select.,TypeScript,2020-04-27 02:41:32,N,0,2020-06-13 22:18:24,N
162793208,https://api.github.com/repos/Harish2011/AngularCourse,56833276,AngularCourse,N,TypeScript,2020-04-27 21:05:04,N,0,2020-09-11 22:32:49,N
162793365,https://api.github.com/repos/shdow/aenyx-weather-app,42479476,aenyx-weather-app,N,TypeScript,2020-04-27 23:29:47,N,0,2020-09-12 15:01:37,N
162795907,https://api.github.com/repos/saronph/bootcamp-2,52463058,bootcamp-2,Novo bootcamp da Rocketseat,TypeScript,2020-04-27 23:10:09,N,0,2021-01-07 06:41:29,N
162797309,https://api.github.com/repos/dwuggh/puzzling,31191882,puzzling,a simple rubik's cube emulator.,TypeScript,2020-04-27 03:54:17,N,0,2021-03-02 09:52:26,N
162803446,https://api.github.com/repos/yeddu/Angular-Routes,8751491,Angular-Routes,N,TypeScript,2020-04-27 09:25:07,N,0,2020-05-22 20:11:40,N
162805036,https://api.github.com/repos/DaphneZhu/Restaurant-Menu,55712105,Restaurant-Menu,N,TypeScript,2020-04-28 04:24:00,N,0,2020-09-11 22:41:12,N
162806121,https://api.github.com/repos/tavareshenrique/medicine-time-web,39646159,medicine-time-web,N,TypeScript,2020-04-28 04:43:00,N,0,2020-06-14 19:48:55,N
162807414,https://api.github.com/repos/petruki/skimming-lambda-api,37934145,skimming-lambda-api,Skimming API is a Lambda API that uses Skimming module for Deno,TypeScript,2020-04-28 05:20:57,N,0,2020-09-09 13:59:27,N
162807645,https://api.github.com/repos/gurleensethi/ps-redux,23687103,ps-redux,Project from pluralsight on redux. Extended using Typescript + MaterialUI + Hooks,TypeScript,2020-04-28 05:29:06,N,0,2020-09-11 22:42:17,N
162810859,https://api.github.com/repos/angpao1/angularfirebase-authentication,31204623,angularfirebase-authentication,N,TypeScript,2020-04-28 07:05:56,N,0,2020-06-14 13:55:24,N
162813493,https://api.github.com/repos/Falinor/vue-markdown-routing,8306702,vue-markdown-routing,Generate Vue Router routes automatically using a markdown arborescence.,TypeScript,2020-04-28 08:26:38,N,0,2020-08-02 10:54:13,N
162824232,https://api.github.com/repos/Fibre-SCM/Website,55973228,Website,N,TypeScript,2020-04-28 13:22:39,N,0,2020-09-12 15:04:21,N
162826688,https://api.github.com/repos/cogelab/generator,58085177,generator,Coge generator auxiliary library,TypeScript,2020-04-28 14:33:19,N,0,2020-12-20 09:25:05,N
162833453,https://api.github.com/repos/scott0129/gosu,37195398,gosu,Yet another web osu client. ,TypeScript,2020-04-28 17:47:04,N,0,2021-01-07 06:19:53,N
162835710,https://api.github.com/repos/ianhi/jupyterlab-vimrc,8285365,jupyterlab-vimrc,add a basic vimrc to jupyterlab vim,TypeScript,2020-04-11 02:53:37,N,0,2021-02-23 18:00:04,N
162837108,https://api.github.com/repos/drewsilcock/blog-ng,10165159,blog-ng,N,TypeScript,2020-04-28 19:39:29,N,0,2021-03-01 22:20:22,N
162841361,https://api.github.com/repos/evolvedbinary/xdita-to-jdita,30724167,xdita-to-jdita,Tool for converting LwDITA XDITA format to JSON,TypeScript,2020-04-28 22:03:47,N,0,2020-10-21 01:13:25,N
162842153,https://api.github.com/repos/lipex360x/gostack-desafios,39515499,gostack-desafios,N,TypeScript,2020-04-28 22:29:54,N,0,2020-09-11 22:45:32,N
162843123,https://api.github.com/repos/leticiaenz/bootcamp-frontend-nivel3-part2,5039173,bootcamp-frontend-nivel3-part2,N,TypeScript,2020-04-28 23:07:38,N,0,2021-01-07 12:02:29,N
162843236,https://api.github.com/repos/DouglasAmarelo/rocketseat-bootcamp-11,2815455,rocketseat-bootcamp-11,N,TypeScript,2020-04-28 23:11:18,N,0,2021-01-03 17:52:12,N
162843930,https://api.github.com/repos/gbdsantos/bootcamp-gostack-frontend-03,31532238,bootcamp-gostack-frontend-03,:rocket: ReactJS + Typescript for the third week(F 04) of BootStamp GoStack 11.,TypeScript,2020-04-28 23:36:58,N,0,2021-01-07 06:19:23,N
162846324,https://api.github.com/repos/johnnyoshika/webhook-buddy-server,368342,webhook-buddy-server,N,TypeScript,2020-04-29 01:04:09,N,0,2021-01-02 01:19:01,N
162846635,https://api.github.com/repos/arturmbrasil/gobarber-mobile,32128539,gobarber-mobile,N,TypeScript,2020-04-29 01:15:23,N,0,2021-01-07 06:35:40,N
162847434,https://api.github.com/repos/haku-noir/react-rails-twitter,53144561,react-rails-twitter,React及びRails5を用いたtwitterライクなアプリケーション,TypeScript,2020-04-29 01:41:01,N,0,2021-01-07 06:50:11,N
162849026,https://api.github.com/repos/luminuszz/Go-barber,50555335,Go-barber,N,TypeScript,2020-04-28 01:17:29,N,0,2021-01-07 06:24:19,N
162850914,https://api.github.com/repos/eliseuvideira/react-material-ui-cookbook,50383735,react-material-ui-cookbook,N,TypeScript,2020-04-29 02:11:56,N,0,2020-12-19 12:16:08,N
162851404,https://api.github.com/repos/Alex-Torres/dkps,23174605,dkps,N,TypeScript,2020-04-28 11:12:18,N,0,2020-05-23 00:02:17,N
162852591,https://api.github.com/repos/thisoldbear/bristol-tree-map,76915,bristol-tree-map,N,TypeScript,2020-04-28 11:58:21,N,0,2020-12-19 12:11:22,N
162854165,https://api.github.com/repos/khofesh/fahimtu-blog,48684752,fahimtu-blog,N,TypeScript,2020-04-28 12:49:07,N,0,2021-01-09 19:42:09,N
162857587,https://api.github.com/repos/savvy-cloud/skipper,58334934,skipper,Web application for your savvy cloud,TypeScript,2020-04-28 13:53:27,N,0,2020-06-15 00:19:15,N
162861977,https://api.github.com/repos/hcollin/random-person-generator,27526259,random-person-generator,N,TypeScript,2020-04-28 15:54:20,N,0,2020-05-23 00:49:52,N
162862116,https://api.github.com/repos/rubensojunior/border-radius-previewer,53669817,border-radius-previewer,The border-radius property can have multiple values changed. Preview how the shape looks while changing these values.,TypeScript,2020-04-28 15:58:02,N,0,2020-12-19 12:13:58,N
162862917,https://api.github.com/repos/bluelovers/ws-jsdom-extra,135346,ws-jsdom-extra,N,TypeScript,2020-04-28 16:17:44,N,0,2020-07-21 19:51:17,N
162863253,https://api.github.com/repos/Zinzidane/ticketing,35338518,ticketing,N,TypeScript,2020-04-28 16:27:58,N,0,2021-01-07 06:39:52,N
162866249,https://api.github.com/repos/rodevandroid/uuid-v4,37429950,uuid-v4,N,TypeScript,2020-04-28 17:50:54,N,0,2020-12-19 12:14:06,N
162866257,https://api.github.com/repos/mkartha19/MKAng,57475001,MKAng,N,TypeScript,2020-04-28 17:50:54,N,0,2020-05-23 01:04:00,N
162866876,https://api.github.com/repos/ark-alex/taco_chain_core,58370967,taco_chain_core,ARK.io token created with Deployer.,TypeScript,2020-04-28 18:10:57,N,0,2020-09-19 09:57:16,N
162868253,https://api.github.com/repos/Yohesky/nomina,48586172,nomina,N,TypeScript,2020-04-28 18:46:01,N,0,2020-12-20 14:01:24,N
162872720,https://api.github.com/repos/pparasuram/angular-gettingstarted,30769860,angular-gettingstarted,angular-gettingstarted,TypeScript,2020-04-28 20:18:31,N,0,2020-05-23 01:39:07,N
162874664,https://api.github.com/repos/tsdotnet/regex,58010488,regex,A .NET style Regular Expression class with named matches.,TypeScript,2020-04-29 03:30:11,N,0,2020-10-30 03:21:31,N
162875402,https://api.github.com/repos/amj100/MTEC-GolfApp,54188005,MTEC-GolfApp,MTEC Project: Ag Golf App,TypeScript,2020-04-28 22:46:11,N,0,2020-09-12 15:05:33,N
162877226,https://api.github.com/repos/84KaliPleXon3/mgdb-migrator,52924146,mgdb-migrator,N,TypeScript,2020-04-28 03:39:08,N,0,2020-12-19 12:10:49,N
162877807,https://api.github.com/repos/nuxt/telemetry,1239786,telemetry,Nuxt Telemetry,TypeScript,2020-04-06 15:00:34,N,0,2021-03-01 12:52:58,N
162881287,https://api.github.com/repos/JohnFrancklin/back-eco,58351711,back-eco,N,TypeScript,2020-04-28 08:03:49,N,0,2021-03-04 20:52:28,N
162884772,https://api.github.com/repos/cnfreitax/-idook-frontend,53975853,-idook-frontend,N,TypeScript,2020-04-29 04:19:12,N,0,2020-08-02 10:56:53,N
162885046,https://api.github.com/repos/tototoshi/plantuml-editor,45972,plantuml-editor,N,TypeScript,2020-04-29 04:27:14,N,0,2021-03-05 11:27:48,N
162889355,https://api.github.com/repos/GDehadray/miniprojectjwttoken,54797600,miniprojectjwttoken,this project jwt token in database is mysql,TypeScript,2020-04-29 06:15:20,N,0,2020-09-11 22:47:12,N
162894614,https://api.github.com/repos/freewind-demos/typescript-apollo-graphql-server-search-input-demo,45323831,typescript-apollo-graphql-server-search-input-demo,N,TypeScript,2020-04-29 08:14:47,N,0,2020-06-07 17:18:37,N
162897676,https://api.github.com/repos/lucachaves/gostack-gobarber-web,118513,gostack-gobarber-web,N,TypeScript,2020-04-29 10:32:16,N,0,2020-06-28 20:33:31,N
162901319,https://api.github.com/repos/ethanboxx/one-months-time,6893653,one-months-time,Send your future self emails.,TypeScript,2020-04-29 12:14:49,N,0,2021-03-03 10:16:08,N
162902696,https://api.github.com/repos/sred9/casper-final,36124880,casper-final,N,TypeScript,2020-04-29 12:49:49,N,0,2021-03-02 08:51:10,N
162903167,https://api.github.com/repos/moneyforward/querly-action,4298983,querly-action,Analyze code statically using Querly in Github actions,TypeScript,2020-04-29 12:59:21,N,0,2020-06-16 00:04:17,N
162905362,https://api.github.com/repos/unhurried/vue-nest-desktop-app,8161075,vue-nest-desktop-app,An example of a desktop app built with Vue.js (frontend) and NestJS (backend).,TypeScript,2020-04-29 13:58:05,N,0,2020-12-10 18:00:31,N
162914908,https://api.github.com/repos/Sansossio/instagram-api-test,10540545,instagram-api-test,Testing instagram api,TypeScript,2020-04-29 15:04:49,N,0,2020-07-21 08:31:40,N
162930698,https://api.github.com/repos/moneyforward/reek-action,4298983,reek-action,Analyze code statically using Reek in Github actions,TypeScript,2020-04-29 16:42:20,N,0,2020-06-16 00:02:12,N
162932359,https://api.github.com/repos/acbart/phaser-scene-changer,645951,phaser-scene-changer,Example game where we change scenes,TypeScript,2020-04-29 16:53:13,N,0,2020-12-19 12:21:21,N
162939258,https://api.github.com/repos/bluelovers/has-instance,135346,has-instance,N,TypeScript,2020-04-29 17:32:51,N,0,2020-06-14 23:10:09,N
162959365,https://api.github.com/repos/Visual-Regression-Tracker/frontend,58100405,frontend,N,TypeScript,2020-04-15 16:28:37,N,0,2021-03-05 20:16:20,N
162961105,https://api.github.com/repos/martinjoost/ionicangular,45265623,ionicangular,Basic app Angular/Ionic with Android studio configuration,TypeScript,2020-04-29 20:25:08,N,0,2020-08-02 00:55:31,N
162962624,https://api.github.com/repos/braulioLima/GoBarber,13483246,GoBarber,N,TypeScript,2020-04-29 21:00:42,N,0,2020-12-31 19:31:26,N
162963031,https://api.github.com/repos/projekt202/muscle-workout,6632886,muscle-workout,"React, Lambda, and Apollo based GraphQL example",TypeScript,2020-04-29 21:11:10,N,0,2020-12-19 12:22:25,N
162969366,https://api.github.com/repos/Mardoniosc/gobarberTypescript,40618332,gobarberTypescript,N,TypeScript,2020-04-29 23:36:37,N,0,2021-01-07 06:53:11,N
162971133,https://api.github.com/repos/joeeames/thinksterio-fundamentals-of-angular,239749,thinksterio-fundamentals-of-angular,Github Repo for my Fundamentals of Angular course on Thinkster.io,TypeScript,2020-04-30 00:18:23,N,0,2021-03-04 10:10:19,N
162971776,https://api.github.com/repos/lbcosta/react-ts,38142616,react-ts,Primeiro exercício de react usando typescript,TypeScript,2020-04-30 00:31:40,N,0,2020-08-02 11:02:24,N
162972189,https://api.github.com/repos/gbdsantos/bootcamp-gostack-gobarber-frontend,31532238,bootcamp-gostack-gobarber-frontend,:rocket: ,TypeScript,2020-04-30 00:38:49,N,0,2021-01-07 14:54:26,N
162976378,https://api.github.com/repos/dra2020/fn-exportmap,52737889,fn-exportmap,Export a DRA map.,TypeScript,2020-04-29 00:21:25,N,0,2021-01-22 19:13:15,N
162977187,https://api.github.com/repos/LeonardoSaenz/mike,58178781,mike,hola,TypeScript,2020-04-29 01:02:18,N,0,2020-09-12 15:05:45,N
162980346,https://api.github.com/repos/felipepichl/bootcamp-rocketseat,40474340,bootcamp-rocketseat,N,TypeScript,2020-04-29 10:40:01,N,0,2021-03-06 08:17:22,N
162984505,https://api.github.com/repos/claud1van/openmoodleapp,58394923,openmoodleapp,N,TypeScript,2020-04-29 12:45:52,N,0,2020-05-23 10:37:44,N
162985307,https://api.github.com/repos/marcusfcbarbosa/graphql-node-api-Demo,9758979,graphql-node-api-Demo,"TypeScript ,JavaScript ,Node ,Express, Mongo, Nest, JWT,graphql",TypeScript,2020-04-29 13:05:06,N,0,2020-12-10 00:39:18,N
162988268,https://api.github.com/repos/katsukiwataru/Jest-sample,41053168,Jest-sample,N,TypeScript,2020-04-29 14:00:41,N,0,2020-08-17 11:06:01,N
162990047,https://api.github.com/repos/NELCSU/ED-Flows,47528851,ED-Flows,N,TypeScript,2020-04-29 14:35:16,N,0,2020-10-05 06:09:42,N
162992426,https://api.github.com/repos/weltruf/radiologicum2-casper,58396707,radiologicum2-casper,N,TypeScript,2020-04-29 15:32:02,N,0,2021-03-02 08:50:18,N
162996435,https://api.github.com/repos/ibuckner/string,17633770,string,A  small collection of string related functions,TypeScript,2020-04-29 17:35:21,N,0,2020-12-26 10:55:41,N
162998037,https://api.github.com/repos/tsdotnet/disposable,58010488,disposable,A disposable base class and minimal set of interfaces to properly implement an object disposal pattern.,TypeScript,2020-04-29 18:15:08,N,0,2020-10-30 03:21:11,N
162999643,https://api.github.com/repos/mordgard/holivar-chat-client,37716076,holivar-chat-client,N,TypeScript,2020-04-29 19:22:43,N,0,2021-03-02 10:27:06,N
163001925,https://api.github.com/repos/waynevanson/dom-ts,48552104,dom-ts,fp-ts bindings for the DOM,TypeScript,2020-04-29 02:41:52,N,0,2021-02-26 12:50:31,N
163005568,https://api.github.com/repos/ibuckner/spline,17633770,spline,A small collection of D3 related functions,TypeScript,2020-04-29 22:33:00,N,0,2020-12-26 10:53:02,N
163005860,https://api.github.com/repos/mncvnn/todo-ngrx,14182599,todo-ngrx,"For demonstration @ngrx/data, @ngrx/store, apply for Todo App.",TypeScript,2020-04-30 03:30:20,N,0,2020-09-11 22:58:39,N
163005989,https://api.github.com/repos/ryoshii/desafio-fundamentos-react-native,56588906,desafio-fundamentos-react-native,"Nesse desafio, desenvolverá uma nova aplicação, a GoMarketplace. Dessa vez é hora de você praticar o que você aprendeu até agora no React Native, junto com TypeScript, utilizando rotas, Async Storage e a Context API.",TypeScript,2020-04-29 23:00:25,N,0,2021-01-07 06:21:45,N
163010915,https://api.github.com/repos/moneyforward/jshint-action,4298983,jshint-action,Analyze code statically using JSHint in Github actions,TypeScript,2020-04-29 07:10:05,N,0,2020-08-05 00:31:52,N
163013018,https://api.github.com/repos/moneyforward/goodcheck-action,4298983,goodcheck-action,Analyze code statically using Goodcheck in Github actions,TypeScript,2020-04-29 08:40:45,N,0,2020-06-14 22:27:51,N
163015328,https://api.github.com/repos/godzzo/ng2-smart-table,131793,ng2-smart-table,N,TypeScript,2020-04-29 09:21:12,N,0,2020-12-14 14:16:24,N
163017515,https://api.github.com/repos/tsdotnet/lazy,58010488,lazy,Lazy<T> and ResettableLazy<T> class for simplifying lazy initialization.,TypeScript,2020-04-30 04:03:23,N,0,2020-10-30 12:04:14,N
163021681,https://api.github.com/repos/ashnamuh/exercise-something,16135910,exercise-something,exercise something,TypeScript,2020-04-30 06:14:28,N,0,2021-01-07 06:29:06,N
163023652,https://api.github.com/repos/tsdotnet/string-builder,58010488,string-builder,A class for building strings.,TypeScript,2020-04-30 06:46:41,N,0,2020-10-30 12:04:25,N
163024877,https://api.github.com/repos/kolawaps/webview-react-native,58403071,webview-react-native,N,TypeScript,2020-04-30 07:20:16,N,0,2020-06-15 03:07:26,N
163025747,https://api.github.com/repos/liuhaobo0728/ts-axios,44031712,ts-axios,学习TypeScript 重写 axios,TypeScript,2020-04-30 07:44:28,N,0,2020-12-05 04:07:10,N
163029075,https://api.github.com/repos/jeremylzn/Angular,49937623,Angular,N,TypeScript,2020-04-30 09:19:47,N,0,2020-09-11 23:07:29,N
163031882,https://api.github.com/repos/ICodeMyOwnLife/sp-ops-react-ui,12326262,sp-ops-react-ui,N,TypeScript,2020-04-30 10:41:02,N,0,2020-07-08 05:54:23,N
163041677,https://api.github.com/repos/ngtrdai197/Fullstack-React-tsx-Graphql,42316805,Fullstack-React-tsx-Graphql,N,TypeScript,2020-04-30 15:40:05,N,0,2020-12-19 12:28:52,N
163051095,https://api.github.com/repos/lucasferbap/Desafios-BootCamp-GoStack,54480833,Desafios-BootCamp-GoStack,Repositório do desafios feitos durante o BootCamp GoStack da Rocketseat ,TypeScript,2020-04-30 20:28:51,N,0,2021-01-07 06:31:34,N
163051454,https://api.github.com/repos/HelixW/auth-playground,51745443,auth-playground,"Trying auth with jwt, typeorm and typescript",TypeScript,2020-04-30 20:44:23,N,0,2020-12-10 17:58:26,N
163052747,https://api.github.com/repos/bytesoftio/helpers-promises,58408742,helpers-promises,Various promises related helpers,TypeScript,2020-04-30 21:37:33,N,0,2020-10-04 19:55:47,N
163052894,https://api.github.com/repos/bytesoftio/schema,58408742,schema,Easy object validation and normalization ,TypeScript,2020-04-30 21:42:46,N,0,2021-01-19 19:41:46,N
163052941,https://api.github.com/repos/bytesoftio/use-async,58408742,use-async,React hook for async actions,TypeScript,2020-04-30 21:45:40,N,0,2020-10-05 08:01:43,N
163053340,https://api.github.com/repos/bytesoftio/use-store,58408742,use-store,React store hooks,TypeScript,2020-04-30 22:00:30,N,0,2020-12-31 11:49:58,N
163053446,https://api.github.com/repos/bytesoftio/use-translator,58408742,use-translator,React translation hooks,TypeScript,2020-04-30 22:04:05,N,0,2020-12-31 12:57:21,N
163053548,https://api.github.com/repos/bytesoftio/use-value,58408742,use-value,React state hooks,TypeScript,2020-04-30 22:06:49,N,0,2020-10-04 19:47:58,N
163067383,https://api.github.com/repos/AndrewDubovtsev/typescript-udemy-course,6614472,typescript-udemy-course,N,TypeScript,2020-04-30 12:04:29,N,0,2021-01-07 12:00:24,N
163067472,https://api.github.com/repos/CarlosCraviotto/file-list-loader,2486521,file-list-loader,"A file loader that after searched in a path (or paths) recursively, generate an ID for each file based in the name.",TypeScript,2020-04-30 12:05:01,N,0,2020-07-21 08:52:08,N
163070197,https://api.github.com/repos/SiddharthPant/jupyterlab-dvc,6771885,jupyterlab-dvc,N,TypeScript,2020-04-30 12:58:25,N,0,2020-07-21 08:08:45,N
163079638,https://api.github.com/repos/johnwr-response/atcg-services,56665530,atcg-services,N,TypeScript,2020-04-30 15:28:38,N,0,2020-06-15 04:15:12,N
163080328,https://api.github.com/repos/rurumimic/apollo-prisma,40716255,apollo-prisma,about graphql,TypeScript,2020-04-30 15:40:24,N,0,2021-03-03 05:49:35,N
163080537,https://api.github.com/repos/CristianFulga99/ServerNodeEMSSQL,37780244,ServerNodeEMSSQL,N,TypeScript,2020-04-30 15:42:18,N,0,2020-12-19 00:31:06,N
163081796,https://api.github.com/repos/bestickley/nestjs-graphql-directive-issue,40826803,nestjs-graphql-directive-issue,Minimal Reproduction for Nest.js GraphQL Directive Issue,TypeScript,2020-04-30 16:02:37,N,0,2020-09-13 11:52:09,N
163087635,https://api.github.com/repos/tsdotnet/integer,58010488,integer,Utility for processing and asserting integers.,TypeScript,2020-04-30 18:23:19,N,0,2020-10-30 03:21:13,N
163088763,https://api.github.com/repos/thiago-preira/gobarber,1468152,gobarber,GoStack Gobarber,TypeScript,2020-04-30 18:45:05,N,0,2021-01-07 06:40:37,N
163088871,https://api.github.com/repos/tsdotnet/exceptions,58010488,exceptions,A collection of specific .NET style Exception (Error like) classes.  Helpful for use with 'catch' and 'instanceof'.,TypeScript,2020-04-30 18:47:05,N,0,2020-10-30 12:04:03,N
163094748,https://api.github.com/repos/Clumsy-Coder/myStocksRN,16012379,myStocksRN,Display Stocks using React Native,TypeScript,2020-04-13 21:57:04,N,0,2021-02-25 12:16:20,N
163095619,https://api.github.com/repos/bytesoftio/local-store,58408742,local-store,Generic store with localStorage sync,TypeScript,2020-04-30 21:51:49,N,0,2020-07-21 20:03:11,N
163096600,https://api.github.com/repos/tsdotnet/compare,58010488,compare,Utility for common comparison functions including type checking.,TypeScript,2020-04-30 22:31:19,N,0,2020-10-30 12:04:00,N
163096896,https://api.github.com/repos/lui358/https-github.com-moodlehq-moodleapp,13658059,https-github.com-moodlehq-moodleapp,isepapp 2.x,TypeScript,2020-04-30 22:42:59,N,0,2020-05-23 19:17:28,N
163097262,https://api.github.com/repos/yuriburk/yuriburk-dev,8579208,yuriburk-dev,YuriBurk.dev is a personal blog created with Gatsby using Typescript,TypeScript,2020-04-30 22:59:40,N,0,2020-12-26 16:16:24,N
163097946,https://api.github.com/repos/lucachaves/gostack-gobarber-app,118513,gostack-gobarber-app,N,TypeScript,2020-04-30 23:40:32,N,0,2020-07-14 00:29:32,N
163098736,https://api.github.com/repos/seancroach/roblox-api-raw,52882321,roblox-api-raw,Retrieve the raw JSON Roblox API Dump.,TypeScript,2020-04-30 03:05:58,N,0,2021-01-07 20:06:42,N
163100075,https://api.github.com/repos/ioneone/jfarm,30745215,jfarm,N,TypeScript,2020-04-30 04:34:11,N,0,2020-06-15 02:44:05,N
163103310,https://api.github.com/repos/tsdotnet/text-utility,58010488,text-utility,A set of commonly used functions for manipulating and formatting strings.,TypeScript,2020-04-30 07:36:10,N,0,2020-10-30 12:04:26,N
163105167,https://api.github.com/repos/EdwinAlmendras/vcp-up,52502346,vcp-up,N,TypeScript,2020-04-30 08:42:59,N,0,2020-06-15 03:21:53,N
163137586,https://api.github.com/repos/daniel83fr/genealogy-api,17952044,genealogy-api,genealogy rest api,TypeScript,2020-04-25 11:39:39,N,0,2021-02-17 08:04:10,N
163224468,https://api.github.com/repos/laraludwig18/gobarber-api,32736665,gobarber-api,Backend do app para agendamento de serviços de barbearia,TypeScript,2020-04-15 00:06:21,N,0,2021-03-01 02:30:15,N
163464733,https://api.github.com/repos/thiagovasconcellos/barber-2020,41062073,barber-2020,Fullstack project,TypeScript,2020-04-15 15:57:28,N,0,2021-02-16 12:44:11,N
163507875,https://api.github.com/repos/zoul/program,43990,program,Strojově čitelný program Prostoru,TypeScript,2020-04-27 11:56:45,N,0,2020-09-30 16:51:36,N
163511211,https://api.github.com/repos/JH1ller/csgo-stratbook,53808633,csgo-stratbook,N,TypeScript,2020-04-25 11:09:29,N,0,2021-02-27 16:03:36,N
163618915,https://api.github.com/repos/robertourias/portfolio2020,455071,portfolio2020,Portfolio com Angular,TypeScript,2020-04-01 02:44:08,N,0,2020-09-18 02:16:28,N
163639829,https://api.github.com/repos/pwa-builder/pwa-features,37583497,pwa-features,N,TypeScript,2020-04-17 17:58:34,N,0,2021-02-22 04:44:52,N
163686599,https://api.github.com/repos/xFAANG/askql,57867157,askql,AskQL is a query language that can express every data request,TypeScript,2020-04-24 11:39:31,N,0,2021-03-01 06:29:21,N
163791068,https://api.github.com/repos/acttoreact/watcher,51994812,watcher,API and model watcher,TypeScript,2020-04-29 09:50:10,N,0,2021-03-06 06:32:37,N
163793580,https://api.github.com/repos/AdrielGarciaS/gobarber,52503041,gobarber,Repositório utilizado para o desenvolvimento da nova versão do GoBarber.,TypeScript,2020-04-14 02:46:05,N,0,2021-01-07 06:34:28,N
163860129,https://api.github.com/repos/watit-thammarat/micro-services-ticketing,6572695,micro-services-ticketing,N,TypeScript,2020-04-25 14:58:31,N,0,2021-01-07 13:24:39,N
163990228,https://api.github.com/repos/chandragie/spring-angular-project,9872707,spring-angular-project,N,TypeScript,2020-04-02 07:33:12,N,0,2021-01-06 03:37:01,N
164080375,https://api.github.com/repos/matheusBCordeiro/passaro-urbano,51898554,passaro-urbano,N,TypeScript,2020-04-02 20:41:36,N,0,2020-06-07 20:43:19,N
164139745,https://api.github.com/repos/ganatan/angular-example-services,57298097,angular-example-services,Angular 9 example Services and bootstrap,TypeScript,2020-04-17 14:25:07,N,0,2020-10-05 10:16:44,N
164139753,https://api.github.com/repos/ganatan/angular-example-components,57298097,angular-example-components,Angular 9 example Components & Bootstrap 4,TypeScript,2020-04-17 14:38:17,N,0,2020-11-04 07:32:00,N
164144124,https://api.github.com/repos/sprout2000/genicons,35405138,genicons,GenICONS (GUI Wrapper for png2icons),TypeScript,2020-04-27 00:01:04,N,0,2020-06-22 11:20:17,N
164241460,https://api.github.com/repos/JupiterOne/sdk,2149422,sdk,The next version of the JupiterOne Integration SDK (currently in development),TypeScript,2020-04-02 19:23:31,N,0,2021-03-06 06:47:46,N
164376089,https://api.github.com/repos/angeloanan/lyrics-finder,10202545,lyrics-finder,Lyrics Finder bot on Discord,TypeScript,2020-04-08 09:15:52,N,0,2021-03-03 10:20:31,N
164397565,https://api.github.com/repos/covidwg20/covidwithgratitude,58696439,covidwithgratitude,A platform to thank our local healthcare workers in Vancouver during the Covid19 crisis.,TypeScript,2020-04-21 00:26:14,N,0,2020-06-20 15:20:43,N
164420760,https://api.github.com/repos/yac-cursos/UdemyIonic2020,35921972,UdemyIonic2020,Curso de ionic 2020,TypeScript,2020-04-03 19:22:17,N,0,2020-09-12 11:44:26,N
164431462,https://api.github.com/repos/TuleuAslan/Web-development,49159812,Web-development,N,TypeScript,2020-04-03 18:28:42,N,0,2020-09-12 11:40:31,N
164556687,https://api.github.com/repos/arnaudrenaud/ljdpslf,6747721,ljdpslf,N,TypeScript,2020-04-23 11:12:30,N,0,2021-02-10 14:13:03,N
164557413,https://api.github.com/repos/TheHuskyBot/Husky,58735426,Husky,Mishify,TypeScript,2020-04-14 06:37:10,N,0,2020-09-08 11:01:20,N
164675167,https://api.github.com/repos/Roh7771/Reagent-List,52608102,Reagent-List,N,TypeScript,2020-04-04 10:20:06,N,0,2021-01-06 18:35:50,N
164754526,https://api.github.com/repos/Atlantis-Lab/nextjs,56651872,nextjs,NextJS Custom Modules,TypeScript,2020-04-08 11:54:53,N,0,2021-02-28 23:12:16,N
165012474,https://api.github.com/repos/sprout2000/elephicon,35405138,elephicon,Elephicon (GUI Wrapper for png2icons),TypeScript,2020-04-27 00:01:04,N,0,2021-03-03 17:26:56,N
165176919,https://api.github.com/repos/twilio/flex-plugins-api,9464,flex-plugins-api,Flex Plugins API Toolkit,TypeScript,2020-04-27 20:57:14,N,0,2021-02-12 01:25:01,N
165244709,https://api.github.com/repos/dmf444/ArchiveManager,2712215,ArchiveManager,Archive Manager - Metadata tagging of Files & URL downloads,TypeScript,2020-04-14 19:00:11,N,0,2021-01-28 22:13:00,N
165341707,https://api.github.com/repos/GabdrahmanovAidar/Web-API-Angular,54048955,Web-API-Angular,N,TypeScript,2020-04-29 09:27:21,N,0,2020-12-21 11:52:25,N
165397298,https://api.github.com/repos/shhdharmen/delievery,3499557,delievery,N,TypeScript,2020-04-06 19:41:51,N,0,2021-01-29 01:42:04,N
165455871,https://api.github.com/repos/huskerona/bookshop-pubsub-poc,31199313,bookshop-pubsub-poc,Pub/Sub POC,TypeScript,2020-04-02 22:43:00,N,0,2020-12-18 23:25:07,N
165537573,https://api.github.com/repos/gkampitakis/promises-extension,52722644,promises-extension,A library extending native Promise with some useful functions,TypeScript,2020-04-05 11:04:17,N,0,2021-02-22 09:26:40,N
165785187,https://api.github.com/repos/SafeTicketApp/safeticket-api,58990046,safeticket-api,die neue API für SafeTicket,TypeScript,2020-04-05 17:12:23,N,0,2020-09-04 10:43:00,N
165844527,https://api.github.com/repos/Byzanteam/essential-flowchart,47649788,essential-flowchart,N,TypeScript,2020-04-26 07:15:49,N,0,2021-02-25 04:27:43,N
165878333,https://api.github.com/repos/sunho/goranireader,13708828,goranireader,ebook reader that recommends words to review based on activity data,TypeScript,2020-04-21 10:27:36,N,0,2021-03-03 07:25:09,N
165887575,https://api.github.com/repos/nibrahimb1993/electron-express-graphQL,33159775,electron-express-graphQL,a Small setup for Electron app that run Express with graphQL server using TypeScript. The sqlite3 to store the data locally.,TypeScript,2020-04-08 12:12:22,N,0,2021-01-28 21:56:33,N
165913221,https://api.github.com/repos/ebnersilva/bootcamp-gostack-2020,52768098,bootcamp-gostack-2020,N,TypeScript,2020-04-08 15:43:27,N,0,2021-01-07 04:08:17,N
165986378,https://api.github.com/repos/sgolovine/www,34162056,www,My Website,TypeScript,2020-04-23 16:24:59,N,0,2021-03-03 08:28:14,N
166083744,https://api.github.com/repos/leon-carvalho/gobarber-web,55868545,gobarber-web,GoBarber web application built with React.js and TypeScript,TypeScript,2020-04-23 15:48:24,N,0,2020-08-01 19:19:21,N
166151086,https://api.github.com/repos/bitmatica/nest-blogmatica,2613312,nest-blogmatica,N,TypeScript,2020-04-24 15:35:06,N,0,2020-12-10 18:25:51,N
166169356,https://api.github.com/repos/imodeljs/frontend-sample-showcase,42820642,frontend-sample-showcase,N,TypeScript,2020-04-21 17:56:22,N,0,2021-03-05 05:46:11,N
166208988,https://api.github.com/repos/tec1group/wicked-tec1,56618800,wicked-tec1,emulation of TEC-1 using Wicked Elements for the UI,TypeScript,2020-04-06 09:44:09,118592088,0,2020-07-26 13:54:09,1517896491
166221856,https://api.github.com/repos/luriel-xyz/pernt,40973715,pernt,Boilerplate code for PERN w/ Typescript,TypeScript,2020-04-09 08:18:42,N,0,2020-09-06 13:49:16,N
166236886,https://api.github.com/repos/WillDeveloper-Lab/GoStack-Bootcamp,54219366,GoStack-Bootcamp,Repositorio com as atividades desenvolvidas no curso,TypeScript,2020-04-08 13:25:15,N,0,2021-01-07 06:13:03,N
166472465,https://api.github.com/repos/marcobiedermann/leetcode,3179415,leetcode,My attempt of solving LeetCode problems,TypeScript,2020-04-01 08:02:44,N,0,2021-02-03 19:05:37,N
166484548,https://api.github.com/repos/EddieJaoudeCommunity/EddieBot,59058946,EddieBot,Discord bot for Eddie Jaoude's Discord server,TypeScript,2020-04-15 12:23:05,N,0,2021-02-20 11:39:03,N
166488793,https://api.github.com/repos/Keito1024/frontend-practice,33424161,frontend-practice,N,TypeScript,2020-04-07 16:30:44,N,0,2021-01-31 18:19:23,N
166488887,https://api.github.com/repos/dont-code/core,56700371,core,The core components of dont-code app framework: See https://dont-code.github.io,TypeScript,2020-04-06 12:14:56,N,0,2021-02-22 19:14:51,N
166502526,https://api.github.com/repos/jccit/dpparty,43349646,dpparty,Watch Disney+ with friends,TypeScript,2020-04-19 16:35:44,N,0,2020-11-01 19:19:45,N
166505108,https://api.github.com/repos/dont-code/preview-ui,56700371,preview-ui,"The UI running the preview of the application while you ""dont develop""",TypeScript,2020-04-06 12:34:41,N,0,2021-02-27 11:56:06,N
166506352,https://api.github.com/repos/darkmtr/hackernews-clone-fullstack,58689688,hackernews-clone-fullstack,N,TypeScript,2020-04-13 17:57:44,N,0,2020-10-23 10:52:19,N
166528848,https://api.github.com/repos/gregmarine/pinpoint,9346065,pinpoint,Pinpoint app from Michael Callaghan's Pluralsight course,TypeScript,2020-04-14 00:36:40,N,0,2021-01-29 09:37:40,N
166806784,https://api.github.com/repos/hanakslr/tinyhouse_v1,56242770,tinyhouse_v1,TinyHouse class from newline.io,TypeScript,2020-04-03 11:25:06,N,0,2020-12-19 10:26:46,N
166826094,https://api.github.com/repos/ashnamuh/react-books,16135910,react-books,N,TypeScript,2020-04-16 08:22:18,N,0,2021-01-07 05:00:36,N
166830525,https://api.github.com/repos/DouglasFuelber/gostack-gobarber-backend,9850463,gostack-gobarber-backend,GoBarber - Backend application develop with Node.js and TypeScript in the GoStack Bootcamp,TypeScript,2020-04-13 23:30:30,N,0,2020-12-10 17:38:01,N
166835644,https://api.github.com/repos/blazingbulldogs/website-rewrite,39601605,website-rewrite,new website go brrrrr in js,TypeScript,2020-04-22 22:56:50,N,0,2020-08-31 18:54:41,N
167087785,https://api.github.com/repos/mswjs/mswjs.io,57546553,mswjs.io,Official website and documentation for the Mock Service Worker library.,TypeScript,2020-04-06 18:18:13,N,0,2021-02-20 04:44:59,N
167096487,https://api.github.com/repos/xenoterracide/warmeister,36467,warmeister,N,TypeScript,2020-04-14 21:42:36,N,0,2021-01-22 11:02:48,N
167127388,https://api.github.com/repos/SideProjectGuys/invite-manager-app,44542513,invite-manager-app,N,TypeScript,2020-04-12 02:18:04,N,0,2021-01-29 09:48:28,N
167219067,https://api.github.com/repos/venu1313/Dynamic_forms2,57764602,Dynamic_forms2,N,TypeScript,2020-04-09 09:29:46,N,0,2020-09-11 21:25:52,N
167220138,https://api.github.com/repos/bernizt/electron-example-ftp-client,3108292,electron-example-ftp-client,An electron example built with electron-webpack and Typescript support,TypeScript,2020-04-19 13:43:20,N,0,2021-02-10 19:20:46,N
167257793,https://api.github.com/repos/Wykks/LeCookbook,3450242,LeCookbook,Just a simple cookbook app. To store / share your recipes.,TypeScript,2020-04-29 15:45:48,N,0,2020-11-02 19:52:42,N
167257931,https://api.github.com/repos/DaphneZhu/orbit-report,55712105,orbit-report,orbit-report,TypeScript,2020-04-03 16:04:40,N,0,2020-09-11 22:38:03,N
167263686,https://api.github.com/repos/Madhan-vj/angular-practice,52532661,angular-practice,N,TypeScript,2020-04-27 06:35:59,N,0,2020-09-12 15:02:53,N
167265295,https://api.github.com/repos/vamshierigela23/Modules_labbook_programs,45918935,Modules_labbook_programs,N,TypeScript,2020-04-29 07:45:23,N,0,2020-10-19 08:39:24,N
167268757,https://api.github.com/repos/shaolinjr/rakoon,8021227,rakoon,"Swift, Precise and Furtive Web Scraping Library",TypeScript,2020-04-16 19:34:38,N,0,2021-01-07 05:03:13,N
167269735,https://api.github.com/repos/Elakiyaa-P/CTS-Angular-Projects,46939836,CTS-Angular-Projects,N,TypeScript,2020-04-30 13:15:12,N,0,2020-07-20 20:29:16,N
167292661,https://api.github.com/repos/Lucashfonseca123/goStack,46256168,goStack,Repositório com todo conteúdo do curso goStack,TypeScript,2020-04-14 22:30:58,N,0,2021-01-07 05:29:47,N
167351024,https://api.github.com/repos/FoxyTheBot/foxy,58126004,foxy,N,TypeScript,2020-04-20 02:38:05,N,0,2020-07-21 06:05:19,N
167355505,https://api.github.com/repos/mattrglobal/bbs-signatures,50983041,bbs-signatures,An implementation of BBS+ signatures for node and browser environments,TypeScript,2020-04-16 04:25:15,N,0,2021-02-23 05:48:10,N
167364739,https://api.github.com/repos/RaulFerreira-90/aulas-rocketseat,54128113,aulas-rocketseat,aulas da rocketseat,TypeScript,2020-04-24 13:51:13,N,0,2021-01-07 06:11:58,N
167364985,https://api.github.com/repos/hectortakami/Ionic,52466859,Ionic,"Cross-platform app development framework for mobile (iOS & Android), web and desktop apps.",TypeScript,2020-04-08 01:41:56,N,0,2020-08-02 02:34:26,N
167365431,https://api.github.com/repos/BartoszBrzostek1/SoftwareHut-Front-BB,34244880,SoftwareHut-Front-BB,N,TypeScript,2020-04-30 12:59:29,N,0,2020-12-19 00:11:05,N
167366513,https://api.github.com/repos/funserv/funserv,59243904,funserv,:rocket: Functional and Simple TypeScript HTTP Server :rocket:,TypeScript,2020-04-01 10:41:40,N,0,2021-02-26 17:20:29,N
167367456,https://api.github.com/repos/LucasAugustoCastro/GoBarberGoStack,59214943,GoBarberGoStack,N,TypeScript,2020-04-30 16:09:10,N,0,2021-01-07 13:21:22,N
167368170,https://api.github.com/repos/marsprince/slate-vue,3821904,slate-vue,slate.js implement for Vue2 and Vue3,TypeScript,2020-04-08 03:00:55,N,0,2021-02-24 08:00:56,N
167382423,https://api.github.com/repos/cpenalozag/CloudDeveloperNanodegree,34270626,CloudDeveloperNanodegree,Coursework for Udacity's cloud developer nanodegree,TypeScript,2020-04-01 00:00:14,N,0,2020-08-01 22:40:23,N
167408342,https://api.github.com/repos/ABDULAZIZ94/angular-recipe,15253506,angular-recipe,list of all working angular recipe gathered in a workspace,TypeScript,2020-04-19 06:07:04,N,0,2020-09-12 13:35:38,N
167410363,https://api.github.com/repos/cocm1324/socialmakers,39782906,socialmakers,project for developing social makers website,TypeScript,2020-04-18 14:17:20,N,0,2021-02-21 17:20:50,N
167411212,https://api.github.com/repos/eacdev/vue-chat,49855905,vue-chat,"✨ Chat built with TypeScript, Vue, Express & TailwindCSS.",TypeScript,2020-04-20 23:47:42,N,0,2021-01-07 05:21:14,N
167412096,https://api.github.com/repos/Gitarcitano/github-explorer-webapp,53704683,github-explorer-webapp,N,TypeScript,2020-04-23 01:10:01,N,0,2021-01-04 17:43:28,N
167412308,https://api.github.com/repos/dscamargo/gobarber,50943114,gobarber,Aplicação GoBarber - Sendo desenvolvida durante o Bootcamp 11 - Rocketseat,TypeScript,2020-04-19 01:11:11,N,0,2021-01-07 06:55:55,N
167414257,https://api.github.com/repos/psatler/barbershop-frontend,1464199,barbershop-frontend,Reactjs frontend of a barbershop type of app,TypeScript,2020-04-22 01:31:11,N,0,2021-01-07 05:21:32,N
167416239,https://api.github.com/repos/DigitalShooting/DSC-GUI,8889223,DSC-GUI,N,TypeScript,2020-04-26 15:17:57,N,0,2021-02-12 16:24:12,N
167420980,https://api.github.com/repos/m2aadhil/EWasteMangementSystem,59225079,EWasteMangementSystem,E Waste Management System Developed in Angular and NodeJS,TypeScript,2020-04-29 15:37:30,N,0,2020-12-18 23:52:08,N
167421207,https://api.github.com/repos/melogustavo/Application-Gobarber,50662155,Application-Gobarber,"Gobarber app developed with NodeJs, ReactJs and ReactNative using typescript. Paying attention to important programing principles like Single responsability principle and dependency inversion.",TypeScript,2020-04-17 19:49:04,N,0,2021-01-07 06:19:27,N
167423256,https://api.github.com/repos/newbeea/gl-widget-plugins,37767577,gl-widget-plugins,N,TypeScript,2020-04-01 06:51:32,N,0,2020-09-12 15:13:20,N
167434150,https://api.github.com/repos/gustaandrade/gustavoandrade.design,4265890,gustavoandrade.design,Este repositório contém os códigos-fonte para as versões web e mobile do meu novo portfólio,TypeScript,2020-04-22 21:25:25,N,0,2020-08-17 04:26:44,N
167435100,https://api.github.com/repos/cassiocsantana/GoBarber,49937441,GoBarber,Barbearia,TypeScript,2020-04-20 20:54:40,N,0,2021-01-07 12:11:29,N
167435345,https://api.github.com/repos/mauriceackel/Component-Coupling-Validator,57776922,Component-Coupling-Validator,A tool to compare and validate different component coupling mechanisms. Find more information at:,TypeScript,2020-04-07 13:45:24,N,0,2021-02-01 13:10:58,N
167439108,https://api.github.com/repos/gustavo-candido/GoBarber,44249593,GoBarber,Rocketseat bootcamp major project,TypeScript,2020-04-28 03:42:38,N,0,2021-01-07 13:14:23,N
167444170,https://api.github.com/repos/HarpreetBains94/whomstv2,41471237,whomstv2,N,TypeScript,2020-04-05 12:01:19,N,0,2020-12-20 18:58:45,N
167526180,https://api.github.com/repos/BoushabaMohamedSuD/BossUploadProject,53982713,BossUploadProject,N,TypeScript,2020-04-20 01:09:04,N,0,2021-01-07 11:52:05,N
167626285,https://api.github.com/repos/chadlavi/sourdough-converter,6504133,sourdough-converter,N,TypeScript,2020-04-18 17:52:11,N,0,2020-06-20 20:09:38,N
167642116,https://api.github.com/repos/issackj1/react-site,33452317,react-site,N,TypeScript,2020-04-18 20:04:44,N,0,2021-03-02 10:30:36,N
167672215,https://api.github.com/repos/cnfreitax/gobarber-backend,53975853,gobarber-backend,Node back end aplication to project Go barber (GoStack 2020),TypeScript,2020-04-19 03:38:31,N,0,2020-08-07 18:31:14,N
167741649,https://api.github.com/repos/cheesehary/money-pot,33257034,money-pot,N,TypeScript,2020-04-06 09:32:47,N,0,2021-01-07 14:17:36,N
167751849,https://api.github.com/repos/sosinc/sos-app,59238564,sos-app,App to help you build a transparent software development company that cares about growth of its people,TypeScript,2020-04-27 06:33:16,N,0,2021-01-07 12:12:41,N
167818343,https://api.github.com/repos/imalexlab/RickAndMorty,58439959,RickAndMorty,A Rick and Morty App,TypeScript,2020-04-21 19:35:44,N,0,2020-06-22 11:13:11,N
167828990,https://api.github.com/repos/aybara/TFG,3594957,TFG,Proyecto de fin de grado,TypeScript,2020-04-23 20:12:47,N,0,2021-01-07 14:28:42,N
167829763,https://api.github.com/repos/tiopkg/utils,56969586,utils,"Fast, small and purely functional utility library",TypeScript,2020-04-21 02:31:33,100377470,0,2020-06-22 09:58:08,1533456899
167835245,https://api.github.com/repos/proland97/Hotel_Foglalorendszer,48000936,Hotel_Foglalorendszer,Programrendszerek Fejlesztése projektmunka,TypeScript,2020-04-11 21:38:20,N,0,2021-02-16 18:19:20,N
167947007,https://api.github.com/repos/vhristov97/Prezentacija,52812540,Prezentacija,Uvod u unit testove sa primerom,TypeScript,2020-04-26 22:14:53,N,0,2020-09-12 03:44:44,N
167960129,https://api.github.com/repos/robighetti/GoBarber,52717046,GoBarber,N,TypeScript,2020-04-17 01:44:13,N,0,2021-02-03 17:41:31,N
168040897,https://api.github.com/repos/webassetpack/core,59371367,core,N,TypeScript,2020-04-23 02:13:07,N,0,2020-06-12 21:02:49,N
168151996,https://api.github.com/repos/maxjoehnk/remote-party-games,10177008,remote-party-games,A web version of the game activity,TypeScript,2020-04-10 21:18:45,N,0,2021-01-22 09:29:11,N
168157850,https://api.github.com/repos/Enubia/snapchat-marketing-sdk,47444676,snapchat-marketing-sdk,Node.js SDK for Snapchat marketing API,TypeScript,2020-04-07 05:49:25,N,0,2021-03-01 07:44:24,N
168196777,https://api.github.com/repos/arturmbrasil/gobarber-backend,32128539,gobarber-backend,N,TypeScript,2020-04-16 01:22:43,N,0,2020-12-31 03:57:38,N
168221401,https://api.github.com/repos/webassetpack/cli,59371367,cli,N,TypeScript,2020-04-23 02:00:55,N,0,2020-06-13 16:43:52,N
168221650,https://api.github.com/repos/webassetpack/runtime,59371367,runtime,N,TypeScript,2020-04-23 02:19:23,N,0,2020-06-13 16:45:52,N
168222317,https://api.github.com/repos/webassetpack/test-tools,59371367,test-tools,N,TypeScript,2020-04-25 21:55:18,N,0,2020-06-13 16:49:51,N
168227228,https://api.github.com/repos/EliasGcf/osh-cli,52719455,osh-cli,Uma simples CLI em Node.js para ajudar no desenvolvimento na stack: Node.js | ReactJS | React Native,TypeScript,2020-04-24 23:46:41,N,0,2020-09-03 07:52:39,N
168250678,https://api.github.com/repos/devboldly/react-use-window-scroll,56005121,react-use-window-scroll,"↕️ React hooks for scrolling the page to any location, or by any amount. Supports smooth scrolling.",TypeScript,2020-04-27 03:53:14,N,0,2020-09-14 10:38:25,N
168256397,https://api.github.com/repos/GR34SE/react-controlled-text,41558751,react-controlled-text,Utility rich Text component for React ⚛️,TypeScript,2020-04-24 14:53:03,N,0,2021-02-09 14:42:26,N
168258480,https://api.github.com/repos/iemeshi/kushimoto.iemeshi.jp,57111101,kushimoto.iemeshi.jp,Application template for Iemeshi,TypeScript,2020-04-17 10:48:36,N,0,2021-01-07 05:14:25,N
168354564,https://api.github.com/repos/stay-home-challenge/web,58374403,web,#stayhomechallenge for COVID-19,TypeScript,2020-04-28 03:10:46,N,0,2020-06-14 16:42:52,N
168376066,https://api.github.com/repos/wotv/wotv-gacha-simulator,59430910,wotv-gacha-simulator,N,TypeScript,2020-04-29 15:19:41,N,0,2020-06-14 22:59:41,N
168380696,https://api.github.com/repos/rome-infra/ulpia,59431822,ulpia,ulpia is the central API for managing metadata around your cloud native solutions,TypeScript,2020-04-26 15:58:24,N,0,2021-01-07 11:40:11,N
168394163,https://api.github.com/repos/rnsk/iemeshi,103032,iemeshi,イエメシアプリ岐阜県美濃市版,TypeScript,2020-04-30 06:21:03,157571717,0,2020-06-30 17:52:00,1567620364
168452928,https://api.github.com/repos/warkahuna/PimDashboard,59445735,PimDashboard,N,TypeScript,2020-04-02 00:17:41,N,0,2020-10-23 08:50:39,N
168463691,https://api.github.com/repos/simerlec/xstate-starter,2824035,xstate-starter,Opinionated XState starter using Parcel and Tailwind,TypeScript,2020-04-27 21:21:26,N,0,2021-02-21 14:07:19,N
168463778,https://api.github.com/repos/norozic/site-box,59448525,site-box,N,TypeScript,2020-04-22 13:03:31,N,0,2020-06-26 05:25:15,N
168480592,https://api.github.com/repos/bytesoftio/use-form,58408742,use-form,Form library for React,TypeScript,2020-04-30 18:08:09,N,0,2021-01-01 01:02:36,N
168513683,https://api.github.com/repos/leon-carvalho/gobarber-mobile,55868545,gobarber-mobile,Mobile app for GoBarber built with React Native,TypeScript,2020-04-28 00:44:41,N,0,2020-06-28 17:52:01,N
168561527,https://api.github.com/repos/garronej/github_actions_toolkit,5016101,github_actions_toolkit,N,TypeScript,2020-04-25 18:30:59,N,0,2021-02-21 06:10:34,N
168610687,https://api.github.com/repos/pybricks/pybricks-code,56095244,pybricks-code,Web IDE for Pybricks,TypeScript,2020-04-03 20:26:37,N,0,2021-03-02 07:32:53,N
168636293,https://api.github.com/repos/JoshuaHall/personal-site,6680920,personal-site,"Part blog, part portfolio",TypeScript,2020-04-30 03:28:26,N,0,2021-03-05 16:19:57,N
168651447,https://api.github.com/repos/zhaomenghuan/theia,12278327,theia,Eclipse Theia is a cloud & desktop IDE framework implemented in TypeScript.,TypeScript,2020-04-30 15:27:04,137666641,0,2021-02-21 05:33:35,1638206349
168652752,https://api.github.com/repos/Bookman0001/unicorn,40617080,unicorn,"I made original photo storage service using firebase, TypeScript , React.js, Node.js.",TypeScript,2020-04-17 13:28:29,N,0,2020-07-07 15:39:33,N
168669674,https://api.github.com/repos/aavgeen/covid19-saviors,59013504,covid19-saviors,WebApp & mobile app for people contribution to the community during the time of crisis.,TypeScript,2020-04-18 09:55:53,N,0,2021-03-01 22:47:56,N
168743529,https://api.github.com/repos/KeisukeYamashita/memcached-node,31985705,memcached-node,A Promise-base Memcached client library for Node.js written in Typescript,TypeScript,2020-04-17 02:39:38,N,0,2021-03-02 12:39:14,N
168744982,https://api.github.com/repos/kwaka1208/nara.iemeshi.jp,3896818,nara.iemeshi.jp,イエメシアプリ用のテンプレート,TypeScript,2020-04-30 05:39:48,157571717,0,2020-06-17 01:37:20,1567620364
168803898,https://api.github.com/repos/ZaqueuLima3/course-bootcamp-rocketseat-2020,43183712,course-bootcamp-rocketseat-2020, All projects created in the rocketseat bootcamp,TypeScript,2020-04-07 22:16:12,N,0,2020-08-02 09:20:49,N
168860695,https://api.github.com/repos/tmtsoftware/esw-ts,1890816,esw-ts,N,TypeScript,2020-04-16 06:04:11,N,0,2021-03-04 14:43:05,N
169043219,https://api.github.com/repos/thecreazy/cerbero,1829486,cerbero,Track your users interactions ,TypeScript,2020-04-11 09:46:09,N,0,2021-03-02 10:17:26,N
169106028,https://api.github.com/repos/Rick1196/Nutrionist-doctor-ui,43857607,Nutrionist-doctor-ui,N,TypeScript,2020-04-08 04:21:19,N,0,2021-01-28 22:06:40,N
169139602,https://api.github.com/repos/lexogrine/hud-manager,59583616,hud-manager,All-in-one broadcast & HUDs Manager,TypeScript,2020-04-24 09:05:58,N,0,2021-03-03 22:03:27,N
169162415,https://api.github.com/repos/BasileTrujillo/typescript-react-boilerplate,32039505,typescript-react-boilerplate,Yet another opinionated React Boilerplate using Typescript and including some tools and best practices ,TypeScript,2020-04-07 07:05:58,N,0,2021-03-05 10:27:31,N
169184278,https://api.github.com/repos/anthonyjoeseph/history-stream,2247194,history-stream,A mockable take on redux-first-router using reactive streams,TypeScript,2020-04-10 18:54:58,N,0,2021-01-04 06:45:24,N
169248433,https://api.github.com/repos/DJAndries/dreamfire,2731932,dreamfire,"Spartan, browser-based, multiplayer-ready, full stack game framework. Communications over GraphQL.",TypeScript,2020-04-09 03:23:30,N,0,2020-12-19 20:33:47,N
169410378,https://api.github.com/repos/Hiberbee/template-typescript-graphql,40204876,template-typescript-graphql,Includes Apollo Server Gateway with schema federation and Faker API instance,TypeScript,2020-04-11 10:38:58,N,0,2021-02-16 11:37:26,N
169467689,https://api.github.com/repos/GBShadow/newGoBarberTypescript,51363482,newGoBarberTypescript,N,TypeScript,2020-04-28 16:33:56,N,0,2021-03-01 18:45:07,N
169475167,https://api.github.com/repos/Hiberbee/template-backend-ts-graphql,40204876,template-backend-ts-graphql,Includes Apollo Server Gateway with schema federation and Faker API instance,TypeScript,2020-04-11 10:38:58,N,0,2020-07-13 13:49:58,N
169496605,https://api.github.com/repos/tiny0918/tintui,54508538,tintui,site is published at ,TypeScript,2020-04-14 11:35:06,N,0,2021-01-07 14:58:40,N
169559330,https://api.github.com/repos/ibuckner/sankey,17633770,sankey,My take on building a Sankey chart. Demo:,TypeScript,2020-04-28 07:08:00,N,0,2020-12-26 15:53:33,N
169723884,https://api.github.com/repos/wellingtonleitedev/GoBarber,59685016,GoBarber,N,TypeScript,2020-04-25 16:56:23,N,0,2021-01-07 06:10:13,N
169749977,https://api.github.com/repos/Visual-Regression-Tracker/sdk-js,58100405,sdk-js,N,TypeScript,2020-04-21 16:23:15,N,0,2021-02-16 12:48:46,N
169764520,https://api.github.com/repos/ioneone/platformer,30745215,platformer,N,TypeScript,2020-04-30 04:34:11,N,0,2020-10-04 02:42:29,N
169768559,https://api.github.com/repos/aws-devax/serverless-series-demo,56285473,serverless-series-demo,N,TypeScript,2020-04-25 06:20:40,N,0,2021-01-04 10:09:09,N
169865194,https://api.github.com/repos/ashnamuh/cra-template-ashsaga,16135910,cra-template-ashsaga,N,TypeScript,2020-04-09 12:25:06,N,0,2020-07-29 09:05:52,N
169890304,https://api.github.com/repos/Karail/VK_Node.js,44015360,VK_Node.js,N,TypeScript,2020-04-12 18:06:03,N,0,2020-09-13 01:05:29,N
169910415,https://api.github.com/repos/makeproaudio/parameters-js,57895563,parameters-js,A generic real-time values synchronisation framework,TypeScript,2020-04-15 12:43:18,N,0,2021-02-16 14:52:56,N
170026973,https://api.github.com/repos/Dawid-Dahl/art-poem,47486338,art-poem,Share and discover poems along with fitting art or photography.,TypeScript,2020-04-19 13:52:17,N,0,2020-12-10 17:55:33,N
170044741,https://api.github.com/repos/Dooor/word-chain,10160707,word-chain,N,TypeScript,2020-04-29 07:54:21,N,0,2021-02-06 16:09:54,N
170083264,https://api.github.com/repos/edgefront/cms-mono,59767030,cms-mono,frontpage and cms mono repo,TypeScript,2020-04-15 01:47:49,N,0,2021-03-02 02:30:00,N
170461434,https://api.github.com/repos/Headstorm/rasa-ui,49174207,rasa-ui,N,TypeScript,2020-04-19 20:07:30,N,0,2020-10-20 14:43:04,N
170477109,https://api.github.com/repos/daniel83fr/genealogy-web,17952044,genealogy-web,web page for genealogy project,TypeScript,2020-04-25 14:23:59,N,0,2021-03-06 04:24:15,N
170508843,https://api.github.com/repos/afjusto/expenses-tracker,5423547,expenses-tracker,An app to track expenses and budget planning.,TypeScript,2020-04-25 17:50:55,N,0,2021-01-29 09:54:49,N
170751973,https://api.github.com/repos/Myang3577/virtual-cinema-records,45950137,virtual-cinema-records,N,TypeScript,2020-04-11 21:20:28,N,0,2021-03-03 03:20:05,N
170961776,https://api.github.com/repos/VirginiaJ/React-product-management-app,54366953,React-product-management-app,"CRUD application using MUI table, react routing and firebase",TypeScript,2020-04-29 17:29:36,N,0,2021-01-06 11:48:52,N
171051765,https://api.github.com/repos/chartwerk/grafana-chartwerk-app,57091946,grafana-chartwerk-app,Chartwerk line and bar pods (panels) for Grafana,TypeScript,2020-04-07 16:49:27,N,0,2021-02-24 18:38:00,N
171067231,https://api.github.com/repos/spiritbro1/durdevacmap,49777973,durdevacmap,map of durdevac croatia creating with leaflet and angular 8,TypeScript,2020-04-05 23:18:59,N,0,2021-02-11 01:37:09,N
171075783,https://api.github.com/repos/AndyIsCool5463/rice-bot,34967174,rice-bot,Fully fledged discord bot made in TS.,TypeScript,2020-04-22 00:35:17,N,0,2020-07-15 03:25:03,N
171080442,https://api.github.com/repos/vuongnnguyen/ionic-appchat-client,52199510,ionic-appchat-client,N,TypeScript,2020-04-08 04:54:30,N,0,2020-10-27 14:55:18,N
171084638,https://api.github.com/repos/SungJinWoo-SL/groovin,54057181,groovin,N,TypeScript,2020-04-30 23:37:41,159896138,0,2020-09-09 07:47:07,1703274426
171124117,https://api.github.com/repos/Ohlasy/duct-tape,8123364,duct-tape,Pomocné skripty pro integraci různých služeb,TypeScript,2020-04-01 14:49:12,N,0,2021-01-27 14:36:53,N
171204579,https://api.github.com/repos/blueskyfish/nestjs-backend-starter,8054477,nestjs-backend-starter,A small nestjs backend with integration of mysql,TypeScript,2020-04-15 07:28:55,N,0,2021-02-04 09:00:46,N
171447859,https://api.github.com/repos/mitre/heimdall2,1001563,heimdall2,Welcome to heimdall2k,TypeScript,2020-04-15 19:59:46,N,0,2021-02-28 20:12:01,N
171513419,https://api.github.com/repos/usdigitalresponse/storefront,56282672,storefront,Platform for online ordering of food for delivery or pickup,TypeScript,2020-04-23 18:09:41,N,0,2021-02-26 14:05:09,N
171579411,https://api.github.com/repos/sql-koala/Vim,59558901,Vim,:star: Vim for Visual Studio Code,TypeScript,2020-04-17 09:15:58,28958762,0,2021-02-26 20:17:41,1711120325
171608954,https://api.github.com/repos/tuan231195/vdtn359-news,60112768,vdtn359-news,N,TypeScript,2020-04-11 12:49:08,N,0,2020-12-17 06:37:38,N
171726133,https://api.github.com/repos/tani/markdown-it-mathjax3,13448773,markdown-it-mathjax3,Add Math to your Markdown with a KaTeX plugin for Markdown-it,TypeScript,2020-04-16 21:48:36,33389139,0,2021-02-25 09:41:11,530084605
171892582,https://api.github.com/repos/alan-toledo/GAE-standard-flexible,53296606,GAE-standard-flexible,"App Engine (Standard and Flexible): Google Cloud Storage, Google Cloud Datastore, Node.js, Angular 7.2, Python 3.7",TypeScript,2020-04-26 00:49:12,N,0,2020-09-13 13:00:48,N
171979063,https://api.github.com/repos/AumyF/blog,60189788,blog,N,TypeScript,2020-04-29 04:39:35,N,0,2020-09-29 19:18:48,N
172323713,https://api.github.com/repos/rdhox/electron-lightube,41609280,electron-lightube,N,TypeScript,2020-04-20 20:56:05,N,0,2021-01-29 08:51:21,N
172421691,https://api.github.com/repos/srinivasan-dev/ng-tutorial,59529662,ng-tutorial,Angular tutorial ,TypeScript,2020-04-22 08:22:44,N,0,2020-09-11 21:30:40,N
172429292,https://api.github.com/repos/IronicPickle/elite-community-companion,36440751,elite-community-companion,Elite: Dangerous Squadron Management Bot,TypeScript,2020-04-13 14:47:08,N,0,2020-07-22 15:48:29,N
172439468,https://api.github.com/repos/martinfoldyna/vipsgas_promo,43767155,vipsgas_promo,N,TypeScript,2020-04-15 18:09:14,N,0,2021-01-07 09:00:10,N
172515906,https://api.github.com/repos/Bookman0001/rigel,40617080,rigel,"I made original photo storage service using firebase, TypeScript, React.js and Node.js.",TypeScript,2020-04-17 13:28:29,N,0,2021-03-03 11:40:34,N
172584063,https://api.github.com/repos/anthowen/only-for-screen,59247744,only-for-screen,angular directive for detecting screen resolution,TypeScript,2020-04-01 17:06:43,N,0,2021-02-12 08:51:24,N
172588843,https://api.github.com/repos/RYAZHAPOVILNUR/nikah-app-deprecated,45505406,nikah-app-deprecated,N,TypeScript,2020-04-08 13:54:04,N,0,2020-12-10 18:33:01,N
172615237,https://api.github.com/repos/IronicPickle/elite-community-master,36440751,elite-community-master,Elite: Dangerous Squadron Management Website,TypeScript,2020-04-03 17:47:30,N,0,2020-07-09 16:27:22,N
172980631,https://api.github.com/repos/TutoDS/covid-tracking-system,12536617,covid-tracking-system,COVID Tracking System is a web app with the purpose to store COVID-19 tests and the information related,TypeScript,2020-04-29 09:28:39,N,0,2021-02-19 12:43:10,N
173254438,https://api.github.com/repos/aws/jsii-docgen,931361,jsii-docgen,Generates reference documentation for jsii modules,TypeScript,2020-04-20 08:26:14,N,0,2021-03-03 11:13:42,N
173293286,https://api.github.com/repos/antonio-marasescu/EduBlock,52159546,EduBlock,EduBlock represents a private blockchain platform intended for the sharing of educational records between universities. It was created to serve as my bachelor thesis degree.,TypeScript,2020-04-06 22:08:23,N,0,2021-01-07 16:15:43,N
173316123,https://api.github.com/repos/praneethreddybilakanti/angular,60474630,angular,angular,TypeScript,2020-04-16 07:41:18,N,0,2020-09-11 20:20:39,N
173473558,https://api.github.com/repos/LucasRKS/GoBarber-Bootcamp-Rocketseat-2020,47675933,GoBarber-Bootcamp-Rocketseat-2020,GoBarber - Bootcamp GoStack 2020,TypeScript,2020-04-19 18:05:19,N,0,2021-01-07 15:28:29,N
173523909,https://api.github.com/repos/HemanthKona/eternal-resume-builder,4969725,eternal-resume-builder,Eternal Resume Builder,TypeScript,2020-04-08 20:30:35,N,0,2021-01-22 16:12:03,N
173621501,https://api.github.com/repos/keshann93/semantic-live,57935102,semantic-live,✏️ Real-time Preview Enabled Semantic UI Composer for vscode,TypeScript,2020-04-25 09:55:32,N,0,2020-08-06 05:18:54,N
173624170,https://api.github.com/repos/Hypothesize/somatic,41778944,somatic,"Functional, asynchronous, JSX component-based UI library + Core library of sample components",TypeScript,2020-04-20 15:18:15,N,0,2020-09-26 00:03:53,N
174161393,https://api.github.com/repos/bitfocusas/grafikk,56357141,grafikk,Grafikk,TypeScript,2020-04-12 22:45:59,N,0,2021-02-24 12:25:05,N
174207586,https://api.github.com/repos/anshoool/serverless-todo-udacity,60492865,serverless-todo-udacity,N,TypeScript,2020-04-12 06:03:06,N,0,2021-01-07 04:27:52,N
174230738,https://api.github.com/repos/mui-org/material-ui-x,39570356,material-ui-x,"The eXtension of Material-UI that contains the advanced, non-MIT components.",TypeScript,2020-04-30 14:52:39,N,0,2021-02-28 11:35:14,N
174260616,https://api.github.com/repos/wpkyoto/react-github-ribbons,59330112,react-github-ribbons,N,TypeScript,2020-04-15 07:57:20,N,0,2021-02-04 04:46:38,N
174309783,https://api.github.com/repos/amano--/tasting,2105399,tasting,N,TypeScript,2020-04-17 21:50:31,N,0,2021-01-26 08:49:31,N
174341734,https://api.github.com/repos/lbcosta/rocketseat-bootcamp-2020-backend,38142616,rocketseat-bootcamp-2020-backend,Back-end do GoBarber (Bootcamp Rocketseat 2020),TypeScript,2020-04-22 18:17:17,N,0,2020-09-02 03:44:14,N
174359339,https://api.github.com/repos/andrewg010/html-styled-react-parser,39833015,html-styled-react-parser,N,TypeScript,2020-04-27 02:01:10,N,0,2021-01-24 07:04:31,N
174415504,https://api.github.com/repos/andrewg010/ag-personal,39833015,ag-personal,My portfolio and blog site made with Next.js,TypeScript,2020-04-17 00:04:26,N,0,2021-02-10 10:05:42,N
174461129,https://api.github.com/repos/udevbe/react-canvaskit,11581045,react-canvaskit,Experiment in creating a custom react renderer using an offscreen webgl canvas on top of Skia CanvasKit,TypeScript,2020-04-10 10:56:22,N,0,2021-03-05 04:34:20,N
174618179,https://api.github.com/repos/Hypothesize/standard,41778944,standard,Standard library for TypeScript/JavaScript,TypeScript,2020-04-20 14:18:46,N,0,2020-08-03 02:21:09,N
174925520,https://api.github.com/repos/andrewg010/typescript-react-template,39833015,typescript-react-template,N,TypeScript,2020-04-26 22:55:06,N,0,2020-10-23 14:07:24,N
175316819,https://api.github.com/repos/globaldothealth/list,60867228,list,Repository for the HealthMap/GDO open epidemiology collaboration.,TypeScript,2020-04-15 16:42:05,N,0,2021-03-04 05:44:06,N
175376635,https://api.github.com/repos/otaithleigh/aisc-model-viewer,12698267,aisc-model-viewer,N,TypeScript,2020-04-09 14:07:35,N,0,2021-02-06 23:29:59,N
175507750,https://api.github.com/repos/GGrassiant/react-native-base-app,50333955,react-native-base-app,React Native practice App (RN cli) - Tinder-like job app,TypeScript,2020-04-22 01:36:18,N,0,2020-10-21 06:21:59,N
175515127,https://api.github.com/repos/bounoable/calendair,13206546,calendair,N,TypeScript,2020-04-08 18:06:44,N,0,2020-12-10 03:00:46,N
175656626,https://api.github.com/repos/Groww/viserion,56032149,viserion,React native common components kit ,TypeScript,2020-04-20 06:23:14,N,0,2020-09-29 10:38:24,N
175899004,https://api.github.com/repos/camp-team/menu-suggestion,57481085,menu-suggestion,献立提案サービス,TypeScript,2020-04-24 07:15:39,N,0,2020-12-31 23:38:13,N
175941322,https://api.github.com/repos/nuxt-community/storybook,36601454,storybook,Storybook integration with Nuxt.js,TypeScript,2020-04-20 10:10:28,N,0,2021-03-05 08:35:21,N
176098516,https://api.github.com/repos/Elakiyaa-P/Angular-Projects,46939836,Angular-Projects,N,TypeScript,2020-04-30 13:15:12,N,0,2020-09-11 23:05:55,N
176172559,https://api.github.com/repos/ATS-UAE/car-rental-management-api,60375994,car-rental-management-api,API wrapper for car-rental-management-server,TypeScript,2020-04-24 04:08:15,N,0,2021-02-24 20:36:34,N
176190740,https://api.github.com/repos/mx-space/kami,56564856,kami,Kami is mx-space's default web frontend theme. So cute and lovely.,TypeScript,2020-04-13 12:26:01,N,0,2021-03-05 01:58:32,N
176392712,https://api.github.com/repos/pickk-dev/item-info-crawl,55283608,item-info-crawl,쇼핑몰들의 아이템 정보를 크롤링합니다.,TypeScript,2020-04-03 03:55:11,N,0,2020-08-14 09:42:50,N
176430826,https://api.github.com/repos/Hypothesize/storage.js,41778944,storage.js,TypeScript library for storage access through the repository pattern,TypeScript,2020-04-20 15:21:15,N,0,2021-02-05 15:07:19,N
176488626,https://api.github.com/repos/dequelabs/cauldron,1842868,cauldron,N,TypeScript,2020-04-23 18:09:06,N,0,2021-02-24 07:54:15,N
176696291,https://api.github.com/repos/eliseuvideira/nodejs-database-rest-api-starter,50383735,nodejs-database-rest-api-starter,N,TypeScript,2020-04-18 21:02:50,N,0,2021-02-06 06:03:56,N
176944278,https://api.github.com/repos/Sxip/critters,42725418,critters,Critters is a server implementation of Box Critters written entirely using TypeScript. ,TypeScript,2020-04-15 01:24:14,N,0,2021-01-22 11:03:56,N
176957525,https://api.github.com/repos/Hypothesize/standard.js,41778944,standard.js,Standard library for TypeScript/JavaScript,TypeScript,2020-04-20 14:18:46,N,0,2021-02-27 16:11:38,N
177261802,https://api.github.com/repos/agustinhopneto/gobarber,53745577,gobarber,Aplicação para agendamento de uma barbearia!,TypeScript,2020-04-24 14:49:27,N,0,2021-02-20 16:13:57,N
177417177,https://api.github.com/repos/inrupt/pod-browser,10272714,pod-browser,N,TypeScript,2020-04-28 13:39:47,N,0,2021-02-25 13:51:51,N
177418545,https://api.github.com/repos/alvaro-octal/node-esios-api,48880210,node-esios-api,Unofficial esios api client for NodeJS and web,TypeScript,2020-04-17 19:17:16,N,0,2021-02-22 06:11:45,N
177488581,https://api.github.com/repos/idelse/idena-pocket,61307523,idena-pocket,A web wallet for idena.,TypeScript,2020-04-11 15:01:49,N,0,2020-12-19 11:35:51,N
177519418,https://api.github.com/repos/jaskaran5911/lost-cars-portal,61325545,lost-cars-portal,N,TypeScript,2020-04-16 13:11:34,N,0,2020-10-27 00:10:24,N
177542641,https://api.github.com/repos/AppBox-project/supervisor,61266729,supervisor,N,TypeScript,2020-04-04 18:15:33,N,0,2021-03-02 12:01:21,N
177728689,https://api.github.com/repos/carlosallexandre/GoStackChallenges,56486236,GoStackChallenges,[GoStack] Repositório contendo as resoluções dos desafios do Bootcamp GoStack 11,TypeScript,2020-04-15 00:32:44,N,0,2021-01-07 17:56:00,N
177732592,https://api.github.com/repos/mxttwoods/nestjs-functions,55252082,nestjs-functions,firebase cloud functions API ,TypeScript,2020-04-16 23:24:12,N,0,2020-09-28 18:39:13,N
177745904,https://api.github.com/repos/Regional-Australia-Bank/ADR-Gateway,61373538,ADR-Gateway,A gateway ready to interact with the Australian Consumer Data Right ecosystem. Allows Accredited Data Recipients to quickly deploy their software products and participate in the CDR without needing to develop the complexities of boiler-plate data recipien,TypeScript,2020-04-20 01:10:55,N,0,2021-03-03 06:45:13,N
177981296,https://api.github.com/repos/aposphere/survey-frontend,13637189,survey-frontend,Client frontend app providing a web interface for surveys.,TypeScript,2020-04-06 09:34:56,N,0,2020-10-29 21:03:02,N
178089249,https://api.github.com/repos/y-noguchi-unext/front-end-tech-comparison,45805224,front-end-tech-comparison,N,TypeScript,2020-04-27 09:01:22,N,0,2021-01-07 18:01:59,N
178144128,https://api.github.com/repos/gustaandrade/gustaandrade.com,4265890,gustaandrade.com,Este repositório contém os códigos-fonte para as versões web e mobile do meu novo portfólio,TypeScript,2020-04-22 21:25:25,N,0,2020-12-19 14:08:49,N
178371147,https://api.github.com/repos/jpoehnelt/chrome-meet-webhook-extension,51704842,chrome-meet-webhook-extension,N,TypeScript,2020-04-16 16:27:42,N,0,2021-02-23 09:51:04,N
178441937,https://api.github.com/repos/bishopcais/cog-cli,59028347,cog-cli,CLI interface for managing cogs on a given system,TypeScript,2020-04-25 23:13:25,N,0,2021-02-27 12:17:19,N
178463767,https://api.github.com/repos/SideQuestVR/SideQuest,54966852,SideQuest,N,TypeScript,2020-04-11 11:26:48,N,0,2021-03-05 05:30:53,N
178635586,https://api.github.com/repos/aposphere/survey,13637189,survey,Service providing server backend for surveys.,TypeScript,2020-04-05 20:00:25,N,0,2020-10-31 14:04:56,N
178868568,https://api.github.com/repos/pickk-dev/pickk-crawl,55283608,pickk-crawl,쇼핑몰들의 아이템 정보를 크롤링합니다.,TypeScript,2020-04-03 03:55:11,N,0,2020-12-26 06:18:53,N
179028373,https://api.github.com/repos/jiyuujin/vue-picker,6217826,vue-picker,"A Date Single, Date and Date-Time Range Picker created by Vue.js",TypeScript,2020-04-25 08:20:01,N,0,2021-01-02 12:39:27,N
179106407,https://api.github.com/repos/go-cristian/monorepo-template,60668700,monorepo-template,N,TypeScript,2020-04-29 18:41:01,N,0,2021-02-06 19:06:16,N
179110051,https://api.github.com/repos/OrangutanBot/orangutan,61661684,orangutan,N,TypeScript,2020-04-20 02:38:05,N,0,2020-08-24 17:48:06,N
179111469,https://api.github.com/repos/OrangutanBot/web-main,61661684,web-main,N,TypeScript,2020-04-29 04:20:12,N,0,2020-09-05 03:37:56,N
179126553,https://api.github.com/repos/ruan-almeida-c/bootcamp,53047269,bootcamp,Exercicios realizados durante o bootcamp da rocketseat,TypeScript,2020-04-26 20:06:41,N,0,2021-01-07 18:06:48,N
179259945,https://api.github.com/repos/penfoldium/moonlight,50686247,moonlight,N,TypeScript,2020-04-23 16:23:54,N,0,2020-11-20 07:50:21,N
179398845,https://api.github.com/repos/atomicpages/table-utils,565598,table-utils,N,TypeScript,2020-04-22 04:53:47,N,0,2021-02-22 20:18:43,N
179466444,https://api.github.com/repos/felipeffranco/gostackbootcamp-full,49012916,gostackbootcamp-full,Bootcamp Rocketseat,TypeScript,2020-04-11 02:23:49,N,0,2021-01-07 18:04:15,N
179513950,https://api.github.com/repos/Coiven/vue-next,59550991,vue-next,The next major version of Vue (WIP),TypeScript,2020-04-17 01:15:22,137622810,0,2020-08-27 14:00:48,1807054128
179647254,https://api.github.com/repos/rahulthampi/rahulthampi.com,32025390,rahulthampi.com,N,TypeScript,2020-04-28 21:21:57,N,0,2021-02-24 09:15:52,N
179732079,https://api.github.com/repos/darwinia-network/dj,51609002,dj,Darwinia Bridge Relayer CLI,TypeScript,2020-04-01 19:23:22,N,0,2020-12-08 06:25:32,N
179759691,https://api.github.com/repos/fangnx/code-daily,35529760,code-daily,N,TypeScript,2020-04-29 04:40:00,N,0,2021-03-01 22:28:54,N
179810716,https://api.github.com/repos/blank-development/react-hookbox,60919045,react-hookbox,Collection of useful react hooks,TypeScript,2020-04-18 09:52:07,N,0,2020-08-29 15:30:35,N
180071765,https://api.github.com/repos/RazvanRauta/nextjs-strapi,44742898,nextjs-strapi,NextJs and Strapi app,TypeScript,2020-04-21 18:27:32,N,0,2021-02-27 09:39:35,N
180288016,https://api.github.com/repos/egoist/next-fullstack-starter,8238940,next-fullstack-starter,Next.js + Prisma + TailwindCSS + (Type-)GraphQL,TypeScript,2020-04-26 08:05:50,N,0,2021-03-05 09:48:53,N
180317931,https://api.github.com/repos/jfandy1982/emby-data-check-ui-angular-material,8199348,emby-data-check-ui-angular-material,Website with Angular & Material Design frameworks for my personal Emby Data Check Tool ,TypeScript,2020-04-26 18:42:15,N,0,2020-09-15 18:20:05,N
180415716,https://api.github.com/repos/jfandy1982/emby-data-check-backend,8199348,emby-data-check-backend,Backend API for my personal Emby Data Check Tool,TypeScript,2020-04-22 19:13:29,N,0,2021-02-25 21:26:23,N
180592915,https://api.github.com/repos/infinite-cat/recap.dev-client,61824922,recap.dev-client,A client-side recap.dev Node.js tracing library,TypeScript,2020-04-24 10:13:38,N,0,2021-02-24 07:33:23,N
180594534,https://api.github.com/repos/kaviarjs/graphql-bundle,51514877,graphql-bundle,GraphQL Module Loader,TypeScript,2020-04-13 08:11:32,N,0,2021-03-01 03:37:10,N
180760999,https://api.github.com/repos/benji6/moodtracker,5029385,moodtracker,A serverless and offline-first PWA that lets you track your mood,TypeScript,2020-04-07 07:22:55,N,0,2021-02-27 18:31:21,N
180896593,https://api.github.com/repos/frunkad/brokerage-dashboard,39310112,brokerage-dashboard,N,TypeScript,2020-04-09 19:01:00,N,0,2020-09-19 14:50:24,N
180911872,https://api.github.com/repos/nativescript-community/push,51560487,push,N,TypeScript,2020-04-17 09:02:59,N,0,2021-02-13 20:41:45,N
181621708,https://api.github.com/repos/rx-angular/rx-angular,62231081,rx-angular,Reactive Extensions for Angular,TypeScript,2020-04-02 11:40:56,N,0,2021-03-05 10:40:42,N
181623303,https://api.github.com/repos/reymon359/gatsby-personal-site,38853288,gatsby-personal-site,My personal site made with Gatsby,TypeScript,2020-04-27 19:16:16,N,0,2021-02-25 22:36:23,N
181623808,https://api.github.com/repos/GunnarHolwerda/turnip-infrastructure,3251074,turnip-infrastructure,Infrastructure repo for the turnip bot,TypeScript,2020-04-26 01:11:12,N,0,2021-03-05 06:06:52,N
181634473,https://api.github.com/repos/guilhermepdc/GoStack,52968774,GoStack,Rocketseat | GoStack Bootcamp #11 - GoBarber is an application for scheduling beauty salons.,TypeScript,2020-04-19 00:14:45,N,0,2021-02-12 04:39:21,N
181940596,https://api.github.com/repos/Headstorm/foundry-ui,49174207,foundry-ui,N,TypeScript,2020-04-19 20:07:30,N,0,2021-03-02 06:03:16,N
182008937,https://api.github.com/repos/alailsonko/InterfaceWebClones-React,51732770,InterfaceWebClones-React,making clones for learn React,TypeScript,2020-04-10 17:41:46,N,0,2020-10-28 20:16:58,N
182498039,https://api.github.com/repos/jasonkuhrt/template-typescript-lib,30103,template-typescript-lib,Project template for TypeScript libraries,TypeScript,2020-04-29 01:02:41,N,0,2021-03-01 06:08:18,N
182498497,https://api.github.com/repos/jasonkuhrt/floggy,30103,floggy,Delightful logging library that is pretty practical & performant,TypeScript,2020-04-29 02:45:00,N,0,2021-03-05 01:03:36,N
183214623,https://api.github.com/repos/Toreda/ADT,62232982,ADT,N,TypeScript,2020-04-26 02:20:25,N,0,2021-03-02 23:53:34,N
183373266,https://api.github.com/repos/netwerk-digitaal-erfgoed/network-of-terms-api,34420630,network-of-terms-api,Prototype: Network of Terms and Comunica,TypeScript,2020-04-16 19:29:33,N,0,2021-03-01 10:39:10,N
183618816,https://api.github.com/repos/Groww/frontatish,56032149,frontatish,A React native common components kit and helper methods,TypeScript,2020-04-20 06:23:14,N,0,2021-02-19 15:33:27,N
183663382,https://api.github.com/repos/ganatan/angular-example-typescript,57298097,angular-example-typescript,Angular 10 example Typescript & Bootstrap,TypeScript,2020-04-21 10:56:18,N,0,2020-10-19 10:23:14,N
183772972,https://api.github.com/repos/gpn-prototypes/vega-sp,52857294,vega-sp,N,TypeScript,2020-04-24 10:07:19,N,0,2021-02-25 04:14:18,N
183837344,https://api.github.com/repos/jiegouyun/outreaderjs,62883336,outreaderjs,N,TypeScript,2020-04-14 01:02:37,N,0,2021-02-24 10:00:07,N
184519588,https://api.github.com/repos/ganatan/angular-example-crud,57298097,angular-example-crud,Angular 10 Example API-CRUD,TypeScript,2020-04-26 08:00:06,N,0,2020-10-02 20:09:38,N
184654628,https://api.github.com/repos/AntonLukichev/cms,2235016,cms,CMS boilerplate for sites/blogs/landings,TypeScript,2020-04-12 08:02:04,N,0,2021-02-25 08:43:52,N
184825214,https://api.github.com/repos/toreda/log,62232982,log,N,TypeScript,2020-04-03 22:11:51,N,0,2021-03-04 20:00:12,N
184878928,https://api.github.com/repos/yatsbashy/yatsbashy-blog,62948963,yatsbashy-blog,My blog powered by GatsbyJS,TypeScript,2020-04-28 13:20:15,N,0,2021-03-01 22:14:56,N
184903741,https://api.github.com/repos/AumyF/blog.hppd.dev,60189788,blog.hppd.dev,my blog.,TypeScript,2020-04-29 04:39:35,N,0,2021-03-05 10:32:01,N
185334582,https://api.github.com/repos/mauricedb/yup-faker,1411219,yup-faker,Yup schema with fake data generation,TypeScript,2020-04-12 15:17:43,N,0,2021-03-06 10:48:14,N
185701306,https://api.github.com/repos/the-dr-lazy/the-dr-lazy.github.io,61025418,the-dr-lazy.github.io,Technical & Biologic Words from My Heart,TypeScript,2020-04-21 23:02:59,N,0,2021-03-01 02:33:53,N
185732776,https://api.github.com/repos/equinor/sepes-web,43041062,sepes-web,Source code for the Sepes web application,TypeScript,2020-04-30 06:43:02,N,0,2021-03-02 13:30:25,N
186132285,https://api.github.com/repos/alailsonko/cart-reactjs,51732770,cart-reactjs,making clones for learn React,TypeScript,2020-04-10 17:41:46,N,0,2021-02-03 05:04:35,N
186252805,https://api.github.com/repos/evolvedbinary/jdita,30724167,jdita,Tool for converting LwDITA XDITA format to JSON,TypeScript,2020-04-28 22:03:47,N,0,2021-03-03 12:08:48,N
186678373,https://api.github.com/repos/Buddy-Git/typescript-library-boilerplace,37513868,typescript-library-boilerplace,Typescript library boilerplate,TypeScript,2020-04-15 19:36:06,N,0,2020-12-13 18:20:48,N
186782449,https://api.github.com/repos/toreda/action-result,62232982,action-result,N,TypeScript,2020-04-06 17:40:39,N,0,2020-12-24 10:18:11,N
187154066,https://api.github.com/repos/rizky/graphql-code-generator,7800699,graphql-code-generator,GraphQL code generator with flexible support for custom plugins and templates,TypeScript,2020-04-25 09:08:19,52626008,0,2021-02-16 13:20:19,1895478179
188152394,https://api.github.com/repos/nativescript-community/gps,51560487,gps,N,TypeScript,2020-04-29 13:19:21,N,0,2021-02-16 04:19:46,N
188794636,https://api.github.com/repos/PeterChauYEG/Magnum-Opus-Launcher,5753421,Magnum-Opus-Launcher,N,TypeScript,2020-04-26 09:12:45,N,0,2021-01-28 22:34:01,N
189076620,https://api.github.com/repos/ginping/grafana,63931818,grafana,"The tool for beautiful monitoring and metric analytics & dashboards for Graphite, InfluxDB & Prometheus & More",TypeScript,2020-04-01 03:23:33,9527814,0,2021-03-06 09:34:36,1929418567
189509142,https://api.github.com/repos/sciety/sciety,64035852,sciety,Where research is evaluated and curated by the communities you trust,TypeScript,2020-04-15 15:00:24,N,0,2021-03-01 09:19:00,N
189540355,https://api.github.com/repos/kulyk/kulyk.xyz,52049571,kulyk.xyz,Anton's Blog Source,TypeScript,2020-04-13 15:26:40,N,0,2021-02-22 07:21:12,N
189675812,https://api.github.com/repos/alexthemaster/moonlight,14138898,moonlight,Yet another Discord.js framework,TypeScript,2020-04-23 16:23:54,N,0,2021-02-22 07:25:07,N
189967303,https://api.github.com/repos/fahrulalwan/fahrulalwan,48063533,fahrulalwan,My personal portofolio website (next-js based),TypeScript,2020-04-24 10:22:07,N,0,2021-03-01 07:16:32,N
189970979,https://api.github.com/repos/ViniciusColares/portfolio,3892728,portfolio,My main project that intends to translate my own for web.,TypeScript,2020-04-12 03:35:20,N,0,2021-02-19 23:47:32,N
190022047,https://api.github.com/repos/DEV-MUGLES/pickk-crawl,64163818,pickk-crawl,쇼핑몰들의 아이템 정보를 크롤링합니다.,TypeScript,2020-04-03 03:55:11,N,0,2021-02-09 02:34:07,N
190598268,https://api.github.com/repos/OpenZeppelin/openzeppelin-transpiler,30576627,openzeppelin-transpiler,N,TypeScript,2020-04-24 20:57:26,N,0,2021-02-21 14:00:51,N
190946783,https://api.github.com/repos/rxjs-ninja/rxjs-ninja,64314273,rxjs-ninja,"RxJS Operators for handling Observable strings, numbers, booleans and more",TypeScript,2020-04-22 12:25:35,N,0,2021-02-15 09:58:53,N
191701392,https://api.github.com/repos/hydro-sdk/hydro_demo,64161519,hydro_demo,N,TypeScript,2020-04-13 02:58:59,N,0,2021-02-24 23:11:12,N
191982344,https://api.github.com/repos/fabriceTOUSSAINT/fabricebt,3887979,fabricebt,N,TypeScript,2020-04-04 18:11:03,N,0,2021-03-03 06:20:10,N
192047432,https://api.github.com/repos/camp-team/menu-forest,57481085,menu-forest,献立提案サービス,TypeScript,2020-04-24 07:15:39,N,0,2021-01-02 02:20:11,N
193358258,https://api.github.com/repos/Hisham-TK/collaborative-filtering-mongoosastic,44943205,collaborative-filtering-mongoosastic,N,TypeScript,2020-04-03 02:35:07,N,0,2021-02-23 08:13:51,N
193731491,https://api.github.com/repos/mierak/booruplus,55439240,booruplus,N,TypeScript,2020-04-11 02:56:41,N,0,2021-02-07 02:52:05,N
193978083,https://api.github.com/repos/vdn-projects/serverless-todo-app,62869941,serverless-todo-app,N,TypeScript,2020-04-17 14:42:43,N,0,2021-01-07 04:58:57,N
193982383,https://api.github.com/repos/ninedev-i/overtour,64841443,overtour,N,TypeScript,2020-04-25 18:39:27,N,0,2021-03-03 10:04:08,N
194355597,https://api.github.com/repos/mkallies/web-saas-fullstack,9755571,web-saas-fullstack,Gatsby + Serverless,TypeScript,2020-04-19 23:30:36,N,0,2021-03-01 16:56:23,N
195374107,https://api.github.com/repos/getshifter/example-ionic-react-wordpress,30966438,example-ionic-react-wordpress,N,TypeScript,2020-04-22 13:43:15,N,0,2021-03-05 17:07:03,N
197209042,https://api.github.com/repos/webhook-buddy/webhook-buddy-server,65217367,webhook-buddy-server,N,TypeScript,2020-04-29 01:04:09,N,0,2021-02-06 14:34:23,N
197209184,https://api.github.com/repos/webhook-buddy/webhook-buddy-client,65217367,webhook-buddy-client,N,TypeScript,2020-04-12 02:20:12,N,0,2021-02-24 01:28:53,N
197302793,https://api.github.com/repos/tuan231195/sportywide-news,60112768,sportywide-news,N,TypeScript,2020-04-11 12:49:08,N,0,2021-02-10 10:07:01,N
198060334,https://api.github.com/repos/Paperback-iOS/extensions-promises,57570589,extensions-promises,Additional sources for Paperback,TypeScript,2020-04-29 22:58:35,N,0,2021-03-04 10:44:16,N
199085075,https://api.github.com/repos/thwonghin/chinese-convert,45198621,chinese-convert,Command line interface to convert between Chinese text.,TypeScript,2020-04-27 16:13:55,N,0,2021-03-05 11:02:33,N
199115536,https://api.github.com/repos/mdewhirst1/play-together,30395182,play-together,app to find which games steam users can play together,TypeScript,2020-04-17 12:40:49,N,0,2021-03-06 14:29:52,N
199434459,https://api.github.com/repos/himanshuMaheshwari2311/Angular-NgRx-Pattern,31903380,Angular-NgRx-Pattern,A simple application to demonstrate use of reactive state management in an Angular project,TypeScript,2020-04-20 16:06:25,N,0,2021-02-09 20:21:26,N
200198531,https://api.github.com/repos/rschlaefli/tab-group-webextension,322059,tab-group-webextension,Cross-browser webextension for tab grouping,TypeScript,2020-04-08 09:04:24,N,0,2021-03-01 07:45:54,N
201857359,https://api.github.com/repos/AW-Web-Design/Components,66891263,Components,"Components built using @orchard/theme, styled-system, and styled-components",TypeScript,2020-04-29 17:13:40,N,0,2021-03-04 22:59:23,N
202750440,https://api.github.com/repos/leonardowf/baroneza,1129556,baroneza,baroneza is a release train to automate boring tasks,TypeScript,2020-04-05 18:42:45,N,0,2021-02-27 22:40:22,N
203016447,https://api.github.com/repos/diegovfeder/culltive,50879566,culltive,N,TypeScript,2020-04-17 19:14:42,N,0,2021-02-18 15:52:03,N
203299912,https://api.github.com/repos/govardhan-srinivas/run-eat-sleep,39549845,run-eat-sleep,"Developed during coronavirus break, to escape from boredom :)",TypeScript,2020-04-29 18:37:57,N,0,2021-02-23 00:44:33,N
203299914,https://api.github.com/repos/govardhan-srinivas/game-2048,39549845,game-2048,"Developed during corona virus break, to escape from boredom :)",TypeScript,2020-04-26 10:36:07,N,0,2021-02-24 00:39:22,N
203708489,https://api.github.com/repos/IronicPickle/community-server-companion,36440751,community-server-companion,Elite: Dangerous Squadron Management Bot,TypeScript,2020-04-13 14:47:08,N,0,2021-02-23 04:32:58,N
203873845,https://api.github.com/repos/transitive-bullshit/twitter-search,37959082,twitter-search,Instantly search across your entire Twitter history with a beautiful UI powered by Algolia.,TypeScript,2020-04-11 02:24:19,N,0,2021-02-24 05:53:51,N
204393704,https://api.github.com/repos/pliancy/intune-node,42087480,intune-node,API wrapper for Intune,TypeScript,2020-04-30 04:58:41,N,0,2021-03-02 10:45:52,N
204393765,https://api.github.com/repos/pliancy/sophos-node,42087480,sophos-node,Wrapper for Sophos API,TypeScript,2020-04-29 22:11:43,N,0,2021-03-01 08:26:59,N
206982285,https://api.github.com/repos/josh-tracey/k8s-debugger,51973434,k8s-debugger,N,TypeScript,2020-04-26 04:10:26,N,0,2021-03-05 17:25:41,N
