author_id,project_id,commit_count,meets_minimum_commits
100225,158274333,345,1
100225,159086947,338,1
100225,159169588,340,1
100225,160126568,338,1
100225,160172193,334,1
100225,162984505,334,1
100225,163096896,334,1
1012303,160105357,27,1
1012303,160276710,34,1
1012303,162218348,151,1
1012303,162273377,55,1
1012303,162357761,52,1
1012303,162548416,44,1
1012303,162903167,11,1
1012303,162930698,14,1
1012303,163010915,12,1
1012303,163013018,10,1
10131838,156469375,44,1
10131838,156979745,19,1
10131838,157477481,13,1
10131838,157628027,91,1
10182850,157654384,19,1
10182850,158562111,19,1
10182850,158655588,19,1
10182850,158737324,19,1
10182850,158817130,19,1
10182850,159512884,19,1
10182850,159560207,19,1
10182850,159701010,19,1
10330243,157002468,33,1
10330243,157020649,102,1
10330243,157608977,38,1
10330243,159124598,14,1
10330243,159275221,28,1
10330243,159290125,56,1
10540545,155132144,41,1
10540545,157180522,42,1
10540545,159116363,45,1
10540545,159186443,32,1
10540545,159747091,50,1
10540545,160583935,22,1
10540545,161926463,26,1
10540545,162914908,10,1
10584987,157770700,15,1
10584987,158687434,15,1
10584987,158948687,15,1
10584987,159487130,15,1
106354,154529585,10,1
106354,156307075,12,1
106354,156321283,170,1
106354,157213502,17,1
106354,160016419,60,1
106354,160188338,58,1
1065732,156138763,163,1
1065732,156139274,154,1
1065732,156140543,41,1
1065732,159154104,24,1
1065732,159459786,168,1
10776453,158137861,23,1
10776453,160152564,14,1
10776453,161173857,15,1
10776453,161813581,43,1
10776453,162753413,40,1
10928391,159172525,42,1
10928391,159173549,43,1
10928391,159174728,42,1
10928391,159191320,42,1
10928391,159191419,42,1
10928391,159191427,42,1
10928391,159191522,42,1
10928391,159191634,42,1
10928391,159191764,42,1
10928391,159191891,42,1
10928391,159238681,38,1
10928391,159268890,78,1
10928391,159270197,73,1
10928391,159367981,42,1
10928391,159781554,38,1
10928391,159795271,42,1
10928391,159968662,76,1
10928391,159968700,74,1
10928391,159982200,37,1
10928391,160139852,45,1
10928391,160145808,40,1
10928391,160288283,40,1
10928391,161490237,153,1
10928391,162288641,109,1
11024749,154819392,29,1
11024749,157087835,11,1
11024749,157299693,28,1
11024749,158871064,21,1
11369509,160860176,95,1
11369509,161973036,20,1
11369509,162322594,36,1
11369509,162668344,30,1
11406615,154493104,15,1
11406615,154529585,10,1
11406615,156307075,15,1
11406615,156321283,142,1
11406615,160016419,75,1
11406615,160188338,80,1
1157216,157482801,342,1
1157216,159791900,17,1
1157216,160014062,17,1
1157216,160158330,12,1
1157216,160310779,45,1
1157216,160558918,10,1
1157216,160674129,17,1
1157216,160695503,15,1
1157216,161419212,27,1
1157216,161486711,21,1
1157216,162464346,15,1
11623115,156770720,12,1
11623115,156888537,17,1
11623115,158567062,17,1
11623115,158587025,17,1
11623115,159419361,17,1
11730222,155370370,35,1
11730222,157489796,35,1
11730222,158308459,35,1
11730222,158559407,35,1
11730222,158872793,35,1
11730222,159146263,35,1
11730222,159382515,35,1
11730222,159482029,35,1
11730222,160159330,35,1
11730222,160712993,35,1
11730222,163015328,13,1
118513,161944502,97,1
118513,162256040,15,1
118513,162897676,50,1
118513,163097946,33,1
11886697,160634877,16,1
11886697,161682292,17,1
11886697,161967394,14,1
11886697,162182011,116,1
12012397,159620022,113,1
12012397,160952539,113,1
12012397,162520686,113,1
12012397,162536022,104,1
120824,155010571,209,1
120824,155147810,83,1
120824,155819872,82,1
120824,160953362,43,1
12110148,157654384,19,1
12110148,158562111,19,1
12110148,158655588,19,1
12110148,158737324,19,1
12110148,158817130,19,1
12110148,159512884,19,1
12110148,159560207,19,1
12110148,159701010,19,1
12213688,157654384,24,1
12213688,158562111,24,1
12213688,158655588,24,1
12213688,158737324,24,1
12213688,158817130,24,1
12213688,159512884,24,1
12213688,159560207,24,1
12213688,159701010,24,1
1226591,156751902,14,1
1226591,157109567,16,1
1226591,157533961,27,1
1226591,157640560,41,1
12294043,159710520,17,1
12294043,160399353,16,1
12294043,160784483,32,1
12294043,161667251,19,1
12294043,161856115,31,1
12294043,162299683,11,1
12372473,154128197,63,1
12372473,154259634,46,1
12372473,156085208,155,1
12372473,156088153,98,1
12397863,157467911,26,1
12397863,159200147,15,1
12397863,159283949,15,1
12397863,159784146,10,1
12397863,159791606,20,1
125871,156126509,13,1
125871,156307075,20,1
125871,156321283,157,1
125871,160016419,76,1
125871,160188338,85,1
12795943,160988579,80,1
12795943,161962969,13,1
12795943,162019434,38,1
12795943,162349417,33,1
1283205,157614094,17,1
1283205,158651241,22,1
1283205,159548899,22,1
1283205,160813667,138,1
1283205,160961361,29,1
1283205,161995232,17,1
1283205,168354564,14,1
1314356,156509788,38,1
1314356,159780799,38,1
1314356,160408685,38,1
1314356,162854165,38,1
13233893,155732756,29,1
13233893,155806492,29,1
13233893,158855141,10,1
13233893,160560382,137,1
1327929,156469375,20,1
1327929,156722815,97,1
1327929,156722816,53,1
1327929,157466080,22,1
1327929,157628027,15,1
135346,154049373,43,1
135346,156982506,23,1
135346,162862917,80,1
135346,162939258,13,1
1360173,155704597,19,1
1360173,155713500,11,1
1360173,156745269,27,1
1360173,156860596,10,1
13643952,154494065,64,1
13643952,154494067,65,1
13643952,154524192,14,1
13643952,154528329,19,1
13810377,154597235,37,1
13810377,155777162,17,1
13810377,155819872,66,1
13810377,156612770,13,1
13810377,156639739,41,1
13810377,156648398,85,1
13810377,156930432,20,1
13810377,157075062,10,1
13810377,157532328,23,1
13810377,157602494,18,1
13810377,157917470,21,1
13810377,157922529,17,1
13810377,158009977,48,1
13810377,158168873,13,1
13810377,158274865,11,1
13810377,158578529,10,1
13810377,158612791,12,1
13810377,158707244,12,1
13810377,158742455,12,1
13810377,159047242,13,1
13810377,159186419,37,1
13810377,159404780,65,1
13810377,159442502,200,1
13810377,159449512,239,1
13810377,159677069,14,1
13810377,159894246,71,1
13810377,159959479,18,1
13810377,160015759,13,1
13810377,160107769,11,1
13810377,160111745,20,1
13810377,160211731,36,1
13810377,160581063,16,1
13810377,160582417,10,1
13810377,160655519,11,1
13810377,160854434,20,1
13810377,160953362,19,1
13810377,161171201,91,1
13810377,161288876,17,1
13810377,161588284,14,1
13810377,162189300,14,1
13810377,162204093,10,1
13810377,162505537,16,1
13810377,162610890,24,1
13810377,163137586,10,1
13810377,163224468,11,1
13810377,163791068,107,1
13810377,165785187,24,1
13810377,170477109,13,1
13810377,171067231,13,1
13810377,171513419,60,1
13810377,172584063,16,1
13810377,174161393,10,1
13810377,177417177,49,1
13810377,177732592,53,1
13810377,179647254,11,1
13810377,185732776,60,1
1417537,161503618,113,1
1417537,162513513,68,1
1417537,162826688,40,1
1417537,167829763,32,1
1431627,157460525,214,1
1431627,160761550,214,1
1431627,160763538,214,1
1431627,160963451,213,1
1431627,161534488,212,1
1431627,161558117,213,1
1431627,162447476,214,1
1431627,162570381,214,1
1464199,155980407,67,1
1464199,159138058,102,1
1464199,160272955,45,1
1464199,167414257,30,1
149464,154538868,232,1
149464,156959620,22,1
149464,157619935,50,1
149464,159247846,294,1
149464,189076620,88,1
15,154481595,39,1
15,155794800,21,1
15,155855546,14,1
15,156047984,104,1
15,156527853,166,1
15,156730791,100,1
15,156793942,10,1
15,156818268,17,1
15,156915432,11,1
15,156998885,16,1
15,157593003,46,1
15,157724269,12,1
15,158663134,49,1
15,158831068,11,1
15,158964128,23,1
15,159254356,24,1
15,159370377,20,1
15,159477402,11,1
15,160012949,20,1
15,160315865,99,1
15,160747160,43,1
15,160899303,42,1
15,161016322,18,1
15,161426599,15,1
15,161728225,10,1
15,162053477,10,1
15,162184699,73,1
15,162418724,16,1
15,162436881,23,1
15,162532596,11,1
15,162591248,72,1
15,162641912,81,1
15,167411212,13,1
15,167818343,17,1
15,168376066,70,1
15,172439468,21,1
16135910,155614590,44,1
16135910,162488116,44,1
16135910,163021681,13,1
16135910,166826094,17,1
16135910,169865194,22,1
162756,154806370,14,1
162756,155370370,21,1
162756,157489796,21,1
162756,158308459,21,1
162756,158559407,21,1
162756,158872793,22,1
162756,159146263,12,1
162756,159382515,22,1
162756,159482029,16,1
162756,160159330,12,1
162756,160712993,22,1
168013,154529585,10,1
168013,156126509,14,1
168013,156272739,13,1
168013,156307075,15,1
168013,156321283,209,1
168013,160016419,55,1
168013,160188338,57,1
1748315,158728562,100,1
1748315,159028238,36,1
1748315,160130287,251,1
1748315,168651447,44,1
1752368,154486486,14,1
1752368,154519132,12,1
1752368,154531135,15,1
1752368,154599876,11,1
1752368,154680617,17,1
1752368,154842650,14,1
1752368,155351968,30,1
1752368,155691799,14,1
1752368,155827668,18,1
1752368,155862499,14,1
1752368,156071195,18,1
1752368,156260685,14,1
1752368,158169755,17,1
1752368,158823510,11,1
1754039,157770334,12,1
1754039,159939548,12,1
1754039,160385884,12,1
1754039,160541886,12,1
1754039,160764245,12,1
1754039,160833161,12,1
1754039,162593901,12,1
1754039,163081796,12,1
17633770,162990047,38,1
17633770,162996435,62,1
17633770,163005568,44,1
17633770,169559330,36,1
179693,157770700,33,1
179693,158687434,33,1
179693,158948687,33,1
179693,159487130,33,1
1840429,156099902,50,1
1840429,156100899,64,1
1840429,156700625,60,1
1840429,159456794,65,1
1840429,161813377,61,1
1840429,161954157,64,1
1840429,162687724,65,1
18556,154785492,30,1
18556,155667979,11,1
18556,157190233,485,1
18556,157649055,640,1
18556,157713442,134,1
18556,157973778,508,1
18556,159206172,222,1
18556,162744722,1171,1
18556,179513950,10,1
1897580,158274333,23,1
1897580,159086947,28,1
1897580,159169588,25,1
1897580,160126568,28,1
1897580,160172193,24,1
1897580,162984505,24,1
1897580,163096896,24,1
1921968,154538868,104,1
1921968,156959620,10,1
1921968,157619935,69,1
1921968,159247846,108,1
1921968,189076620,43,1
1947676,154645537,32,1
1947676,154663703,15,1
1947676,157475925,23,1
1947676,158689769,47,1
2020392,163052747,15,1
2020392,163052894,20,1
2020392,163052941,17,1
2020392,163053340,19,1
2020392,163053446,16,1
2020392,163053548,20,1
2020392,163095619,11,1
2020392,168480592,25,1
2105414,156099902,33,1
2105414,156100899,33,1
2105414,156700625,33,1
2105414,159456794,33,1
2105414,161813377,33,1
2105414,161954157,33,1
2105414,162687724,33,1
2105737,156780398,11,1
2105737,158293846,12,1
2105737,158293995,10,1
2105737,158639550,10,1
2105737,158640595,14,1
2105737,158642946,10,1
212879,154088331,26,1
212879,154504550,56,1
212879,162016511,14,1
212879,162144948,50,1
212879,162226440,14,1
218355,157502095,22,1
218355,159316133,77,1
218355,162434264,77,1
218355,162837108,122,1
218355,162902696,121,1
218355,162992426,121,1
2188014,156099902,25,1
2188014,156100899,25,1
2188014,156700625,25,1
2188014,159456794,25,1
2188014,161813377,25,1
2188014,161954157,25,1
2188014,162687724,25,1
219026,157294825,101,1
219026,159985179,33,1
219026,160144174,19,1
219026,161111186,91,1
220289,156099902,20,1
220289,156100899,20,1
220289,156700625,20,1
220289,159456794,20,1
220289,161813377,20,1
220289,161954157,20,1
220289,162687724,20,1
2228703,154493104,11,1
2228703,154529585,10,1
2228703,156126509,16,1
2228703,156321283,225,1
2228703,157110266,10,1
2228703,160016419,98,1
2228703,160188338,91,1
2228703,171579411,13,1
2246720,157554410,53,1
2246720,157555830,21,1
2246720,158243753,32,1
2246720,158630384,12,1
2246720,159529635,11,1
2246720,159907987,17,1
2246720,160027539,36,1
2247194,157054427,50,1
2247194,160357830,16,1
2247194,161186115,17,1
2247194,169184278,28,1
2266960,154493104,11,1
2266960,156321283,71,1
2266960,160016419,20,1
2266960,160188338,38,1
235439,154538868,35,1
235439,157619935,22,1
235439,159185828,17,1
235439,159247846,47,1
235439,189076620,20,1
23687103,156998260,15,1
23687103,161076568,11,1
23687103,162510967,21,1
23687103,162807645,26,1
239749,157815714,12,1
239749,158164079,12,1
239749,159520265,12,1
239749,159548357,12,1
239749,160019885,12,1
239749,160214870,12,1
239749,160579397,12,1
239749,162971133,10,1
2442739,156509788,100,1
2442739,159780799,89,1
2442739,160408685,98,1
2442739,162854165,100,1
2486521,161948031,17,1
2486521,162148279,26,1
2486521,162205352,38,1
2486521,162205379,27,1
2486521,163067472,12,1
249151,157571717,154,1
249151,159438885,27,1
249151,159638795,47,1
249151,160640346,165,1
249151,168258480,89,1
249151,168394163,28,1
249151,168744982,15,1
2567901,156099902,11,1
2567901,156100899,11,1
2567901,159456794,11,1
2567901,161813377,10,1
2567901,161954157,11,1
2567901,162687724,11,1
2710410,157570613,45,1
2710410,158337974,21,1
2710410,158884652,35,1
2710410,159119604,37,1
2710410,159128911,71,1
2710410,159204189,31,1
2710410,159311791,43,1
2710410,159318054,84,1
2710410,159450317,102,1
2710410,159513832,119,1
2710410,159518036,38,1
2710410,159530648,17,1
2710410,159589802,34,1
2710410,159659782,25,1
2710410,159788828,43,1
2710410,159949230,34,1
2710410,160057282,29,1
2710410,160307838,30,1
2710410,160794693,54,1
2710410,161578883,29,1
271879,158274333,257,1
271879,159086947,265,1
271879,159169588,239,1
271879,160126568,265,1
271879,160172193,261,1
271879,162984505,261,1
271879,163096896,261,1
28332,156948369,46,1
28332,158970173,81,1
28332,161633850,23,1
28332,180911872,22,1
28332,188152394,20,1
2864361,157121162,124,1
2864361,157167323,55,1
2864361,159121686,46,1
2864361,160329788,142,1
2898943,157803528,43,1
2898943,158155121,22,1
2898943,158409851,49,1
2898943,159127597,46,1
2985975,162582103,14,1
2985975,162597814,10,1
2985975,162874664,106,1
2985975,162998037,114,1
2985975,163017515,86,1
2985975,163023652,50,1
2985975,163087635,59,1
2985975,163088871,68,1
2985975,163096600,140,1
2985975,163103310,103,1
2995258,159178409,248,1
2995258,159195561,252,1
2995258,161318592,253,1
2995258,163025747,253,1
30351173,154550960,22,1
30351173,158887365,55,1
30351173,159148945,11,1
30351173,166488887,39,1
30351173,166505108,24,1
3066619,156730791,494,1
3066619,156920537,59,1
3066619,156920542,11,1
3066619,157489578,30,1
30676877,158724895,61,1
30676877,159964775,202,1
30676877,175656626,125,1
30676877,183618816,32,1
30685542,157508274,17,1
30685542,159806415,37,1
30685542,160878136,77,1
30685542,161792034,10,1
30685542,162675502,12,1
30928477,155418836,23,1
30928477,156002903,24,1
30928477,156282165,12,1
30928477,157692512,19,1
31004,154755213,17,1
31004,157514649,16,1
31004,159252491,12,1
31004,159380306,13,1
31004,159563999,10,1
31004,159564929,11,1
31004,159575740,11,1
31004,159585723,12,1
31004,159796032,12,1
31004,160150593,11,1
31004,160150815,12,1
31004,160397230,11,1
31004,161117836,11,1
31004,161911223,19,1
31004,161913814,16,1
31012670,156093525,33,1
31012670,159759861,14,1
31012670,159991265,24,1
31012670,162787999,18,1
31176371,158612791,95,1
31176371,160107769,36,1
31176371,160406408,39,1
31176371,160581063,29,1
31176371,160655519,12,1
31178340,155761207,145,1
31178340,156879806,24,1
31178340,156879812,36,1
31178340,156879813,42,1
31178340,156901046,11,1
31178340,156901120,22,1
31178340,160639178,20,1
31230251,159365919,50,1
31230251,161009126,12,1
31230251,161449625,75,1
31230251,162355748,67,1
31230251,162414157,72,1
31230251,162468028,154,1
31264752,158939563,65,1
31264752,160129845,65,1
31264752,160315333,65,1
31264752,160401398,65,1
31264752,160440732,65,1
31264752,160930798,65,1
31264752,160952655,65,1
31264752,161331151,65,1
31264752,161772019,65,1
314639,154538868,58,1
314639,156959620,12,1
314639,157619935,38,1
314639,159185828,16,1
314639,159247846,52,1
31532238,161800073,49,1
31532238,161801196,11,1
31532238,162843930,22,1
31532238,162972189,41,1
315569,156509788,91,1
315569,159780799,72,1
315569,160408685,96,1
315569,162854165,94,1
31594588,157770700,17,1
31594588,158687434,17,1
31594588,158948687,17,1
31594588,159487130,17,1
31650374,158969232,26,1
31650374,159399713,26,1
31650374,159784507,60,1
31650374,159814793,60,1
3179415,156509788,21,1
3179415,159780799,21,1
3179415,160408685,21,1
3179415,166472465,65,1
31944061,155917924,20,1
31944061,157208311,114,1
31944061,159130513,37,1
31944061,159178409,51,1
31944061,159195561,53,1
31944061,159493870,20,1
31944061,159620353,134,1
31944061,160397246,20,1
31944061,161318592,54,1
31944061,162861977,19,1
31944061,163025747,53,1
32128539,161941812,15,1
32128539,162273381,41,1
32128539,162846635,30,1
32128539,168196777,55,1
32145654,156704017,161,1
32145654,157770334,159,1
32145654,159939548,158,1
32145654,160385884,158,1
32145654,160541886,161,1
32145654,160764245,158,1
32145654,160833161,160,1
32145654,162249791,30,1
32145654,162593901,161,1
32145654,163081796,158,1
3249347,155370370,99,1
3249347,157489796,99,1
3249347,158308459,99,1
3249347,158559407,99,1
3249347,158872793,99,1
3249347,159146263,99,1
3249347,159382515,99,1
3249347,159482029,99,1
3249347,160159330,99,1
3249347,160712993,99,1
3249347,163015328,74,1
32766251,159085305,22,1
32766251,159958069,15,1
32766251,160021442,17,1
32766251,160084756,18,1
32766251,160084913,12,1
32766251,160086238,15,1
32766251,160319931,10,1
32766251,160433174,10,1
32766251,162477658,16,1
32766251,162976378,12,1
32956985,159178409,53,1
32956985,159195561,53,1
32956985,161318592,53,1
32956985,163025747,53,1
3322716,155148294,71,1
3322716,155182567,877,1
3322716,155801769,36,1
3322716,158790888,181,1
3322716,159463544,95,1
3322716,159892393,432,1
3322716,159893920,52,1
3322716,160344465,107,1
33353573,155150358,134,1
33353573,158301374,56,1
33353573,158509942,31,1
33353573,162749600,18,1
33560316,155370370,15,1
33560316,157489796,15,1
33560316,158308459,15,1
33560316,158559407,15,1
33560316,158872793,15,1
33560316,159146263,15,1
33560316,159382515,15,1
33560316,159482029,15,1
33560316,160159330,15,1
33560316,160712993,15,1
33856227,154597235,207,1
33856227,154615071,105,1
33856227,154671075,10,1
33856227,154712799,185,1
33856227,154717360,94,1
33856227,154763360,144,1
33856227,154813805,189,1
33856227,154838009,394,1
33856227,154989240,974,1
33856227,155010571,249,1
33856227,155121965,194,1
33856227,155147810,617,1
33856227,155363180,94,1
33856227,155424057,44,1
33856227,155742460,117,1
33856227,155771143,314,1
33856227,155819872,95,1
33856227,155820519,56,1
33856227,155850052,567,1
33856227,155856109,79,1
33856227,155913742,255,1
33856227,155917374,208,1
33856227,155931068,51,1
33856227,155980075,134,1
33856227,155983640,201,1
33856227,156018325,306,1
33856227,156028463,104,1
33856227,156033361,187,1
33856227,156035155,92,1
33856227,156078198,11,1
33856227,156138428,71,1
33856227,156270009,271,1
33856227,156282389,66,1
33856227,156311630,73,1
33856227,156342572,77,1
33856227,156382597,159,1
33856227,156444003,138,1
33856227,156463042,41,1
33856227,156467725,162,1
33856227,156478222,323,1
33856227,156480531,1869,1
33856227,156509788,126,1
33856227,156616353,5503,1
33856227,156658688,57,1
33856227,156661319,405,1
33856227,156667823,90,1
33856227,156667839,42,1
33856227,156673889,559,1
33856227,156703171,44,1
33856227,156704017,42,1
33856227,156719165,27,1
33856227,156756222,118,1
33856227,156769808,40,1
33856227,156798343,523,1
33856227,156807369,251,1
33856227,156869167,28,1
33856227,156889080,25,1
33856227,156930432,125,1
33856227,156937275,323,1
33856227,156960181,143,1
33856227,156969669,56,1
33856227,156982981,64,1
33856227,156992290,243,1
33856227,157014012,333,1
33856227,157020093,941,1
33856227,157121162,171,1
33856227,157161023,100,1
33856227,157167323,192,1
33856227,157197920,74,1
33856227,157325735,232,1
33856227,157368485,155,1
33856227,157419527,126,1
33856227,157448835,1306,1
33856227,157480311,88,1
33856227,157546787,88,1
33856227,157594321,267,1
33856227,157604611,24,1
33856227,157651662,147,1
33856227,157678545,17,1
33856227,157687463,425,1
33856227,157696577,213,1
33856227,157718135,229,1
33856227,157723350,241,1
33856227,157754425,103,1
33856227,157758736,717,1
33856227,157770334,41,1
33856227,157820262,28,1
33856227,157885752,320,1
33856227,157886825,105,1
33856227,158086619,239,1
33856227,158087879,238,1
33856227,158163333,247,1
33856227,158168778,252,1
33856227,158234447,577,1
33856227,158236549,83,1
33856227,158370385,240,1
33856227,158381912,242,1
33856227,158400936,339,1
33856227,158417001,452,1
33856227,158455758,556,1
33856227,158509452,12,1
33856227,158543820,167,1
33856227,158554292,39,1
33856227,158559740,20,1
33856227,158602361,128,1
33856227,158607753,145,1
33856227,158646660,162,1
33856227,158665519,22,1
33856227,158746802,429,1
33856227,158759262,280,1
33856227,158760958,124,1
33856227,158786105,10,1
33856227,158786960,89,1
33856227,158799126,173,1
33856227,158836388,605,1
33856227,158842661,73,1
33856227,158850010,294,1
33856227,158852338,373,1
33856227,158891279,54,1
33856227,158917853,25,1
33856227,158940956,227,1
33856227,158946324,19,1
33856227,158949318,231,1
33856227,158994460,305,1
33856227,159006965,17,1
33856227,159026018,380,1
33856227,159028277,22,1
33856227,159038833,715,1
33856227,159085783,88,1
33856227,159121686,123,1
33856227,159127167,127,1
33856227,159128339,96,1
33856227,159134580,132,1
33856227,159184527,42,1
33856227,159199789,387,1
33856227,159221036,24,1
33856227,159296595,510,1
33856227,159297420,159,1
33856227,159316122,454,1
33856227,159344054,968,1
33856227,159388579,12,1
33856227,159397770,231,1
33856227,159397782,283,1
33856227,159424113,22,1
33856227,159441260,232,1
33856227,159441679,228,1
33856227,159458833,30,1
33856227,159468149,133,1
33856227,159488793,114,1
33856227,159521693,24,1
33856227,159599432,1360,1
33856227,159619445,535,1
33856227,159648213,1317,1
33856227,159704758,125,1
33856227,159737790,136,1
33856227,159780799,121,1
33856227,159782991,12,1
33856227,159835287,460,1
33856227,159860820,174,1
33856227,159939548,41,1
33856227,160014931,56,1
33856227,160016378,127,1
33856227,160117157,14,1
33856227,160126546,373,1
33856227,160173010,76,1
33856227,160274010,41,1
33856227,160322463,700,1
33856227,160385884,41,1
33856227,160387935,346,1
33856227,160392844,230,1
33856227,160402966,50,1
33856227,160403541,92,1
33856227,160408685,124,1
33856227,160421144,32,1
33856227,160439742,63,1
33856227,160541886,41,1
33856227,160569132,115,1
33856227,160575531,269,1
33856227,160655031,73,1
33856227,160670935,232,1
33856227,160679452,229,1
33856227,160733548,319,1
33856227,160764245,42,1
33856227,160787838,49,1
33856227,160798078,258,1
33856227,160831698,202,1
33856227,160832766,20,1
33856227,160833161,41,1
33856227,160932876,21,1
33856227,160951266,52,1
33856227,161363847,457,1
33856227,161553230,364,1
33856227,161666464,280,1
33856227,161779426,54,1
33856227,161797140,409,1
33856227,162246464,142,1
33856227,162265442,120,1
33856227,162352794,11,1
33856227,162361432,15,1
33856227,162577022,65,1
33856227,162593901,40,1
33856227,162679716,13,1
33856227,162854165,131,1
33856227,162877226,111,1
33856227,162877807,64,1
33856227,163081796,42,1
33856227,164556687,168,1
33856227,164754526,267,1
33856227,165986378,19,1
33856227,166835644,73,1
33856227,167368170,49,1
33856227,168256397,113,1
33856227,170044741,106,1
33856227,171608954,130,1
33856227,174260616,49,1
33856227,174359339,45,1
33856227,174415504,130,1
33856227,174925520,115,1
33856227,175941322,164,1
33856227,176190740,1620,1
33856227,179028373,294,1
33856227,179106407,39,1
33856227,181623303,561,1
33856227,182498039,23,1
33856227,182498497,16,1
33856227,184878928,26,1
33856227,186678373,28,1
33856227,190598268,15,1
33856227,195374107,51,1
33856227,197302793,14,1
33861737,155973364,97,1
33861737,155973775,35,1
33861737,156246856,67,1
33861737,177488581,14,1
34240777,156318729,64,1
34240777,157581341,37,1
34240777,157666981,15,1
34240777,158690103,32,1
346774,157340162,16,1
346774,157543100,15,1
346774,157543158,11,1
346774,159455364,56,1
346774,159457300,28,1
346774,159705556,50,1
346774,161336112,16,1
3477005,156469375,28,1
3477005,156722816,51,1
3477005,157466080,12,1
3477005,157628027,10,1
35269915,159087365,60,1
35269915,159896138,93,1
35269915,171084638,15,1
35269915,198060334,10,1
3531170,154538868,49,1
3531170,157619935,14,1
3531170,159247846,62,1
3531170,189076620,18,1
35405138,159168281,19,1
35405138,160454968,11,1
35405138,162436643,323,1
35405138,164144124,35,1
35405138,165012474,707,1
35628131,156099902,23,1
35628131,156100899,23,1
35628131,156700625,23,1
35628131,158057967,32,1
35628131,159456794,23,1
35628131,161813377,23,1
35628131,161954157,23,1
35628131,162687724,23,1
360543,155370370,134,1
360543,157489796,134,1
360543,158308459,134,1
360543,158559407,134,1
360543,158872793,134,1
360543,159146263,135,1
360543,159382515,134,1
360543,159482029,134,1
360543,160159330,134,1
360543,160712993,134,1
360543,163015328,143,1
36295914,156509788,26,1
36295914,158836388,17,1
36295914,159633310,76,1
36295914,159780799,25,1
36295914,160408685,26,1
36295914,162124911,92,1
36295914,162279183,92,1
36295914,162854165,26,1
36341192,155054990,21,1
36341192,156431043,76,1
36341192,158812000,15,1
36341192,164241460,151,1
367291,154538868,67,1
367291,156959620,12,1
367291,157619935,29,1
367291,159247846,71,1
367291,189076620,19,1
368342,160574843,512,1
368342,162488444,46,1
368342,162585023,61,1
368342,162846324,245,1
368342,197209042,78,1
368342,197209184,104,1
37258928,159012455,11,1
37258928,160260212,14,1
37258928,160584308,10,1
37258928,160836355,11,1
37258928,161458788,26,1
37295257,156755311,15,1
37295257,157576092,46,1
37295257,160189797,25,1
37295257,162601568,23,1
37553385,154538868,92,1
37553385,157619935,28,1
37553385,159247846,121,1
37553385,189076620,52,1
37761268,156975464,424,1
37761268,157362689,24,1
37761268,159133455,105,1
37761268,162744722,77,1
37934145,156855359,24,1
37934145,159674667,38,1
37934145,162783873,16,1
37934145,162807414,28,1
37959082,155684432,46,1
37959082,156825014,16,1
37959082,157573264,16,1
37959082,203873845,40,1
38142616,161979952,15,1
38142616,162250333,40,1
38142616,162971776,15,1
38142616,174341734,27,1
3827967,161162757,11,1
3827967,161570185,83,1
3827967,162490531,10,1
3827967,162555953,89,1
3832251,157307082,61,1
3832251,158301374,12,1
3832251,158424690,12,1
3832251,160354914,21,1
3832251,161302636,26,1
3832251,162566905,27,1
38692275,154818044,11,1
38692275,158338919,48,1
38692275,158666608,41,1
38692275,160820971,548,1
38782239,155004638,29,1
38782239,156793046,55,1
38782239,157002656,27,1
38782239,159189375,114,1
39033759,157130528,29,1
39033759,157210578,26,1
39033759,162026649,54,1
39033759,162180621,16,1
39033759,162217295,12,1
39646159,160957997,14,1
39646159,160962112,82,1
39646159,161383652,13,1
39646159,161669374,31,1
39646159,161943980,22,1
39646159,162058886,13,1
39646159,162409932,57,1
39646159,162583812,43,1
39646159,162806121,37,1
40032644,154551643,26,1
40032644,155457248,10,1
40032644,155792515,13,1
40032644,156081960,19,1
40032644,156695310,58,1
40032644,156930432,87,1
40032644,156937275,17,1
40032644,157256216,19,1
40032644,157285889,10,1
40032644,157296109,25,1
40032644,157554410,15,1
40032644,157656400,14,1
40032644,157803765,14095,1
40032644,158018424,18,1
40032644,158121959,11,1
40032644,158234447,19,1
40032644,158254625,108,1
40032644,158563362,26,1
40032644,158746802,35,1
40032644,158994460,14,1
40032644,159095858,24,1
40032644,159186419,33,1
40032644,159295964,13,1
40032644,160421144,10,1
40032644,160687144,49,1
40032644,162317639,23,1
40032644,162574054,11,1
40032644,162614286,20,1
40032644,163001925,18,1
40032644,163024877,147,1
40032644,163094748,225,1
40032644,170461434,32,1
40032644,171608954,15,1
40032644,181940596,30,1
40146756,155351968,18,1
40146756,155689622,10,1
40146756,155691799,10,1
40146756,155738250,10,1
4032239,157571717,59,1
4032239,160640346,68,1
4032239,168258480,15,1
4032239,168394163,11,1
40554061,159462414,10,1
40554061,159665831,33,1
40554061,160582005,32,1
40554061,161970594,76,1
40557368,154538868,30,1
40557368,157619935,11,1
40557368,159247846,37,1
40557368,189076620,14,1
405856,159500183,24,1
405856,159826325,25,1
405856,160109012,25,1
405856,160152207,25,1
40618332,159675039,19,1
40618332,161823643,14,1
40618332,162305068,18,1
40618332,162778189,13,1
40618332,162969366,27,1
40973715,156939932,77,1
40973715,158470032,49,1
40973715,159473870,59,1
40973715,160145745,98,1
40973715,162722382,67,1
40973715,166221856,95,1
40987195,154755213,11,1
40987195,157514649,14,1
40987195,159252491,11,1
40987195,159380306,11,1
40987195,159563999,11,1
40987195,159564929,11,1
40987195,159575740,11,1
40987195,159585723,11,1
40987195,159655662,11,1
40987195,159682992,11,1
40987195,159796032,11,1
40987195,160150593,11,1
40987195,160150815,11,1
40987195,160397230,11,1
40987195,161108890,14,1
40987195,161117836,11,1
40987195,162013218,11,1
40987195,162152611,14,1
40987195,162162670,14,1
40987195,162215297,14,1
40987195,162215429,14,1
40987195,162223379,14,1
40987195,162234967,14,1
40987195,162278273,14,1
40987195,162296016,14,1
40987195,162332033,14,1
40987195,162894614,14,1
41082212,155115654,15,1
41082212,156676436,10,1
41082212,159714123,21,1
41082212,162824232,17,1
41617050,159177746,10,1
41617050,160038058,12,1
41617050,160696890,12,1
41617050,161171751,10,1
41617050,161172591,25,1
41973138,162618612,12,1
41973138,162621490,15,1
41973138,162666157,11,1
41973138,162667109,12,1
41973138,162705677,11,1
41973138,162706394,10,1
4265890,159612515,13,1
4265890,162261326,26,1
4265890,167434150,27,1
4265890,178144128,14,1
42703327,159971594,18,1
42703327,161170629,112,1
42703327,162505724,14,1
42703327,162781684,29,1
43610,155054990,38,1
43610,156310181,17,1
43610,156431043,14,1
43610,158765566,54,1
43610,158812000,21,1
43610,159086854,10,1
43610,164241460,103,1
43761397,154494065,108,1
43761397,154494067,199,1
43761397,154524192,120,1
43761397,154528329,96,1
43939835,157502357,24,1
43939835,157502362,20,1
43939835,157533721,100,1
43939835,158474244,11,1
43939835,158474281,42,1
43990,158984806,18,1
43990,160369962,12,1
43990,163507875,16,1
43990,171124117,12,1
44249064,158723684,27,1
44249064,159172624,12,1
44249064,159491775,14,1
44249064,160559413,19,1
4431464,157654384,27,1
4431464,158562111,27,1
4431464,158655588,27,1
4431464,158737324,27,1
4431464,158817130,27,1
4431464,159512884,27,1
4431464,159560207,27,1
4431464,159701010,26,1
44319348,158728562,93,1
44319348,159028238,27,1
44319348,160130287,165,1
44319348,168651447,66,1
44545370,157569629,24,1
44545370,157618567,24,1
44545370,158983983,10,1
44545370,160014212,10,1
44545370,162810859,15,1
44826579,159148803,73,1
44826579,159490922,20,1
44826579,162681007,20,1
44826579,162727095,20,1
44826579,167087785,11,1
44909642,156898441,17,1
44909642,157622571,24,1
44909642,160288435,10,1
44909642,160394355,16,1
44909642,161187952,16,1
45265623,158163970,36,1
45265623,159203165,10,1
45265623,159650467,28,1
45265623,160426822,17,1
45265623,162961105,10,1
455071,156727372,31,1
455071,160026613,23,1
455071,160663701,12,1
455071,160693229,11,1
455071,163618915,14,1
4591955,159012203,12,1
4591955,160222368,10,1
4591955,161298271,12,1
4591955,162562116,11,1
46399889,157782687,11,1
46399889,157782789,32,1
46399889,161668256,37,1
46399889,161672528,13,1
466518,154538868,96,1
466518,156959620,21,1
466518,157619935,39,1
466518,159247846,152,1
466518,189076620,73,1
46821155,161777647,122,1
46821155,162423489,29,1
46821155,162577673,34,1
46821155,162639213,116,1
47098907,157385031,31,1
47098907,157625146,13,1
47098907,161822494,15,1
47098907,162204093,172,1
47098907,162738290,12,1
47291447,161075942,37,1
47291447,162219191,40,1
47291447,162321318,90,1
47291447,162451400,23,1
48103450,154538868,55,1
48103450,157619935,11,1
48103450,159247846,65,1
48103450,189076620,13,1
48343157,156012918,217,1
48343157,156669885,23,1
48343157,159024165,13,1
48343157,179732079,104,1
48356519,159536111,130,1
48356519,160660677,47,1
48356519,161034263,40,1
48356519,161072190,42,1
48356519,162587990,81,1
48356519,162588580,71,1
48494734,155655614,14,1
48494734,155971456,14,1
48494734,156012918,19,1
48494734,156102136,57,1
48494734,157419527,249,1
48494734,157802608,21,1
48494734,158588188,11,1
48494734,160693138,6882,1
48494734,163098736,16,1
48494734,164397565,17,1
48494734,175316819,42,1
48494734,190946783,27,1
48634300,160797795,82,1
48634300,161779821,42,1
48634300,162404302,29,1
48634300,162543347,13,1
48667283,161183671,69,1
48667283,162041554,29,1
48667283,162207203,29,1
48667283,162207329,29,1
49082595,158227247,90,1
49082595,158565011,135,1
49082595,158565220,84,1
49082595,158970266,83,1
49082595,171051765,85,1
4968089,157654384,68,1
4968089,158562111,68,1
4968089,158655588,68,1
4968089,158737324,68,1
4968089,158817130,68,1
4968089,159512884,68,1
4968089,159560207,68,1
4968089,159701010,68,1
5016101,156350378,13,1
5016101,157182459,46,1
5016101,158789866,42,1
5016101,159899175,147,1
5016101,161303828,190,1
5016101,168561527,31,1
50215413,154736793,11,1
50215413,155054990,55,1
50215413,157551849,56,1
50215413,158163759,10,1
50215413,158377061,25,1
50215413,158812000,21,1
50383735,161678694,63,1
50383735,162419366,46,1
50383735,162850914,145,1
50383735,176696291,54,1
5039173,161249223,14,1
5039173,161600825,19,1
5039173,161968828,11,1
5039173,162034017,14,1
5039173,162843123,28,1
50449700,154852997,34,1
50449700,157419527,68,1
50449700,157612835,20,1
50449700,157802608,21,1
50449700,160693138,623,1
50526323,157220898,24,1
50526323,157594829,11,1
50526323,157721788,10,1
50526323,159151505,22,1
50555335,155978618,14,1
50555335,159670241,18,1
50555335,160176356,20,1
50555335,161671256,14,1
50555335,162849026,13,1
51083036,155182567,101,1
51083036,158790888,59,1
51083036,160344465,391,1
51083036,160742422,126,1
5116436,154403695,11,1
5116436,155069624,22,1
5116436,156499656,11,1
5116436,158514017,30,1
5116436,159186078,82,1
5116436,160712917,12,1
5116436,160917857,11,1
5116436,161091089,12,1
5116436,162472836,11,1
5116436,162749600,494,1
51589803,154538868,32,1
51589803,156959620,16,1
51589803,157619935,25,1
51589803,159247846,16,1
51697519,154500122,22,1
51697519,155424057,66,1
51697519,155481860,20,1
51697519,155850052,10,1
51697519,155913741,26,1
51697519,155913742,35,1
51697519,155983640,127,1
51697519,156028463,13,1
51697519,156444003,86,1
51697519,156480531,438,1
51697519,156661319,65,1
51697519,156798343,141,1
51697519,156807369,62,1
51697519,156937275,59,1
51697519,156960181,28,1
51697519,156969669,34,1
51697519,157594321,14,1
51697519,157886825,44,1
51697519,158602361,31,1
51697519,158759262,13,1
51697519,158760958,13,1
51697519,158799126,67,1
51697519,158836388,37,1
51697519,158850010,19,1
51697519,158852338,89,1
51697519,159006965,11,1
51697519,159127167,10,1
51697519,159128339,19,1
51697519,159184527,21,1
51697519,159344054,137,1
51697519,159633310,74,1
51697519,159648213,26,1
51697519,159701032,16,1
51697519,159835287,137,1
51697519,160322463,22,1
51697519,160575531,19,1
51697519,160679452,18,1
51697519,160733548,50,1
51697519,161666464,16,1
51697519,162124911,140,1
51697519,162279183,140,1
51697519,162866876,24,1
51697519,162877807,12,1
51697519,167368170,25,1
51697519,171579411,74,1
51697519,175941322,34,1
51697519,176190740,67,1
51697519,187154066,12,1
51697519,190598268,12,1
51697692,157479008,71,1
51697692,158155747,17,1
51697692,158756876,90,1
51697692,159661894,36,1
51697692,160004669,17,1
51697692,161437892,225,1
51697692,173254438,112,1
51697751,154056849,13,1
51697751,154191542,371,1
51697751,154244750,14,1
51697751,154387962,20,1
51697751,154445847,10,1
51697751,154537332,11,1
51697751,154573397,11,1
51697751,154575306,18,1
51697751,154625799,195,1
51697751,154630991,10,1
51697751,154641845,10,1
51697751,154653255,11,1
51697751,154741343,530,1
51697751,154755602,10,1
51697751,154765475,14,1
51697751,154787305,20,1
51697751,154813805,10,1
51697751,154823666,11,1
51697751,154887344,61,1
51697751,154902618,149,1
51697751,154947914,13,1
51697751,154952690,13,1
51697751,155011668,11,1
51697751,155141375,11,1
51697751,155154470,14,1
51697751,155156128,13,1
51697751,155308458,14,1
51697751,155322243,10,1
51697751,155369009,10,1
51697751,155370079,48,1
51697751,155424482,19,1
51697751,155457248,261,1
51697751,155477798,10,1
51697751,155484069,10,1
51697751,155484834,13,1
51697751,155487470,10,1
51697751,155490867,36,1
51697751,155492222,251,1
51697751,155524773,10,1
51697751,155619404,11,1
51697751,155625070,24,1
51697751,155629273,11,1
51697751,155641669,11,1
51697751,155645415,11,1
51697751,155673428,12,1
51697751,155679172,13,1
51697751,155700897,11,1
51697751,155702510,10,1
51697751,155764194,11,1
51697751,155771381,15,1
51697751,155775007,18,1
51697751,155777441,44,1
51697751,155782895,14,1
51697751,155784618,49,1
51697751,155784915,10,1
51697751,155809035,10,1
51697751,155853352,13,1
51697751,155872495,19,1
51697751,155875347,14,1
51697751,155887168,32,1
51697751,155890271,22,1
51697751,155893211,16,1
51697751,155895177,10,1
51697751,155896641,10,1
51697751,155901402,12,1
51697751,155903606,25,1
51697751,155918591,11,1
51697751,155963041,10,1
51697751,155975656,19,1
51697751,155983640,98,1
51697751,155989610,11,1
51697751,156009302,10,1
51697751,156021165,12,1
51697751,156028463,305,1
51697751,156032340,10,1
51697751,156043990,26,1
51697751,156046517,11,1
51697751,156081398,20,1
51697751,156081960,11,1
51697751,156088528,21,1
51697751,156101795,13,1
51697751,156101943,13,1
51697751,156102324,14,1
51697751,156108547,14,1
51697751,156178070,12,1
51697751,156179565,16,1
51697751,156190949,25,1
51697751,156192485,10,1
51697751,156243778,12,1
51697751,156252240,11,1
51697751,156252261,10,1
51697751,156271185,11,1
51697751,156331439,14,1
51697751,156342572,12,1
51697751,156366601,12,1
51697751,156381556,13,1
51697751,156427086,13,1
51697751,156429589,10,1
51697751,156472740,11,1
51697751,156496514,11,1
51697751,156532464,1188,1
51697751,156537085,11,1
51697751,156538672,115,1
51697751,156549206,15,1
51697751,156549791,14,1
51697751,156554564,11,1
51697751,156577506,11,1
51697751,156583469,229,1
51697751,156590533,35,1
51697751,156609953,25,1
51697751,156612455,12,1
51697751,156624652,14,1
51697751,156634124,18,1
51697751,156639907,16,1
51697751,156652225,11,1
51697751,156667823,14,1
51697751,156673849,15,1
51697751,156681634,11,1
51697751,156683048,121,1
51697751,156711658,11,1
51697751,156720040,59,1
51697751,156730791,12,1
51697751,156737108,81,1
51697751,156753549,10,1
51697751,156759991,11,1
51697751,156767090,17,1
51697751,156768848,14,1
51697751,156769476,11,1
51697751,156774226,32,1
51697751,156774631,10,1
51697751,156783926,11,1
51697751,156784820,44,1
51697751,156785342,25,1
51697751,156805623,64,1
51697751,156807125,14,1
51697751,156817072,10,1
51697751,156822410,13,1
51697751,156827609,13,1
51697751,156828231,16,1
51697751,156838647,11,1
51697751,156842027,10,1
51697751,156869209,14,1
51697751,156871977,10,1
51697751,156877415,11,1
51697751,156884375,18,1
51697751,156888375,11,1
51697751,156890099,10,1
51697751,156894692,10,1
51697751,156896261,26,1
51697751,156901661,19,1
51697751,156924203,10,1
51697751,156929498,10,1
51697751,156930255,10,1
51697751,156942798,13,1
51697751,156944567,18,1
51697751,156966737,13,1
51697751,156967373,14,1
51697751,156968852,15,1
51697751,156971165,10,1
51697751,156997610,13,1
51697751,157005291,10,1
51697751,157009763,14,1
51697751,157016560,18,1
51697751,157017003,16,1
51697751,157017664,21,1
51697751,157020093,135,1
51697751,157021508,10,1
51697751,157029927,12,1
51697751,157033132,10,1
51697751,157033194,12,1
51697751,157040887,17,1
51697751,157046257,36,1
51697751,157050947,12,1
51697751,157056040,12,1
51697751,157056585,16,1
51697751,157063042,17,1
51697751,157064170,12,1
51697751,157071859,11,1
51697751,157072060,13,1
51697751,157072594,15,1
51697751,157082972,11,1
51697751,157087274,10,1
51697751,157097747,16,1
51697751,157122934,10,1
51697751,157124997,29,1
51697751,157125817,13,1
51697751,157129979,11,1
51697751,157132196,12,1
51697751,157141483,15,1
51697751,157141966,10,1
51697751,157143901,23,1
51697751,157147554,11,1
51697751,157151877,16,1
51697751,157187249,12,1
51697751,157197126,200,1
51697751,157197415,12,1
51697751,157202148,10,1
51697751,157203246,21,1
51697751,157219791,14,1
51697751,157220036,155,1
51697751,157226635,69,1
51697751,157229012,18,1
51697751,157244623,11,1
51697751,157256216,518,1
51697751,157259711,12,1
51697751,157278175,13,1
51697751,157286442,38,1
51697751,157303878,10,1
51697751,157307009,14,1
51697751,157314231,11,1
51697751,157319630,10,1
51697751,157323461,12,1
51697751,157353332,10,1
51697751,157355004,12,1
51697751,157356006,39,1
51697751,157363430,11,1
51697751,157369135,48,1
51697751,157370446,11,1
51697751,157371579,12,1
51697751,157381956,11,1
51697751,157382133,15,1
51697751,157383327,18,1
51697751,157384184,10,1
51697751,157398605,12,1
51697751,157398919,11,1
51697751,157401529,17,1
51697751,157402624,33,1
51697751,157404875,15,1
51697751,157412235,12,1
51697751,157416588,12,1
51697751,157423305,16,1
51697751,157425538,14,1
51697751,157429300,11,1
51697751,157437814,10,1
51697751,157439794,34,1
51697751,157444489,38,1
51697751,157451884,11,1
51697751,157453929,12,1
51697751,157454237,14,1
51697751,157455875,10,1
51697751,157456744,12,1
51697751,157457321,11,1
51697751,157458501,13,1
51697751,157458586,10,1
51697751,157459167,11,1
51697751,157459497,11,1
51697751,157459640,13,1
51697751,157462377,14,1
51697751,157462725,14,1
51697751,157463629,12,1
51697751,157463916,12,1
51697751,157464039,15,1
51697751,157464891,14,1
51697751,157467723,14,1
51697751,157468267,13,1
51697751,157469909,12,1
51697751,157474184,22,1
51697751,157475005,14,1
51697751,157475477,11,1
51697751,157475591,13,1
51697751,157478085,12,1
51697751,157478217,14,1
51697751,157479945,59,1
51697751,157479966,12,1
51697751,157481807,12,1
51697751,157481850,14,1
51697751,157481910,11,1
51697751,157482648,13,1
51697751,157482927,16,1
51697751,157483222,15,1
51697751,157484534,12,1
51697751,157485375,22,1
51697751,157486258,14,1
51697751,157488366,10,1
51697751,157490628,10,1
51697751,157494093,13,1
51697751,157497934,12,1
51697751,157498312,10,1
51697751,157498490,15,1
51697751,157512674,10,1
51697751,157532328,34,1
51697751,157533461,17,1
51697751,157545955,38,1
51697751,157551330,11,1
51697751,157556575,13,1
51697751,157557547,11,1
51697751,157558288,10,1
51697751,157566988,11,1
51697751,157567217,16,1
51697751,157569629,13,1
51697751,157571499,10,1
51697751,157572110,10,1
51697751,157572822,18,1
51697751,157574897,12,1
51697751,157581607,11,1
51697751,157586460,28,1
51697751,157587925,16,1
51697751,157590411,10,1
51697751,157591427,13,1
51697751,157591431,12,1
51697751,157592149,15,1
51697751,157592497,171,1
51697751,157595431,11,1
51697751,157595585,13,1
51697751,157595660,10,1
51697751,157596553,10,1
51697751,157596877,131,1
51697751,157597137,12,1
51697751,157598702,12,1
51697751,157600255,14,1
51697751,157602494,13,1
51697751,157602816,13,1
51697751,157603685,11,1
51697751,157603761,10,1
51697751,157605139,11,1
51697751,157607628,10,1
51697751,157609925,10,1
51697751,157611056,10,1
51697751,157616724,18,1
51697751,157618567,12,1
51697751,157619547,76,1
51697751,157619935,13,1
51697751,157619947,14,1
51697751,157628284,13,1
51697751,157638420,17,1
51697751,157639489,78,1
51697751,157641297,10,1
51697751,157643594,13,1
51697751,157646054,10,1
51697751,157647997,12,1
51697751,157650796,19,1
51697751,157654384,19,1
51697751,157656988,10,1
51697751,157657431,14,1
51697751,157663406,12,1
51697751,157663469,51,1
51697751,157663828,14,1
51697751,157664120,11,1
51697751,157668763,15,1
51697751,157668770,13,1
51697751,157669318,13,1
51697751,157670785,12,1
51697751,157672380,20,1
51697751,157673186,11,1
51697751,157673567,11,1
51697751,157673706,10,1
51697751,157675814,13,1
51697751,157679857,16,1
51697751,157681023,35,1
51697751,157682891,11,1
51697751,157683159,14,1
51697751,157684774,13,1
51697751,157685306,10,1
51697751,157687463,22,1
51697751,157687603,14,1
51697751,157688407,13,1
51697751,157691283,41,1
51697751,157694187,10,1
51697751,157695125,10,1
51697751,157696043,20,1
51697751,157697025,68,1
51697751,157704123,14,1
51697751,157713131,11,1
51697751,157752030,21,1
51697751,157752108,10,1
51697751,157760196,25,1
51697751,157761902,10,1
51697751,157762266,12,1
51697751,157762658,10,1
51697751,157765403,188,1
51697751,157769684,10,1
51697751,157771079,10,1
51697751,157771805,12,1
51697751,157773575,10,1
51697751,157776980,10,1
51697751,157778111,12,1
51697751,157780242,11,1
51697751,157798094,10,1
51697751,157801168,11,1
51697751,157810689,13,1
51697751,157810758,11,1
51697751,157813359,57,1
51697751,157815714,12,1
51697751,157816486,15,1
51697751,157820218,23,1
51697751,157820480,13,1
51697751,157826674,13,1
51697751,157828018,10,1
51697751,157831309,10,1
51697751,157844882,15,1
51697751,157857522,22,1
51697751,157867738,10,1
51697751,157877910,80,1
51697751,157884867,10,1
51697751,157890447,14,1
51697751,157902482,11,1
51697751,157906122,11,1
51697751,157907561,11,1
51697751,157908451,11,1
51697751,157918072,28,1
51697751,157921606,46,1
51697751,157928489,26,1
51697751,157932630,13,1
51697751,157933825,11,1
51697751,157937781,10,1
51697751,157992879,10,1
51697751,158014367,35,1
51697751,158015282,13,1
51697751,158018424,137,1
51697751,158022728,81,1
51697751,158049611,11,1
51697751,158067933,14,1
51697751,158071041,68,1
51697751,158078389,12,1
51697751,158087682,12,1
51697751,158096517,12,1
51697751,158098418,12,1
51697751,158103251,12,1
51697751,158104449,17,1
51697751,158104502,17,1
51697751,158104659,14,1
51697751,158104685,17,1
51697751,158104699,17,1
51697751,158105386,10,1
51697751,158109646,13,1
51697751,158120906,13,1
51697751,158138117,13,1
51697751,158140970,11,1
51697751,158145701,14,1
51697751,158151724,12,1
51697751,158154520,10,1
51697751,158155677,12,1
51697751,158156844,12,1
51697751,158164079,12,1
51697751,158164507,11,1
51697751,158164894,49,1
51697751,158168857,11,1
51697751,158170937,15,1
51697751,158172414,160,1
51697751,158202225,27,1
51697751,158202843,15,1
51697751,158217182,30,1
51697751,158242737,18,1
51697751,158253056,11,1
51697751,158307644,17,1
51697751,158313186,16,1
51697751,158313324,10,1
51697751,158315247,12,1
51697751,158327777,11,1
51697751,158328499,11,1
51697751,158328505,10,1
51697751,158330631,13,1
51697751,158332597,15,1
51697751,158334638,11,1
51697751,158346833,10,1
51697751,158347363,12,1
51697751,158349705,10,1
51697751,158360456,10,1
51697751,158361435,11,1
51697751,158365395,10,1
51697751,158368560,10,1
51697751,158372752,11,1
51697751,158373346,17,1
51697751,158374421,10,1
51697751,158375696,14,1
51697751,158381484,10,1
51697751,158402399,20,1
51697751,158414264,10,1
51697751,158416295,16,1
51697751,158416808,20,1
51697751,158419880,10,1
51697751,158420562,10,1
51697751,158432957,11,1
51697751,158435528,10,1
51697751,158440215,23,1
51697751,158440256,12,1
51697751,158440359,10,1
51697751,158442684,10,1
51697751,158447355,12,1
51697751,158448876,11,1
51697751,158451138,11,1
51697751,158452542,12,1
51697751,158452834,21,1
51697751,158453709,26,1
51697751,158455117,11,1
51697751,158457571,11,1
51697751,158463549,11,1
51697751,158470420,10,1
51697751,158472131,24,1
51697751,158473816,16,1
51697751,158474242,11,1
51697751,158477142,12,1
51697751,158477697,11,1
51697751,158490368,10,1
51697751,158495157,10,1
51697751,158499634,12,1
51697751,158502910,14,1
51697751,158504009,10,1
51697751,158505248,12,1
51697751,158505523,221,1
51697751,158512524,11,1
51697751,158515325,200,1
51697751,158525776,10,1
51697751,158548971,12,1
51697751,158551963,13,1
51697751,158552365,11,1
51697751,158555895,46,1
51697751,158557637,11,1
51697751,158557672,10,1
51697751,158559856,13,1
51697751,158562111,12,1
51697751,158562460,11,1
51697751,158564405,17,1
51697751,158564722,12,1
51697751,158567062,23,1
51697751,158567370,15,1
51697751,158569428,32,1
51697751,158569782,12,1
51697751,158570214,10,1
51697751,158572859,12,1
51697751,158573664,10,1
51697751,158574193,10,1
51697751,158576249,17,1
51697751,158581782,15,1
51697751,158582230,13,1
51697751,158584486,10,1
51697751,158586606,10,1
51697751,158587025,13,1
51697751,158588927,10,1
51697751,158595719,10,1
51697751,158597535,39,1
51697751,158603972,14,1
51697751,158607139,12,1
51697751,158608608,18,1
51697751,158614289,12,1
51697751,158620439,12,1
51697751,158620489,10,1
51697751,158621652,17,1
51697751,158625494,24,1
51697751,158629808,10,1
51697751,158632021,10,1
51697751,158633547,11,1
51697751,158636040,12,1
51697751,158637548,13,1
51697751,158637787,11,1
51697751,158640059,53,1
51697751,158640701,35,1
51697751,158640941,10,1
51697751,158643145,13,1
51697751,158647320,405,1
51697751,158649269,14,1
51697751,158653579,10,1
51697751,158655230,10,1
51697751,158655588,12,1
51697751,158656593,12,1
51697751,158660334,12,1
51697751,158668795,16,1
51697751,158669783,11,1
51697751,158673035,11,1
51697751,158680351,11,1
51697751,158690049,10,1
51697751,158692852,10,1
51697751,158694452,40,1
51697751,158701021,16,1
51697751,158712253,25,1
51697751,158715626,10,1
51697751,158717016,12,1
51697751,158719709,11,1
51697751,158719758,10,1
51697751,158725656,10,1
51697751,158730419,15,1
51697751,158731529,14,1
51697751,158733056,19,1
51697751,158737324,12,1
51697751,158745364,11,1
51697751,158746573,494,1
51697751,158751885,22,1
51697751,158751914,11,1
51697751,158753038,11,1
51697751,158755785,10,1
51697751,158755996,10,1
51697751,158756151,11,1
51697751,158756803,13,1
51697751,158758997,13,1
51697751,158759240,11,1
51697751,158760227,10,1
51697751,158764504,14,1
51697751,158765852,10,1
51697751,158766020,12,1
51697751,158766226,10,1
51697751,158766850,26,1
51697751,158767334,21,1
51697751,158768179,13,1
51697751,158768584,12,1
51697751,158769943,11,1
51697751,158783607,11,1
51697751,158786105,11,1
51697751,158787173,12,1
51697751,158790193,11,1
51697751,158792786,17,1
51697751,158792938,36,1
51697751,158799332,10,1
51697751,158799580,12,1
51697751,158802199,10,1
51697751,158804646,12,1
51697751,158805844,11,1
51697751,158809080,11,1
51697751,158812136,15,1
51697751,158817130,12,1
51697751,158817137,10,1
51697751,158820327,10,1
51697751,158821549,12,1
51697751,158821603,12,1
51697751,158822776,12,1
51697751,158823187,12,1
51697751,158825552,12,1
51697751,158825688,11,1
51697751,158828005,10,1
51697751,158828512,15,1
51697751,158830531,19,1
51697751,158832828,13,1
51697751,158833406,11,1
51697751,158834390,15,1
51697751,158846374,11,1
51697751,158848563,12,1
51697751,158849859,13,1
51697751,158850083,11,1
51697751,158851855,10,1
51697751,158852900,24,1
51697751,158853339,13,1
51697751,158855600,12,1
51697751,158855654,10,1
51697751,158855749,25,1
51697751,158855808,20,1
51697751,158856317,13,1
51697751,158856409,11,1
51697751,158857050,10,1
51697751,158857406,11,1
51697751,158869719,15,1
51697751,158876373,20,1
51697751,158876692,12,1
51697751,158878216,10,1
51697751,158885454,41,1
51697751,158888609,20,1
51697751,158890522,10,1
51697751,158891337,12,1
51697751,158892494,10,1
51697751,158892665,10,1
51697751,158894485,17,1
51697751,158894635,13,1
51697751,158907886,16,1
51697751,158917856,25,1
51697751,158920978,10,1
51697751,158923222,24,1
51697751,158927011,46,1
51697751,158928211,12,1
51697751,158930237,12,1
51697751,158931700,10,1
51697751,158932234,22,1
51697751,158935195,32,1
51697751,158935412,10,1
51697751,158939076,10,1
51697751,158939583,10,1
51697751,158939891,11,1
51697751,158940285,11,1
51697751,158940849,17,1
51697751,158940869,12,1
51697751,158941006,26,1
51697751,158941026,13,1
51697751,158944833,14,1
51697751,158945524,13,1
51697751,158946965,45,1
51697751,158947193,66,1
51697751,158947708,10,1
51697751,158948559,14,1
51697751,158949003,13,1
51697751,158949903,10,1
51697751,158950068,11,1
51697751,158950662,12,1
51697751,158950812,12,1
51697751,158953059,14,1
51697751,158954126,10,1
51697751,158954265,12,1
51697751,158954778,10,1
51697751,158955953,38,1
51697751,158957232,10,1
51697751,158957477,10,1
51697751,158957818,10,1
51697751,158958424,10,1
51697751,158959761,14,1
51697751,158960219,10,1
51697751,158962189,11,1
51697751,158964808,12,1
51697751,158965909,10,1
51697751,158969295,10,1
51697751,158971967,33,1
51697751,158973460,12,1
51697751,158974330,10,1
51697751,158974535,13,1
51697751,158974667,15,1
51697751,158982166,10,1
51697751,158982860,11,1
51697751,158983983,10,1
51697751,158988826,13,1
51697751,158991313,12,1
51697751,158995242,20,1
51697751,158996715,119,1
51697751,159001085,12,1
51697751,159005031,10,1
51697751,159005057,16,1
51697751,159006456,11,1
51697751,159012432,13,1
51697751,159012920,15,1
51697751,159017557,23,1
51697751,159018541,88,1
51697751,159021092,10,1
51697751,159021123,11,1
51697751,159024731,13,1
51697751,159025150,10,1
51697751,159026117,10,1
51697751,159028848,74,1
51697751,159029009,10,1
51697751,159038833,36,1
51697751,159040337,13,1
51697751,159051920,26,1
51697751,159057926,11,1
51697751,159063424,13,1
51697751,159066779,61,1
51697751,159079395,11,1
51697751,159084370,10,1
51697751,159089570,269,1
51697751,159091340,10,1
51697751,159092691,22,1
51697751,159093160,15,1
51697751,159095341,12,1
51697751,159097094,44,1
51697751,159099305,23,1
51697751,159099855,13,1
51697751,159100591,27,1
51697751,159100908,26,1
51697751,159101546,21,1
51697751,159104770,11,1
51697751,159108786,12,1
51697751,159110088,20,1
51697751,159114683,12,1
51697751,159114793,12,1
51697751,159119604,14,1
51697751,159120768,12,1
51697751,159127167,11,1
51697751,159127318,22,1
51697751,159128396,10,1
51697751,159129901,10,1
51697751,159131062,19,1
51697751,159131303,55,1
51697751,159132546,10,1
51697751,159132664,10,1
51697751,159134793,12,1
51697751,159134938,10,1
51697751,159136557,17,1
51697751,159136885,11,1
51697751,159137050,11,1
51697751,159137693,10,1
51697751,159137801,45,1
51697751,159139469,10,1
51697751,159140508,12,1
51697751,159141315,14,1
51697751,159142172,13,1
51697751,159142608,16,1
51697751,159146628,33,1
51697751,159147467,10,1
51697751,159149063,12,1
51697751,159149247,13,1
51697751,159150537,14,1
51697751,159156732,12,1
51697751,159161243,12,1
51697751,159170655,10,1
51697751,159170996,29,1
51697751,159179735,13,1
51697751,159179763,10,1
51697751,159182818,12,1
51697751,159183902,11,1
51697751,159186419,13,1
51697751,159186737,24,1
51697751,159188175,10,1
51697751,159192352,19,1
51697751,159195139,11,1
51697751,159197699,31,1
51697751,159198029,12,1
51697751,159198144,184,1
51697751,159198933,10,1
51697751,159199007,11,1
51697751,159200181,23,1
51697751,159201216,28,1
51697751,159201666,11,1
51697751,159202982,11,1
51697751,159208043,10,1
51697751,159209417,11,1
51697751,159210878,11,1
51697751,159213231,11,1
51697751,159217117,10,1
51697751,159219143,15,1
51697751,159219276,11,1
51697751,159221036,40,1
51697751,159222964,29,1
51697751,159222989,34,1
51697751,159223012,16,1
51697751,159223150,12,1
51697751,159226591,10,1
51697751,159228350,13,1
51697751,159232986,12,1
51697751,159234071,13,1
51697751,159234496,12,1
51697751,159237120,18,1
51697751,159238557,10,1
51697751,159246040,11,1
51697751,159247846,92,1
51697751,159248569,11,1
51697751,159249848,10,1
51697751,159250676,10,1
51697751,159255404,18,1
51697751,159256703,12,1
51697751,159257469,11,1
51697751,159266254,11,1
51697751,159272919,13,1
51697751,159273838,11,1
51697751,159274080,11,1
51697751,159275921,10,1
51697751,159276112,12,1
51697751,159278926,10,1
51697751,159283992,19,1
51697751,159284565,12,1
51697751,159293932,11,1
51697751,159295964,10,1
51697751,159296988,11,1
51697751,159297081,10,1
51697751,159299378,13,1
51697751,159309587,30,1
51697751,159318054,11,1
51697751,159318091,35,1
51697751,159319756,10,1
51697751,159321017,10,1
51697751,159326974,12,1
51697751,159340241,12,1
51697751,159340313,10,1
51697751,159341915,12,1
51697751,159343645,10,1
51697751,159344023,10,1
51697751,159349585,15,1
51697751,159358772,15,1
51697751,159359238,11,1
51697751,159359708,13,1
51697751,159361231,44,1
51697751,159368317,10,1
51697751,159378883,10,1
51697751,159379587,87,1
51697751,159381779,15,1
51697751,159381933,18,1
51697751,159383162,16,1
51697751,159386960,10,1
51697751,159395755,11,1
51697751,159396052,10,1
51697751,159396114,21,1
51697751,159396597,10,1
51697751,159397302,10,1
51697751,159398579,22,1
51697751,159400531,11,1
51697751,159402077,14,1
51697751,159402671,17,1
51697751,159404247,15,1
51697751,159405744,13,1
51697751,159406058,16,1
51697751,159408048,12,1
51697751,159408886,11,1
51697751,159411054,10,1
51697751,159424113,12,1
51697751,159426465,14,1
51697751,159432188,25,1
51697751,159432678,13,1
51697751,159435481,11,1
51697751,159438450,10,1
51697751,159442130,12,1
51697751,159442949,10,1
51697751,159443190,12,1
51697751,159444153,12,1
51697751,159445113,16,1
51697751,159445782,10,1
51697751,159447862,11,1
51697751,159448275,256,1
51697751,159448729,10,1
51697751,159449211,10,1
51697751,159449943,347,1
51697751,159450004,10,1
51697751,159450317,20,1
51697751,159452459,10,1
51697751,159453985,10,1
51697751,159455311,10,1
51697751,159455666,10,1
51697751,159456297,12,1
51697751,159459222,11,1
51697751,159459546,15,1
51697751,159463662,13,1
51697751,159463721,14,1
51697751,159464299,10,1
51697751,159464438,10,1
51697751,159464847,17,1
51697751,159465251,19,1
51697751,159466806,11,1
51697751,159469812,381,1
51697751,159474127,10,1
51697751,159477632,11,1
51697751,159478267,14,1
51697751,159481292,16,1
51697751,159482461,19,1
51697751,159484224,10,1
51697751,159490765,10,1
51697751,159491798,10,1
51697751,159492381,23,1
51697751,159493697,10,1
51697751,159493863,10,1
51697751,159494234,11,1
51697751,159494488,12,1
51697751,159494793,11,1
51697751,159495169,10,1
51697751,159497746,10,1
51697751,159502094,14,1
51697751,159503717,11,1
51697751,159504245,10,1
51697751,159505855,15,1
51697751,159511468,10,1
51697751,159512884,12,1
51697751,159513252,11,1
51697751,159513832,28,1
51697751,159514341,10,1
51697751,159514484,14,1
51697751,159518835,10,1
51697751,159519464,11,1
51697751,159520265,11,1
51697751,159520603,11,1
51697751,159521564,50,1
51697751,159521806,10,1
51697751,159521976,12,1
51697751,159522054,20,1
51697751,159522597,19,1
51697751,159522738,10,1
51697751,159524209,15,1
51697751,159524293,24,1
51697751,159524382,11,1
51697751,159524605,10,1
51697751,159524625,10,1
51697751,159524636,10,1
51697751,159524711,22,1
51697751,159524739,34,1
51697751,159524874,10,1
51697751,159525126,11,1
51697751,159525541,11,1
51697751,159526832,17,1
51697751,159527361,10,1
51697751,159528202,12,1
51697751,159528415,11,1
51697751,159528531,14,1
51697751,159529030,10,1
51697751,159529215,23,1
51697751,159530648,72,1
51697751,159530966,10,1
51697751,159532778,14,1
51697751,159533846,12,1
51697751,159535953,10,1
51697751,159538165,28,1
51697751,159538706,10,1
51697751,159538926,10,1
51697751,159539265,23,1
51697751,159542154,17,1
51697751,159544708,12,1
51697751,159545107,12,1
51697751,159546723,14,1
51697751,159547263,11,1
51697751,159548334,11,1
51697751,159548357,10,1
51697751,159548598,49,1
51697751,159549904,20,1
51697751,159552193,13,1
51697751,159554292,10,1
51697751,159556958,14,1
51697751,159557713,16,1
51697751,159558091,10,1
51697751,159559271,10,1
51697751,159560207,17,1
51697751,159560330,10,1
51697751,159573261,10,1
51697751,159576890,83,1
51697751,159582538,10,1
51697751,159584898,11,1
51697751,159586488,11,1
51697751,159587659,10,1
51697751,159590035,32,1
51697751,159593501,10,1
51697751,159594129,15,1
51697751,159594155,19,1
51697751,159594967,12,1
51697751,159595673,10,1
51697751,159597454,104,1
51697751,159600335,14,1
51697751,159617022,17,1
51697751,159617515,14,1
51697751,159619325,11,1
51697751,159624949,11,1
51697751,159625231,30,1
51697751,159629391,14,1
51697751,159630490,16,1
51697751,159630872,12,1
51697751,159631185,10,1
51697751,159631565,21,1
51697751,159634573,14,1
51697751,159637371,12,1
51697751,159637573,13,1
51697751,159637634,10,1
51697751,159637769,11,1
51697751,159638641,11,1
51697751,159640803,14,1
51697751,159640819,11,1
51697751,159641828,12,1
51697751,159642661,12,1
51697751,159642721,14,1
51697751,159642852,12,1
51697751,159643126,15,1
51697751,159644827,25,1
51697751,159646879,12,1
51697751,159648213,26,1
51697751,159650017,11,1
51697751,159650254,16,1
51697751,159650307,11,1
51697751,159651026,10,1
51697751,159653108,10,1
51697751,159653665,12,1
51697751,159653981,33,1
51697751,159654652,52,1
51697751,159654989,10,1
51697751,159655173,10,1
51697751,159655503,11,1
51697751,159658815,14,1
51697751,159659203,11,1
51697751,159659208,11,1
51697751,159660168,10,1
51697751,159660487,11,1
51697751,159663034,11,1
51697751,159664000,15,1
51697751,159666737,11,1
51697751,159667211,10,1
51697751,159667222,11,1
51697751,159667886,12,1
51697751,159670628,12,1
51697751,159672213,21,1
51697751,159672460,10,1
51697751,159672813,10,1
51697751,159673455,11,1
51697751,159675132,16,1
51697751,159675787,12,1
51697751,159680140,10,1
51697751,159680516,22,1
51697751,159681787,11,1
51697751,159683430,20,1
51697751,159685397,10,1
51697751,159686646,15,1
51697751,159687925,33,1
51697751,159688668,10,1
51697751,159689892,140,1
51697751,159692361,11,1
51697751,159694165,161,1
51697751,159698123,12,1
51697751,159699127,14,1
51697751,159700390,14,1
51697751,159701010,18,1
51697751,159702885,16,1
51697751,159703344,10,1
51697751,159704815,10,1
51697751,159705111,11,1
51697751,159706039,23,1
51697751,159706246,17,1
51697751,159707890,10,1
51697751,159710184,12,1
51697751,159710405,11,1
51697751,159710721,15,1
51697751,159714256,25,1
51697751,159717797,13,1
51697751,159719838,10,1
51697751,159720007,13,1
51697751,159726927,33,1
51697751,159750041,12,1
51697751,159751384,10,1
51697751,159753254,10,1
51697751,159756638,10,1
51697751,159762231,19,1
51697751,159766662,38,1
51697751,159767816,10,1
51697751,159771034,10,1
51697751,159779890,12,1
51697751,159780538,31,1
51697751,159783828,10,1
51697751,159784642,28,1
51697751,159791034,12,1
51697751,159792542,12,1
51697751,159793913,12,1
51697751,159795649,12,1
51697751,159803014,25,1
51697751,159804494,17,1
51697751,159807943,12,1
51697751,159808920,10,1
51697751,159810254,12,1
51697751,159812548,10,1
51697751,159813199,12,1
51697751,159815289,10,1
51697751,159817356,10,1
51697751,159818464,14,1
51697751,159824460,14,1
51697751,159824565,13,1
51697751,159827421,10,1
51697751,159829892,25,1
51697751,159841566,18,1
51697751,159848473,11,1
51697751,159848621,10,1
51697751,159851056,10,1
51697751,159851481,15,1
51697751,159853336,12,1
51697751,159858308,10,1
51697751,159862416,12,1
51697751,159870747,10,1
51697751,159870757,15,1
51697751,159875160,11,1
51697751,159877672,10,1
51697751,159882683,12,1
51697751,159882910,10,1
51697751,159885190,13,1
51697751,159886819,11,1
51697751,159889497,23,1
51697751,159889927,12,1
51697751,159890015,13,1
51697751,159890627,11,1
51697751,159893113,10,1
51697751,159894647,32,1
51697751,159896907,28,1
51697751,159897444,14,1
51697751,159897606,11,1
51697751,159900459,12,1
51697751,159902196,11,1
51697751,159902636,17,1
51697751,159915577,50,1
51697751,159919988,11,1
51697751,159928225,10,1
51697751,159928766,13,1
51697751,159931947,29,1
51697751,159934902,10,1
51697751,159936305,31,1
51697751,159938127,12,1
51697751,159939352,196,1
51697751,159940842,10,1
51697751,159946367,12,1
51697751,159952825,12,1
51697751,159953874,18,1
51697751,159959323,14,1
51697751,159965403,18,1
51697751,159966982,14,1
51697751,159970025,17,1
51697751,159971737,14,1
51697751,159972701,368,1
51697751,159973000,15,1
51697751,159973512,11,1
51697751,159973897,10,1
51697751,159974963,15,1
51697751,159975251,13,1
51697751,159975935,11,1
51697751,159976175,11,1
51697751,159977585,11,1
51697751,159978766,18,1
51697751,159979521,16,1
51697751,159980293,10,1
51697751,159981148,32,1
51697751,159982137,12,1
51697751,159982935,12,1
51697751,159983555,14,1
51697751,159983935,12,1
51697751,159985294,10,1
51697751,159986303,19,1
51697751,159989008,12,1
51697751,159989633,10,1
51697751,159990134,12,1
51697751,159991293,12,1
51697751,159992274,10,1
51697751,159993992,10,1
51697751,160001219,12,1
51697751,160002643,19,1
51697751,160002906,11,1
51697751,160003936,15,1
51697751,160006394,10,1
51697751,160009529,11,1
51697751,160009915,10,1
51697751,160010272,12,1
51697751,160014000,22,1
51697751,160014212,11,1
51697751,160017159,14,1
51697751,160018297,12,1
51697751,160019168,12,1
51697751,160019885,15,1
51697751,160022571,21,1
51697751,160022640,26,1
51697751,160022834,11,1
51697751,160023373,11,1
51697751,160024041,10,1
51697751,160025241,11,1
51697751,160026865,14,1
51697751,160027116,18,1
51697751,160029209,37,1
51697751,160030411,11,1
51697751,160030811,10,1
51697751,160031521,10,1
51697751,160031835,39,1
51697751,160033951,12,1
51697751,160039236,16,1
51697751,160057262,589,1
51697751,160082773,12,1
51697751,160091488,26,1
51697751,160102839,12,1
51697751,160103236,10,1
51697751,160104987,16,1
51697751,160104989,11,1
51697751,160105980,10,1
51697751,160106494,13,1
51697751,160106782,12,1
51697751,160107054,11,1
51697751,160109303,12,1
51697751,160115862,11,1
51697751,160119972,12,1
51697751,160121643,16,1
51697751,160122532,10,1
51697751,160124763,23,1
51697751,160126001,12,1
51697751,160127564,14,1
51697751,160129112,11,1
51697751,160131630,10,1
51697751,160132476,28,1
51697751,160133999,20,1
51697751,160135183,11,1
51697751,160135846,27,1
51697751,160136091,29,1
51697751,160137004,12,1
51697751,160137337,13,1
51697751,160137722,10,1
51697751,160139320,30,1
51697751,160139941,12,1
51697751,160143194,12,1
51697751,160144123,10,1
51697751,160144819,25,1
51697751,160148538,700,1
51697751,160152564,10,1
51697751,160152990,15,1
51697751,160156138,10,1
51697751,160165829,11,1
51697751,160168999,19,1
51697751,160174813,29,1
51697751,160175987,12,1
51697751,160176329,14,1
51697751,160176434,11,1
51697751,160176785,35,1
51697751,160181920,11,1
51697751,160186211,16,1
51697751,160188338,10,1
51697751,160205937,13,1
51697751,160214870,10,1
51697751,160225324,12,1
51697751,160230912,16,1
51697751,160238291,10,1
51697751,160241011,12,1
51697751,160246818,10,1
51697751,160256888,58,1
51697751,160259102,11,1
51697751,160261994,15,1
51697751,160264848,10,1
51697751,160265314,12,1
51697751,160268445,10,1
51697751,160280448,37,1
51697751,160286306,11,1
51697751,160299810,11,1
51697751,160302064,23,1
51697751,160302565,16,1
51697751,160302673,28,1
51697751,160304944,31,1
51697751,160305903,10,1
51697751,160306060,33,1
51697751,160306350,15,1
51697751,160306619,10,1
51697751,160307006,26,1
51697751,160307017,26,1
51697751,160307784,10,1
51697751,160310748,10,1
51697751,160310827,11,1
51697751,160311385,50,1
51697751,160313918,15,1
51697751,160313931,11,1
51697751,160319573,13,1
51697751,160322299,11,1
51697751,160331598,10,1
51697751,160333834,90,1
51697751,160337470,13,1
51697751,160342590,14,1
51697751,160372034,11,1
51697751,160372301,12,1
51697751,160375237,12,1
51697751,160376817,33,1
51697751,160379048,22,1
51697751,160379400,15,1
51697751,160384022,141,1
51697751,160385598,11,1
51697751,160387517,14,1
51697751,160387780,15,1
51697751,160392194,11,1
51697751,160392944,12,1
51697751,160397191,94,1
51697751,160399796,27,1
51697751,160404038,11,1
51697751,160406813,12,1
51697751,160415683,14,1
51697751,160416672,27,1
51697751,160416785,10,1
51697751,160418390,20,1
51697751,160421479,13,1
51697751,160422714,10,1
51697751,160425949,11,1
51697751,160427364,10,1
51697751,160429407,11,1
51697751,160429614,10,1
51697751,160429657,30,1
51697751,160431507,10,1
51697751,160431527,14,1
51697751,160436734,11,1
51697751,160439768,13,1
51697751,160478500,13,1
51697751,160486108,15,1
51697751,160487461,17,1
51697751,160501863,15,1
51697751,160502686,10,1
51697751,160509972,15,1
51697751,160533705,11,1
51697751,160539432,16,1
51697751,160541384,28,1
51697751,160542585,295,1
51697751,160549254,14,1
51697751,160551477,11,1
51697751,160551951,12,1
51697751,160554997,10,1
51697751,160555063,10,1
51697751,160556207,31,1
51697751,160556538,19,1
51697751,160559281,11,1
51697751,160560720,13,1
51697751,160560785,10,1
51697751,160561599,12,1
51697751,160561992,12,1
51697751,160562312,13,1
51697751,160562334,12,1
51697751,160562342,11,1
51697751,160563838,10,1
51697751,160566800,12,1
51697751,160567815,10,1
51697751,160568723,51,1
51697751,160579308,11,1
51697751,160579397,10,1
51697751,160580371,10,1
51697751,160581063,11,1
51697751,160584029,16,1
51697751,160587014,12,1
51697751,160590667,23,1
51697751,160592046,12,1
51697751,160599907,14,1
51697751,160618108,20,1
51697751,160627723,12,1
51697751,160657243,13,1
51697751,160657283,12,1
51697751,160665182,31,1
51697751,160669845,20,1
51697751,160672750,16,1
51697751,160674611,30,1
51697751,160677295,11,1
51697751,160679098,10,1
51697751,160679452,15,1
51697751,160681175,11,1
51697751,160686079,13,1
51697751,160689360,14,1
51697751,160691646,16,1
51697751,160691749,10,1
51697751,160692312,10,1
51697751,160707054,10,1
51697751,160713352,17,1
51697751,160719707,14,1
51697751,160738970,14,1
51697751,160745327,16,1
51697751,160765091,11,1
51697751,160774352,10,1
51697751,160778788,10,1
51697751,160783978,12,1
51697751,160792256,10,1
51697751,160796749,14,1
51697751,160798078,11,1
51697751,160803102,33,1
51697751,160804378,10,1
51697751,160809245,17,1
51697751,160811164,13,1
51697751,160812332,17,1
51697751,160822385,13,1
51697751,160825561,16,1
51697751,160829530,20,1
51697751,160830314,20,1
51697751,160831446,28,1
51697751,160832505,16,1
51697751,160836937,10,1
51697751,160851827,12,1
51697751,160865308,10,1
51697751,160874080,11,1
51697751,160876044,18,1
51697751,160879712,10,1
51697751,160883005,11,1
51697751,160883373,569,1
51697751,160888011,10,1
51697751,160893494,10,1
51697751,160896831,11,1
51697751,160900310,14,1
51697751,160933171,11,1
51697751,160939336,10,1
51697751,160943594,11,1
51697751,160953880,14,1
51697751,160955868,21,1
51697751,160961603,12,1
51697751,160966054,10,1
51697751,160967379,10,1
51697751,160989159,16,1
51697751,161008337,49,1
51697751,161029832,10,1
51697751,161062901,12,1
51697751,161063973,11,1
51697751,161065083,10,1
51697751,161066681,13,1
51697751,161067791,16,1
51697751,161070250,15,1
51697751,161079245,12,1
51697751,161083207,13,1
51697751,161098899,13,1
51697751,161114680,25,1
51697751,161131768,11,1
51697751,161144945,10,1
51697751,161162060,16,1
51697751,161174697,25,1
51697751,161181348,13,1
51697751,161182307,12,1
51697751,161187572,12,1
51697751,161194335,10,1
51697751,161222908,10,1
51697751,161241581,10,1
51697751,161281848,12,1
51697751,161283751,11,1
51697751,161283882,25,1
51697751,161285358,46,1
51697751,161289228,17,1
51697751,161295552,12,1
51697751,161299627,10,1
51697751,161299889,20,1
51697751,161331538,79,1
51697751,161331981,26,1
51697751,161337502,20,1
51697751,161353797,13,1
51697751,161361505,13,1
51697751,161364091,220,1
51697751,161368440,25,1
51697751,161372206,88,1
51697751,161392886,10,1
51697751,161413801,20,1
51697751,161417530,13,1
51697751,161417652,10,1
51697751,161421571,10,1
51697751,161428445,11,1
51697751,161430808,31,1
51697751,161433117,10,1
51697751,161438826,10,1
51697751,161442549,10,1
51697751,161445843,13,1
51697751,161456377,10,1
51697751,161456692,10,1
51697751,161458517,15,1
51697751,161458542,13,1
51697751,161462763,45,1
51697751,161470323,16,1
51697751,161472149,14,1
51697751,161478396,16,1
51697751,161484855,20,1
51697751,161494248,13,1
51697751,161496114,10,1
51697751,161502677,11,1
51697751,161507718,10,1
51697751,161561792,10,1
51697751,161570694,11,1
51697751,161581221,15,1
51697751,161585289,49,1
51697751,161593130,10,1
51697751,161600958,13,1
51697751,161602897,10,1
51697751,161606382,52,1
51697751,161609541,10,1
51697751,161627647,17,1
51697751,161628908,10,1
51697751,161635162,15,1
51697751,161641449,11,1
51697751,161646934,11,1
51697751,161651435,19,1
51697751,161654280,11,1
51697751,161654975,10,1
51697751,161669999,10,1
51697751,161671061,19,1
51697751,161672500,33,1
51697751,161676736,10,1
51697751,161691642,12,1
51697751,161695473,10,1
51697751,161698448,14,1
51697751,161746891,16,1
51697751,161747327,11,1
51697751,161766490,10,1
51697751,161768464,40,1
51697751,161773846,10,1
51697751,161778808,13,1
51697751,161786315,13,1
51697751,161795665,10,1
51697751,161809505,21,1
51697751,161810780,12,1
51697751,161813446,16,1
51697751,161831100,14,1
51697751,161841289,12,1
51697751,161842687,11,1
51697751,161861632,11,1
51697751,161872798,12,1
51697751,161893653,23,1
51697751,161895390,10,1
51697751,161909185,10,1
51697751,161920480,10,1
51697751,161931116,11,1
51697751,161933588,11,1
51697751,161949953,20,1
51697751,161956639,10,1
51697751,161962927,14,1
51697751,161982811,14,1
51697751,161990093,12,1
51697751,162019467,17,1
51697751,162022423,10,1
51697751,162024127,35,1
51697751,162033454,13,1
51697751,162039972,11,1
51697751,162046956,11,1
51697751,162047398,11,1
51697751,162053582,18,1
51697751,162058916,11,1
51697751,162062216,29,1
51697751,162067725,13,1
51697751,162144948,17,1
51697751,162147598,20,1
51697751,162147995,13,1
51697751,162182607,16,1
51697751,162183710,13,1
51697751,162193110,20,1
51697751,162196470,13,1
51697751,162204093,13,1
51697751,162210087,16,1
51697751,162234849,11,1
51697751,162242987,13,1
51697751,162250214,16,1
51697751,162258082,99,1
51697751,162261085,17,1
51697751,162275959,11,1
51697751,162287132,13,1
51697751,162289495,13,1
51697751,162290098,10,1
51697751,162313437,11,1
51697751,162313759,12,1
51697751,162319609,10,1
51697751,162320852,10,1
51697751,162323182,11,1
51697751,162325473,10,1
51697751,162368936,19,1
51697751,162425633,13,1
51697751,162436232,14,1
51697751,162457660,50,1
51697751,162462466,10,1
51697751,162480774,11,1
51697751,162487017,20,1
51697751,162499583,15,1
51697751,162516765,10,1
51697751,162519748,10,1
51697751,162533620,17,1
51697751,162534026,10,1
51697751,162540502,11,1
51697751,162541474,12,1
51697751,162542429,13,1
51697751,162547101,10,1
51697751,162548369,128,1
51697751,162551799,13,1
51697751,162562515,10,1
51697751,162563570,15,1
51697751,162568174,14,1
51697751,162579159,26,1
51697751,162582218,19,1
51697751,162585903,17,1
51697751,162592198,10,1
51697751,162603777,35,1
51697751,162611374,16,1
51697751,162621898,13,1
51697751,162648993,25,1
51697751,162670915,12,1
51697751,162676260,10,1
51697751,162691925,12,1
51697751,162699614,25,1
51697751,162700150,10,1
51697751,162708532,10,1
51697751,162722087,11,1
51697751,162723952,11,1
51697751,162732146,10,1
51697751,162747803,12,1
51697751,162751755,14,1
51697751,162751773,15,1
51697751,162760667,11,1
51697751,162766116,20,1
51697751,162774776,21,1
51697751,162781369,11,1
51697751,162782035,11,1
51697751,162789649,34,1
51697751,162793208,30,1
51697751,162793365,10,1
51697751,162795907,31,1
51697751,162797309,12,1
51697751,162805036,10,1
51697751,162833453,14,1
51697751,162837108,10,1
51697751,162842153,10,1
51697751,162843236,24,1
51697751,162847434,10,1
51697751,162852591,11,1
51697751,162863253,12,1
51697751,162868253,14,1
51697751,162881287,10,1
51697751,162885046,58,1
51697751,162889355,10,1
51697751,162901319,10,1
51697751,162905362,10,1
51697751,162962624,10,1
51697751,162963031,12,1
51697751,162977187,10,1
51697751,162980346,93,1
51697751,162999643,152,1
51697751,163005860,10,1
51697751,163029075,40,1
51697751,163041677,10,1
51697751,163051095,18,1
51697751,163051454,10,1
51697751,163067383,25,1
51697751,163080328,12,1
51697751,163080537,14,1
51697751,163088763,11,1
51697751,163094748,1076,1
51697751,163137586,12,1
51697751,163464733,10,1
51697751,163511211,20,1
51697751,163686599,247,1
51697751,163793580,10,1
51697751,163860129,12,1
51697751,163990228,17,1
51697751,164420760,10,1
51697751,164431462,10,1
51697751,164754526,11,1
51697751,165176919,10,1
51697751,165244709,22,1
51697751,165341707,15,1
51697751,165397298,11,1
51697751,165455871,15,1
51697751,165878333,16,1
51697751,165887575,10,1
51697751,165913221,28,1
51697751,166151086,10,1
51697751,166169356,14,1
51697751,166236886,19,1
51697751,166488793,38,1
51697751,166502526,19,1
51697751,166528848,11,1
51697751,166806784,10,1
51697751,167096487,13,1
51697751,167127388,11,1
51697751,167219067,40,1
51697751,167220138,11,1
51697751,167257793,19,1
51697751,167257931,10,1
51697751,167263686,10,1
51697751,167265295,19,1
51697751,167268757,10,1
51697751,167269735,18,1
51697751,167292661,25,1
51697751,167355505,10,1
51697751,167364739,18,1
51697751,167364985,16,1
51697751,167365431,13,1
51697751,167367456,11,1
51697751,167382423,17,1
51697751,167408342,15,1
51697751,167410363,10,1
51697751,167412096,10,1
51697751,167412308,11,1
51697751,167416239,13,1
51697751,167420980,10,1
51697751,167421207,10,1
51697751,167423256,10,1
51697751,167435100,10,1
51697751,167435345,14,1
51697751,167439108,10,1
51697751,167444170,47,1
51697751,167526180,11,1
51697751,167642116,316,1
51697751,167741649,12,1
51697751,167751849,17,1
51697751,167828990,13,1
51697751,167835245,10,1
51697751,167947007,10,1
51697751,167960129,13,1
51697751,168151996,13,1
51697751,168452928,12,1
51697751,168610687,171,1
51697751,168636293,58,1
51697751,168743529,15,1
51697751,168803898,14,1
51697751,168860695,11,1
51697751,169106028,10,1
51697751,169139602,12,1
51697751,169248433,11,1
51697751,169410378,77,1
51697751,169467689,11,1
51697751,169723884,11,1
51697751,169768559,13,1
51697751,170026973,14,1
51697751,170083264,10,1
51697751,170508843,11,1
51697751,170751973,11,1
51697751,170961776,10,1
51697751,171075783,12,1
51697751,171204579,12,1
51697751,171892582,11,1
51697751,171979063,174,1
51697751,172323713,10,1
51697751,172421691,12,1
51697751,172515906,47,1
51697751,172588843,10,1
51697751,172980631,11,1
51697751,173254438,206,1
51697751,173293286,16,1
51697751,173316123,19,1
51697751,173473558,10,1
51697751,173523909,12,1
51697751,174207586,10,1
51697751,174309783,19,1
51697751,174461129,18,1
51697751,175515127,11,1
51697751,176098516,12,1
51697751,176172559,31,1
51697751,176488626,17,1
51697751,176944278,10,1
51697751,177261802,11,1
51697751,177519418,10,1
51697751,177542641,22,1
51697751,177728689,17,1
51697751,177745904,16,1
51697751,178089249,13,1
51697751,178371147,126,1
51697751,178463767,10,1
51697751,179126553,14,1
51697751,179398845,11,1
51697751,179466444,10,1
51697751,179759691,19,1
51697751,180071765,16,1
51697751,180592915,10,1
51697751,180896593,20,1
51697751,181621708,108,1
51697751,181634473,16,1
51697751,182008937,12,1
51697751,183373266,117,1
51697751,183772972,13,1
51697751,183837344,125,1
51697751,184654628,156,1
51697751,184903741,630,1
51697751,186132285,16,1
51697751,187154066,16,1
51697751,188794636,19,1
51697751,189076620,86,1
51697751,189509142,566,1
51697751,189540355,223,1
51697751,189967303,161,1
51697751,191982344,14,1
51697751,193731491,11,1
51697751,193978083,12,1
51697751,193982383,33,1
51697751,199115536,14,1
51697751,202750440,14,1
51697751,203016447,15,1
51697751,204393704,13,1
51697751,204393765,23,1
51697753,154111652,1847,1
51697753,154550960,28,1
51697753,154553410,34,1
51697753,154579370,24,1
51697753,154625799,11,1
51697753,154740013,13,1
51697753,154741343,138,1
51697753,154744149,60,1
51697753,154808551,11,1
51697753,154809666,90,1
51697753,154902618,23,1
51697753,154944418,22,1
51697753,154976364,11,1
51697753,155169492,103,1
51697753,155291665,147,1
51697753,155312570,172,1
51697753,155449023,191,1
51697753,155487470,1185,1
51697753,155491602,19,1
51697753,155492222,427,1
51697753,155533486,218,1
51697753,155538011,182,1
51697753,155646837,30,1
51697753,155712711,11,1
51697753,155757406,154,1
51697753,155761207,39,1
51697753,155766363,85,1
51697753,155792515,96,1
51697753,155857368,16,1
51697753,155866956,23,1
51697753,155874317,516,1
51697753,155875327,48,1
51697753,155878784,14,1
51697753,155890495,28,1
51697753,155894144,71,1
51697753,155903606,237,1
51697753,155914493,294,1
51697753,155932227,157,1
51697753,156007405,236,1
51697753,156007913,23,1
51697753,156033361,126,1
51697753,156038367,102,1
51697753,156081960,210,1
51697753,156085573,259,1
51697753,156099902,57,1
51697753,156100899,57,1
51697753,156178781,134,1
51697753,156181052,217,1
51697753,156182247,215,1
51697753,156186571,10,1
51697753,156222407,310,1
51697753,156252074,174,1
51697753,156261199,10,1
51697753,156265346,19,1
51697753,156280827,18,1
51697753,156292727,17,1
51697753,156302702,70,1
51697753,156334351,183,1
51697753,156413975,202,1
51697753,156480793,115,1
51697753,156509788,108,1
51697753,156532464,205,1
51697753,156590533,463,1
51697753,156627539,81,1
51697753,156646352,18,1
51697753,156648003,69,1
51697753,156651148,372,1
51697753,156656044,16,1
51697753,156663709,194,1
51697753,156676454,625,1
51697753,156683048,165,1
51697753,156695310,244,1
51697753,156700625,57,1
51697753,156703171,22,1
51697753,156784374,98,1
51697753,156805623,41,1
51697753,156815885,167,1
51697753,156818580,342,1
51697753,156829329,93,1
51697753,156838588,190,1
51697753,156841817,150,1
51697753,156854402,184,1
51697753,156855074,585,1
51697753,156879806,37,1
51697753,156879812,51,1
51697753,156879813,51,1
51697753,156890553,206,1
51697753,156901046,43,1
51697753,156901120,45,1
51697753,156905210,92,1
51697753,156942384,28,1
51697753,156974504,69,1
51697753,157001273,124,1
51697753,157008272,253,1
51697753,157013522,246,1
51697753,157032688,10,1
51697753,157070569,221,1
51697753,157072798,364,1
51697753,157091213,127,1
51697753,157127387,156,1
51697753,157131590,84,1
51697753,157163022,1014,1
51697753,157167550,379,1
51697753,157197126,233,1
51697753,157207854,38,1
51697753,157213237,122,1
51697753,157220036,24,1
51697753,157222560,33,1
51697753,157247749,338,1
51697753,157256216,143,1
51697753,157260691,111,1
51697753,157265347,46,1
51697753,157284158,35,1
51697753,157368485,125,1
51697753,157407728,455,1
51697753,157413642,30,1
51697753,157432007,362,1
51697753,157434881,176,1
51697753,157439794,433,1
51697753,157471133,194,1
51697753,157532212,161,1
51697753,157570177,537,1
51697753,157585760,54,1
51697753,157588278,144,1
51697753,157589034,223,1
51697753,157609196,850,1
51697753,157618700,169,1
51697753,157619547,64,1
51697753,157619898,48,1
51697753,157621821,179,1
51697753,157625662,168,1
51697753,157641629,252,1
51697753,157646222,152,1
51697753,157649055,115,1
51697753,157660838,107,1
51697753,157667096,296,1
51697753,157682692,482,1
51697753,157709678,176,1
51697753,157725569,234,1
51697753,157731060,16,1
51697753,157735223,30,1
51697753,157758736,233,1
51697753,157760578,487,1
51697753,157772943,134,1
51697753,157784955,314,1
51697753,157788293,223,1
51697753,157797073,45,1
51697753,157798470,728,1
51697753,157802608,146,1
51697753,157803765,230,1
51697753,157809151,311,1
51697753,157817460,725,1
51697753,157834076,167,1
51697753,157839678,160,1
51697753,157844531,152,1
51697753,157848646,79,1
51697753,157973778,326,1
51697753,157989402,19,1
51697753,158009977,363,1
51697753,158022728,92,1
51697753,158034555,909,1
51697753,158057967,46,1
51697753,158070524,463,1
51697753,158155747,149,1
51697753,158161564,16,1
51697753,158236903,743,1
51697753,158270400,47,1
51697753,158274689,25,1
51697753,158308904,108,1
51697753,158330618,171,1
51697753,158346593,56,1
51697753,158353774,337,1
51697753,158356658,114,1
51697753,158366430,239,1
51697753,158386166,89,1
51697753,158393881,188,1
51697753,158395953,136,1
51697753,158440793,38,1
51697753,158482189,103,1
51697753,158552919,44,1
51697753,158561789,112,1
51697753,158563362,570,1
51697753,158608963,64,1
51697753,158621932,105,1
51697753,158636253,751,1
51697753,158640059,147,1
51697753,158647320,170,1
51697753,158688564,108,1
51697753,158694452,80,1
51697753,158704180,12,1
51697753,158728841,97,1
51697753,158746573,54,1
51697753,158755384,81,1
51697753,158756876,88,1
51697753,158804141,295,1
51697753,158805189,151,1
51697753,158820145,197,1
51697753,158848476,126,1
51697753,158927332,64,1
51697753,158946965,348,1
51697753,158954968,69,1
51697753,158960454,20,1
51697753,158965624,21,1
51697753,158992488,30,1
51697753,158992836,31,1
51697753,158997770,19,1
51697753,159005112,80,1
51697753,159011879,1068,1
51697753,159049025,12,1
51697753,159089570,66,1
51697753,159108273,94,1
51697753,159165955,36,1
51697753,159195088,21,1
51697753,159198144,67,1
51697753,159199043,197,1
51697753,159260208,58,1
51697753,159261082,148,1
51697753,159270906,58,1
51697753,159276807,66,1
51697753,159290331,28,1
51697753,159292905,302,1
51697753,159296595,106,1
51697753,159310925,46,1
51697753,159321086,126,1
51697753,159334842,224,1
51697753,159335536,25,1
51697753,159448275,65,1
51697753,159456794,57,1
51697753,159469812,55,1
51697753,159537615,13,1
51697753,159558736,30,1
51697753,159619445,89,1
51697753,159623564,212,1
51697753,159646429,121,1
51697753,159661894,69,1
51697753,159696532,413,1
51697753,159707661,58,1
51697753,159715565,14,1
51697753,159756638,47,1
51697753,159761383,28,1
51697753,159780799,108,1
51697753,159931947,277,1
51697753,159959479,545,1
51697753,160004669,233,1
51697753,160037630,567,1
51697753,160057261,124,1
51697753,160061404,459,1
51697753,160211731,24,1
51697753,160221568,268,1
51697753,160281264,15,1
51697753,160303169,101,1
51697753,160333834,12,1
51697753,160389141,18,1
51697753,160397191,259,1
51697753,160408685,108,1
51697753,160421144,446,1
51697753,160487461,123,1
51697753,160542585,13,1
51697753,160639178,51,1
51697753,160683573,24,1
51697753,160737054,246,1
51697753,160748676,19,1
51697753,160791157,181,1
51697753,160854434,351,1
51697753,160939336,178,1
51697753,160965013,12,1
51697753,160965064,10,1
51697753,161013667,233,1
51697753,161024865,35,1
51697753,161086146,186,1
51697753,161174329,81,1
51697753,161183095,44,1
51697753,161244427,191,1
51697753,161329660,188,1
51697753,161430946,398,1
51697753,161437892,331,1
51697753,161528048,167,1
51697753,161556140,258,1
51697753,161747115,11,1
51697753,161753038,238,1
51697753,161775824,71,1
51697753,161795760,192,1
51697753,161813377,57,1
51697753,161954157,55,1
51697753,162029422,86,1
51697753,162142443,99,1
51697753,162198847,25,1
51697753,162255409,19,1
51697753,162259703,12,1
51697753,162355748,62,1
51697753,162414157,64,1
51697753,162475666,42,1
51697753,162508861,65,1
51697753,162538701,19,1
51697753,162545638,553,1
51697753,162566044,13,1
51697753,162687724,57,1
51697753,162693809,98,1
51697753,162813493,157,1
51697753,162841361,12,1
51697753,162854165,108,1
51697753,162866249,111,1
51697753,162959365,86,1
51697753,162988268,16,1
51697753,163094748,112,1
51697753,164376089,235,1
51697753,164557413,81,1
51697753,165537573,26,1
51697753,165844527,191,1
51697753,167366513,379,1
51697753,167368170,19,1
51697753,168157850,96,1
51697753,168463691,107,1
51697753,168463778,12,1
51697753,168610687,141,1
51697753,168636293,159,1
51697753,168652752,24,1
51697753,168669674,12,1
51697753,169043219,203,1
51697753,169162415,157,1
51697753,169410378,89,1
51697753,169475167,82,1
51697753,169749977,62,1
51697753,171447859,2544,1
51697753,171726133,26,1
51697753,172515906,219,1
51697753,173621501,10,1
51697753,174230738,864,1
51697753,175507750,229,1
51697753,177418545,461,1
51697753,179259945,52,1
51697753,179810716,36,1
51697753,180288016,405,1
51697753,180594534,29,1
51697753,180760999,20,1
51697753,181623808,75,1
51697753,185334582,32,1
51697753,185701306,43,1
51697753,186252805,27,1
51697753,189970979,124,1
51697753,191701392,155,1
51697753,193358258,31,1
51697753,194355597,111,1
51697753,199085075,21,1
51697753,199434459,19,1
51697753,200198531,270,1
51697753,201857359,162,1
51697753,203299912,18,1
51697753,203299914,16,1
51702498,154191542,225,1
51702498,157273444,100,1
51702498,158235141,146,1
51702498,158578529,24,1
51702498,159186419,296,1
51702498,160754501,35,1
51702498,189675812,24,1
51706678,155054990,16,1
51706678,157810258,26,1
51706678,159086854,34,1
51706678,164241460,37,1
51734854,154538868,113,1
51734854,157619935,51,1
51734854,159247846,173,1
51734854,189076620,62,1
51738562,156984993,99,1
51738562,159557632,227,1
51738562,160123108,23,1
51738562,161286191,14,1
51738562,169910415,39,1
51788017,160266150,78,1
51788017,161988609,13,1
51788017,162144973,25,1
51788017,162497023,25,1
51802612,155833110,78,1
51802612,157216960,35,1
51802612,159306920,15,1
51802612,160785226,18,1
51802612,160785240,29,1
51819701,159895570,28,1
51819701,160675078,10,1
51819701,160779766,12,1
51819701,161739536,21,1
51833414,160810710,12,1
51833414,161306525,24,1
51833414,162397012,25,1
51833414,162713009,19,1
51875389,159390784,28,1
51875389,159549964,71,1
51875389,161992147,16,1
51875389,162333179,26,1
51898554,158989478,21,1
51898554,160880557,19,1
51898554,161795245,33,1
51898554,164080375,20,1
51963612,155732756,46,1
51963612,155806492,29,1
51963612,158855141,45,1
51963612,160589682,37,1
52273090,157087575,11,1
52273090,157191653,19,1
52273090,157409577,10,1
52273090,157468066,10,1
52273090,158857535,10,1
52309942,158573963,15,1
52309942,159066423,31,1
52309942,159066530,23,1
52309942,161164939,82,1
52309942,161765141,62,1
52502346,160574116,98,1
52502346,161296151,335,1
52502346,162226531,13,1
52502346,163105167,11,1
52667810,154979133,11,1
52667810,156255824,27,1
52667810,161196084,11,1
52667810,162040156,13,1
52709919,158462854,12,1
52709919,161636127,26,1
52709919,162318305,30,1
52709919,162730853,10,1
52709919,162770726,23,1
52709919,163031882,113,1
52717643,158850739,269,1
52717643,159538561,69,1
52717643,177981296,78,1
52717643,178635586,17,1
52719455,157548358,14,1
52719455,159675132,22,1
52719455,160423052,34,1
52719455,168227228,32,1
527405,158274333,80,1
527405,159086947,62,1
527405,159169588,91,1
527405,160126568,62,1
527405,160172193,62,1
527405,162984505,62,1
527405,163096896,62,1
52849599,157764079,34,1
52849599,159277206,25,1
52849599,159488735,32,1
52849599,160310668,25,1
52849599,161129187,28,1
52887723,160806038,161,1
52887723,162143361,27,1
52887723,162490367,72,1
52887723,162677780,46,1
52935346,158979710,16,1
52935346,160414863,14,1
52935346,161568493,21,1
52935346,162132884,40,1
52935346,162763060,35,1
53017014,157044158,12,1
53017014,159351228,11,1
53017014,159832265,21,1
53017014,161455718,89,1
53017014,161966339,10,1
53094343,154632929,45,1
53094343,156532464,215,1
53094343,157615564,95,1
53094343,158468070,157,1
53094343,158505523,66,1
53094343,158996715,13,1
53094343,159456565,15,1
53094343,159939352,162,1
53094343,160142137,10,1
53094343,183772972,29,1
53095746,157025184,10,1
53095746,158992836,18,1
53095746,159292905,24,1
53095746,160393819,12,1
53095746,162588308,78,1
53095746,166484548,38,1
53669817,159644249,16,1
53669817,161139063,76,1
53669817,161337191,13,1
53669817,161934875,15,1
53669817,162314453,73,1
53669817,162567928,42,1
53669817,162588443,25,1
53669817,162786929,15,1
53669817,162862116,15,1
53783540,157566459,33,1
53783540,157604611,24,1
53783540,162180830,21,1
53783540,162330646,21,1
53807150,159082433,15,1
53807150,159554481,25,1
53807150,160657351,54,1
53807150,162470471,25,1
53837494,154226473,11,1
53837494,155064097,11,1
53837494,159129284,11,1
53837494,159130162,11,1
53837494,159139469,11,1
53837494,159147467,11,1
53837494,159179763,11,1
5386272,156099902,59,1
5386272,156100899,59,1
5386272,156700625,59,1
5386272,159143820,22,1
5386272,159456794,59,1
5386272,159839256,35,1
5386272,160962068,35,1
5386272,161188613,33,1
5386272,161813377,59,1
5386272,161954157,59,1
5386272,162687724,59,1
5386272,163639829,82,1
53975853,157087207,16,1
53975853,162520351,19,1
53975853,162884772,15,1
53975853,167672215,43,1
53991051,156002752,47,1
53991051,159088938,28,1
53991051,160481371,12,1
53991051,161236163,13,1
54026518,156978792,38,1
54026518,159470186,28,1
54026518,159906057,18,1
54026518,162707571,12,1
54132545,160401398,24,1
54132545,160440732,13,1
54132545,160930798,11,1
54132545,160952655,11,1
54132545,161331151,11,1
54188005,156072278,34,1
54188005,156072281,41,1
54188005,156115521,45,1
54188005,162875402,21,1
54673331,157555173,10,1
54673331,158968139,28,1
54673331,159122226,19,1
54673331,159164070,39,1
54673331,160555539,21,1
54673331,161502567,25,1
55200900,155307937,64,1
55200900,155707068,15,1
55200900,176392712,19,1
55200900,178868568,111,1
55200900,190022047,105,1
55219692,160668114,12,1
55219692,161084693,11,1
55219692,161180866,18,1
55219692,161606635,27,1
55413169,160095306,11,1
55413169,160250215,24,1
55413169,160267266,12,1
55413169,160323362,16,1
55413169,160436190,15,1
55413169,160690900,10,1
55413169,161595502,13,1
55426271,161028814,13,1
55426271,161980864,24,1
55426271,162538669,28,1
55426271,162544390,24,1
55426271,162705038,28,1
55426271,162705214,30,1
5556969,158967142,217,1
5556969,159041150,215,1
5556969,159383751,215,1
5556969,159396049,215,1
5556969,159524615,13,1
5556969,159524625,49,1
5556969,159524636,53,1
5556969,159524711,45,1
5556969,159538165,102,1
5556969,159560579,92,1
5556969,159725862,215,1
5556969,159784642,102,1
5556969,160172361,215,1
5556969,160302673,102,1
5556969,160399378,215,1
5556969,160578049,52,1
5556969,160669126,52,1
5556969,160790910,215,1
5556969,161153380,52,1
5556969,161558414,43,1
5556969,161793121,92,1
5556969,161793427,52,1
5556969,161793475,30,1
5556969,161794812,13,1
5556969,161825369,78,1
5556969,161832518,215,1
5556969,162018379,52,1
5556969,162551722,223,1
5556969,162571668,223,1
5556969,162579464,78,1
5556969,162803446,78,1
5556969,162851404,52,1
5556969,162866257,223,1
5556969,162872720,223,1
55769999,159888137,11,1
55769999,161828010,13,1
55769999,162207517,12,1
55769999,162499448,15,1
55837957,160556839,20,1
55837957,160809839,20,1
55837957,160810139,20,1
55837957,160957916,20,1
55868545,160806094,14,1
55868545,161080833,28,1
55868545,161962631,49,1
55868545,162158638,96,1
55868545,166083744,21,1
55868545,168513683,20,1
55887580,155367190,16,1
55887580,156667823,135,1
55887580,156667839,38,1
55887580,162475080,12,1
560023,158171008,108,1
560023,161460923,12,1
560023,162507606,20,1
560023,162699775,14,1
560023,178441937,23,1
56005121,157408424,88,1
56005121,159353636,50,1
56005121,159470738,45,1
56005121,161754376,62,1
56005121,162791302,42,1
56005121,168250678,53,1
56160681,156793942,40,1
56160681,161728225,40,1
56160681,162053477,40,1
56160681,162532596,40,1
56255770,154494065,38,1
56255770,154494067,120,1
56255770,154524192,153,1
56255770,154528329,41,1
56380799,157477431,42,1
56380799,161688132,10,1
56380799,167351024,48,1
56380799,179110051,66,1
56380799,179111469,13,1
56588906,161453600,127,1
56588906,161685436,18,1
56588906,161937169,24,1
56588906,162629327,59,1
56588906,162761686,39,1
56588906,163005989,13,1
56665530,160218026,17,1
56665530,162658631,27,1
56665530,162779812,144,1
56665530,163079638,11,1
56857483,156793942,12,1
56857483,161728225,12,1
56857483,162053477,12,1
56857483,162532596,13,1
56857484,156793942,12,1
56857484,161728225,12,1
56857484,162053477,12,1
56857484,162532596,15,1
56857485,156793942,10,1
56857485,161728225,10,1
56857485,162053477,10,1
56857485,162532596,10,1
56857486,156793942,36,1
56857486,161728225,36,1
56857486,162053477,36,1
56857486,162532596,32,1
56857488,156793942,15,1
56857488,161728225,15,1
56857488,162053477,15,1
56857488,162532596,15,1
56857491,156793942,20,1
56857491,161728225,20,1
56857491,162053477,20,1
56857491,162532596,20,1
56857506,156793942,35,1
56857506,161728225,35,1
56857506,162053477,35,1
56857506,162532596,33,1
56965457,157068201,44,1
56965457,157938803,29,1
56965457,158437375,25,1
56965457,159811787,26,1
56972081,156083879,30,1
56972081,159204310,22,1
56972081,162394865,13,1
56972081,162394875,18,1
57049107,158735171,41,1
57049107,159426215,24,1
57049107,159486239,10,1
57049107,162273301,85,1
57055953,157016560,15,1
57055953,157385193,16,1
57055953,159185412,15,1
57055953,159855411,11,1
57147301,159204578,141,1
57147301,161496864,24,1
57147301,175899004,205,1
57147301,192047432,175,1
57164646,155364379,33,1
57164646,155649718,21,1
57164646,160846003,12,1
57164646,166506352,10,1
57221288,159225002,34,1
57221288,159479798,45,1
57221288,159513639,18,1
57221288,160676972,25,1
57221288,160771241,19,1
57298097,159564145,12,1
57298097,159571743,12,1
57298097,159572723,21,1
57298097,164139745,17,1
57298097,164139753,18,1
57298097,183663382,11,1
57298097,184519588,15,1
57452102,156002987,10,1
57452102,156281019,10,1
57452102,159758994,11,1
57452102,159798491,13,1
57452102,159888069,30,1
57626274,159637911,63,1
57626274,160996032,13,1
57626274,161658419,11,1
57626274,162261342,229,1
5764929,155381712,212,1
5764929,156321283,47,1
5764929,160016419,29,1
5764929,160188338,24,1
58037215,161306525,56,1
58037215,161945259,12,1
58037215,162397012,24,1
58037215,162713009,17,1
5805052,154672303,247,1
5805052,154739273,112,1
5805052,155361212,59,1
5805052,157956707,68,1
5805052,160295868,32,1
5840967,155381712,13,1
5840967,156321283,15,1
5840967,160016419,13,1
5840967,160188338,12,1
5916265,157654384,71,1
5916265,158562111,78,1
5916265,158655588,78,1
5916265,158737324,78,1
5916265,158817130,78,1
5916265,159512884,78,1
5916265,159560207,78,1
5916265,159701010,71,1
6059,155624831,11,1
6059,155706066,19,1
6059,155725852,17,1
6059,156129190,11,1
6059,156258735,30,1
6059,156924203,13,1
6059,156996419,11,1
6059,157028959,74,1
6059,157367039,10,1
6059,157570613,43,1
6059,157587941,25,1
6059,159018217,46,1
6059,159119604,31,1
6059,159204189,10,1
6059,159263863,13,1
6059,159311791,21,1
6059,159315750,38,1
6059,159318054,42,1
6059,159450317,40,1
6059,159502760,15,1
6059,159513832,76,1
6059,159518036,31,1
6059,159537615,10,1
6059,159553721,19,1
6059,159609954,23,1
6059,159659782,10,1
6059,159673455,51,1
6059,159695649,18,1
6059,159776708,11,1
6059,159788828,21,1
6059,159851132,10,1
6059,160057282,28,1
6059,160305509,28,1
6059,160307838,10,1
6059,160794693,33,1
6059,160813245,19,1
6059,161578883,28,1
6059,161783963,267,1
6059,161988911,14,1
6059,162301472,34,1
6059,162463997,13,1
6059,162985307,23,1
6059,169890304,10,1
6059,172429292,20,1
6059,172615237,17,1
6059,203708489,10,1
606908,154538868,56,1
606908,157619935,14,1
606908,159247846,55,1
606908,189076620,20,1
60723425,173624170,16,1
60723425,174618179,31,1
60723425,176430826,31,1
60723425,176957525,109,1
6139690,156310181,87,1
6139690,158812000,10,1
6139690,159086854,11,1
6139690,164241460,177,1
61937207,162708659,55,1
61937207,183214623,88,1
61937207,184825214,28,1
61937207,186782449,13,1
62143,156099902,36,1
62143,156100899,36,1
62143,156700625,36,1
62143,159456794,36,1
62143,159593501,50,1
62143,159839256,11,1
62143,160962068,11,1
62143,161813377,36,1
62143,161954157,36,1
62143,162687724,36,1
645951,155978731,12,1
645951,156234013,12,1
645951,156744207,12,1
645951,156749995,12,1
645951,156751225,12,1
645951,156838720,12,1
645951,156838862,12,1
645951,156840060,14,1
645951,156910608,12,1
645951,156911367,12,1
645951,156911536,12,1
645951,156911795,12,1
645951,156912497,13,1
645951,156913070,13,1
645951,157846588,12,1
645951,157961354,14,1
645951,159757385,12,1
645951,159887142,12,1
645951,160962037,12,1
645951,161177195,13,1
645951,161295203,12,1
645951,161835462,12,1
645951,162543873,12,1
645951,162932359,13,1
6467080,160589304,21,1
6467080,161785076,10,1
6467080,162669044,27,1
6467080,162704986,51,1
650183,154538868,39,1
650183,157619935,18,1
650183,159247846,48,1
650183,189076620,14,1
6504133,159384705,228,1
6504133,161089471,18,1
6504133,161680348,19,1
6504133,167626285,23,1
6549865,156469375,44,1
6549865,156722815,21,1
6549865,156722816,75,1
6549865,156979745,50,1
6549865,157466080,114,1
6595467,157696577,72,1
6595467,157718135,79,1
6595467,157723350,66,1
6595467,158086619,71,1
6595467,158087879,67,1
6595467,158370385,79,1
6595467,158381912,76,1
6595467,158949318,62,1
6595467,159199789,42,1
6595467,159397770,81,1
6595467,159397782,72,1
6595467,159441260,57,1
6595467,159441679,60,1
690024,156307075,16,1
690024,156321283,151,1
690024,156906944,22,1
690024,160016419,155,1
690024,160188338,122,1
6943680,154538868,72,1
6943680,156959620,11,1
6943680,157619935,26,1
6943680,159247846,74,1
6943680,189076620,24,1
6949588,156126509,15,1
6949588,156272739,13,1
6949588,156307075,24,1
6949588,156321283,222,1
6949588,158985818,10,1
6949588,160016419,84,1
6949588,160188338,73,1
6988212,160103242,84,1
6988212,162692505,34,1
6988212,162857587,65,1
6988212,168380696,45,1
725101,158728562,46,1
725101,159028238,11,1
725101,160130287,45,1
725101,168651447,22,1
7372371,159500183,68,1
7372371,159826325,68,1
7372371,160109012,68,1
7372371,160152207,68,1
743843,159496494,19,1
743843,159569742,21,1
743843,159990472,12,1
743843,160308331,24,1
743843,160590695,21,1
7598376,156080928,30,1
7598376,159586390,21,1
7598376,159676446,18,1
7598376,160640980,42,1
76005,154538868,140,1
76005,156959620,14,1
76005,157619935,61,1
76005,159247846,149,1
76005,189076620,51,1
7609165,159555036,17,1
7609165,161659062,24,1
7609165,162539349,25,1
7609165,162786856,23,1
7610653,156099902,401,1
7610653,156100899,404,1
7610653,156700625,400,1
7610653,159456794,404,1
7610653,159593501,33,1
7610653,161813377,403,1
7610653,161954157,400,1
7610653,161999091,53,1
7610653,162687724,404,1
76171,156099902,68,1
76171,156100899,68,1
76171,156700625,68,1
76171,159456794,68,1
76171,159839256,17,1
76171,160962068,17,1
76171,161188613,32,1
76171,161813377,68,1
76171,161954157,68,1
76171,162687724,68,1
7667538,155370370,18,1
7667538,157489796,18,1
7667538,158308459,18,1
7667538,158559407,18,1
7667538,158872793,18,1
7667538,159146263,18,1
7667538,159382515,18,1
7667538,159482029,18,1
7667538,160159330,18,1
7667538,160712993,18,1
7678857,154128197,68,1
7678857,154259634,40,1
7678857,156085208,183,1
7678857,156088153,143,1
777153,155318991,51,1
777153,156732996,15,1
777153,158561933,20,1
777153,159952910,126,1
7825140,155370370,142,1
7825140,157489796,142,1
7825140,158308459,142,1
7825140,158559407,142,1
7825140,158872793,142,1
7825140,159146263,142,1
7825140,159382515,142,1
7825140,159482029,142,1
7825140,160159330,142,1
7825140,160712993,142,1
788457,156099902,92,1
788457,156100899,103,1
788457,156700625,101,1
788457,159456794,104,1
788457,161813377,101,1
788457,161954157,103,1
788457,162687724,104,1
8036665,158939563,182,1
8036665,160129845,182,1
8036665,160315333,182,1
8036665,160401398,188,1
8036665,160440732,184,1
8036665,160930798,183,1
8036665,160952655,184,1
8036665,161331151,184,1
8036665,161772019,148,1
8135710,155537307,78,1
8135710,156513952,29,1
8135710,156912911,12,1
8135710,158875977,242,1
819389,161294796,20,1
819389,161918820,30,1
819389,161961467,30,1
819389,161964177,30,1
819389,162003016,20,1
8199348,160376436,27,1
8199348,162672788,10,1
8199348,180317931,19,1
8199348,180415716,21,1
8285365,157113323,15,1
8285365,157302286,11,1
8285365,162835710,35,1
8285365,163070197,27,1
8337538,158182807,12,1
8337538,158462507,12,1
8337538,159273721,12,1
8337538,159746455,12,1
8337538,160678009,12,1
8379315,154210329,40,1
8379315,154695389,111,1
8379315,157750478,138,1
8379315,158724467,97,1
8379315,161445412,116,1
8379315,162177545,115,1
8379315,162404177,118,1
8554353,155761207,62,1
8554353,155969234,20,1
8554353,156102136,240,1
8554353,157022115,19,1
8554353,157378406,14,1
8554353,157401529,15,1
8554353,157408793,27,1
8554353,157596813,16,1
8554353,157801168,55,1
8554353,158770244,13,1
8554353,158947982,13,1
8554353,159276601,64,1
8554353,159575247,23,1
8554353,159834401,19,1
8554353,159893615,16,1
8554353,160007863,46,1
8554353,160136297,51,1
8554353,160654186,20,1
8554353,160742422,23,1
8554353,160804732,27,1
8554353,162193110,186,1
8554353,162290163,34,1
8554353,162293423,17,1
8554353,162293568,31,1
8554353,162293604,22,1
8554353,162294024,11,1
8554353,162294689,10,1
8554353,162328407,18,1
8554353,162570108,15,1
8554353,163100075,19,1
8554353,164675167,10,1
8554353,166208988,22,1
8554353,169496605,18,1
8554353,169764520,38,1
8554353,175376635,41,1
8579208,160806938,46,1
8579208,161668216,15,1
8579208,162233932,15,1
8579208,163097262,198,1
85975,157663406,18,1
85975,158939891,18,1
85975,159268342,14,1
85975,159875160,18,1
85975,159983693,18,1
85975,160172008,18,1
8762655,168040897,11,1
8762655,168221401,23,1
8762655,168221650,19,1
8762655,168222317,16,1
881861,158935968,29,1
881861,159498817,14,1
881861,160314740,11,1
881861,161681164,17,1
8937810,159105231,15,1
8937810,159204578,31,1
8937810,159232673,41,1
8937810,159268287,32,1
8937810,159268699,33,1
8937810,175899004,17,1
8937810,192047432,15,1
9001261,155782895,110,1
9001261,159278926,147,1
9001261,159279501,14,1
9001261,159346194,13,1
9001261,159382734,14,1
9001261,159445333,16,1
910674,157329941,59,1
910674,160365666,62,1
910674,161821708,34,1
910674,162153545,53,1
91343,155874317,69,1
91343,155903606,12,1
91343,156590533,14,1
91343,157439794,17,1
91343,158946965,32,1
9336666,157190233,24,1
9336666,157649055,25,1
9336666,157973778,53,1
9336666,162744722,177,1
9478906,155917924,11,1
9478906,158893468,61,1
9478906,158917853,46,1
9478906,159493870,22,1
9478906,161372741,13,1
9628127,158274333,264,1
9628127,159086947,280,1
9628127,159169588,277,1
9628127,160126568,280,1
9628127,160172193,290,1
9628127,162984505,290,1
9628127,163096896,290,1
9697073,156469375,41,1
9697073,156722815,41,1
9697073,156722816,108,1
9697073,156979745,22,1
9697073,157466080,51,1
9697073,157628027,26,1
9701,158495943,24,1
9701,158538214,13,1
9701,159756806,12,1
9701,159895399,10,1
9701,160060177,54,1
9701,160151176,10,1
9701,160297652,31,1
9701,160491726,17,1
9701,160918296,43,1
9701,161495435,22,1
9701,161602634,137,1
9701,162002882,13,1
9701,162062216,27,1
9701,171080442,15,1
9701,206982285,10,1
9850463,159049316,21,1
9850463,161807833,11,1
9850463,162419961,14,1
9850463,162484750,43,1
9850463,162765714,32,1
9850463,166830525,83,1
99701,154538868,247,1
99701,156959620,18,1
99701,157619935,125,1
99701,159004700,10,1
99701,159247846,323,1
99701,189076620,153,1
