"analysis_type","unit","GOF_component","category","obs","min","mean","max","MC p-value"
"separate","Cell","deg","0",0,0,0,0,1
"separate","Cell","deg","1",29,0,0,0,0
"separate","Cell","deg","2",19,0,0,0,0
"separate","Cell","deg","3",27,0,0,0,0
"separate","Cell","deg","4",23,0,0,0,0
"separate","Cell","deg","5",14,0,0.02,1,0
"separate","Cell","deg","6",51,0,0.0900000000000001,2,0
"separate","Cell","deg","7",28,0,0.07,2,0
"separate","Cell","deg","8",39,0,0.0900000000000001,1,0
"separate","Cell","deg","9",24,0,0.14,2,0
"separate","Cell","deg","10",21,0,0.3,2,0
"separate","Cell","deg","11",29,0,0.71,3,0
"separate","Cell","deg","12",24,0,1.18,4,0
"separate","Cell","deg","13",6,0,1.89,5,0
"separate","Cell","deg","14",34,0,3.08,9,0
"separate","Cell","deg","15",19,0,4.32,12,0
"separate","Cell","deg","16",9,0,4.38,14,0.12
"separate","Cell","deg","17",6,0,5.88,14,1
"separate","Cell","deg","18",8,1,7.61,17,0.9
"separate","Cell","deg","19",7,3,9.5,18,0.58
"separate","Cell","deg","20",15,2,11.59,22,0.38
"separate","Cell","deg","21",15,7,14.5,22,1
"separate","Cell","deg","22",4,9,16.23,26,0
"separate","Cell","deg","23",17,10,19.17,33,0.68
"separate","Cell","deg","24",3,12,21.71,35,0
"separate","Cell","deg","25",27,13,24.06,39,0.62
"separate","Cell","deg","26",24,13,27.4,40,0.5
"separate","Cell","deg","27",2,20,29.36,41,0
"separate","Cell","deg","28",28,20,32.22,50,0.62
"separate","Cell","deg","29",4,22,33.09,49,0
"separate","Cell","deg","30",1,21,34.94,51,0
"separate","Cell","deg","31",3,21,36.19,52,0
"separate","Cell","deg","32",6,24,35.68,51,0
"separate","Cell","deg","33",4,23,36.37,54,0
"separate","Cell","deg","34",1,23,34.9,52,0
"separate","Cell","deg","35",2,20,34.41,46,0
"separate","Cell","deg","36",1,17,31.28,44,0
"separate","Cell","deg","37",1,17,28.86,41,0
"separate","Cell","deg","38",0,14,27,41,0
"separate","Cell","deg","39",0,6,22.97,40,0
"separate","Cell","deg","40",0,7,20.03,34,0
"separate","Cell","deg","41",0,7,18.88,32,0
"separate","Cell","deg","42",0,6,16.37,26,0
"separate","Cell","deg","43",0,5,13.68,28,0
"separate","Cell","deg","44",0,4,11.28,19,0
"separate","Cell","deg","45",9,4,9.88,19,0.86
"separate","Cell","deg","46",1,3,8.43,17,0
"separate","Cell","deg","47",1,1,6.74,15,0.04
"separate","Cell","deg","48",1,1,5.8,13,0.04
"separate","Cell","deg","49",0,0,4.38,11,0.04
"separate","Cell","deg","50",4,0,3.99,8,1
"separate","Cell","deg","51",4,0,3.17,7,0.82
"separate","Cell","deg","52",1,0,2.75,8,0.56
"separate","Cell","deg","53",1,0,2.4,7,0.58
"separate","Cell","deg","54",0,0,1.65,6,0.46
"separate","Cell","deg","55",0,0,1.3,7,0.6
"separate","Cell","deg","56",0,0,1.15,6,0.66
"separate","Cell","deg","57",0,0,0.89,4,0.8
"separate","Cell","deg","58",2,0,0.78,8,0.4
"separate","Cell","deg","59",4,0,0.54,4,0.02
"separate","Cell","deg","60",0,0,0.55,5,1
"separate","Cell","deg","61",0,0,0.43,3,1
"separate","Cell","deg","62",0,0,0.44,2,1
"separate","Cell","deg","63",2,0,0.23,3,0.08
"separate","Cell","deg","64",0,0,0.18,1,1
"separate","Cell","deg","65",0,0,0.24,2,1
"separate","Cell","deg","66",0,0,0.14,2,1
"separate","Cell","deg","67",1,0,0.1,2,0.18
"separate","Cell","deg","68",0,0,0.18,3,1
"separate","Cell","deg","69",0,0,0.13,2,1
"separate","Cell","deg","70",1,0,0.17,1,0.34
"separate","Cell","deg","71",0,0,0.19,1,1
"separate","Cell","deg","72",0,0,0.32,2,1
"separate","Cell","deg","73",0,0,0.34,2,1
"separate","Cell","deg","74",0,0,0.31,2,1
"separate","Cell","deg","75",0,0,0.27,2,1
"separate","Cell","deg","76",0,0,0.22,1,1
"separate","Cell","deg","77",0,0,0.22,2,1
"separate","Cell","deg","78",0,0,0.15,2,1
"separate","Cell","deg","79",0,0,0.23,2,1
"separate","Cell","deg","80",0,0,0.21,2,1
"separate","Cell","deg","81",0,0,0.2,1,1
"separate","Cell","deg","82",0,0,0.22,2,1
"separate","Cell","deg","83",0,0,0.1,2,1
"separate","Cell","deg","84",0,0,0.2,2,1
"separate","Cell","deg","85",0,0,0.13,2,1
"separate","Cell","deg","86",0,0,0.02,1,1
"separate","Cell","deg","87",0,0,0.16,2,1
"separate","Cell","deg","88",0,0,0.07,1,1
"separate","Cell","deg","89",0,0,0.08,1,1
"separate","Cell","deg","90",88,0,0.07,1,0
"separate","Cell","deg","91",0,0,0.09,2,1
"separate","Cell","deg","92",0,0,0.08,1,1
"separate","Cell","deg","93",0,0,0.06,1,1
"separate","Cell","deg","94",1,0,0.0900000000000001,2,0.16
"separate","Cell","deg","95",0,0,0.06,2,1
"separate","Cell","deg","96",0,0,0.04,1,1
"separate","Cell","deg","97",1,0,0,0,0
"separate","Cell","deg","98",0,0,0.07,2,1
"separate","Cell","deg","99",0,0,0.08,3,1
"separate","Cell","deg","100",0,0,0.07,1,1
"separate","Cell","deg","101",0,0,0.04,1,1
"separate","Cell","deg","102",0,0,0.1,1,1
"separate","Cell","deg","103",1,0,0.03,1,0.06
"separate","Cell","deg","104",2,0,0.06,1,0
"separate","Cell","deg","105",0,0,0.07,1,1
"separate","Cell","deg","106",5,0,0.13,1,0
"separate","Cell","deg","107",0,0,0.02,1,1
"separate","Cell","deg","108",0,0,0.04,1,1
"separate","Cell","deg","109",0,0,0.05,1,1
"separate","Cell","deg","110",0,0,0.02,1,1
"separate","Cell","deg","111",0,0,0.01,1,1
"separate","Cell","deg","112",0,0,0.01,1,1
"separate","Cell","deg","113",0,0,0,0,1
"separate","Cell","deg","114",1,0,0,0,0
"separate","Cell","deg","115",0,0,0,0,1
"separate","Cell","deg","116",0,0,0,0,1
"separate","Cell","deg","117",0,0,0,0,1
"separate","Cell","deg","118",0,0,0,0,1
"separate","Cell","deg","119",0,0,0,0,1
"separate","Cell","deg","120",0,0,0,0,1
"separate","Cell","deg","121",0,0,0,0,1
"separate","Cell","deg","122",0,0,0,0,1
"separate","Cell","deg","123",0,0,0,0,1
"separate","Cell","deg","124",0,0,0,0,1
"separate","Cell","deg","125",0,0,0,0,1
"separate","Cell","deg","126",0,0,0,0,1
"separate","Cell","deg","127",0,0,0,0,1
"separate","Cell","deg","128",0,0,0,0,1
"separate","Cell","deg","129",0,0,0,0,1
"separate","Cell","deg","130",0,0,0,0,1
"separate","Cell","deg","131",0,0,0,0,1
"separate","Cell","deg","132",0,0,0,0,1
"separate","Cell","deg","133",0,0,0,0,1
"separate","Cell","deg","134",0,0,0,0,1
"separate","Cell","deg","135",0,0,0,0,1
"separate","Cell","deg","136",0,0,0,0,1
"separate","Cell","deg","137",0,0,0,0,1
"separate","Cell","deg","138",0,0,0,0,1
"separate","Cell","deg","139",0,0,0,0,1
"separate","Cell","deg","140",0,0,0,0,1
"separate","Cell","deg","141",0,0,0,0,1
"separate","Cell","deg","142",0,0,0,0,1
"separate","Cell","deg","143",0,0,0,0,1
"separate","Cell","deg","144",0,0,0,0,1
"separate","Cell","deg","145",0,0,0,0,1
"separate","Cell","deg","146",0,0,0,0,1
"separate","Cell","deg","147",0,0,0,0,1
"separate","Cell","deg","148",0,0,0,0,1
"separate","Cell","deg","149",0,0,0.01,1,1
"separate","Cell","deg","150",0,0,0.04,1,1
"separate","Cell","deg","151",0,0,0.1,1,1
"separate","Cell","deg","152",0,0,0.09,1,1
"separate","Cell","deg","153",0,0,0.13,2,1
"separate","Cell","deg","154",0,0,0.17,3,1
"separate","Cell","deg","155",1,0,0.25,2,0.44
"separate","Cell","deg","156",1,0,0.32,2,0.56
"separate","Cell","deg","157",0,0,0.58,3,1
"separate","Cell","deg","158",0,0,0.83,3,0.9
"separate","Cell","deg","159",0,0,1.06,4,0.68
"separate","Cell","deg","160",0,0,1.45,5,0.44
"separate","Cell","deg","161",0,0,2.09,11,0.28
"separate","Cell","deg","162",0,0,3.39,10,0.04
"separate","Cell","deg","163",1,0,3.66,8,0.24
"separate","Cell","deg","164",4,0,4.99,15,0.92
"separate","Cell","deg","165",0,1,6.21,13,0
"separate","Cell","deg","166",0,1,7.51,14,0
"separate","Cell","deg","167",5,3,8.88,19,0.22
"separate","Cell","deg","168",0,2,9.35,17,0
"separate","Cell","deg","169",0,4,9.44,18,0
"separate","Cell","deg","170",1,2,9.27,17,0
"separate","Cell","deg","171",8,2,9.72,16,0.64
"separate","Cell","deg","172",0,3,9.85,16,0
"separate","Cell","deg","173",0,3,9.02,18,0
"separate","Cell","deg","174",0,2,8.64,16,0
"separate","Cell","deg","175",80,2,8.26,17,0
"separate","Cell","deg","176",0,2,6.91,12,0
"separate","Cell","deg","177",1,1,5.92,13,0.04
"separate","Cell","deg","178",0,0,5.22,12,0.02
"separate","Cell","deg","179",17,1,4.25,10,0
"separate","Cell","deg","180",0,0,3.28,8,0.06
"separate","Cell","deg","181",0,0,2.36,6,0.28
"separate","Cell","deg","182",19,0,1.82,6,0
"separate","Cell","deg","183",0,0,1.41,6,0.48
"separate","Cell","deg","184",1,0,0.91,4,1
"separate","Cell","deg","185",23,0,0.75,4,0
"separate","Cell","deg","186",0,0,0.4,2,1
"separate","Cell","deg","187",0,0,0.21,2,1
"separate","Cell","deg","188",0,0,0.16,2,1
"separate","Cell","deg","189",2,0,0.07,1,0
"separate","Cell","deg","190",0,0,0,0,1
"separate","Cell","deg","191",2,0,0.00999999999999999,1,0
"separate","Cell","deg","192",0,0,0.01,1,1
"separate","Cell","deg","193",0,0,0,0,1
"separate","Cell","deg","194",0,0,0,0,1
"separate","Cell","deg","195",0,0,0,0,1
"separate","Cell","deg","196",1,0,0,0,0
"separate","Cell","deg","197",0,0,0,0,1
"separate","Cell","deg","198",0,0,0,0,1
"separate","Cell","deg","199",0,0,0,0,1
"separate","Cell","deg","200",4,0,0,0,0
"separate","Cell","deg","201",0,0,0,0,1
"separate","Cell","deg","202",0,0,0,0,1
"separate","Cell","deg","203",0,0,0,0,1
"separate","Cell","deg","204",0,0,0,0,1
"separate","Cell","deg","205",0,0,0,0,1
"separate","Cell","deg","206",0,0,0,0,1
"separate","Cell","deg","207",0,0,0,0,1
"separate","Cell","deg","208",0,0,0,0,1
"separate","Cell","deg","209",0,0,0,0,1
"separate","Cell","deg","210",0,0,0,0,1
"separate","Cell","deg","211",1,0,0,0,0
"separate","Cell","deg","212",0,0,0,0,1
"separate","Cell","deg","213",1,0,0,0,0
"separate","Cell","deg","214",2,0,0,0,0
"separate","Cell","deg","215",0,0,0,0,1
"separate","Cell","deg","216",1,0,0,0,0
"separate","Cell","deg","217",0,0,0,0,1
"separate","Cell","deg","218",0,0,0,0,1
"separate","Cell","deg","219",0,0,0,0,1
"separate","Cell","deg","220",0,0,0,0,1
"separate","Cell","deg","221",0,0,0,0,1
"separate","Cell","deg","222",0,0,0,0,1
"separate","Cell","deg","223",0,0,0,0,1
"separate","Cell","deg","224",0,0,0,0,1
"separate","Cell","deg","225",0,0,0,0,1
"separate","Cell","deg","226",0,0,0,0,1
"separate","Cell","deg","227",0,0,0,0,1
"separate","Cell","deg","228",0,0,0,0,1
"separate","Cell","deg","229",0,0,0,0,1
"separate","Cell","deg","230",0,0,0,0,1
"separate","Cell","deg","231",0,0,0,0,1
"separate","Cell","deg","232",0,0,0,0,1
"separate","Cell","deg","233",0,0,0,0,1
"separate","Cell","deg","234",0,0,0,0,1
"separate","Cell","deg","235",0,0,0,0,1
"separate","Cell","deg","236",0,0,0,0,1
"separate","Cell","deg","237",0,0,0,0,1
"separate","Cell","deg","238",0,0,0,0,1
"separate","Cell","deg","239",0,0,0,0,1
"separate","Cell","deg","240",0,0,0,0,1
"separate","Cell","deg","241",0,0,0,0,1
"separate","Cell","deg","242",0,0,0,0,1
"separate","Cell","deg","243",0,0,0,0,1
"separate","Cell","deg","244",0,0,0,0,1
"separate","Cell","deg","245",0,0,0,0,1
"separate","Cell","deg","246",0,0,0,0,1
"separate","Cell","deg","247",0,0,0,0,1
"separate","Cell","deg","248",0,0,0,0,1
"separate","Cell","deg","249",0,0,0,0,1
"separate","Cell","deg","250",0,0,0,0,1
"separate","Cell","deg","251",0,0,0,0,1
"separate","Cell","deg","252",0,0,0,0,1
"separate","Cell","deg","253",0,0,0,0,1
"separate","Cell","deg","254",0,0,0,0,1
"separate","Cell","deg","255",0,0,0,0,1
"separate","Cell","deg","256",0,0,0,0,1
"separate","Cell","deg","257",0,0,0,0,1
"separate","Cell","deg","258",0,0,0,0,1
"separate","Cell","deg","259",0,0,0,0,1
"separate","Cell","deg","260",0,0,0,0,1
"separate","Cell","deg","261",0,0,0,0,1
"separate","Cell","deg","262",0,0,0,0,1
"separate","Cell","deg","263",0,0,0,0,1
"separate","Cell","deg","264",0,0,0,0,1
"separate","Cell","deg","265",0,0,0,0,1
"separate","Cell","deg","266",0,0,0,0,1
"separate","Cell","deg","267",0,0,0,0,1
"separate","Cell","deg","268",0,0,0,0,1
"separate","Cell","deg","269",0,0,0,0,1
"separate","Cell","deg","270",0,0,0,0,1
"separate","Cell","deg","271",0,0,0,0,1
"separate","Cell","deg","272",0,0,0,0,1
"separate","Cell","deg","273",0,0,0,0,1
"separate","Cell","deg","274",0,0,0,0,1
"separate","Cell","deg","275",0,0,0,0,1
"separate","Cell","deg","276",0,0,0,0,1
"separate","Cell","deg","277",0,0,0,0,1
"separate","Cell","deg","278",0,0,0,0,1
"separate","Cell","deg","279",0,0,0,0,1
"separate","Cell","deg","280",0,0,0,0,1
"separate","Cell","deg","281",0,0,0,0,1
"separate","Cell","deg","282",0,0,0,0,1
"separate","Cell","deg","283",0,0,0,0,1
"separate","Cell","deg","284",0,0,0,0,1
"separate","Cell","deg","285",0,0,0,0,1
"separate","Cell","deg","286",0,0,0,0,1
"separate","Cell","deg","287",0,0,0,0,1
"separate","Cell","deg","288",0,0,0,0,1
"separate","Cell","deg","289",0,0,0,0,1
"separate","Cell","deg","290",0,0,0,0,1
"separate","Cell","deg","291",0,0,0,0,1
"separate","Cell","deg","292",0,0,0,0,1
"separate","Cell","deg","293",0,0,0,0,1
"separate","Cell","deg","294",0,0,0,0,1
"separate","Cell","deg","295",0,0,0,0,1
"separate","Cell","deg","296",0,0,0,0,1
"separate","Cell","deg","297",0,0,0,0,1
"separate","Cell","deg","298",0,0,0,0,1
"separate","Cell","deg","299",0,0,0,0,1
"separate","Cell","deg","300",0,0,0,0,1
"separate","Cell","deg","301",0,0,0,0,1
"separate","Cell","deg","302",0,0,0,0,1
"separate","Cell","deg","303",0,0,0,0,1
"separate","Cell","deg","304",0,0,0,0,1
"separate","Cell","deg","305",0,0,0,0,1
"separate","Cell","deg","306",0,0,0,0,1
"separate","Cell","deg","307",0,0,0,0,1
"separate","Cell","deg","308",0,0,0,0,1
"separate","Cell","deg","309",0,0,0,0,1
"separate","Cell","deg","310",0,0,0,0,1
"separate","Cell","deg","311",0,0,0,0,1
"separate","Cell","deg","312",0,0,0,0,1
"separate","Cell","deg","313",0,0,0,0,1
"separate","Cell","deg","314",0,0,0,0,1
"separate","Cell","deg","315",0,0,0,0,1
"separate","Cell","deg","316",0,0,0,0,1
"separate","Cell","deg","317",0,0,0,0,1
"separate","Cell","deg","318",0,0,0,0,1
"separate","Cell","deg","319",0,0,0,0,1
"separate","Cell","deg","320",0,0,0,0,1
"separate","Cell","deg","321",0,0,0,0,1
"separate","Cell","deg","322",0,0,0,0,1
"separate","Cell","deg","323",0,0,0,0,1
"separate","Cell","deg","324",0,0,0,0,1
"separate","Cell","deg","325",0,0,0,0,1
"separate","Cell","deg","326",0,0,0,0,1
"separate","Cell","deg","327",0,0,0,0,1
"separate","Cell","deg","328",0,0,0,0,1
"separate","Cell","deg","329",0,0,0,0,1
"separate","Cell","deg","330",0,0,0,0,1
"separate","Cell","deg","331",0,0,0,0,1
"separate","Cell","deg","332",0,0,0,0,1
"separate","Cell","deg","333",0,0,0,0,1
"separate","Cell","deg","334",0,0,0,0,1
"separate","Cell","deg","335",0,0,0,0,1
"separate","Cell","deg","336",0,0,0,0,1
"separate","Cell","deg","337",0,0,0,0,1
"separate","Cell","deg","338",0,0,0,0,1
"separate","Cell","deg","339",0,0,0,0,1
"separate","Cell","deg","340",0,0,0,0,1
"separate","Cell","deg","341",0,0,0,0,1
"separate","Cell","deg","342",0,0,0,0,1
"separate","Cell","deg","343",0,0,0,0,1
"separate","Cell","deg","344",0,0,0,0,1
"separate","Cell","deg","345",0,0,0,0,1
"separate","Cell","deg","346",0,0,0,0,1
"separate","Cell","deg","347",0,0,0,0,1
"separate","Cell","deg","348",0,0,0,0,1
"separate","Cell","deg","349",0,0,0,0,1
"separate","Cell","deg","350",0,0,0,0,1
"separate","Cell","deg","351",0,0,0,0,1
"separate","Cell","deg","352",0,0,0,0,1
"separate","Cell","deg","353",0,0,0,0,1
"separate","Cell","deg","354",0,0,0,0,1
"separate","Cell","deg","355",0,0,0,0,1
"separate","Cell","deg","356",0,0,0,0,1
"separate","Cell","deg","357",0,0,0,0,1
"separate","Cell","deg","358",0,0,0,0,1
"separate","Cell","deg","359",0,0,0,0,1
"separate","Cell","deg","360",0,0,0,0,1
"separate","Cell","deg","361",0,0,0,0,1
"separate","Cell","deg","362",0,0,0,0,1
"separate","Cell","deg","363",0,0,0,0,1
"separate","Cell","deg","364",0,0,0,0,1
"separate","Cell","deg","365",0,0,0,0,1
"separate","Cell","deg","366",0,0,0,0,1
"separate","Cell","deg","367",0,0,0,0,1
"separate","Cell","deg","368",0,0,0,0,1
"separate","Cell","deg","369",0,0,0,0,1
"separate","Cell","deg","370",0,0,0,0,1
"separate","Cell","deg","371",0,0,0,0,1
"separate","Cell","deg","372",0,0,0,0,1
"separate","Cell","deg","373",0,0,0,0,1
"separate","Cell","deg","374",0,0,0,0,1
"separate","Cell","deg","375",0,0,0,0,1
"separate","Cell","deg","376",0,0,0,0,1
"separate","Cell","deg","377",0,0,0,0,1
"separate","Cell","deg","378",0,0,0,0,1
"separate","Cell","deg","379",0,0,0,0,1
"separate","Cell","deg","380",0,0,0,0,1
"separate","Cell","deg","381",0,0,0,0,1
"separate","Cell","deg","382",0,0,0,0,1
"separate","Cell","deg","383",0,0,0,0,1
"separate","Cell","deg","384",0,0,0,0,1
"separate","Cell","deg","385",0,0,0,0,1
"separate","Cell","deg","386",0,0,0,0,1
"separate","Cell","deg","387",0,0,0,0,1
"separate","Cell","deg","388",0,0,0,0,1
"separate","Cell","deg","389",0,0,0,0,1
"separate","Cell","deg","390",0,0,0,0,1
"separate","Cell","deg","391",0,0,0,0,1
"separate","Cell","deg","392",0,0,0,0,1
"separate","Cell","deg","393",0,0,0,0,1
"separate","Cell","deg","394",0,0,0,0,1
"separate","Cell","deg","395",0,0,0,0,1
"separate","Cell","deg","396",0,0,0,0,1
"separate","Cell","deg","397",0,0,0,0,1
"separate","Cell","deg","398",0,0,0,0,1
"separate","Cell","deg","399",0,0,0,0,1
"separate","Cell","deg","400",0,0,0,0,1
"separate","Cell","deg","401",0,0,0,0,1
"separate","Cell","deg","402",0,0,0,0,1
"separate","Cell","deg","403",0,0,0,0,1
"separate","Cell","deg","404",0,0,0,0,1
"separate","Cell","deg","405",0,0,0,0,1
"separate","Cell","deg","406",0,0,0,0,1
"separate","Cell","deg","407",0,0,0,0,1
"separate","Cell","deg","408",0,0,0,0,1
"separate","Cell","deg","409",0,0,0,0,1
"separate","Cell","deg","410",0,0,0,0,1
"separate","Cell","deg","411",0,0,0,0,1
"separate","Cell","deg","412",0,0,0,0,1
"separate","Cell","deg","413",0,0,0,0,1
"separate","Cell","deg","414",0,0,0,0,1
"separate","Cell","deg","415",0,0,0,0,1
"separate","Cell","deg","416",0,0,0,0,1
"separate","Cell","deg","417",0,0,0,0,1
"separate","Cell","deg","418",0,0,0,0,1
"separate","Cell","deg","419",0,0,0,0,1
"separate","Cell","deg","420",0,0,0,0,1
"separate","Cell","deg","421",0,0,0,0,1
"separate","Cell","deg","422",0,0,0,0,1
"separate","Cell","deg","423",0,0,0,0,1
"separate","Cell","deg","424",0,0,0,0,1
"separate","Cell","deg","425",0,0,0,0,1
"separate","Cell","deg","426",0,0,0,0,1
"separate","Cell","deg","427",0,0,0,0,1
"separate","Cell","deg","428",0,0,0,0,1
"separate","Cell","deg","429",0,0,0,0,1
"separate","Cell","deg","430",0,0,0,0,1
"separate","Cell","deg","431",0,0,0,0,1
"separate","Cell","deg","432",0,0,0,0,1
"separate","Cell","deg","433",0,0,0,0,1
"separate","Cell","deg","434",0,0,0,0,1
"separate","Cell","deg","435",0,0,0,0,1
"separate","Cell","deg","436",0,0,0,0,1
"separate","Cell","deg","437",0,0,0,0,1
"separate","Cell","deg","438",0,0,0,0,1
"separate","Cell","deg","439",0,0,0,0,1
"separate","Cell","deg","440",0,0,0,0,1
"separate","Cell","deg","441",0,0,0,0,1
"separate","Cell","deg","442",0,0,0,0,1
"separate","Cell","deg","443",0,0,0,0,1
"separate","Cell","deg","444",0,0,0,0,1
"separate","Cell","deg","445",0,0,0,0,1
"separate","Cell","deg","446",0,0,0,0,1
"separate","Cell","deg","447",0,0,0,0,1
"separate","Cell","deg","448",0,0,0,0,1
"separate","Cell","deg","449",0,0,0,0,1
"separate","Cell","deg","450",0,0,0,0,1
"separate","Cell","deg","451",0,0,0,0,1
"separate","Cell","deg","452",0,0,0,0,1
"separate","Cell","deg","453",0,0,0,0,1
"separate","Cell","deg","454",0,0,0,0,1
"separate","Cell","deg","455",0,0,0,0,1
"separate","Cell","deg","456",0,0,0,0,1
"separate","Cell","deg","457",0,0,0,0,1
"separate","Cell","deg","458",0,0,0,0,1
"separate","Cell","deg","459",0,0,0,0,1
"separate","Cell","deg","460",0,0,0,0,1
"separate","Cell","deg","461",0,0,0,0,1
"separate","Cell","deg","462",0,0,0,0,1
"separate","Cell","deg","463",0,0,0,0,1
"separate","Cell","deg","464",0,0,0,0,1
"separate","Cell","deg","465",0,0,0,0,1
"separate","Cell","deg","466",0,0,0,0,1
"separate","Cell","deg","467",0,0,0,0,1
"separate","Cell","deg","468",0,0,0,0,1
"separate","Cell","deg","469",0,0,0,0,1
"separate","Cell","deg","470",0,0,0,0,1
"separate","Cell","deg","471",0,0,0,0,1
"separate","Cell","deg","472",0,0,0,0,1
"separate","Cell","deg","473",0,0,0,0,1
"separate","Cell","deg","474",0,0,0,0,1
"separate","Cell","deg","475",0,0,0,0,1
"separate","Cell","deg","476",0,0,0,0,1
"separate","Cell","deg","477",0,0,0,0,1
"separate","Cell","deg","478",0,0,0,0,1
"separate","Cell","deg","479",0,0,0,0,1
"separate","Cell","deg","480",0,0,0,0,1
"separate","Cell","deg","481",0,0,0,0,1
"separate","Cell","deg","482",0,0,0,0,1
"separate","Cell","deg","483",0,0,0,0,1
"separate","Cell","deg","484",0,0,0,0,1
"separate","Cell","deg","485",0,0,0,0,1
"separate","Cell","deg","486",0,0,0,0,1
"separate","Cell","deg","487",0,0,0,0,1
"separate","Cell","deg","488",0,0,0,0,1
"separate","Cell","deg","489",0,0,0,0,1
"separate","Cell","deg","490",0,0,0,0,1
"separate","Cell","deg","491",0,0,0,0,1
"separate","Cell","deg","492",0,0,0,0,1
"separate","Cell","deg","493",0,0,0,0,1
"separate","Cell","deg","494",0,0,0,0,1
"separate","Cell","deg","495",0,0,0,0,1
"separate","Cell","deg","496",0,0,0,0,1
"separate","Cell","deg","497",0,0,0,0,1
"separate","Cell","deg","498",0,0,0,0,1
"separate","Cell","deg","499",0,0,0,0,1
"separate","Cell","deg","500",0,0,0,0,1
"separate","Cell","deg","501",0,0,0,0,1
"separate","Cell","deg","502",0,0,0,0,1
"separate","Cell","deg","503",0,0,0,0,1
"separate","Cell","deg","504",0,0,0,0,1
"separate","Cell","deg","505",0,0,0,0,1
"separate","Cell","deg","506",0,0,0,0,1
"separate","Cell","deg","507",0,0,0,0,1
"separate","Cell","deg","508",0,0,0,0,1
"separate","Cell","deg","509",0,0,0,0,1
"separate","Cell","deg","510",0,0,0,0,1
"separate","Cell","deg","511",0,0,0,0,1
"separate","Cell","deg","512",0,0,0,0,1
"separate","Cell","deg","513",0,0,0,0,1
"separate","Cell","deg","514",0,0,0,0,1
"separate","Cell","deg","515",0,0,0,0,1
"separate","Cell","deg","516",0,0,0,0,1
"separate","Cell","deg","517",0,0,0,0,1
"separate","Cell","deg","518",0,0,0,0,1
"separate","Cell","deg","519",0,0,0,0,1
"separate","Cell","deg","520",0,0,0,0,1
"separate","Cell","deg","521",0,0,0,0,1
"separate","Cell","deg","522",0,0,0,0,1
"separate","Cell","deg","523",0,0,0,0,1
"separate","Cell","deg","524",0,0,0,0,1
"separate","Cell","deg","525",0,0,0,0,1
"separate","Cell","deg","526",0,0,0,0,1
"separate","Cell","deg","527",0,0,0,0,1
"separate","Cell","deg","528",0,0,0,0,1
"separate","Cell","deg","529",0,0,0,0,1
"separate","Cell","deg","530",0,0,0,0,1
"separate","Cell","deg","531",0,0,0,0,1
"separate","Cell","deg","532",0,0,0,0,1
"separate","Cell","deg","533",0,0,0,0,1
"separate","Cell","deg","534",0,0,0,0,1
"separate","Cell","deg","535",0,0,0,0,1
"separate","Cell","deg","536",0,0,0,0,1
"separate","Cell","deg","537",0,0,0,0,1
"separate","Cell","deg","538",0,0,0,0,1
"separate","Cell","deg","539",0,0,0,0,1
"separate","Cell","deg","540",0,0,0,0,1
"separate","Cell","deg","541",0,0,0,0,1
"separate","Cell","deg","542",0,0,0,0,1
"separate","Cell","deg","543",0,0,0,0,1
"separate","Cell","deg","544",0,0,0,0,1
"separate","Cell","deg","545",0,0,0,0,1
"separate","Cell","deg","546",0,0,0,0,1
"separate","Cell","deg","547",0,0,0,0,1
"separate","Cell","deg","548",0,0,0,0,1
"separate","Cell","deg","549",0,0,0,0,1
"separate","Cell","deg","550",0,0,0,0,1
"separate","Cell","deg","551",0,0,0,0,1
"separate","Cell","deg","552",0,0,0,0,1
"separate","Cell","deg","553",0,0,0,0,1
"separate","Cell","deg","554",0,0,0,0,1
"separate","Cell","deg","555",0,0,0,0,1
"separate","Cell","deg","556",0,0,0,0,1
"separate","Cell","deg","557",0,0,0,0,1
"separate","Cell","deg","558",0,0,0,0,1
"separate","Cell","deg","559",0,0,0,0,1
"separate","Cell","deg","560",0,0,0,0,1
"separate","Cell","deg","561",0,0,0,0,1
"separate","Cell","deg","562",0,0,0,0,1
"separate","Cell","deg","563",0,0,0,0,1
"separate","Cell","deg","564",0,0,0,0,1
"separate","Cell","deg","565",0,0,0,0,1
"separate","Cell","deg","566",0,0,0,0,1
"separate","Cell","deg","567",0,0,0,0,1
"separate","Cell","deg","568",0,0,0,0,1
"separate","Cell","deg","569",0,0,0,0,1
"separate","Cell","deg","570",0,0,0,0,1
"separate","Cell","deg","571",0,0,0,0,1
"separate","Cell","deg","572",0,0,0,0,1
"separate","Cell","deg","573",0,0,0,0,1
"separate","Cell","deg","574",0,0,0,0,1
"separate","Cell","deg","575",0,0,0,0,1
"separate","Cell","deg","576",0,0,0,0,1
"separate","Cell","deg","577",0,0,0,0,1
"separate","Cell","deg","578",0,0,0,0,1
"separate","Cell","deg","579",0,0,0,0,1
"separate","Cell","deg","580",0,0,0,0,1
"separate","Cell","deg","581",0,0,0,0,1
"separate","Cell","deg","582",0,0,0,0,1
"separate","Cell","deg","583",0,0,0,0,1
"separate","Cell","deg","584",0,0,0,0,1
"separate","Cell","deg","585",0,0,0,0,1
"separate","Cell","deg","586",0,0,0,0,1
"separate","Cell","deg","587",0,0,0,0,1
"separate","Cell","deg","588",0,0,0,0,1
"separate","Cell","deg","589",0,0,0,0,1
"separate","Cell","deg","590",0,0,0,0,1
"separate","Cell","deg","591",0,0,0,0,1
"separate","Cell","deg","592",0,0,0,0,1
"separate","Cell","deg","593",0,0,0,0,1
"separate","Cell","deg","594",0,0,0,0,1
"separate","Cell","deg","595",0,0,0,0,1
"separate","Cell","deg","596",0,0,0,0,1
"separate","Cell","deg","597",0,0,0,0,1
"separate","Cell","deg","598",0,0,0,0,1
"separate","Cell","deg","599",0,0,0,0,1
"separate","Cell","deg","600",0,0,0,0,1
"separate","Cell","deg","601",0,0,0,0,1
"separate","Cell","deg","602",0,0,0,0,1
"separate","Cell","deg","603",0,0,0,0,1
"separate","Cell","deg","604",0,0,0,0,1
"separate","Cell","deg","605",0,0,0,0,1
"separate","Cell","deg","606",0,0,0,0,1
"separate","Cell","deg","607",0,0,0,0,1
"separate","Cell","deg","608",0,0,0,0,1
"separate","Cell","deg","609",0,0,0,0,1
"separate","Cell","deg","610",0,0,0,0,1
"separate","Cell","deg","611",0,0,0,0,1
"separate","Cell","deg","612",0,0,0,0,1
"separate","Cell","deg","613",0,0,0,0,1
"separate","Cell","deg","614",0,0,0,0,1
"separate","Cell","deg","615",0,0,0,0,1
"separate","Cell","deg","616",0,0,0,0,1
"separate","Cell","deg","617",0,0,0,0,1
"separate","Cell","deg","618",0,0,0,0,1
"separate","Cell","deg","619",0,0,0,0,1
"separate","Cell","deg","620",0,0,0,0,1
"separate","Cell","deg","621",0,0,0,0,1
"separate","Cell","deg","622",0,0,0,0,1
"separate","Cell","deg","623",0,0,0,0,1
"separate","Cell","deg","624",0,0,0,0,1
"separate","Cell","deg","625",0,0,0,0,1
"separate","Cell","deg","626",0,0,0,0,1
"separate","Cell","deg","627",0,0,0,0,1
"separate","Cell","deg","628",0,0,0,0,1
"separate","Cell","deg","629",0,0,0,0,1
"separate","Cell","deg","630",0,0,0,0,1
"separate","Cell","deg","631",0,0,0,0,1
"separate","Cell","deg","632",0,0,0,0,1
"separate","Cell","deg","633",0,0,0,0,1
"separate","Cell","deg","634",0,0,0,0,1
"separate","Cell","deg","635",0,0,0,0,1
"separate","Cell","deg","636",0,0,0,0,1
"separate","Cell","deg","637",0,0,0,0,1
"separate","Cell","deg","638",0,0,0,0,1
"separate","Cell","deg","639",0,0,0,0,1
"separate","Cell","deg","640",0,0,0,0,1
"separate","Cell","deg","641",0,0,0,0,1
"separate","Cell","deg","642",0,0,0,0,1
"separate","Cell","deg","643",0,0,0,0,1
"separate","Cell","deg","644",0,0,0,0,1
"separate","Cell","deg","645",0,0,0,0,1
"separate","Cell","deg","646",0,0,0,0,1
"separate","Cell","deg","647",0,0,0,0,1
"separate","Cell","deg","648",0,0,0,0,1
"separate","Cell","deg","649",0,0,0,0,1
"separate","Cell","deg","650",0,0,0,0,1
"separate","Cell","deg","651",0,0,0,0,1
"separate","Cell","deg","652",0,0,0,0,1
"separate","Cell","deg","653",0,0,0,0,1
"separate","Cell","deg","654",0,0,0,0,1
"separate","Cell","deg","655",0,0,0,0,1
"separate","Cell","deg","656",0,0,0,0,1
"separate","Cell","deg","657",0,0,0,0,1
"separate","Cell","deg","658",0,0,0,0,1
"separate","Cell","deg","659",0,0,0,0,1
"separate","Cell","deg","660",0,0,0,0,1
"separate","Cell","deg","661",0,0,0,0,1
"separate","Cell","deg","662",0,0,0,0,1
"separate","Cell","deg","663",0,0,0,0,1
"separate","Cell","deg","664",0,0,0,0,1
"separate","Cell","deg","665",0,0,0,0,1
"separate","Cell","deg","666",0,0,0,0,1
"separate","Cell","deg","667",0,0,0,0,1
"separate","Cell","deg","668",0,0,0,0,1
"separate","Cell","deg","669",0,0,0,0,1
"separate","Cell","deg","670",0,0,0,0,1
"separate","Cell","deg","671",0,0,0,0,1
"separate","Cell","deg","672",0,0,0,0,1
"separate","Cell","deg","673",0,0,0,0,1
"separate","Cell","deg","674",0,0,0,0,1
"separate","Cell","deg","675",0,0,0,0,1
"separate","Cell","deg","676",0,0,0,0,1
"separate","Cell","deg","677",0,0,0,0,1
"separate","Cell","deg","678",0,0,0,0,1
"separate","Cell","deg","679",0,0,0,0,1
"separate","Cell","deg","680",0,0,0,0,1
"separate","Cell","deg","681",0,0,0,0,1
"separate","Cell","deg","682",0,0,0,0,1
"separate","Cell","deg","683",0,0,0,0,1
"separate","Cell","deg","684",0,0,0,0,1
"separate","Cell","deg","685",0,0,0,0,1
"separate","Cell","deg","686",0,0,0,0,1
"separate","Cell","deg","687",0,0,0,0,1
"separate","Cell","deg","688",0,0,0,0,1
"separate","Cell","deg","689",0,0,0,0,1
"separate","Cell","deg","690",0,0,0,0,1
"separate","Cell","deg","691",0,0,0,0,1
"separate","Cell","deg","692",0,0,0,0,1
"separate","Cell","deg","693",0,0,0,0,1
"separate","Cell","deg","694",0,0,0,0,1
"separate","Cell","deg","695",0,0,0,0,1
"separate","Cell","deg","696",0,0,0,0,1
"separate","Cell","deg","697",0,0,0,0,1
"separate","Cell","deg","698",0,0,0,0,1
"separate","Cell","deg","699",0,0,0,0,1
"separate","Cell","deg","700",0,0,0,0,1
"separate","Cell","deg","701",0,0,0,0,1
"separate","Cell","deg","702",0,0,0,0,1
"separate","Cell","deg","703",0,0,0,0,1
"separate","Cell","deg","704",0,0,0,0,1
"separate","Cell","deg","705",0,0,0,0,1
"separate","Cell","deg","706",0,0,0,0,1
"separate","Cell","deg","707",0,0,0,0,1
"separate","Cell","deg","708",0,0,0,0,1
"separate","Cell","deg","709",0,0,0,0,1
"separate","Cell","deg","710",0,0,0,0,1
"separate","Cell","deg","711",0,0,0,0,1
"separate","Cell","deg","712",0,0,0,0,1
"separate","Cell","deg","713",0,0,0,0,1
"separate","Cell","deg","714",0,0,0,0,1
"separate","Cell","deg","715",0,0,0,0,1
"separate","Cell","deg","716",0,0,0,0,1
"separate","Cell","deg","717",0,0,0,0,1
"separate","Cell","deg","718",0,0,0,0,1
"separate","Cell","deg","719",0,0,0,0,1
"separate","Cell","deg","720",0,0,0,0,1
"separate","Cell","deg","721",0,0,0,0,1
"separate","Cell","deg","722",0,0,0,0,1
"separate","Cell","deg","723",0,0,0,0,1
"separate","Cell","deg","724",0,0,0,0,1
"separate","Cell","deg","725",0,0,0,0,1
"separate","Cell","deg","726",0,0,0,0,1
"separate","Cell","deg","727",0,0,0,0,1
"separate","Cell","deg","728",0,0,0,0,1
"separate","Cell","deg","729",0,0,0,0,1
"separate","Cell","deg","730",0,0,0,0,1
"separate","Cell","deg","731",0,0,0,0,1
"separate","Cell","deg","732",0,0,0,0,1
"separate","Cell","deg","733",0,0,0,0,1
"separate","Cell","deg","734",0,0,0,0,1
"separate","Cell","deg","735",0,0,0,0,1
"separate","Cell","deg","736",0,0,0,0,1
"separate","Cell","deg","737",0,0,0,0,1
"separate","Cell","deg","738",0,0,0,0,1
"separate","Cell","deg","739",0,0,0,0,1
"separate","Cell","deg","740",0,0,0,0,1
"separate","Cell","deg","741",0,0,0,0,1
"separate","Cell","deg","742",0,0,0,0,1
"separate","Cell","deg","743",0,0,0,0,1
"separate","Cell","deg","744",0,0,0,0,1
"separate","Cell","deg","745",0,0,0,0,1
"separate","Cell","deg","746",0,0,0,0,1
"separate","Cell","deg","747",0,0,0,0,1
"separate","Cell","deg","748",0,0,0,0,1
"separate","Cell","deg","749",0,0,0,0,1
"separate","Cell","deg","750",0,0,0,0,1
"separate","Cell","deg","751",0,0,0,0,1
"separate","Cell","deg","752",0,0,0,0,1
"separate","Cell","deg","753",0,0,0,0,1
"separate","Cell","deg","754",0,0,0,0,1
"separate","Cell","deg","755",0,0,0,0,1
"separate","Cell","deg","756",0,0,0,0,1
"separate","Cell","deg","757",0,0,0,0,1
"separate","Cell","deg","758",0,0,0,0,1
"separate","Cell","deg","759",0,0,0,0,1
"separate","Cell","deg","760",0,0,0,0,1
"separate","Cell","deg","761",0,0,0,0,1
"separate","Cell","deg","762",0,0,0,0,1
"separate","Cell","deg","763",0,0,0,0,1
"separate","Cell","deg","764",0,0,0,0,1
"separate","Cell","deg","765",0,0,0,0,1
"separate","Cell","deg","766",0,0,0,0,1
"separate","Cell","deg","767",0,0,0,0,1
"separate","Cell","deg","768",0,0,0,0,1
"separate","Cell","deg","769",0,0,0,0,1
"separate","Cell","deg","770",0,0,0,0,1
"separate","Cell","deg","771",0,0,0,0,1
"separate","Cell","deg","772",0,0,0,0,1
"separate","Cell","deg","773",0,0,0,0,1
"separate","Cell","deg","774",0,0,0,0,1
"separate","Cell","deg","775",0,0,0,0,1
"separate","Cell","deg","776",0,0,0,0,1
"separate","Cell","deg","777",0,0,0,0,1
"separate","Cell","deg","778",0,0,0,0,1
"separate","Cell","deg","779",0,0,0,0,1
"separate","Cell","deg","780",0,0,0,0,1
"separate","Cell","deg","781",0,0,0,0,1
"separate","Cell","deg","782",0,0,0,0,1
"separate","Cell","deg","783",0,0,0,0,1
"separate","Cell","deg","784",0,0,0,0,1
"separate","Cell","deg","785",0,0,0,0,1
"separate","Cell","deg","786",0,0,0,0,1
"separate","Cell","deg","787",0,0,0,0,1
"separate","Cell","deg","788",0,0,0,0,1
"separate","Cell","deg","789",0,0,0,0,1
"separate","Cell","deg","790",0,0,0,0,1
"separate","Cell","deg","791",0,0,0,0,1
"separate","Cell","deg","792",0,0,0,0,1
"separate","Cell","deg","793",0,0,0,0,1
"separate","Cell","deg","794",0,0,0,0,1
"separate","Cell","deg","795",0,0,0,0,1
"separate","Cell","deg","796",0,0,0,0,1
"separate","Cell","deg","797",0,0,0,0,1
"separate","Cell","deg","798",0,0,0,0,1
"separate","Cell","deg","799",0,0,0,0,1
"separate","Cell","deg","800",0,0,0,0,1
"separate","Cell","deg","801",0,0,0,0,1
"separate","Cell","deg","802",0,0,0,0,1
"separate","Cell","deg","803",0,0,0,0,1
"separate","Cell","deg","804",0,0,0,0,1
"separate","Cell","deg","805",0,0,0,0,1
"separate","Cell","deg","806",0,0,0,0,1
"separate","Cell","deg","807",0,0,0,0,1
"separate","Cell","deg","808",0,0,0,0,1
"separate","Cell","deg","809",0,0,0,0,1
"separate","Cell","deg","810",0,0,0,0,1
"separate","Cell","deg","811",0,0,0,0,1
"separate","Cell","deg","812",0,0,0,0,1
"separate","Cell","deg","813",0,0,0,0,1
"separate","Cell","deg","814",0,0,0,0,1
"separate","Cell","deg","815",0,0,0,0,1
"separate","Cell","deg","816",0,0,0,0,1
"separate","Cell","deg","817",0,0,0,0,1
"separate","Cell","deg","818",0,0,0,0,1
"separate","Cell","deg","819",0,0,0,0,1
"separate","Cell","deg","820",0,0,0,0,1
"separate","Cell","deg","821",0,0,0,0,1
"separate","Cell","deg","822",0,0,0,0,1
"separate","Cell","deg","823",0,0,0,0,1
"separate","Cell","deg","824",0,0,0,0,1
"separate","Cell","deg","825",0,0,0,0,1
"separate","Cell","deg","826",0,0,0,0,1
"separate","Cell","deg","827",0,0,0,0,1
"separate","Cell","deg","828",0,0,0,0,1
"separate","Cell","deg","829",0,0,0,0,1
"separate","Cell","deg","830",0,0,0,0,1
"separate","Cell","deg","831",0,0,0,0,1
"separate","Cell","deg","832",0,0,0,0,1
"separate","Cell","deg","833",0,0,0,0,1
"separate","Cell","deg","834",0,0,0,0,1
"separate","Cell","deg","835",0,0,0,0,1
"separate","Cell","deg","836",0,0,0,0,1
"separate","Cell","deg","837",0,0,0,0,1
"separate","Cell","deg","838",0,0,0,0,1
"separate","Cell","deg","839",0,0,0,0,1
"separate","Cell","deg","840",0,0,0,0,1
"separate","Cell","deg","841",0,0,0,0,1
"separate","Cell","deg","842",0,0,0,0,1
"separate","Cell","deg","843",0,0,0,0,1
"separate","Cell","deg","844",0,0,0,0,1
"separate","Cell","deg","845",0,0,0,0,1
"separate","Cell","deg","846",0,0,0,0,1
"separate","Cell","deg","847",0,0,0,0,1
"separate","Cell","deg","848",0,0,0,0,1
"separate","Cell","deg","849",0,0,0,0,1
"separate","Cell","deg","850",0,0,0,0,1
"separate","Cell","deg","851",0,0,0,0,1
"separate","Cell","deg","852",0,0,0,0,1
"separate","Cell","deg","853",0,0,0,0,1
"separate","Cell","deg","854",0,0,0,0,1
"separate","Cell","deg","855",0,0,0,0,1
"separate","Cell","deg","856",0,0,0,0,1
"separate","Cell","deg","857",0,0,0,0,1
"separate","Cell","deg","858",0,0,0,0,1
"separate","Cell","deg","859",0,0,0,0,1
"separate","Cell","deg","860",0,0,0,0,1
"separate","Cell","deg","861",0,0,0,0,1
"separate","Cell","deg","862",0,0,0,0,1
"separate","Cell","deg","863",0,0,0,0,1
"separate","Cell","deg","864",0,0,0,0,1
"separate","Cell","deg","865",0,0,0,0,1
"separate","Cell","deg","866",0,0,0,0,1
"separate","Cell","deg","867",0,0,0,0,1
"separate","Cell","deg","868",0,0,0,0,1
"separate","Cell","deg","869",0,0,0,0,1
"separate","Cell","deg","870",0,0,0,0,1
"separate","Cell","deg","871",0,0,0,0,1
"separate","Cell","deg","872",0,0,0,0,1
"separate","Cell","deg","873",0,0,0,0,1
"separate","Cell","deg","874",0,0,0,0,1
"separate","Cell","deg","875",0,0,0,0,1
"separate","Cell","deg","876",0,0,0,0,1
"separate","Cell","deg","877",0,0,0,0,1
"separate","Cell","deg","878",0,0,0,0,1
"separate","Cell","deg","879",0,0,0,0,1
"separate","Cell","deg","880",0,0,0,0,1
"separate","Cell","deg","881",0,0,0,0,1
"separate","Cell","dist","1",24871,24500,24768.98,24929,0.28
"separate","Cell","dist","2",19775,275428,283172.92,286416,0
"separate","Cell","dist","3",40666,77225,80578.51,88326,0
"separate","Cell","dist","4",68355,0,0.589999999999999,10,0
"separate","Cell","dist","5",43439,0,0,0,0
"separate","Cell","dist","6",35324,0,0,0,0
"separate","Cell","dist","7",12963,0,0,0,0
"separate","Cell","dist","8",5309,0,0,0,0
"separate","Cell","dist","9",317,0,0,0,0
"separate","Cell","dist","10",0,0,0,0,1
"separate","Cell","dist","11",0,0,0,0,1
"separate","Cell","dist","12",0,0,0,0,1
"separate","Cell","dist","13",0,0,0,0,1
"separate","Cell","dist","14",0,0,0,0,1
"separate","Cell","dist","15",0,0,0,0,1
"separate","Cell","dist","16",0,0,0,0,1
"separate","Cell","dist","17",0,0,0,0,1
"separate","Cell","dist","18",0,0,0,0,1
"separate","Cell","dist","19",0,0,0,0,1
"separate","Cell","dist","20",0,0,0,0,1
"separate","Cell","dist","21",0,0,0,0,1
"separate","Cell","dist","22",0,0,0,0,1
"separate","Cell","dist","23",0,0,0,0,1
"separate","Cell","dist","24",0,0,0,0,1
"separate","Cell","dist","25",0,0,0,0,1
"separate","Cell","dist","26",0,0,0,0,1
"separate","Cell","dist","27",0,0,0,0,1
"separate","Cell","dist","28",0,0,0,0,1
"separate","Cell","dist","29",0,0,0,0,1
"separate","Cell","dist","30",0,0,0,0,1
"separate","Cell","dist","31",0,0,0,0,1
"separate","Cell","dist","32",0,0,0,0,1
"separate","Cell","dist","33",0,0,0,0,1
"separate","Cell","dist","34",0,0,0,0,1
"separate","Cell","dist","35",0,0,0,0,1
"separate","Cell","dist","36",0,0,0,0,1
"separate","Cell","dist","37",0,0,0,0,1
"separate","Cell","dist","38",0,0,0,0,1
"separate","Cell","dist","39",0,0,0,0,1
"separate","Cell","dist","40",0,0,0,0,1
"separate","Cell","dist","41",0,0,0,0,1
"separate","Cell","dist","42",0,0,0,0,1
"separate","Cell","dist","43",0,0,0,0,1
"separate","Cell","dist","44",0,0,0,0,1
"separate","Cell","dist","45",0,0,0,0,1
"separate","Cell","dist","46",0,0,0,0,1
"separate","Cell","dist","47",0,0,0,0,1
"separate","Cell","dist","48",0,0,0,0,1
"separate","Cell","dist","49",0,0,0,0,1
"separate","Cell","dist","50",0,0,0,0,1
"separate","Cell","dist","51",0,0,0,0,1
"separate","Cell","dist","52",0,0,0,0,1
"separate","Cell","dist","53",0,0,0,0,1
"separate","Cell","dist","54",0,0,0,0,1
"separate","Cell","dist","55",0,0,0,0,1
"separate","Cell","dist","56",0,0,0,0,1
"separate","Cell","dist","57",0,0,0,0,1
"separate","Cell","dist","58",0,0,0,0,1
"separate","Cell","dist","59",0,0,0,0,1
"separate","Cell","dist","60",0,0,0,0,1
"separate","Cell","dist","61",0,0,0,0,1
"separate","Cell","dist","62",0,0,0,0,1
"separate","Cell","dist","63",0,0,0,0,1
"separate","Cell","dist","64",0,0,0,0,1
"separate","Cell","dist","65",0,0,0,0,1
"separate","Cell","dist","66",0,0,0,0,1
"separate","Cell","dist","67",0,0,0,0,1
"separate","Cell","dist","68",0,0,0,0,1
"separate","Cell","dist","69",0,0,0,0,1
"separate","Cell","dist","70",0,0,0,0,1
"separate","Cell","dist","71",0,0,0,0,1
"separate","Cell","dist","72",0,0,0,0,1
"separate","Cell","dist","73",0,0,0,0,1
"separate","Cell","dist","74",0,0,0,0,1
"separate","Cell","dist","75",0,0,0,0,1
"separate","Cell","dist","76",0,0,0,0,1
"separate","Cell","dist","77",0,0,0,0,1
"separate","Cell","dist","78",0,0,0,0,1
"separate","Cell","dist","79",0,0,0,0,1
"separate","Cell","dist","80",0,0,0,0,1
"separate","Cell","dist","81",0,0,0,0,1
"separate","Cell","dist","82",0,0,0,0,1
"separate","Cell","dist","83",0,0,0,0,1
"separate","Cell","dist","84",0,0,0,0,1
"separate","Cell","dist","85",0,0,0,0,1
"separate","Cell","dist","86",0,0,0,0,1
"separate","Cell","dist","87",0,0,0,0,1
"separate","Cell","dist","88",0,0,0,0,1
"separate","Cell","dist","89",0,0,0,0,1
"separate","Cell","dist","90",0,0,0,0,1
"separate","Cell","dist","91",0,0,0,0,1
"separate","Cell","dist","92",0,0,0,0,1
"separate","Cell","dist","93",0,0,0,0,1
"separate","Cell","dist","94",0,0,0,0,1
"separate","Cell","dist","95",0,0,0,0,1
"separate","Cell","dist","96",0,0,0,0,1
"separate","Cell","dist","97",0,0,0,0,1
"separate","Cell","dist","98",0,0,0,0,1
"separate","Cell","dist","99",0,0,0,0,1
"separate","Cell","dist","100",0,0,0,0,1
"separate","Cell","dist","101",0,0,0,0,1
"separate","Cell","dist","102",0,0,0,0,1
"separate","Cell","dist","103",0,0,0,0,1
"separate","Cell","dist","104",0,0,0,0,1
"separate","Cell","dist","105",0,0,0,0,1
"separate","Cell","dist","106",0,0,0,0,1
"separate","Cell","dist","107",0,0,0,0,1
"separate","Cell","dist","108",0,0,0,0,1
"separate","Cell","dist","109",0,0,0,0,1
"separate","Cell","dist","110",0,0,0,0,1
"separate","Cell","dist","111",0,0,0,0,1
"separate","Cell","dist","112",0,0,0,0,1
"separate","Cell","dist","113",0,0,0,0,1
"separate","Cell","dist","114",0,0,0,0,1
"separate","Cell","dist","115",0,0,0,0,1
"separate","Cell","dist","116",0,0,0,0,1
"separate","Cell","dist","117",0,0,0,0,1
"separate","Cell","dist","118",0,0,0,0,1
"separate","Cell","dist","119",0,0,0,0,1
"separate","Cell","dist","120",0,0,0,0,1
"separate","Cell","dist","121",0,0,0,0,1
"separate","Cell","dist","122",0,0,0,0,1
"separate","Cell","dist","123",0,0,0,0,1
"separate","Cell","dist","124",0,0,0,0,1
"separate","Cell","dist","125",0,0,0,0,1
"separate","Cell","dist","126",0,0,0,0,1
"separate","Cell","dist","127",0,0,0,0,1
"separate","Cell","dist","128",0,0,0,0,1
"separate","Cell","dist","129",0,0,0,0,1
"separate","Cell","dist","130",0,0,0,0,1
"separate","Cell","dist","131",0,0,0,0,1
"separate","Cell","dist","132",0,0,0,0,1
"separate","Cell","dist","133",0,0,0,0,1
"separate","Cell","dist","134",0,0,0,0,1
"separate","Cell","dist","135",0,0,0,0,1
"separate","Cell","dist","136",0,0,0,0,1
"separate","Cell","dist","137",0,0,0,0,1
"separate","Cell","dist","138",0,0,0,0,1
"separate","Cell","dist","139",0,0,0,0,1
"separate","Cell","dist","140",0,0,0,0,1
"separate","Cell","dist","141",0,0,0,0,1
"separate","Cell","dist","142",0,0,0,0,1
"separate","Cell","dist","143",0,0,0,0,1
"separate","Cell","dist","144",0,0,0,0,1
"separate","Cell","dist","145",0,0,0,0,1
"separate","Cell","dist","146",0,0,0,0,1
"separate","Cell","dist","147",0,0,0,0,1
"separate","Cell","dist","148",0,0,0,0,1
"separate","Cell","dist","149",0,0,0,0,1
"separate","Cell","dist","150",0,0,0,0,1
"separate","Cell","dist","151",0,0,0,0,1
"separate","Cell","dist","152",0,0,0,0,1
"separate","Cell","dist","153",0,0,0,0,1
"separate","Cell","dist","154",0,0,0,0,1
"separate","Cell","dist","155",0,0,0,0,1
"separate","Cell","dist","156",0,0,0,0,1
"separate","Cell","dist","157",0,0,0,0,1
"separate","Cell","dist","158",0,0,0,0,1
"separate","Cell","dist","159",0,0,0,0,1
"separate","Cell","dist","160",0,0,0,0,1
"separate","Cell","dist","161",0,0,0,0,1
"separate","Cell","dist","162",0,0,0,0,1
"separate","Cell","dist","163",0,0,0,0,1
"separate","Cell","dist","164",0,0,0,0,1
"separate","Cell","dist","165",0,0,0,0,1
"separate","Cell","dist","166",0,0,0,0,1
"separate","Cell","dist","167",0,0,0,0,1
"separate","Cell","dist","168",0,0,0,0,1
"separate","Cell","dist","169",0,0,0,0,1
"separate","Cell","dist","170",0,0,0,0,1
"separate","Cell","dist","171",0,0,0,0,1
"separate","Cell","dist","172",0,0,0,0,1
"separate","Cell","dist","173",0,0,0,0,1
"separate","Cell","dist","174",0,0,0,0,1
"separate","Cell","dist","175",0,0,0,0,1
"separate","Cell","dist","176",0,0,0,0,1
"separate","Cell","dist","177",0,0,0,0,1
"separate","Cell","dist","178",0,0,0,0,1
"separate","Cell","dist","179",0,0,0,0,1
"separate","Cell","dist","180",0,0,0,0,1
"separate","Cell","dist","181",0,0,0,0,1
"separate","Cell","dist","182",0,0,0,0,1
"separate","Cell","dist","183",0,0,0,0,1
"separate","Cell","dist","184",0,0,0,0,1
"separate","Cell","dist","185",0,0,0,0,1
"separate","Cell","dist","186",0,0,0,0,1
"separate","Cell","dist","187",0,0,0,0,1
"separate","Cell","dist","188",0,0,0,0,1
"separate","Cell","dist","189",0,0,0,0,1
"separate","Cell","dist","190",0,0,0,0,1
"separate","Cell","dist","191",0,0,0,0,1
"separate","Cell","dist","192",0,0,0,0,1
"separate","Cell","dist","193",0,0,0,0,1
"separate","Cell","dist","194",0,0,0,0,1
"separate","Cell","dist","195",0,0,0,0,1
"separate","Cell","dist","196",0,0,0,0,1
"separate","Cell","dist","197",0,0,0,0,1
"separate","Cell","dist","198",0,0,0,0,1
"separate","Cell","dist","199",0,0,0,0,1
"separate","Cell","dist","200",0,0,0,0,1
"separate","Cell","dist","201",0,0,0,0,1
"separate","Cell","dist","202",0,0,0,0,1
"separate","Cell","dist","203",0,0,0,0,1
"separate","Cell","dist","204",0,0,0,0,1
"separate","Cell","dist","205",0,0,0,0,1
"separate","Cell","dist","206",0,0,0,0,1
"separate","Cell","dist","207",0,0,0,0,1
"separate","Cell","dist","208",0,0,0,0,1
"separate","Cell","dist","209",0,0,0,0,1
"separate","Cell","dist","210",0,0,0,0,1
"separate","Cell","dist","211",0,0,0,0,1
"separate","Cell","dist","212",0,0,0,0,1
"separate","Cell","dist","213",0,0,0,0,1
"separate","Cell","dist","214",0,0,0,0,1
"separate","Cell","dist","215",0,0,0,0,1
"separate","Cell","dist","216",0,0,0,0,1
"separate","Cell","dist","217",0,0,0,0,1
"separate","Cell","dist","218",0,0,0,0,1
"separate","Cell","dist","219",0,0,0,0,1
"separate","Cell","dist","220",0,0,0,0,1
"separate","Cell","dist","221",0,0,0,0,1
"separate","Cell","dist","222",0,0,0,0,1
"separate","Cell","dist","223",0,0,0,0,1
"separate","Cell","dist","224",0,0,0,0,1
"separate","Cell","dist","225",0,0,0,0,1
"separate","Cell","dist","226",0,0,0,0,1
"separate","Cell","dist","227",0,0,0,0,1
"separate","Cell","dist","228",0,0,0,0,1
"separate","Cell","dist","229",0,0,0,0,1
"separate","Cell","dist","230",0,0,0,0,1
"separate","Cell","dist","231",0,0,0,0,1
"separate","Cell","dist","232",0,0,0,0,1
"separate","Cell","dist","233",0,0,0,0,1
"separate","Cell","dist","234",0,0,0,0,1
"separate","Cell","dist","235",0,0,0,0,1
"separate","Cell","dist","236",0,0,0,0,1
"separate","Cell","dist","237",0,0,0,0,1
"separate","Cell","dist","238",0,0,0,0,1
"separate","Cell","dist","239",0,0,0,0,1
"separate","Cell","dist","240",0,0,0,0,1
"separate","Cell","dist","241",0,0,0,0,1
"separate","Cell","dist","242",0,0,0,0,1
"separate","Cell","dist","243",0,0,0,0,1
"separate","Cell","dist","244",0,0,0,0,1
"separate","Cell","dist","245",0,0,0,0,1
"separate","Cell","dist","246",0,0,0,0,1
"separate","Cell","dist","247",0,0,0,0,1
"separate","Cell","dist","248",0,0,0,0,1
"separate","Cell","dist","249",0,0,0,0,1
"separate","Cell","dist","250",0,0,0,0,1
"separate","Cell","dist","251",0,0,0,0,1
"separate","Cell","dist","252",0,0,0,0,1
"separate","Cell","dist","253",0,0,0,0,1
"separate","Cell","dist","254",0,0,0,0,1
"separate","Cell","dist","255",0,0,0,0,1
"separate","Cell","dist","256",0,0,0,0,1
"separate","Cell","dist","257",0,0,0,0,1
"separate","Cell","dist","258",0,0,0,0,1
"separate","Cell","dist","259",0,0,0,0,1
"separate","Cell","dist","260",0,0,0,0,1
"separate","Cell","dist","261",0,0,0,0,1
"separate","Cell","dist","262",0,0,0,0,1
"separate","Cell","dist","263",0,0,0,0,1
"separate","Cell","dist","264",0,0,0,0,1
"separate","Cell","dist","265",0,0,0,0,1
"separate","Cell","dist","266",0,0,0,0,1
"separate","Cell","dist","267",0,0,0,0,1
"separate","Cell","dist","268",0,0,0,0,1
"separate","Cell","dist","269",0,0,0,0,1
"separate","Cell","dist","270",0,0,0,0,1
"separate","Cell","dist","271",0,0,0,0,1
"separate","Cell","dist","272",0,0,0,0,1
"separate","Cell","dist","273",0,0,0,0,1
"separate","Cell","dist","274",0,0,0,0,1
"separate","Cell","dist","275",0,0,0,0,1
"separate","Cell","dist","276",0,0,0,0,1
"separate","Cell","dist","277",0,0,0,0,1
"separate","Cell","dist","278",0,0,0,0,1
"separate","Cell","dist","279",0,0,0,0,1
"separate","Cell","dist","280",0,0,0,0,1
"separate","Cell","dist","281",0,0,0,0,1
"separate","Cell","dist","282",0,0,0,0,1
"separate","Cell","dist","283",0,0,0,0,1
"separate","Cell","dist","284",0,0,0,0,1
"separate","Cell","dist","285",0,0,0,0,1
"separate","Cell","dist","286",0,0,0,0,1
"separate","Cell","dist","287",0,0,0,0,1
"separate","Cell","dist","288",0,0,0,0,1
"separate","Cell","dist","289",0,0,0,0,1
"separate","Cell","dist","290",0,0,0,0,1
"separate","Cell","dist","291",0,0,0,0,1
"separate","Cell","dist","292",0,0,0,0,1
"separate","Cell","dist","293",0,0,0,0,1
"separate","Cell","dist","294",0,0,0,0,1
"separate","Cell","dist","295",0,0,0,0,1
"separate","Cell","dist","296",0,0,0,0,1
"separate","Cell","dist","297",0,0,0,0,1
"separate","Cell","dist","298",0,0,0,0,1
"separate","Cell","dist","299",0,0,0,0,1
"separate","Cell","dist","300",0,0,0,0,1
"separate","Cell","dist","301",0,0,0,0,1
"separate","Cell","dist","302",0,0,0,0,1
"separate","Cell","dist","303",0,0,0,0,1
"separate","Cell","dist","304",0,0,0,0,1
"separate","Cell","dist","305",0,0,0,0,1
"separate","Cell","dist","306",0,0,0,0,1
"separate","Cell","dist","307",0,0,0,0,1
"separate","Cell","dist","308",0,0,0,0,1
"separate","Cell","dist","309",0,0,0,0,1
"separate","Cell","dist","310",0,0,0,0,1
"separate","Cell","dist","311",0,0,0,0,1
"separate","Cell","dist","312",0,0,0,0,1
"separate","Cell","dist","313",0,0,0,0,1
"separate","Cell","dist","314",0,0,0,0,1
"separate","Cell","dist","315",0,0,0,0,1
"separate","Cell","dist","316",0,0,0,0,1
"separate","Cell","dist","317",0,0,0,0,1
"separate","Cell","dist","318",0,0,0,0,1
"separate","Cell","dist","319",0,0,0,0,1
"separate","Cell","dist","320",0,0,0,0,1
"separate","Cell","dist","321",0,0,0,0,1
"separate","Cell","dist","322",0,0,0,0,1
"separate","Cell","dist","323",0,0,0,0,1
"separate","Cell","dist","324",0,0,0,0,1
"separate","Cell","dist","325",0,0,0,0,1
"separate","Cell","dist","326",0,0,0,0,1
"separate","Cell","dist","327",0,0,0,0,1
"separate","Cell","dist","328",0,0,0,0,1
"separate","Cell","dist","329",0,0,0,0,1
"separate","Cell","dist","330",0,0,0,0,1
"separate","Cell","dist","331",0,0,0,0,1
"separate","Cell","dist","332",0,0,0,0,1
"separate","Cell","dist","333",0,0,0,0,1
"separate","Cell","dist","334",0,0,0,0,1
"separate","Cell","dist","335",0,0,0,0,1
"separate","Cell","dist","336",0,0,0,0,1
"separate","Cell","dist","337",0,0,0,0,1
"separate","Cell","dist","338",0,0,0,0,1
"separate","Cell","dist","339",0,0,0,0,1
"separate","Cell","dist","340",0,0,0,0,1
"separate","Cell","dist","341",0,0,0,0,1
"separate","Cell","dist","342",0,0,0,0,1
"separate","Cell","dist","343",0,0,0,0,1
"separate","Cell","dist","344",0,0,0,0,1
"separate","Cell","dist","345",0,0,0,0,1
"separate","Cell","dist","346",0,0,0,0,1
"separate","Cell","dist","347",0,0,0,0,1
"separate","Cell","dist","348",0,0,0,0,1
"separate","Cell","dist","349",0,0,0,0,1
"separate","Cell","dist","350",0,0,0,0,1
"separate","Cell","dist","351",0,0,0,0,1
"separate","Cell","dist","352",0,0,0,0,1
"separate","Cell","dist","353",0,0,0,0,1
"separate","Cell","dist","354",0,0,0,0,1
"separate","Cell","dist","355",0,0,0,0,1
"separate","Cell","dist","356",0,0,0,0,1
"separate","Cell","dist","357",0,0,0,0,1
"separate","Cell","dist","358",0,0,0,0,1
"separate","Cell","dist","359",0,0,0,0,1
"separate","Cell","dist","360",0,0,0,0,1
"separate","Cell","dist","361",0,0,0,0,1
"separate","Cell","dist","362",0,0,0,0,1
"separate","Cell","dist","363",0,0,0,0,1
"separate","Cell","dist","364",0,0,0,0,1
"separate","Cell","dist","365",0,0,0,0,1
"separate","Cell","dist","366",0,0,0,0,1
"separate","Cell","dist","367",0,0,0,0,1
"separate","Cell","dist","368",0,0,0,0,1
"separate","Cell","dist","369",0,0,0,0,1
"separate","Cell","dist","370",0,0,0,0,1
"separate","Cell","dist","371",0,0,0,0,1
"separate","Cell","dist","372",0,0,0,0,1
"separate","Cell","dist","373",0,0,0,0,1
"separate","Cell","dist","374",0,0,0,0,1
"separate","Cell","dist","375",0,0,0,0,1
"separate","Cell","dist","376",0,0,0,0,1
"separate","Cell","dist","377",0,0,0,0,1
"separate","Cell","dist","378",0,0,0,0,1
"separate","Cell","dist","379",0,0,0,0,1
"separate","Cell","dist","380",0,0,0,0,1
"separate","Cell","dist","381",0,0,0,0,1
"separate","Cell","dist","382",0,0,0,0,1
"separate","Cell","dist","383",0,0,0,0,1
"separate","Cell","dist","384",0,0,0,0,1
"separate","Cell","dist","385",0,0,0,0,1
"separate","Cell","dist","386",0,0,0,0,1
"separate","Cell","dist","387",0,0,0,0,1
"separate","Cell","dist","388",0,0,0,0,1
"separate","Cell","dist","389",0,0,0,0,1
"separate","Cell","dist","390",0,0,0,0,1
"separate","Cell","dist","391",0,0,0,0,1
"separate","Cell","dist","392",0,0,0,0,1
"separate","Cell","dist","393",0,0,0,0,1
"separate","Cell","dist","394",0,0,0,0,1
"separate","Cell","dist","395",0,0,0,0,1
"separate","Cell","dist","396",0,0,0,0,1
"separate","Cell","dist","397",0,0,0,0,1
"separate","Cell","dist","398",0,0,0,0,1
"separate","Cell","dist","399",0,0,0,0,1
"separate","Cell","dist","400",0,0,0,0,1
"separate","Cell","dist","401",0,0,0,0,1
"separate","Cell","dist","402",0,0,0,0,1
"separate","Cell","dist","403",0,0,0,0,1
"separate","Cell","dist","404",0,0,0,0,1
"separate","Cell","dist","405",0,0,0,0,1
"separate","Cell","dist","406",0,0,0,0,1
"separate","Cell","dist","407",0,0,0,0,1
"separate","Cell","dist","408",0,0,0,0,1
"separate","Cell","dist","409",0,0,0,0,1
"separate","Cell","dist","410",0,0,0,0,1
"separate","Cell","dist","411",0,0,0,0,1
"separate","Cell","dist","412",0,0,0,0,1
"separate","Cell","dist","413",0,0,0,0,1
"separate","Cell","dist","414",0,0,0,0,1
"separate","Cell","dist","415",0,0,0,0,1
"separate","Cell","dist","416",0,0,0,0,1
"separate","Cell","dist","417",0,0,0,0,1
"separate","Cell","dist","418",0,0,0,0,1
"separate","Cell","dist","419",0,0,0,0,1
"separate","Cell","dist","420",0,0,0,0,1
"separate","Cell","dist","421",0,0,0,0,1
"separate","Cell","dist","422",0,0,0,0,1
"separate","Cell","dist","423",0,0,0,0,1
"separate","Cell","dist","424",0,0,0,0,1
"separate","Cell","dist","425",0,0,0,0,1
"separate","Cell","dist","426",0,0,0,0,1
"separate","Cell","dist","427",0,0,0,0,1
"separate","Cell","dist","428",0,0,0,0,1
"separate","Cell","dist","429",0,0,0,0,1
"separate","Cell","dist","430",0,0,0,0,1
"separate","Cell","dist","431",0,0,0,0,1
"separate","Cell","dist","432",0,0,0,0,1
"separate","Cell","dist","433",0,0,0,0,1
"separate","Cell","dist","434",0,0,0,0,1
"separate","Cell","dist","435",0,0,0,0,1
"separate","Cell","dist","436",0,0,0,0,1
"separate","Cell","dist","437",0,0,0,0,1
"separate","Cell","dist","438",0,0,0,0,1
"separate","Cell","dist","439",0,0,0,0,1
"separate","Cell","dist","440",0,0,0,0,1
"separate","Cell","dist","441",0,0,0,0,1
"separate","Cell","dist","442",0,0,0,0,1
"separate","Cell","dist","443",0,0,0,0,1
"separate","Cell","dist","444",0,0,0,0,1
"separate","Cell","dist","445",0,0,0,0,1
"separate","Cell","dist","446",0,0,0,0,1
"separate","Cell","dist","447",0,0,0,0,1
"separate","Cell","dist","448",0,0,0,0,1
"separate","Cell","dist","449",0,0,0,0,1
"separate","Cell","dist","450",0,0,0,0,1
"separate","Cell","dist","451",0,0,0,0,1
"separate","Cell","dist","452",0,0,0,0,1
"separate","Cell","dist","453",0,0,0,0,1
"separate","Cell","dist","454",0,0,0,0,1
"separate","Cell","dist","455",0,0,0,0,1
"separate","Cell","dist","456",0,0,0,0,1
"separate","Cell","dist","457",0,0,0,0,1
"separate","Cell","dist","458",0,0,0,0,1
"separate","Cell","dist","459",0,0,0,0,1
"separate","Cell","dist","460",0,0,0,0,1
"separate","Cell","dist","461",0,0,0,0,1
"separate","Cell","dist","462",0,0,0,0,1
"separate","Cell","dist","463",0,0,0,0,1
"separate","Cell","dist","464",0,0,0,0,1
"separate","Cell","dist","465",0,0,0,0,1
"separate","Cell","dist","466",0,0,0,0,1
"separate","Cell","dist","467",0,0,0,0,1
"separate","Cell","dist","468",0,0,0,0,1
"separate","Cell","dist","469",0,0,0,0,1
"separate","Cell","dist","470",0,0,0,0,1
"separate","Cell","dist","471",0,0,0,0,1
"separate","Cell","dist","472",0,0,0,0,1
"separate","Cell","dist","473",0,0,0,0,1
"separate","Cell","dist","474",0,0,0,0,1
"separate","Cell","dist","475",0,0,0,0,1
"separate","Cell","dist","476",0,0,0,0,1
"separate","Cell","dist","477",0,0,0,0,1
"separate","Cell","dist","478",0,0,0,0,1
"separate","Cell","dist","479",0,0,0,0,1
"separate","Cell","dist","480",0,0,0,0,1
"separate","Cell","dist","481",0,0,0,0,1
"separate","Cell","dist","482",0,0,0,0,1
"separate","Cell","dist","483",0,0,0,0,1
"separate","Cell","dist","484",0,0,0,0,1
"separate","Cell","dist","485",0,0,0,0,1
"separate","Cell","dist","486",0,0,0,0,1
"separate","Cell","dist","487",0,0,0,0,1
"separate","Cell","dist","488",0,0,0,0,1
"separate","Cell","dist","489",0,0,0,0,1
"separate","Cell","dist","490",0,0,0,0,1
"separate","Cell","dist","491",0,0,0,0,1
"separate","Cell","dist","492",0,0,0,0,1
"separate","Cell","dist","493",0,0,0,0,1
"separate","Cell","dist","494",0,0,0,0,1
"separate","Cell","dist","495",0,0,0,0,1
"separate","Cell","dist","496",0,0,0,0,1
"separate","Cell","dist","497",0,0,0,0,1
"separate","Cell","dist","498",0,0,0,0,1
"separate","Cell","dist","499",0,0,0,0,1
"separate","Cell","dist","500",0,0,0,0,1
"separate","Cell","dist","501",0,0,0,0,1
"separate","Cell","dist","502",0,0,0,0,1
"separate","Cell","dist","503",0,0,0,0,1
"separate","Cell","dist","504",0,0,0,0,1
"separate","Cell","dist","505",0,0,0,0,1
"separate","Cell","dist","506",0,0,0,0,1
"separate","Cell","dist","507",0,0,0,0,1
"separate","Cell","dist","508",0,0,0,0,1
"separate","Cell","dist","509",0,0,0,0,1
"separate","Cell","dist","510",0,0,0,0,1
"separate","Cell","dist","511",0,0,0,0,1
"separate","Cell","dist","512",0,0,0,0,1
"separate","Cell","dist","513",0,0,0,0,1
"separate","Cell","dist","514",0,0,0,0,1
"separate","Cell","dist","515",0,0,0,0,1
"separate","Cell","dist","516",0,0,0,0,1
"separate","Cell","dist","517",0,0,0,0,1
"separate","Cell","dist","518",0,0,0,0,1
"separate","Cell","dist","519",0,0,0,0,1
"separate","Cell","dist","520",0,0,0,0,1
"separate","Cell","dist","521",0,0,0,0,1
"separate","Cell","dist","522",0,0,0,0,1
"separate","Cell","dist","523",0,0,0,0,1
"separate","Cell","dist","524",0,0,0,0,1
"separate","Cell","dist","525",0,0,0,0,1
"separate","Cell","dist","526",0,0,0,0,1
"separate","Cell","dist","527",0,0,0,0,1
"separate","Cell","dist","528",0,0,0,0,1
"separate","Cell","dist","529",0,0,0,0,1
"separate","Cell","dist","530",0,0,0,0,1
"separate","Cell","dist","531",0,0,0,0,1
"separate","Cell","dist","532",0,0,0,0,1
"separate","Cell","dist","533",0,0,0,0,1
"separate","Cell","dist","534",0,0,0,0,1
"separate","Cell","dist","535",0,0,0,0,1
"separate","Cell","dist","536",0,0,0,0,1
"separate","Cell","dist","537",0,0,0,0,1
"separate","Cell","dist","538",0,0,0,0,1
"separate","Cell","dist","539",0,0,0,0,1
"separate","Cell","dist","540",0,0,0,0,1
"separate","Cell","dist","541",0,0,0,0,1
"separate","Cell","dist","542",0,0,0,0,1
"separate","Cell","dist","543",0,0,0,0,1
"separate","Cell","dist","544",0,0,0,0,1
"separate","Cell","dist","545",0,0,0,0,1
"separate","Cell","dist","546",0,0,0,0,1
"separate","Cell","dist","547",0,0,0,0,1
"separate","Cell","dist","548",0,0,0,0,1
"separate","Cell","dist","549",0,0,0,0,1
"separate","Cell","dist","550",0,0,0,0,1
"separate","Cell","dist","551",0,0,0,0,1
"separate","Cell","dist","552",0,0,0,0,1
"separate","Cell","dist","553",0,0,0,0,1
"separate","Cell","dist","554",0,0,0,0,1
"separate","Cell","dist","555",0,0,0,0,1
"separate","Cell","dist","556",0,0,0,0,1
"separate","Cell","dist","557",0,0,0,0,1
"separate","Cell","dist","558",0,0,0,0,1
"separate","Cell","dist","559",0,0,0,0,1
"separate","Cell","dist","560",0,0,0,0,1
"separate","Cell","dist","561",0,0,0,0,1
"separate","Cell","dist","562",0,0,0,0,1
"separate","Cell","dist","563",0,0,0,0,1
"separate","Cell","dist","564",0,0,0,0,1
"separate","Cell","dist","565",0,0,0,0,1
"separate","Cell","dist","566",0,0,0,0,1
"separate","Cell","dist","567",0,0,0,0,1
"separate","Cell","dist","568",0,0,0,0,1
"separate","Cell","dist","569",0,0,0,0,1
"separate","Cell","dist","570",0,0,0,0,1
"separate","Cell","dist","571",0,0,0,0,1
"separate","Cell","dist","572",0,0,0,0,1
"separate","Cell","dist","573",0,0,0,0,1
"separate","Cell","dist","574",0,0,0,0,1
"separate","Cell","dist","575",0,0,0,0,1
"separate","Cell","dist","576",0,0,0,0,1
"separate","Cell","dist","577",0,0,0,0,1
"separate","Cell","dist","578",0,0,0,0,1
"separate","Cell","dist","579",0,0,0,0,1
"separate","Cell","dist","580",0,0,0,0,1
"separate","Cell","dist","581",0,0,0,0,1
"separate","Cell","dist","582",0,0,0,0,1
"separate","Cell","dist","583",0,0,0,0,1
"separate","Cell","dist","584",0,0,0,0,1
"separate","Cell","dist","585",0,0,0,0,1
"separate","Cell","dist","586",0,0,0,0,1
"separate","Cell","dist","587",0,0,0,0,1
"separate","Cell","dist","588",0,0,0,0,1
"separate","Cell","dist","589",0,0,0,0,1
"separate","Cell","dist","590",0,0,0,0,1
"separate","Cell","dist","591",0,0,0,0,1
"separate","Cell","dist","592",0,0,0,0,1
"separate","Cell","dist","593",0,0,0,0,1
"separate","Cell","dist","594",0,0,0,0,1
"separate","Cell","dist","595",0,0,0,0,1
"separate","Cell","dist","596",0,0,0,0,1
"separate","Cell","dist","597",0,0,0,0,1
"separate","Cell","dist","598",0,0,0,0,1
"separate","Cell","dist","599",0,0,0,0,1
"separate","Cell","dist","600",0,0,0,0,1
"separate","Cell","dist","601",0,0,0,0,1
"separate","Cell","dist","602",0,0,0,0,1
"separate","Cell","dist","603",0,0,0,0,1
"separate","Cell","dist","604",0,0,0,0,1
"separate","Cell","dist","605",0,0,0,0,1
"separate","Cell","dist","606",0,0,0,0,1
"separate","Cell","dist","607",0,0,0,0,1
"separate","Cell","dist","608",0,0,0,0,1
"separate","Cell","dist","609",0,0,0,0,1
"separate","Cell","dist","610",0,0,0,0,1
"separate","Cell","dist","611",0,0,0,0,1
"separate","Cell","dist","612",0,0,0,0,1
"separate","Cell","dist","613",0,0,0,0,1
"separate","Cell","dist","614",0,0,0,0,1
"separate","Cell","dist","615",0,0,0,0,1
"separate","Cell","dist","616",0,0,0,0,1
"separate","Cell","dist","617",0,0,0,0,1
"separate","Cell","dist","618",0,0,0,0,1
"separate","Cell","dist","619",0,0,0,0,1
"separate","Cell","dist","620",0,0,0,0,1
"separate","Cell","dist","621",0,0,0,0,1
"separate","Cell","dist","622",0,0,0,0,1
"separate","Cell","dist","623",0,0,0,0,1
"separate","Cell","dist","624",0,0,0,0,1
"separate","Cell","dist","625",0,0,0,0,1
"separate","Cell","dist","626",0,0,0,0,1
"separate","Cell","dist","627",0,0,0,0,1
"separate","Cell","dist","628",0,0,0,0,1
"separate","Cell","dist","629",0,0,0,0,1
"separate","Cell","dist","630",0,0,0,0,1
"separate","Cell","dist","631",0,0,0,0,1
"separate","Cell","dist","632",0,0,0,0,1
"separate","Cell","dist","633",0,0,0,0,1
"separate","Cell","dist","634",0,0,0,0,1
"separate","Cell","dist","635",0,0,0,0,1
"separate","Cell","dist","636",0,0,0,0,1
"separate","Cell","dist","637",0,0,0,0,1
"separate","Cell","dist","638",0,0,0,0,1
"separate","Cell","dist","639",0,0,0,0,1
"separate","Cell","dist","640",0,0,0,0,1
"separate","Cell","dist","641",0,0,0,0,1
"separate","Cell","dist","642",0,0,0,0,1
"separate","Cell","dist","643",0,0,0,0,1
"separate","Cell","dist","644",0,0,0,0,1
"separate","Cell","dist","645",0,0,0,0,1
"separate","Cell","dist","646",0,0,0,0,1
"separate","Cell","dist","647",0,0,0,0,1
"separate","Cell","dist","648",0,0,0,0,1
"separate","Cell","dist","649",0,0,0,0,1
"separate","Cell","dist","650",0,0,0,0,1
"separate","Cell","dist","651",0,0,0,0,1
"separate","Cell","dist","652",0,0,0,0,1
"separate","Cell","dist","653",0,0,0,0,1
"separate","Cell","dist","654",0,0,0,0,1
"separate","Cell","dist","655",0,0,0,0,1
"separate","Cell","dist","656",0,0,0,0,1
"separate","Cell","dist","657",0,0,0,0,1
"separate","Cell","dist","658",0,0,0,0,1
"separate","Cell","dist","659",0,0,0,0,1
"separate","Cell","dist","660",0,0,0,0,1
"separate","Cell","dist","661",0,0,0,0,1
"separate","Cell","dist","662",0,0,0,0,1
"separate","Cell","dist","663",0,0,0,0,1
"separate","Cell","dist","664",0,0,0,0,1
"separate","Cell","dist","665",0,0,0,0,1
"separate","Cell","dist","666",0,0,0,0,1
"separate","Cell","dist","667",0,0,0,0,1
"separate","Cell","dist","668",0,0,0,0,1
"separate","Cell","dist","669",0,0,0,0,1
"separate","Cell","dist","670",0,0,0,0,1
"separate","Cell","dist","671",0,0,0,0,1
"separate","Cell","dist","672",0,0,0,0,1
"separate","Cell","dist","673",0,0,0,0,1
"separate","Cell","dist","674",0,0,0,0,1
"separate","Cell","dist","675",0,0,0,0,1
"separate","Cell","dist","676",0,0,0,0,1
"separate","Cell","dist","677",0,0,0,0,1
"separate","Cell","dist","678",0,0,0,0,1
"separate","Cell","dist","679",0,0,0,0,1
"separate","Cell","dist","680",0,0,0,0,1
"separate","Cell","dist","681",0,0,0,0,1
"separate","Cell","dist","682",0,0,0,0,1
"separate","Cell","dist","683",0,0,0,0,1
"separate","Cell","dist","684",0,0,0,0,1
"separate","Cell","dist","685",0,0,0,0,1
"separate","Cell","dist","686",0,0,0,0,1
"separate","Cell","dist","687",0,0,0,0,1
"separate","Cell","dist","688",0,0,0,0,1
"separate","Cell","dist","689",0,0,0,0,1
"separate","Cell","dist","690",0,0,0,0,1
"separate","Cell","dist","691",0,0,0,0,1
"separate","Cell","dist","692",0,0,0,0,1
"separate","Cell","dist","693",0,0,0,0,1
"separate","Cell","dist","694",0,0,0,0,1
"separate","Cell","dist","695",0,0,0,0,1
"separate","Cell","dist","696",0,0,0,0,1
"separate","Cell","dist","697",0,0,0,0,1
"separate","Cell","dist","698",0,0,0,0,1
"separate","Cell","dist","699",0,0,0,0,1
"separate","Cell","dist","700",0,0,0,0,1
"separate","Cell","dist","701",0,0,0,0,1
"separate","Cell","dist","702",0,0,0,0,1
"separate","Cell","dist","703",0,0,0,0,1
"separate","Cell","dist","704",0,0,0,0,1
"separate","Cell","dist","705",0,0,0,0,1
"separate","Cell","dist","706",0,0,0,0,1
"separate","Cell","dist","707",0,0,0,0,1
"separate","Cell","dist","708",0,0,0,0,1
"separate","Cell","dist","709",0,0,0,0,1
"separate","Cell","dist","710",0,0,0,0,1
"separate","Cell","dist","711",0,0,0,0,1
"separate","Cell","dist","712",0,0,0,0,1
"separate","Cell","dist","713",0,0,0,0,1
"separate","Cell","dist","714",0,0,0,0,1
"separate","Cell","dist","715",0,0,0,0,1
"separate","Cell","dist","716",0,0,0,0,1
"separate","Cell","dist","717",0,0,0,0,1
"separate","Cell","dist","718",0,0,0,0,1
"separate","Cell","dist","719",0,0,0,0,1
"separate","Cell","dist","720",0,0,0,0,1
"separate","Cell","dist","721",0,0,0,0,1
"separate","Cell","dist","722",0,0,0,0,1
"separate","Cell","dist","723",0,0,0,0,1
"separate","Cell","dist","724",0,0,0,0,1
"separate","Cell","dist","725",0,0,0,0,1
"separate","Cell","dist","726",0,0,0,0,1
"separate","Cell","dist","727",0,0,0,0,1
"separate","Cell","dist","728",0,0,0,0,1
"separate","Cell","dist","729",0,0,0,0,1
"separate","Cell","dist","730",0,0,0,0,1
"separate","Cell","dist","731",0,0,0,0,1
"separate","Cell","dist","732",0,0,0,0,1
"separate","Cell","dist","733",0,0,0,0,1
"separate","Cell","dist","734",0,0,0,0,1
"separate","Cell","dist","735",0,0,0,0,1
"separate","Cell","dist","736",0,0,0,0,1
"separate","Cell","dist","737",0,0,0,0,1
"separate","Cell","dist","738",0,0,0,0,1
"separate","Cell","dist","739",0,0,0,0,1
"separate","Cell","dist","740",0,0,0,0,1
"separate","Cell","dist","741",0,0,0,0,1
"separate","Cell","dist","742",0,0,0,0,1
"separate","Cell","dist","743",0,0,0,0,1
"separate","Cell","dist","744",0,0,0,0,1
"separate","Cell","dist","745",0,0,0,0,1
"separate","Cell","dist","746",0,0,0,0,1
"separate","Cell","dist","747",0,0,0,0,1
"separate","Cell","dist","748",0,0,0,0,1
"separate","Cell","dist","749",0,0,0,0,1
"separate","Cell","dist","750",0,0,0,0,1
"separate","Cell","dist","751",0,0,0,0,1
"separate","Cell","dist","752",0,0,0,0,1
"separate","Cell","dist","753",0,0,0,0,1
"separate","Cell","dist","754",0,0,0,0,1
"separate","Cell","dist","755",0,0,0,0,1
"separate","Cell","dist","756",0,0,0,0,1
"separate","Cell","dist","757",0,0,0,0,1
"separate","Cell","dist","758",0,0,0,0,1
"separate","Cell","dist","759",0,0,0,0,1
"separate","Cell","dist","760",0,0,0,0,1
"separate","Cell","dist","761",0,0,0,0,1
"separate","Cell","dist","762",0,0,0,0,1
"separate","Cell","dist","763",0,0,0,0,1
"separate","Cell","dist","764",0,0,0,0,1
"separate","Cell","dist","765",0,0,0,0,1
"separate","Cell","dist","766",0,0,0,0,1
"separate","Cell","dist","767",0,0,0,0,1
"separate","Cell","dist","768",0,0,0,0,1
"separate","Cell","dist","769",0,0,0,0,1
"separate","Cell","dist","770",0,0,0,0,1
"separate","Cell","dist","771",0,0,0,0,1
"separate","Cell","dist","772",0,0,0,0,1
"separate","Cell","dist","773",0,0,0,0,1
"separate","Cell","dist","774",0,0,0,0,1
"separate","Cell","dist","775",0,0,0,0,1
"separate","Cell","dist","776",0,0,0,0,1
"separate","Cell","dist","777",0,0,0,0,1
"separate","Cell","dist","778",0,0,0,0,1
"separate","Cell","dist","779",0,0,0,0,1
"separate","Cell","dist","780",0,0,0,0,1
"separate","Cell","dist","781",0,0,0,0,1
"separate","Cell","dist","782",0,0,0,0,1
"separate","Cell","dist","783",0,0,0,0,1
"separate","Cell","dist","784",0,0,0,0,1
"separate","Cell","dist","785",0,0,0,0,1
"separate","Cell","dist","786",0,0,0,0,1
"separate","Cell","dist","787",0,0,0,0,1
"separate","Cell","dist","788",0,0,0,0,1
"separate","Cell","dist","789",0,0,0,0,1
"separate","Cell","dist","790",0,0,0,0,1
"separate","Cell","dist","791",0,0,0,0,1
"separate","Cell","dist","792",0,0,0,0,1
"separate","Cell","dist","793",0,0,0,0,1
"separate","Cell","dist","794",0,0,0,0,1
"separate","Cell","dist","795",0,0,0,0,1
"separate","Cell","dist","796",0,0,0,0,1
"separate","Cell","dist","797",0,0,0,0,1
"separate","Cell","dist","798",0,0,0,0,1
"separate","Cell","dist","799",0,0,0,0,1
"separate","Cell","dist","800",0,0,0,0,1
"separate","Cell","dist","801",0,0,0,0,1
"separate","Cell","dist","802",0,0,0,0,1
"separate","Cell","dist","803",0,0,0,0,1
"separate","Cell","dist","804",0,0,0,0,1
"separate","Cell","dist","805",0,0,0,0,1
"separate","Cell","dist","806",0,0,0,0,1
"separate","Cell","dist","807",0,0,0,0,1
"separate","Cell","dist","808",0,0,0,0,1
"separate","Cell","dist","809",0,0,0,0,1
"separate","Cell","dist","810",0,0,0,0,1
"separate","Cell","dist","811",0,0,0,0,1
"separate","Cell","dist","812",0,0,0,0,1
"separate","Cell","dist","813",0,0,0,0,1
"separate","Cell","dist","814",0,0,0,0,1
"separate","Cell","dist","815",0,0,0,0,1
"separate","Cell","dist","816",0,0,0,0,1
"separate","Cell","dist","817",0,0,0,0,1
"separate","Cell","dist","818",0,0,0,0,1
"separate","Cell","dist","819",0,0,0,0,1
"separate","Cell","dist","820",0,0,0,0,1
"separate","Cell","dist","821",0,0,0,0,1
"separate","Cell","dist","822",0,0,0,0,1
"separate","Cell","dist","823",0,0,0,0,1
"separate","Cell","dist","824",0,0,0,0,1
"separate","Cell","dist","825",0,0,0,0,1
"separate","Cell","dist","826",0,0,0,0,1
"separate","Cell","dist","827",0,0,0,0,1
"separate","Cell","dist","828",0,0,0,0,1
"separate","Cell","dist","829",0,0,0,0,1
"separate","Cell","dist","830",0,0,0,0,1
"separate","Cell","dist","831",0,0,0,0,1
"separate","Cell","dist","832",0,0,0,0,1
"separate","Cell","dist","833",0,0,0,0,1
"separate","Cell","dist","834",0,0,0,0,1
"separate","Cell","dist","835",0,0,0,0,1
"separate","Cell","dist","836",0,0,0,0,1
"separate","Cell","dist","837",0,0,0,0,1
"separate","Cell","dist","838",0,0,0,0,1
"separate","Cell","dist","839",0,0,0,0,1
"separate","Cell","dist","840",0,0,0,0,1
"separate","Cell","dist","841",0,0,0,0,1
"separate","Cell","dist","842",0,0,0,0,1
"separate","Cell","dist","843",0,0,0,0,1
"separate","Cell","dist","844",0,0,0,0,1
"separate","Cell","dist","845",0,0,0,0,1
"separate","Cell","dist","846",0,0,0,0,1
"separate","Cell","dist","847",0,0,0,0,1
"separate","Cell","dist","848",0,0,0,0,1
"separate","Cell","dist","849",0,0,0,0,1
"separate","Cell","dist","850",0,0,0,0,1
"separate","Cell","dist","851",0,0,0,0,1
"separate","Cell","dist","852",0,0,0,0,1
"separate","Cell","dist","853",0,0,0,0,1
"separate","Cell","dist","854",0,0,0,0,1
"separate","Cell","dist","855",0,0,0,0,1
"separate","Cell","dist","856",0,0,0,0,1
"separate","Cell","dist","857",0,0,0,0,1
"separate","Cell","dist","858",0,0,0,0,1
"separate","Cell","dist","859",0,0,0,0,1
"separate","Cell","dist","860",0,0,0,0,1
"separate","Cell","dist","861",0,0,0,0,1
"separate","Cell","dist","862",0,0,0,0,1
"separate","Cell","dist","863",0,0,0,0,1
"separate","Cell","dist","864",0,0,0,0,1
"separate","Cell","dist","865",0,0,0,0,1
"separate","Cell","dist","866",0,0,0,0,1
"separate","Cell","dist","867",0,0,0,0,1
"separate","Cell","dist","868",0,0,0,0,1
"separate","Cell","dist","869",0,0,0,0,1
"separate","Cell","dist","870",0,0,0,0,1
"separate","Cell","dist","871",0,0,0,0,1
"separate","Cell","dist","872",0,0,0,0,1
"separate","Cell","dist","873",0,0,0,0,1
"separate","Cell","dist","874",0,0,0,0,1
"separate","Cell","dist","875",0,0,0,0,1
"separate","Cell","dist","876",0,0,0,0,1
"separate","Cell","dist","877",0,0,0,0,1
"separate","Cell","dist","878",0,0,0,0,1
"separate","Cell","dist","879",0,0,0,0,1
"separate","Cell","dist","880",0,0,0,0,1
"separate","Cell","dist","881",0,0,0,0,1
"separate","Cell","dist","Inf",137502,0,0,0,0
"separate","Cell","dspart","0",343900,80076,83326.81,90931,0
"separate","Cell","dspart","1",7213,93056,94943.01,97227,0
"separate","Cell","dspart","2",2357,61745,63792.84,65163,0
"separate","Cell","dspart","3",1531,35148,37529.48,39120,0
"separate","Cell","dspart","4",811,24120,25488.55,27249,0
"separate","Cell","dspart","5",885,19116,20312.7,21699,0
"separate","Cell","dspart","6",356,15019,16514.36,17646,0
"separate","Cell","dspart","7",896,10320,12442,14152,0
"separate","Cell","dspart","8",602,6169,8635.89,10460,0
"separate","Cell","dspart","9",267,3575,5492.26,6649,0
"separate","Cell","dspart","10",2166,1829,3224.25,3956,0.1
"separate","Cell","dspart","11",627,922,1734.64,2265,0
"separate","Cell","dspart","12",589,449,876.73,1128,0.06
"separate","Cell","dspart","13",383,198,417.06,808,0.9
"separate","Cell","dspart","14",506,62,195.7,546,0.04
"separate","Cell","dspart","15",567,14,101.43,421,0
"separate","Cell","dspart","16",140,3,65.24,419,0.28
"separate","Cell","dspart","17",939,0,56.62,354,0
"separate","Cell","dspart","18",78,1,61.5,265,0.5
"separate","Cell","dspart","19",170,7,81.02,311,0.1
"separate","Cell","dspart","20",83,9,116.14,251,0.6
"separate","Cell","dspart","21",23,9,152.39,274,0.06
"separate","Cell","dspart","22",126,25,164.28,279,0.46
"separate","Cell","dspart","23",3,17,143.71,254,0
"separate","Cell","dspart","24",331,19,116.84,245,0
"separate","Cell","dspart","25",342,11,99.97,222,0
"separate","Cell","dspart","26",2,10,80.83,246,0
"separate","Cell","dspart","27",406,16,64.13,249,0
"separate","Cell","dspart","28",2,12,52.38,197,0
"separate","Cell","dspart","29",0,10,40.1,156,0
"separate","Cell","dspart","30",9,6,33.26,192,0.26
"separate","Cell","dspart","31",10,1,28.79,173,1
"separate","Cell","dspart","32",3,0,24.96,148,0.58
"separate","Cell","dspart","33",0,0,21.24,185,0.58
"separate","Cell","dspart","34",5,0,20.02,165,0.54
"separate","Cell","dspart","35",1,0,19.27,178,0.72
"separate","Cell","dspart","36",1,0,18.59,171,0.5
"separate","Cell","dspart","37",0,0,16.56,162,1
"separate","Cell","dspart","38",0,0,16.99,137,0.64
"separate","Cell","dspart","39",0,0,20.65,145,0.02
"separate","Cell","dspart","40",0,1,30.01,154,0
"separate","Cell","dspart","41",0,14,41.41,125,0
"separate","Cell","dspart","42",0,16,58.14,135,0
"separate","Cell","dspart","43",0,13,75.65,162,0
"separate","Cell","dspart","44",851,5,77.67,170,0
"separate","Cell","dspart","45",18,3,76.31,154,0.34
"separate","Cell","dspart","46",3,1,74.22,160,0.16
"separate","Cell","dspart","47",4,0,67.34,110,0.2
"separate","Cell","dspart","48",0,0,58.21,120,0.02
"separate","Cell","dspart","49",3,1,44.86,101,0.1
"separate","Cell","dspart","50",7,0,31.68,94,0.14
"separate","Cell","dspart","51",7,0,24.24,90,0.46
"separate","Cell","dspart","52",1,0,19.52,108,0.34
"separate","Cell","dspart","53",1,0,15.98,119,0.84
"separate","Cell","dspart","54",3,0,13.45,110,0.76
"separate","Cell","dspart","55",6,0,14,106,0.48
"separate","Cell","dspart","56",16,0,13.17,97,0.4
"separate","Cell","dspart","57",12,0,12.11,94,0.42
"separate","Cell","dspart","58",12,0,9.52000000000001,103,0.3
"separate","Cell","dspart","59",106,0,9.31999999999999,84,0
"separate","Cell","dspart","60",19,0,9.62,100,0.28
"separate","Cell","dspart","61",71,0,10.11,94,0.06
"separate","Cell","dspart","62",2,0,11.82,100,0.52
"separate","Cell","dspart","63",80,0,14.43,105,0.04
"separate","Cell","dspart","64",29,0,16.39,102,0.12
"separate","Cell","dspart","65",0,4,19.41,112,0
"separate","Cell","dspart","66",120,8,19.77,97,0
"separate","Cell","dspart","67",19,5,19.45,103,0.94
"separate","Cell","dspart","68",89,1,15.98,75,0
"separate","Cell","dspart","69",433,0,13.56,58,0
"separate","Cell","dspart","70",47,1,11.26,55,0.02
"separate","Cell","dspart","71",23,0,7.96,28,0.04
"separate","Cell","dspart","72",114,0,5.32,27,0
"separate","Cell","dspart","73",71,0,3.46,30,0
"separate","Cell","dspart","74",95,0,1.8,18,0
"separate","Cell","dspart","75",29,0,1.58,29,0.02
"separate","Cell","dspart","76",143,0,1.1,30,0
"separate","Cell","dspart","77",3,0,0.68,16,0.1
"separate","Cell","dspart","78",0,0,0.51,24,1
"separate","Cell","dspart","79",0,0,0.400000000000001,23,1
"separate","Cell","dspart","80",2,0,0.22,15,0.04
"separate","Cell","dspart","81",0,0,0.12,8,1
"separate","Cell","dspart","82",2,0,0.03,2,0.02
"separate","Cell","dspart","83",0,0,0.02,2,1
"separate","Cell","dspart","84",1,0,0,0,0
"separate","Cell","dspart","85",0,0,0,0,1
"separate","Cell","dspart","86",1,0,0,0,0
"separate","Cell","dspart","87",1,0,0,0,0
"separate","Cell","dspart","88",4,0,0,0,0
"separate","Cell","dspart","89",4094,0,0,0,0
"separate","Cell","dspart","90",1,0,0,0,0
"separate","Cell","dspart","91",6,0,0,0,0
"separate","Cell","dspart","92",9,0,0,0,0
"separate","Cell","dspart","93",5,0,0,0,0
"separate","Cell","dspart","94",5,0,0,0,0
"separate","Cell","dspart","95",71,0,0,0,0
"separate","Cell","dspart","96",13,0,0,0,0
"separate","Cell","dspart","97",19,0,0,0,0
"separate","Cell","dspart","98",20,0,0,0,0
"separate","Cell","dspart","99",4,0,0,0,0
"separate","Cell","dspart","100",20,0,0,0,0
"separate","Cell","dspart","101",3,0,0,0,0
"separate","Cell","dspart","102",6,0,0,0,0
"separate","Cell","dspart","103",33,0,0,0,0
"separate","Cell","dspart","104",1,0,0,0,0
"separate","Cell","dspart","105",33,0,0,0,0
"separate","Cell","dspart","106",0,0,0,0,1
"separate","Cell","dspart","107",0,0,0,0,1
"separate","Cell","dspart","108",0,0,0,0,1
"separate","Cell","dspart","109",0,0,0,0,1
"separate","Cell","dspart","110",0,0,0,0,1
"separate","Cell","dspart","111",0,0,0,0,1
"separate","Cell","dspart","112",0,0,0,0,1
"separate","Cell","dspart","113",0,0,0,0,1
"separate","Cell","dspart","114",0,0,0,0,1
"separate","Cell","dspart","115",0,0,0,0,1
"separate","Cell","dspart","116",0,0,0,0,1
"separate","Cell","dspart","117",0,0,0,0,1
"separate","Cell","dspart","118",0,0,0,0,1
"separate","Cell","dspart","119",0,0,0,0,1
"separate","Cell","dspart","120",0,0,0,0,1
"separate","Cell","dspart","121",0,0,0,0,1
"separate","Cell","dspart","122",0,0,0,0,1
"separate","Cell","dspart","123",0,0,0,0,1
"separate","Cell","dspart","124",0,0,0,0,1
"separate","Cell","dspart","125",0,0,0,0,1
"separate","Cell","dspart","126",0,0,0.18,1,1
"separate","Cell","dspart","127",0,0,0.21,1,1
"separate","Cell","dspart","128",0,0,0.68,3,1
"separate","Cell","dspart","129",0,0,1.61,6,0.56
"separate","Cell","dspart","130",0,0,5.41,13,0.14
"separate","Cell","dspart","131",0,3,14.62,33,0
"separate","Cell","dspart","132",0,10,27.32,58,0
"separate","Cell","dspart","133",0,20,55.1,101,0
"separate","Cell","dspart","134",0,45,91.87,125,0
"separate","Cell","dspart","135",0,88,137.06,220,0
"separate","Cell","dspart","136",0,120,179.49,282,0
"separate","Cell","dspart","137",0,140,226.37,386,0
"separate","Cell","dspart","138",0,139,284.25,550,0
"separate","Cell","dspart","139",0,108,378.84,715,0
"separate","Cell","dspart","140",4,153,544.82,909,0
"separate","Cell","dspart","141",4,230,744.13,1167,0
"separate","Cell","dspart","142",4,360,968.13,1356,0
"separate","Cell","dspart","143",0,447,1176.74,1537,0
"separate","Cell","dspart","144",19,553,1347.69,1629,0
"separate","Cell","dspart","145",19,853,1335.83,1710,0
"separate","Cell","dspart","146",0,644,1158.14,1633,0
"separate","Cell","dspart","147",0,365,822,1616,0
"separate","Cell","dspart","148",0,206,511.44,1504,0
"separate","Cell","dspart","149",14,165,328.84,1154,0
"separate","Cell","dspart","150",308,110,229.78,784,0.3
"separate","Cell","dspart","151",26,76,183.63,510,0
"separate","Cell","dspart","152",20,31,132.75,331,0
"separate","Cell","dspart","153",0,10,79.83,258,0
"separate","Cell","dspart","154",125,1,37.76,176,0.12
"separate","Cell","dspart","155",97,0,14.44,99,0.02
"separate","Cell","dspart","156",19,0,5.19,42,0.14
"separate","Cell","dspart","157",0,0,1.43,17,1
"separate","Cell","dspart","158",0,0,0.39,4,1
"separate","Cell","dspart","159",703,0,0.03,1,0
"separate","Cell","dspart","160",173,0,0,0,0
"separate","Cell","dspart","161",36,0,0,0,0
"separate","Cell","dspart","162",266,0,0,0,0
"separate","Cell","dspart","163",612,0,0,0,0
"separate","Cell","dspart","164",41,0,0,0,0
"separate","Cell","dspart","165",76,0,0,0,0
"separate","Cell","dspart","166",894,0,0,0,0
"separate","Cell","dspart","167",846,0,0,0,0
"separate","Cell","dspart","168",272,0,0,0,0
"separate","Cell","dspart","169",23,0,0,0,0
"separate","Cell","dspart","170",543,0,0,0,0
"separate","Cell","dspart","171",0,0,0,0,1
"separate","Cell","dspart","172",9,0,0,0,0
"separate","Cell","dspart","173",0,0,0,0,1
"separate","Cell","dspart","174",7863,0,0,0,0
"separate","Cell","dspart","175",361,0,0,0,0
"separate","Cell","dspart","176",58,0,0,0,0
"separate","Cell","dspart","177",19,0,0,0,0
"separate","Cell","dspart","178",681,0,0,0,0
"separate","Cell","dspart","179",23,0,0,0,0
"separate","Cell","dspart","180",2,0,0,0,0
"separate","Cell","dspart","181",765,0,0,0,0
"separate","Cell","dspart","182",54,0,0,0,0
"separate","Cell","dspart","183",25,0,0,0,0
"separate","Cell","dspart","184",349,0,0,0,0
"separate","Cell","dspart","185",0,0,0,0,1
"separate","Cell","dspart","186",0,0,0,0,1
"separate","Cell","dspart","187",0,0,0,0,1
"separate","Cell","dspart","188",5,0,0,0,0
"separate","Cell","dspart","189",0,0,0,0,1
"separate","Cell","dspart","190",6,0,0,0,0
"separate","Cell","dspart","191",0,0,0,0,1
"separate","Cell","dspart","192",0,0,0,0,1
"separate","Cell","dspart","193",0,0,0,0,1
"separate","Cell","dspart","194",0,0,0,0,1
"separate","Cell","dspart","195",0,0,0,0,1
"separate","Cell","dspart","196",0,0,0,0,1
"separate","Cell","dspart","197",0,0,0,0,1
"separate","Cell","dspart","198",0,0,0,0,1
"separate","Cell","dspart","199",26,0,0,0,0
"separate","Cell","dspart","200",0,0,0,0,1
"separate","Cell","dspart","201",0,0,0,0,1
"separate","Cell","dspart","202",0,0,0,0,1
"separate","Cell","dspart","203",0,0,0,0,1
"separate","Cell","dspart","204",0,0,0,0,1
"separate","Cell","dspart","205",0,0,0,0,1
"separate","Cell","dspart","206",0,0,0,0,1
"separate","Cell","dspart","207",0,0,0,0,1
"separate","Cell","dspart","208",0,0,0,0,1
"separate","Cell","dspart","209",0,0,0,0,1
"separate","Cell","dspart","210",4,0,0,0,0
"separate","Cell","dspart","211",0,0,0,0,1
"separate","Cell","dspart","212",3,0,0,0,0
"separate","Cell","dspart","213",3,0,0,0,0
"separate","Cell","dspart","214",0,0,0,0,1
"separate","Cell","dspart","215",0,0,0,0,1
"separate","Cell","dspart","216",0,0,0,0,1
"separate","Cell","dspart","217",0,0,0,0,1
"separate","Cell","dspart","218",0,0,0,0,1
"separate","Cell","dspart","219",0,0,0,0,1
"separate","Cell","dspart","220",0,0,0,0,1
"separate","Cell","dspart","221",0,0,0,0,1
"separate","Cell","dspart","222",0,0,0,0,1
"separate","Cell","dspart","223",0,0,0,0,1
"separate","Cell","dspart","224",0,0,0,0,1
"separate","Cell","dspart","225",0,0,0,0,1
"separate","Cell","dspart","226",0,0,0,0,1
"separate","Cell","dspart","227",0,0,0,0,1
"separate","Cell","dspart","228",0,0,0,0,1
"separate","Cell","dspart","229",0,0,0,0,1
"separate","Cell","dspart","230",0,0,0,0,1
"separate","Cell","dspart","231",0,0,0,0,1
"separate","Cell","dspart","232",0,0,0,0,1
"separate","Cell","dspart","233",0,0,0,0,1
"separate","Cell","dspart","234",0,0,0,0,1
"separate","Cell","dspart","235",0,0,0,0,1
"separate","Cell","dspart","236",0,0,0,0,1
"separate","Cell","dspart","237",0,0,0,0,1
"separate","Cell","dspart","238",0,0,0,0,1
"separate","Cell","dspart","239",0,0,0,0,1
"separate","Cell","dspart","240",0,0,0,0,1
"separate","Cell","dspart","241",0,0,0,0,1
"separate","Cell","dspart","242",0,0,0,0,1
"separate","Cell","dspart","243",0,0,0,0,1
"separate","Cell","dspart","244",0,0,0,0,1
"separate","Cell","dspart","245",0,0,0,0,1
"separate","Cell","dspart","246",0,0,0,0,1
"separate","Cell","dspart","247",0,0,0,0,1
"separate","Cell","dspart","248",0,0,0,0,1
"separate","Cell","dspart","249",0,0,0,0,1
"separate","Cell","dspart","250",0,0,0,0,1
"separate","Cell","dspart","251",0,0,0,0,1
"separate","Cell","dspart","252",0,0,0,0,1
"separate","Cell","dspart","253",0,0,0,0,1
"separate","Cell","dspart","254",0,0,0,0,1
"separate","Cell","dspart","255",0,0,0,0,1
"separate","Cell","dspart","256",0,0,0,0,1
"separate","Cell","dspart","257",0,0,0,0,1
"separate","Cell","dspart","258",0,0,0,0,1
"separate","Cell","dspart","259",0,0,0,0,1
"separate","Cell","dspart","260",0,0,0,0,1
"separate","Cell","dspart","261",0,0,0,0,1
"separate","Cell","dspart","262",0,0,0,0,1
"separate","Cell","dspart","263",0,0,0,0,1
"separate","Cell","dspart","264",0,0,0,0,1
"separate","Cell","dspart","265",0,0,0,0,1
"separate","Cell","dspart","266",0,0,0,0,1
"separate","Cell","dspart","267",0,0,0,0,1
"separate","Cell","dspart","268",0,0,0,0,1
"separate","Cell","dspart","269",0,0,0,0,1
"separate","Cell","dspart","270",0,0,0,0,1
"separate","Cell","dspart","271",0,0,0,0,1
"separate","Cell","dspart","272",0,0,0,0,1
"separate","Cell","dspart","273",0,0,0,0,1
"separate","Cell","dspart","274",0,0,0,0,1
"separate","Cell","dspart","275",0,0,0,0,1
"separate","Cell","dspart","276",0,0,0,0,1
"separate","Cell","dspart","277",0,0,0,0,1
"separate","Cell","dspart","278",0,0,0,0,1
"separate","Cell","dspart","279",0,0,0,0,1
"separate","Cell","dspart","280",0,0,0,0,1
"separate","Cell","dspart","281",0,0,0,0,1
"separate","Cell","dspart","282",0,0,0,0,1
"separate","Cell","dspart","283",0,0,0,0,1
"separate","Cell","dspart","284",0,0,0,0,1
"separate","Cell","dspart","285",0,0,0,0,1
"separate","Cell","dspart","286",0,0,0,0,1
"separate","Cell","dspart","287",0,0,0,0,1
"separate","Cell","dspart","288",0,0,0,0,1
"separate","Cell","dspart","289",0,0,0,0,1
"separate","Cell","dspart","290",0,0,0,0,1
"separate","Cell","dspart","291",0,0,0,0,1
"separate","Cell","dspart","292",0,0,0,0,1
"separate","Cell","dspart","293",0,0,0,0,1
"separate","Cell","dspart","294",0,0,0,0,1
"separate","Cell","dspart","295",0,0,0,0,1
"separate","Cell","dspart","296",0,0,0,0,1
"separate","Cell","dspart","297",0,0,0,0,1
"separate","Cell","dspart","298",0,0,0,0,1
"separate","Cell","dspart","299",0,0,0,0,1
"separate","Cell","dspart","300",0,0,0,0,1
"separate","Cell","dspart","301",0,0,0,0,1
"separate","Cell","dspart","302",0,0,0,0,1
"separate","Cell","dspart","303",0,0,0,0,1
"separate","Cell","dspart","304",0,0,0,0,1
"separate","Cell","dspart","305",0,0,0,0,1
"separate","Cell","dspart","306",0,0,0,0,1
"separate","Cell","dspart","307",0,0,0,0,1
"separate","Cell","dspart","308",0,0,0,0,1
"separate","Cell","dspart","309",0,0,0,0,1
"separate","Cell","dspart","310",0,0,0,0,1
"separate","Cell","dspart","311",0,0,0,0,1
"separate","Cell","dspart","312",0,0,0,0,1
"separate","Cell","dspart","313",0,0,0,0,1
"separate","Cell","dspart","314",0,0,0,0,1
"separate","Cell","dspart","315",0,0,0,0,1
"separate","Cell","dspart","316",0,0,0,0,1
"separate","Cell","dspart","317",0,0,0,0,1
"separate","Cell","dspart","318",0,0,0,0,1
"separate","Cell","dspart","319",0,0,0,0,1
"separate","Cell","dspart","320",0,0,0,0,1
"separate","Cell","dspart","321",0,0,0,0,1
"separate","Cell","dspart","322",0,0,0,0,1
"separate","Cell","dspart","323",0,0,0,0,1
"separate","Cell","dspart","324",0,0,0,0,1
"separate","Cell","dspart","325",0,0,0,0,1
"separate","Cell","dspart","326",0,0,0,0,1
"separate","Cell","dspart","327",0,0,0,0,1
"separate","Cell","dspart","328",0,0,0,0,1
"separate","Cell","dspart","329",0,0,0,0,1
"separate","Cell","dspart","330",0,0,0,0,1
"separate","Cell","dspart","331",0,0,0,0,1
"separate","Cell","dspart","332",0,0,0,0,1
"separate","Cell","dspart","333",0,0,0,0,1
"separate","Cell","dspart","334",0,0,0,0,1
"separate","Cell","dspart","335",0,0,0,0,1
"separate","Cell","dspart","336",0,0,0,0,1
"separate","Cell","dspart","337",0,0,0,0,1
"separate","Cell","dspart","338",0,0,0,0,1
"separate","Cell","dspart","339",0,0,0,0,1
"separate","Cell","dspart","340",0,0,0,0,1
"separate","Cell","dspart","341",0,0,0,0,1
"separate","Cell","dspart","342",0,0,0,0,1
"separate","Cell","dspart","343",0,0,0,0,1
"separate","Cell","dspart","344",0,0,0,0,1
"separate","Cell","dspart","345",0,0,0,0,1
"separate","Cell","dspart","346",0,0,0,0,1
"separate","Cell","dspart","347",0,0,0,0,1
"separate","Cell","dspart","348",0,0,0,0,1
"separate","Cell","dspart","349",0,0,0,0,1
"separate","Cell","dspart","350",0,0,0,0,1
"separate","Cell","dspart","351",0,0,0,0,1
"separate","Cell","dspart","352",0,0,0,0,1
"separate","Cell","dspart","353",0,0,0,0,1
"separate","Cell","dspart","354",0,0,0,0,1
"separate","Cell","dspart","355",0,0,0,0,1
"separate","Cell","dspart","356",0,0,0,0,1
"separate","Cell","dspart","357",0,0,0,0,1
"separate","Cell","dspart","358",0,0,0,0,1
"separate","Cell","dspart","359",0,0,0,0,1
"separate","Cell","dspart","360",0,0,0,0,1
"separate","Cell","dspart","361",0,0,0,0,1
"separate","Cell","dspart","362",0,0,0,0,1
"separate","Cell","dspart","363",0,0,0,0,1
"separate","Cell","dspart","364",0,0,0,0,1
"separate","Cell","dspart","365",0,0,0,0,1
"separate","Cell","dspart","366",0,0,0,0,1
"separate","Cell","dspart","367",0,0,0,0,1
"separate","Cell","dspart","368",0,0,0,0,1
"separate","Cell","dspart","369",0,0,0,0,1
"separate","Cell","dspart","370",0,0,0,0,1
"separate","Cell","dspart","371",0,0,0,0,1
"separate","Cell","dspart","372",0,0,0,0,1
"separate","Cell","dspart","373",0,0,0,0,1
"separate","Cell","dspart","374",0,0,0,0,1
"separate","Cell","dspart","375",0,0,0,0,1
"separate","Cell","dspart","376",0,0,0,0,1
"separate","Cell","dspart","377",0,0,0,0,1
"separate","Cell","dspart","378",0,0,0,0,1
"separate","Cell","dspart","379",0,0,0,0,1
"separate","Cell","dspart","380",0,0,0,0,1
"separate","Cell","dspart","381",0,0,0,0,1
"separate","Cell","dspart","382",0,0,0,0,1
"separate","Cell","dspart","383",0,0,0,0,1
"separate","Cell","dspart","384",0,0,0,0,1
"separate","Cell","dspart","385",0,0,0,0,1
"separate","Cell","dspart","386",0,0,0,0,1
"separate","Cell","dspart","387",0,0,0,0,1
"separate","Cell","dspart","388",0,0,0,0,1
"separate","Cell","dspart","389",0,0,0,0,1
"separate","Cell","dspart","390",0,0,0,0,1
"separate","Cell","dspart","391",0,0,0,0,1
"separate","Cell","dspart","392",0,0,0,0,1
"separate","Cell","dspart","393",0,0,0,0,1
"separate","Cell","dspart","394",0,0,0,0,1
"separate","Cell","dspart","395",0,0,0,0,1
"separate","Cell","dspart","396",0,0,0,0,1
"separate","Cell","dspart","397",0,0,0,0,1
"separate","Cell","dspart","398",0,0,0,0,1
"separate","Cell","dspart","399",0,0,0,0,1
"separate","Cell","dspart","400",0,0,0,0,1
"separate","Cell","dspart","401",0,0,0,0,1
"separate","Cell","dspart","402",0,0,0,0,1
"separate","Cell","dspart","403",0,0,0,0,1
"separate","Cell","dspart","404",0,0,0,0,1
"separate","Cell","dspart","405",0,0,0,0,1
"separate","Cell","dspart","406",0,0,0,0,1
"separate","Cell","dspart","407",0,0,0,0,1
"separate","Cell","dspart","408",0,0,0,0,1
"separate","Cell","dspart","409",0,0,0,0,1
"separate","Cell","dspart","410",0,0,0,0,1
"separate","Cell","dspart","411",0,0,0,0,1
"separate","Cell","dspart","412",0,0,0,0,1
"separate","Cell","dspart","413",0,0,0,0,1
"separate","Cell","dspart","414",0,0,0,0,1
"separate","Cell","dspart","415",0,0,0,0,1
"separate","Cell","dspart","416",0,0,0,0,1
"separate","Cell","dspart","417",0,0,0,0,1
"separate","Cell","dspart","418",0,0,0,0,1
"separate","Cell","dspart","419",0,0,0,0,1
"separate","Cell","dspart","420",0,0,0,0,1
"separate","Cell","dspart","421",0,0,0,0,1
"separate","Cell","dspart","422",0,0,0,0,1
"separate","Cell","dspart","423",0,0,0,0,1
"separate","Cell","dspart","424",0,0,0,0,1
"separate","Cell","dspart","425",0,0,0,0,1
"separate","Cell","dspart","426",0,0,0,0,1
"separate","Cell","dspart","427",0,0,0,0,1
"separate","Cell","dspart","428",0,0,0,0,1
"separate","Cell","dspart","429",0,0,0,0,1
"separate","Cell","dspart","430",0,0,0,0,1
"separate","Cell","dspart","431",0,0,0,0,1
"separate","Cell","dspart","432",0,0,0,0,1
"separate","Cell","dspart","433",0,0,0,0,1
"separate","Cell","dspart","434",0,0,0,0,1
"separate","Cell","dspart","435",0,0,0,0,1
"separate","Cell","dspart","436",0,0,0,0,1
"separate","Cell","dspart","437",0,0,0,0,1
"separate","Cell","dspart","438",0,0,0,0,1
"separate","Cell","dspart","439",0,0,0,0,1
"separate","Cell","dspart","440",0,0,0,0,1
"separate","Cell","dspart","441",0,0,0,0,1
"separate","Cell","dspart","442",0,0,0,0,1
"separate","Cell","dspart","443",0,0,0,0,1
"separate","Cell","dspart","444",0,0,0,0,1
"separate","Cell","dspart","445",0,0,0,0,1
"separate","Cell","dspart","446",0,0,0,0,1
"separate","Cell","dspart","447",0,0,0,0,1
"separate","Cell","dspart","448",0,0,0,0,1
"separate","Cell","dspart","449",0,0,0,0,1
"separate","Cell","dspart","450",0,0,0,0,1
"separate","Cell","dspart","451",0,0,0,0,1
"separate","Cell","dspart","452",0,0,0,0,1
"separate","Cell","dspart","453",0,0,0,0,1
"separate","Cell","dspart","454",0,0,0,0,1
"separate","Cell","dspart","455",0,0,0,0,1
"separate","Cell","dspart","456",0,0,0,0,1
"separate","Cell","dspart","457",0,0,0,0,1
"separate","Cell","dspart","458",0,0,0,0,1
"separate","Cell","dspart","459",0,0,0,0,1
"separate","Cell","dspart","460",0,0,0,0,1
"separate","Cell","dspart","461",0,0,0,0,1
"separate","Cell","dspart","462",0,0,0,0,1
"separate","Cell","dspart","463",0,0,0,0,1
"separate","Cell","dspart","464",0,0,0,0,1
"separate","Cell","dspart","465",0,0,0,0,1
"separate","Cell","dspart","466",0,0,0,0,1
"separate","Cell","dspart","467",0,0,0,0,1
"separate","Cell","dspart","468",0,0,0,0,1
"separate","Cell","dspart","469",0,0,0,0,1
"separate","Cell","dspart","470",0,0,0,0,1
"separate","Cell","dspart","471",0,0,0,0,1
"separate","Cell","dspart","472",0,0,0,0,1
"separate","Cell","dspart","473",0,0,0,0,1
"separate","Cell","dspart","474",0,0,0,0,1
"separate","Cell","dspart","475",0,0,0,0,1
"separate","Cell","dspart","476",0,0,0,0,1
"separate","Cell","dspart","477",0,0,0,0,1
"separate","Cell","dspart","478",0,0,0,0,1
"separate","Cell","dspart","479",0,0,0,0,1
"separate","Cell","dspart","480",0,0,0,0,1
"separate","Cell","dspart","481",0,0,0,0,1
"separate","Cell","dspart","482",0,0,0,0,1
"separate","Cell","dspart","483",0,0,0,0,1
"separate","Cell","dspart","484",0,0,0,0,1
"separate","Cell","dspart","485",0,0,0,0,1
"separate","Cell","dspart","486",0,0,0,0,1
"separate","Cell","dspart","487",0,0,0,0,1
"separate","Cell","dspart","488",0,0,0,0,1
"separate","Cell","dspart","489",0,0,0,0,1
"separate","Cell","dspart","490",0,0,0,0,1
"separate","Cell","dspart","491",0,0,0,0,1
"separate","Cell","dspart","492",0,0,0,0,1
"separate","Cell","dspart","493",0,0,0,0,1
"separate","Cell","dspart","494",0,0,0,0,1
"separate","Cell","dspart","495",0,0,0,0,1
"separate","Cell","dspart","496",0,0,0,0,1
"separate","Cell","dspart","497",0,0,0,0,1
"separate","Cell","dspart","498",0,0,0,0,1
"separate","Cell","dspart","499",0,0,0,0,1
"separate","Cell","dspart","500",0,0,0,0,1
"separate","Cell","dspart","501",0,0,0,0,1
"separate","Cell","dspart","502",0,0,0,0,1
"separate","Cell","dspart","503",0,0,0,0,1
"separate","Cell","dspart","504",0,0,0,0,1
"separate","Cell","dspart","505",0,0,0,0,1
"separate","Cell","dspart","506",0,0,0,0,1
"separate","Cell","dspart","507",0,0,0,0,1
"separate","Cell","dspart","508",0,0,0,0,1
"separate","Cell","dspart","509",0,0,0,0,1
"separate","Cell","dspart","510",0,0,0,0,1
"separate","Cell","dspart","511",0,0,0,0,1
"separate","Cell","dspart","512",0,0,0,0,1
"separate","Cell","dspart","513",0,0,0,0,1
"separate","Cell","dspart","514",0,0,0,0,1
"separate","Cell","dspart","515",0,0,0,0,1
"separate","Cell","dspart","516",0,0,0,0,1
"separate","Cell","dspart","517",0,0,0,0,1
"separate","Cell","dspart","518",0,0,0,0,1
"separate","Cell","dspart","519",0,0,0,0,1
"separate","Cell","dspart","520",0,0,0,0,1
"separate","Cell","dspart","521",0,0,0,0,1
"separate","Cell","dspart","522",0,0,0,0,1
"separate","Cell","dspart","523",0,0,0,0,1
"separate","Cell","dspart","524",0,0,0,0,1
"separate","Cell","dspart","525",0,0,0,0,1
"separate","Cell","dspart","526",0,0,0,0,1
"separate","Cell","dspart","527",0,0,0,0,1
"separate","Cell","dspart","528",0,0,0,0,1
"separate","Cell","dspart","529",0,0,0,0,1
"separate","Cell","dspart","530",0,0,0,0,1
"separate","Cell","dspart","531",0,0,0,0,1
"separate","Cell","dspart","532",0,0,0,0,1
"separate","Cell","dspart","533",0,0,0,0,1
"separate","Cell","dspart","534",0,0,0,0,1
"separate","Cell","dspart","535",0,0,0,0,1
"separate","Cell","dspart","536",0,0,0,0,1
"separate","Cell","dspart","537",0,0,0,0,1
"separate","Cell","dspart","538",0,0,0,0,1
"separate","Cell","dspart","539",0,0,0,0,1
"separate","Cell","dspart","540",0,0,0,0,1
"separate","Cell","dspart","541",0,0,0,0,1
"separate","Cell","dspart","542",0,0,0,0,1
"separate","Cell","dspart","543",0,0,0,0,1
"separate","Cell","dspart","544",0,0,0,0,1
"separate","Cell","dspart","545",0,0,0,0,1
"separate","Cell","dspart","546",0,0,0,0,1
"separate","Cell","dspart","547",0,0,0,0,1
"separate","Cell","dspart","548",0,0,0,0,1
"separate","Cell","dspart","549",0,0,0,0,1
"separate","Cell","dspart","550",0,0,0,0,1
"separate","Cell","dspart","551",0,0,0,0,1
"separate","Cell","dspart","552",0,0,0,0,1
"separate","Cell","dspart","553",0,0,0,0,1
"separate","Cell","dspart","554",0,0,0,0,1
"separate","Cell","dspart","555",0,0,0,0,1
"separate","Cell","dspart","556",0,0,0,0,1
"separate","Cell","dspart","557",0,0,0,0,1
"separate","Cell","dspart","558",0,0,0,0,1
"separate","Cell","dspart","559",0,0,0,0,1
"separate","Cell","dspart","560",0,0,0,0,1
"separate","Cell","dspart","561",0,0,0,0,1
"separate","Cell","dspart","562",0,0,0,0,1
"separate","Cell","dspart","563",0,0,0,0,1
"separate","Cell","dspart","564",0,0,0,0,1
"separate","Cell","dspart","565",0,0,0,0,1
"separate","Cell","dspart","566",0,0,0,0,1
"separate","Cell","dspart","567",0,0,0,0,1
"separate","Cell","dspart","568",0,0,0,0,1
"separate","Cell","dspart","569",0,0,0,0,1
"separate","Cell","dspart","570",0,0,0,0,1
"separate","Cell","dspart","571",0,0,0,0,1
"separate","Cell","dspart","572",0,0,0,0,1
"separate","Cell","dspart","573",0,0,0,0,1
"separate","Cell","dspart","574",0,0,0,0,1
"separate","Cell","dspart","575",0,0,0,0,1
"separate","Cell","dspart","576",0,0,0,0,1
"separate","Cell","dspart","577",0,0,0,0,1
"separate","Cell","dspart","578",0,0,0,0,1
"separate","Cell","dspart","579",0,0,0,0,1
"separate","Cell","dspart","580",0,0,0,0,1
"separate","Cell","dspart","581",0,0,0,0,1
"separate","Cell","dspart","582",0,0,0,0,1
"separate","Cell","dspart","583",0,0,0,0,1
"separate","Cell","dspart","584",0,0,0,0,1
"separate","Cell","dspart","585",0,0,0,0,1
"separate","Cell","dspart","586",0,0,0,0,1
"separate","Cell","dspart","587",0,0,0,0,1
"separate","Cell","dspart","588",0,0,0,0,1
"separate","Cell","dspart","589",0,0,0,0,1
"separate","Cell","dspart","590",0,0,0,0,1
"separate","Cell","dspart","591",0,0,0,0,1
"separate","Cell","dspart","592",0,0,0,0,1
"separate","Cell","dspart","593",0,0,0,0,1
"separate","Cell","dspart","594",0,0,0,0,1
"separate","Cell","dspart","595",0,0,0,0,1
"separate","Cell","dspart","596",0,0,0,0,1
"separate","Cell","dspart","597",0,0,0,0,1
"separate","Cell","dspart","598",0,0,0,0,1
"separate","Cell","dspart","599",0,0,0,0,1
"separate","Cell","dspart","600",0,0,0,0,1
"separate","Cell","dspart","601",0,0,0,0,1
"separate","Cell","dspart","602",0,0,0,0,1
"separate","Cell","dspart","603",0,0,0,0,1
"separate","Cell","dspart","604",0,0,0,0,1
"separate","Cell","dspart","605",0,0,0,0,1
"separate","Cell","dspart","606",0,0,0,0,1
"separate","Cell","dspart","607",0,0,0,0,1
"separate","Cell","dspart","608",0,0,0,0,1
"separate","Cell","dspart","609",0,0,0,0,1
"separate","Cell","dspart","610",0,0,0,0,1
"separate","Cell","dspart","611",0,0,0,0,1
"separate","Cell","dspart","612",0,0,0,0,1
"separate","Cell","dspart","613",0,0,0,0,1
"separate","Cell","dspart","614",0,0,0,0,1
"separate","Cell","dspart","615",0,0,0,0,1
"separate","Cell","dspart","616",0,0,0,0,1
"separate","Cell","dspart","617",0,0,0,0,1
"separate","Cell","dspart","618",0,0,0,0,1
"separate","Cell","dspart","619",0,0,0,0,1
"separate","Cell","dspart","620",0,0,0,0,1
"separate","Cell","dspart","621",0,0,0,0,1
"separate","Cell","dspart","622",0,0,0,0,1
"separate","Cell","dspart","623",0,0,0,0,1
"separate","Cell","dspart","624",0,0,0,0,1
"separate","Cell","dspart","625",0,0,0,0,1
"separate","Cell","dspart","626",0,0,0,0,1
"separate","Cell","dspart","627",0,0,0,0,1
"separate","Cell","dspart","628",0,0,0,0,1
"separate","Cell","dspart","629",0,0,0,0,1
"separate","Cell","dspart","630",0,0,0,0,1
"separate","Cell","dspart","631",0,0,0,0,1
"separate","Cell","dspart","632",0,0,0,0,1
"separate","Cell","dspart","633",0,0,0,0,1
"separate","Cell","dspart","634",0,0,0,0,1
"separate","Cell","dspart","635",0,0,0,0,1
"separate","Cell","dspart","636",0,0,0,0,1
"separate","Cell","dspart","637",0,0,0,0,1
"separate","Cell","dspart","638",0,0,0,0,1
"separate","Cell","dspart","639",0,0,0,0,1
"separate","Cell","dspart","640",0,0,0,0,1
"separate","Cell","dspart","641",0,0,0,0,1
"separate","Cell","dspart","642",0,0,0,0,1
"separate","Cell","dspart","643",0,0,0,0,1
"separate","Cell","dspart","644",0,0,0,0,1
"separate","Cell","dspart","645",0,0,0,0,1
"separate","Cell","dspart","646",0,0,0,0,1
"separate","Cell","dspart","647",0,0,0,0,1
"separate","Cell","dspart","648",0,0,0,0,1
"separate","Cell","dspart","649",0,0,0,0,1
"separate","Cell","dspart","650",0,0,0,0,1
"separate","Cell","dspart","651",0,0,0,0,1
"separate","Cell","dspart","652",0,0,0,0,1
"separate","Cell","dspart","653",0,0,0,0,1
"separate","Cell","dspart","654",0,0,0,0,1
"separate","Cell","dspart","655",0,0,0,0,1
"separate","Cell","dspart","656",0,0,0,0,1
"separate","Cell","dspart","657",0,0,0,0,1
"separate","Cell","dspart","658",0,0,0,0,1
"separate","Cell","dspart","659",0,0,0,0,1
"separate","Cell","dspart","660",0,0,0,0,1
"separate","Cell","dspart","661",0,0,0,0,1
"separate","Cell","dspart","662",0,0,0,0,1
"separate","Cell","dspart","663",0,0,0,0,1
"separate","Cell","dspart","664",0,0,0,0,1
"separate","Cell","dspart","665",0,0,0,0,1
"separate","Cell","dspart","666",0,0,0,0,1
"separate","Cell","dspart","667",0,0,0,0,1
"separate","Cell","dspart","668",0,0,0,0,1
"separate","Cell","dspart","669",0,0,0,0,1
"separate","Cell","dspart","670",0,0,0,0,1
"separate","Cell","dspart","671",0,0,0,0,1
"separate","Cell","dspart","672",0,0,0,0,1
"separate","Cell","dspart","673",0,0,0,0,1
"separate","Cell","dspart","674",0,0,0,0,1
"separate","Cell","dspart","675",0,0,0,0,1
"separate","Cell","dspart","676",0,0,0,0,1
"separate","Cell","dspart","677",0,0,0,0,1
"separate","Cell","dspart","678",0,0,0,0,1
"separate","Cell","dspart","679",0,0,0,0,1
"separate","Cell","dspart","680",0,0,0,0,1
"separate","Cell","dspart","681",0,0,0,0,1
"separate","Cell","dspart","682",0,0,0,0,1
"separate","Cell","dspart","683",0,0,0,0,1
"separate","Cell","dspart","684",0,0,0,0,1
"separate","Cell","dspart","685",0,0,0,0,1
"separate","Cell","dspart","686",0,0,0,0,1
"separate","Cell","dspart","687",0,0,0,0,1
"separate","Cell","dspart","688",0,0,0,0,1
"separate","Cell","dspart","689",0,0,0,0,1
"separate","Cell","dspart","690",0,0,0,0,1
"separate","Cell","dspart","691",0,0,0,0,1
"separate","Cell","dspart","692",0,0,0,0,1
"separate","Cell","dspart","693",0,0,0,0,1
"separate","Cell","dspart","694",0,0,0,0,1
"separate","Cell","dspart","695",0,0,0,0,1
"separate","Cell","dspart","696",0,0,0,0,1
"separate","Cell","dspart","697",0,0,0,0,1
"separate","Cell","dspart","698",0,0,0,0,1
"separate","Cell","dspart","699",0,0,0,0,1
"separate","Cell","dspart","700",0,0,0,0,1
"separate","Cell","dspart","701",0,0,0,0,1
"separate","Cell","dspart","702",0,0,0,0,1
"separate","Cell","dspart","703",0,0,0,0,1
"separate","Cell","dspart","704",0,0,0,0,1
"separate","Cell","dspart","705",0,0,0,0,1
"separate","Cell","dspart","706",0,0,0,0,1
"separate","Cell","dspart","707",0,0,0,0,1
"separate","Cell","dspart","708",0,0,0,0,1
"separate","Cell","dspart","709",0,0,0,0,1
"separate","Cell","dspart","710",0,0,0,0,1
"separate","Cell","dspart","711",0,0,0,0,1
"separate","Cell","dspart","712",0,0,0,0,1
"separate","Cell","dspart","713",0,0,0,0,1
"separate","Cell","dspart","714",0,0,0,0,1
"separate","Cell","dspart","715",0,0,0,0,1
"separate","Cell","dspart","716",0,0,0,0,1
"separate","Cell","dspart","717",0,0,0,0,1
"separate","Cell","dspart","718",0,0,0,0,1
"separate","Cell","dspart","719",0,0,0,0,1
"separate","Cell","dspart","720",0,0,0,0,1
"separate","Cell","dspart","721",0,0,0,0,1
"separate","Cell","dspart","722",0,0,0,0,1
"separate","Cell","dspart","723",0,0,0,0,1
"separate","Cell","dspart","724",0,0,0,0,1
"separate","Cell","dspart","725",0,0,0,0,1
"separate","Cell","dspart","726",0,0,0,0,1
"separate","Cell","dspart","727",0,0,0,0,1
"separate","Cell","dspart","728",0,0,0,0,1
"separate","Cell","dspart","729",0,0,0,0,1
"separate","Cell","dspart","730",0,0,0,0,1
"separate","Cell","dspart","731",0,0,0,0,1
"separate","Cell","dspart","732",0,0,0,0,1
"separate","Cell","dspart","733",0,0,0,0,1
"separate","Cell","dspart","734",0,0,0,0,1
"separate","Cell","dspart","735",0,0,0,0,1
"separate","Cell","dspart","736",0,0,0,0,1
"separate","Cell","dspart","737",0,0,0,0,1
"separate","Cell","dspart","738",0,0,0,0,1
"separate","Cell","dspart","739",0,0,0,0,1
"separate","Cell","dspart","740",0,0,0,0,1
"separate","Cell","dspart","741",0,0,0,0,1
"separate","Cell","dspart","742",0,0,0,0,1
"separate","Cell","dspart","743",0,0,0,0,1
"separate","Cell","dspart","744",0,0,0,0,1
"separate","Cell","dspart","745",0,0,0,0,1
"separate","Cell","dspart","746",0,0,0,0,1
"separate","Cell","dspart","747",0,0,0,0,1
"separate","Cell","dspart","748",0,0,0,0,1
"separate","Cell","dspart","749",0,0,0,0,1
"separate","Cell","dspart","750",0,0,0,0,1
"separate","Cell","dspart","751",0,0,0,0,1
"separate","Cell","dspart","752",0,0,0,0,1
"separate","Cell","dspart","753",0,0,0,0,1
"separate","Cell","dspart","754",0,0,0,0,1
"separate","Cell","dspart","755",0,0,0,0,1
"separate","Cell","dspart","756",0,0,0,0,1
"separate","Cell","dspart","757",0,0,0,0,1
"separate","Cell","dspart","758",0,0,0,0,1
"separate","Cell","dspart","759",0,0,0,0,1
"separate","Cell","dspart","760",0,0,0,0,1
"separate","Cell","dspart","761",0,0,0,0,1
"separate","Cell","dspart","762",0,0,0,0,1
"separate","Cell","dspart","763",0,0,0,0,1
"separate","Cell","dspart","764",0,0,0,0,1
"separate","Cell","dspart","765",0,0,0,0,1
"separate","Cell","dspart","766",0,0,0,0,1
"separate","Cell","dspart","767",0,0,0,0,1
"separate","Cell","dspart","768",0,0,0,0,1
"separate","Cell","dspart","769",0,0,0,0,1
"separate","Cell","dspart","770",0,0,0,0,1
"separate","Cell","dspart","771",0,0,0,0,1
"separate","Cell","dspart","772",0,0,0,0,1
"separate","Cell","dspart","773",0,0,0,0,1
"separate","Cell","dspart","774",0,0,0,0,1
"separate","Cell","dspart","775",0,0,0,0,1
"separate","Cell","dspart","776",0,0,0,0,1
"separate","Cell","dspart","777",0,0,0,0,1
"separate","Cell","dspart","778",0,0,0,0,1
"separate","Cell","dspart","779",0,0,0,0,1
"separate","Cell","dspart","780",0,0,0,0,1
"separate","Cell","dspart","781",0,0,0,0,1
"separate","Cell","dspart","782",0,0,0,0,1
"separate","Cell","dspart","783",0,0,0,0,1
"separate","Cell","dspart","784",0,0,0,0,1
"separate","Cell","dspart","785",0,0,0,0,1
"separate","Cell","dspart","786",0,0,0,0,1
"separate","Cell","dspart","787",0,0,0,0,1
"separate","Cell","dspart","788",0,0,0,0,1
"separate","Cell","dspart","789",0,0,0,0,1
"separate","Cell","dspart","790",0,0,0,0,1
"separate","Cell","dspart","791",0,0,0,0,1
"separate","Cell","dspart","792",0,0,0,0,1
"separate","Cell","dspart","793",0,0,0,0,1
"separate","Cell","dspart","794",0,0,0,0,1
"separate","Cell","dspart","795",0,0,0,0,1
"separate","Cell","dspart","796",0,0,0,0,1
"separate","Cell","dspart","797",0,0,0,0,1
"separate","Cell","dspart","798",0,0,0,0,1
"separate","Cell","dspart","799",0,0,0,0,1
"separate","Cell","dspart","800",0,0,0,0,1
"separate","Cell","dspart","801",0,0,0,0,1
"separate","Cell","dspart","802",0,0,0,0,1
"separate","Cell","dspart","803",0,0,0,0,1
"separate","Cell","dspart","804",0,0,0,0,1
"separate","Cell","dspart","805",0,0,0,0,1
"separate","Cell","dspart","806",0,0,0,0,1
"separate","Cell","dspart","807",0,0,0,0,1
"separate","Cell","dspart","808",0,0,0,0,1
"separate","Cell","dspart","809",0,0,0,0,1
"separate","Cell","dspart","810",0,0,0,0,1
"separate","Cell","dspart","811",0,0,0,0,1
"separate","Cell","dspart","812",0,0,0,0,1
"separate","Cell","dspart","813",0,0,0,0,1
"separate","Cell","dspart","814",0,0,0,0,1
"separate","Cell","dspart","815",0,0,0,0,1
"separate","Cell","dspart","816",0,0,0,0,1
"separate","Cell","dspart","817",0,0,0,0,1
"separate","Cell","dspart","818",0,0,0,0,1
"separate","Cell","dspart","819",0,0,0,0,1
"separate","Cell","dspart","820",0,0,0,0,1
"separate","Cell","dspart","821",0,0,0,0,1
"separate","Cell","dspart","822",0,0,0,0,1
"separate","Cell","dspart","823",0,0,0,0,1
"separate","Cell","dspart","824",0,0,0,0,1
"separate","Cell","dspart","825",0,0,0,0,1
"separate","Cell","dspart","826",0,0,0,0,1
"separate","Cell","dspart","827",0,0,0,0,1
"separate","Cell","dspart","828",0,0,0,0,1
"separate","Cell","dspart","829",0,0,0,0,1
"separate","Cell","dspart","830",0,0,0,0,1
"separate","Cell","dspart","831",0,0,0,0,1
"separate","Cell","dspart","832",0,0,0,0,1
"separate","Cell","dspart","833",0,0,0,0,1
"separate","Cell","dspart","834",0,0,0,0,1
"separate","Cell","dspart","835",0,0,0,0,1
"separate","Cell","dspart","836",0,0,0,0,1
"separate","Cell","dspart","837",0,0,0,0,1
"separate","Cell","dspart","838",0,0,0,0,1
"separate","Cell","dspart","839",0,0,0,0,1
"separate","Cell","dspart","840",0,0,0,0,1
"separate","Cell","dspart","841",0,0,0,0,1
"separate","Cell","dspart","842",0,0,0,0,1
"separate","Cell","dspart","843",0,0,0,0,1
"separate","Cell","dspart","844",0,0,0,0,1
"separate","Cell","dspart","845",0,0,0,0,1
"separate","Cell","dspart","846",0,0,0,0,1
"separate","Cell","dspart","847",0,0,0,0,1
"separate","Cell","dspart","848",0,0,0,0,1
"separate","Cell","dspart","849",0,0,0,0,1
"separate","Cell","dspart","850",0,0,0,0,1
"separate","Cell","dspart","851",0,0,0,0,1
"separate","Cell","dspart","852",0,0,0,0,1
"separate","Cell","dspart","853",0,0,0,0,1
"separate","Cell","dspart","854",0,0,0,0,1
"separate","Cell","dspart","855",0,0,0,0,1
"separate","Cell","dspart","856",0,0,0,0,1
"separate","Cell","dspart","857",0,0,0,0,1
"separate","Cell","dspart","858",0,0,0,0,1
"separate","Cell","dspart","859",0,0,0,0,1
"separate","Cell","dspart","860",0,0,0,0,1
"separate","Cell","dspart","861",0,0,0,0,1
"separate","Cell","dspart","862",0,0,0,0,1
"separate","Cell","dspart","863",0,0,0,0,1
"separate","Cell","dspart","864",0,0,0,0,1
"separate","Cell","dspart","865",0,0,0,0,1
"separate","Cell","dspart","866",0,0,0,0,1
"separate","Cell","dspart","867",0,0,0,0,1
"separate","Cell","dspart","868",0,0,0,0,1
"separate","Cell","dspart","869",0,0,0,0,1
"separate","Cell","dspart","870",0,0,0,0,1
"separate","Cell","dspart","871",0,0,0,0,1
"separate","Cell","dspart","872",0,0,0,0,1
"separate","Cell","dspart","873",0,0,0,0,1
"separate","Cell","dspart","874",0,0,0,0,1
"separate","Cell","dspart","875",0,0,0,0,1
"separate","Cell","dspart","876",0,0,0,0,1
"separate","Cell","dspart","877",0,0,0,0,1
"separate","Cell","dspart","878",0,0,0,0,1
"separate","Cell","dspart","879",0,0,0,0,1
"separate","Cell","dspart","880",0,0,0,0,1
"separate","Cell","espart","0",25,2578,2747.71,2871,0
"separate","Cell","espart","1",46,3062,3391.54,3548,0
"separate","Cell","espart","2",79,2193,2440.05,2545,0
"separate","Cell","espart","3",86,1295,1446.02,1555,0
"separate","Cell","espart","4",90,799,923.11,1040,0
"separate","Cell","espart","5",218,612,706.16,808,0
"separate","Cell","espart","6",135,480,556.38,651,0
"separate","Cell","espart","7",171,331,420.58,497,0
"separate","Cell","espart","8",140,193,291.83,401,0
"separate","Cell","espart","9",183,120,187.57,245,0.74
"separate","Cell","espart","10",141,70,115.34,150,0.18
"separate","Cell","espart","11",93,38,60.9,82,0
"separate","Cell","espart","12",60,15,32.81,66,0.02
"separate","Cell","espart","13",335,5,18.08,46,0
"separate","Cell","espart","14",239,1,10.31,48,0
"separate","Cell","espart","15",29,0,6.98,45,0.1
"separate","Cell","espart","16",64,0,5.17,40,0
"separate","Cell","espart","17",267,0,5.8,34,0
"separate","Cell","espart","18",48,0,6.4,36,0
"separate","Cell","espart","19",170,0,7.73,39,0
"separate","Cell","espart","20",79,2,9.75,35,0
"separate","Cell","espart","21",17,1,11.46,36,0.32
"separate","Cell","espart","22",124,6,15.46,39,0
"separate","Cell","espart","23",3,2,15.4,36,0.04
"separate","Cell","espart","24",331,5,14.58,40,0
"separate","Cell","espart","25",342,4,15.88,32,0
"separate","Cell","espart","26",2,2,16.59,37,0.02
"separate","Cell","espart","27",406,3,18.41,32,0
"separate","Cell","espart","28",1,3,19.95,36,0
"separate","Cell","espart","29",0,4,17.33,31,0
"separate","Cell","espart","30",4,2,13.75,32,0.06
"separate","Cell","espart","31",10,1,11.74,38,0.96
"separate","Cell","espart","32",3,0,8.08,43,0.62
"separate","Cell","espart","33",0,0,6.26,36,0.58
"separate","Cell","espart","34",4,0,5.5,37,0.54
"separate","Cell","espart","35",1,0,4.71999999999999,38,0.7
"separate","Cell","espart","36",0,0,4.54,41,1
"separate","Cell","espart","37",0,0,3.99,40,1
"separate","Cell","espart","38",0,0,3.23,27,1
"separate","Cell","espart","39",0,0,3.99,28,0.64
"separate","Cell","espart","40",0,0,6.11,29,0.32
"separate","Cell","espart","41",0,0,8.9,31,0.12
"separate","Cell","espart","42",0,2,11.93,37,0
"separate","Cell","espart","43",0,2,15.02,43,0
"separate","Cell","espart","44",851,2,14.85,43,0
"separate","Cell","espart","45",18,1,13.23,40,0.6
"separate","Cell","espart","46",3,1,18.51,50,0.28
"separate","Cell","espart","47",4,0,25.08,66,0.3
"separate","Cell","espart","48",0,0,28.08,56,0.02
"separate","Cell","espart","49",3,1,23.93,53,0.28
"separate","Cell","espart","50",5,0,18.13,53,0.38
"separate","Cell","espart","51",2,0,13.64,52,0.2
"separate","Cell","espart","52",0,0,9.53,40,0.18
"separate","Cell","espart","53",0,0,6.32,32,0.56
"separate","Cell","espart","54",0,0,4.5,41,1
"separate","Cell","espart","55",0,0,6.13,61,1
"separate","Cell","espart","56",0,0,5.94,57,1
"separate","Cell","espart","57",3,0,4.77,39,0.5
"separate","Cell","espart","58",10,0,3.60999999999999,34,0.26
"separate","Cell","espart","59",0,0,4.28000000000001,52,1
"separate","Cell","espart","60",0,0,4.29999999999999,49,1
"separate","Cell","espart","61",62,0,3.73,39,0
"separate","Cell","espart","62",0,0,2.73,36,0.86
"separate","Cell","espart","63",0,0,3.1,44,0.48
"separate","Cell","espart","64",4,0,2.86,50,0.16
"separate","Cell","espart","65",0,0,3.79,49,0.42
"separate","Cell","espart","66",4,0,5.66,44,0.82
"separate","Cell","espart","67",10,0,9.17,43,0.78
"separate","Cell","espart","68",88,0,8.99,26,0
"separate","Cell","espart","69",7,0,10.15,31,0.66
"separate","Cell","espart","70",38,1,9.48,39,0.02
"separate","Cell","espart","71",23,0,7.23,24,0.02
"separate","Cell","espart","72",0,0,4.76,24,0.24
"separate","Cell","espart","73",69,0,2.92,20,0
"separate","Cell","espart","74",95,0,1.43,13,0
"separate","Cell","espart","75",10,0,1.1,18,0.04
"separate","Cell","espart","76",143,0,0.75,21,0
"separate","Cell","espart","77",1,0,0.509999999999999,13,0.24
"separate","Cell","espart","78",0,0,0.419999999999999,21,1
"separate","Cell","espart","79",0,0,0.37,21,1
"separate","Cell","espart","80",2,0,0.22,15,0.04
"separate","Cell","espart","81",0,0,0.1,6,1
"separate","Cell","espart","82",2,0,0.03,2,0.02
"separate","Cell","espart","83",0,0,0.02,2,1
"separate","Cell","espart","84",0,0,0,0,1
"separate","Cell","espart","85",0,0,0,0,1
"separate","Cell","espart","86",0,0,0,0,1
"separate","Cell","espart","87",0,0,0,0,1
"separate","Cell","espart","88",4,0,0,0,0
"separate","Cell","espart","89",4094,0,0,0,0
"separate","Cell","espart","90",1,0,0,0,0
"separate","Cell","espart","91",6,0,0,0,0
"separate","Cell","espart","92",9,0,0,0,0
"separate","Cell","espart","93",1,0,0,0,0
"separate","Cell","espart","94",5,0,0,0,0
"separate","Cell","espart","95",0,0,0,0,1
"separate","Cell","espart","96",13,0,0,0,0
"separate","Cell","espart","97",19,0,0,0,0
"separate","Cell","espart","98",20,0,0,0,0
"separate","Cell","espart","99",4,0,0,0,0
"separate","Cell","espart","100",20,0,0,0,0
"separate","Cell","espart","101",3,0,0,0,0
"separate","Cell","espart","102",5,0,0,0,0
"separate","Cell","espart","103",33,0,0,0,0
"separate","Cell","espart","104",1,0,0,0,0
"separate","Cell","espart","105",33,0,0,0,0
"separate","Cell","espart","106",0,0,0,0,1
"separate","Cell","espart","107",0,0,0,0,1
"separate","Cell","espart","108",0,0,0,0,1
"separate","Cell","espart","109",0,0,0,0,1
"separate","Cell","espart","110",0,0,0,0,1
"separate","Cell","espart","111",0,0,0,0,1
"separate","Cell","espart","112",0,0,0,0,1
"separate","Cell","espart","113",0,0,0,0,1
"separate","Cell","espart","114",0,0,0,0,1
"separate","Cell","espart","115",0,0,0,0,1
"separate","Cell","espart","116",0,0,0,0,1
"separate","Cell","espart","117",0,0,0,0,1
"separate","Cell","espart","118",0,0,0,0,1
"separate","Cell","espart","119",0,0,0,0,1
"separate","Cell","espart","120",0,0,0,0,1
"separate","Cell","espart","121",0,0,0,0,1
"separate","Cell","espart","122",0,0,0,0,1
"separate","Cell","espart","123",0,0,0,0,1
"separate","Cell","espart","124",0,0,0,0,1
"separate","Cell","espart","125",0,0,0,0,1
"separate","Cell","espart","126",0,0,0.18,1,1
"separate","Cell","espart","127",0,0,0.21,1,1
"separate","Cell","espart","128",0,0,0.68,3,1
"separate","Cell","espart","129",0,0,1.54,6,0.62
"separate","Cell","espart","130",0,0,4.55,12,0.18
"separate","Cell","espart","131",0,2,12.11,28,0
"separate","Cell","espart","132",0,5,23.23,55,0
"separate","Cell","espart","133",0,11,47.36,83,0
"separate","Cell","espart","134",0,37,80.72,115,0
"separate","Cell","espart","135",0,77,127.49,210,0
"separate","Cell","espart","136",0,113,171.79,272,0
"separate","Cell","espart","137",0,134,219.32,374,0
"separate","Cell","espart","138",0,137,278.66,531,0
"separate","Cell","espart","139",0,108,372.95,696,0
"separate","Cell","espart","140",0,151,536.84,893,0
"separate","Cell","espart","141",0,229,732.58,1142,0
"separate","Cell","espart","142",0,357,953.91,1335,0
"separate","Cell","espart","143",0,444,1161.68,1514,0
"separate","Cell","espart","144",0,551,1331.06,1611,0
"separate","Cell","espart","145",0,852,1318.52,1698,0
"separate","Cell","espart","146",0,630,1142.23,1615,0
"separate","Cell","espart","147",0,357,811.82,1602,0
"separate","Cell","espart","148",0,200,506.71,1495,0
"separate","Cell","espart","149",0,162,325.95,1148,0
"separate","Cell","espart","150",295,108,227.98,777,0.34
"separate","Cell","espart","151",26,75,181.75,504,0
"separate","Cell","espart","152",4,31,131.88,331,0
"separate","Cell","espart","153",0,10,78.9900000000001,257,0
"separate","Cell","espart","154",71,1,37.49,176,0.24
"separate","Cell","espart","155",41,0,14.4,99,0.16
"separate","Cell","espart","156",19,0,5.16,41,0.14
"separate","Cell","espart","157",0,0,1.43,17,1
"separate","Cell","espart","158",0,0,0.39,4,1
"separate","Cell","espart","159",703,0,0.03,1,0
"separate","Cell","espart","160",173,0,0,0,0
"separate","Cell","espart","161",36,0,0,0,0
"separate","Cell","espart","162",266,0,0,0,0
"separate","Cell","espart","163",612,0,0,0,0
"separate","Cell","espart","164",41,0,0,0,0
"separate","Cell","espart","165",76,0,0,0,0
"separate","Cell","espart","166",894,0,0,0,0
"separate","Cell","espart","167",846,0,0,0,0
"separate","Cell","espart","168",272,0,0,0,0
"separate","Cell","espart","169",23,0,0,0,0
"separate","Cell","espart","170",543,0,0,0,0
"separate","Cell","espart","171",0,0,0,0,1
"separate","Cell","espart","172",9,0,0,0,0
"separate","Cell","espart","173",0,0,0,0,1
"separate","Cell","espart","174",7863,0,0,0,0
"separate","Cell","espart","175",361,0,0,0,0
"separate","Cell","espart","176",58,0,0,0,0
"separate","Cell","espart","177",19,0,0,0,0
"separate","Cell","espart","178",681,0,0,0,0
"separate","Cell","espart","179",23,0,0,0,0
"separate","Cell","espart","180",2,0,0,0,0
"separate","Cell","espart","181",765,0,0,0,0
"separate","Cell","espart","182",54,0,0,0,0
"separate","Cell","espart","183",25,0,0,0,0
"separate","Cell","espart","184",349,0,0,0,0
"separate","Cell","espart","185",0,0,0,0,1
"separate","Cell","espart","186",0,0,0,0,1
"separate","Cell","espart","187",0,0,0,0,1
"separate","Cell","espart","188",5,0,0,0,0
"separate","Cell","espart","189",0,0,0,0,1
"separate","Cell","espart","190",6,0,0,0,0
"separate","Cell","espart","191",0,0,0,0,1
"separate","Cell","espart","192",0,0,0,0,1
"separate","Cell","espart","193",0,0,0,0,1
"separate","Cell","espart","194",0,0,0,0,1
"separate","Cell","espart","195",0,0,0,0,1
"separate","Cell","espart","196",0,0,0,0,1
"separate","Cell","espart","197",0,0,0,0,1
"separate","Cell","espart","198",0,0,0,0,1
"separate","Cell","espart","199",26,0,0,0,0
"separate","Cell","espart","200",0,0,0,0,1
"separate","Cell","espart","201",0,0,0,0,1
"separate","Cell","espart","202",0,0,0,0,1
"separate","Cell","espart","203",0,0,0,0,1
"separate","Cell","espart","204",0,0,0,0,1
"separate","Cell","espart","205",0,0,0,0,1
"separate","Cell","espart","206",0,0,0,0,1
"separate","Cell","espart","207",0,0,0,0,1
"separate","Cell","espart","208",0,0,0,0,1
"separate","Cell","espart","209",0,0,0,0,1
"separate","Cell","espart","210",4,0,0,0,0
"separate","Cell","espart","211",0,0,0,0,1
"separate","Cell","espart","212",3,0,0,0,0
"separate","Cell","espart","213",3,0,0,0,0
"separate","Cell","espart","214",0,0,0,0,1
"separate","Cell","espart","215",0,0,0,0,1
"separate","Cell","espart","216",0,0,0,0,1
"separate","Cell","espart","217",0,0,0,0,1
"separate","Cell","espart","218",0,0,0,0,1
"separate","Cell","espart","219",0,0,0,0,1
"separate","Cell","espart","220",0,0,0,0,1
"separate","Cell","espart","221",0,0,0,0,1
"separate","Cell","espart","222",0,0,0,0,1
"separate","Cell","espart","223",0,0,0,0,1
"separate","Cell","espart","224",0,0,0,0,1
"separate","Cell","espart","225",0,0,0,0,1
"separate","Cell","espart","226",0,0,0,0,1
"separate","Cell","espart","227",0,0,0,0,1
"separate","Cell","espart","228",0,0,0,0,1
"separate","Cell","espart","229",0,0,0,0,1
"separate","Cell","espart","230",0,0,0,0,1
"separate","Cell","espart","231",0,0,0,0,1
"separate","Cell","espart","232",0,0,0,0,1
"separate","Cell","espart","233",0,0,0,0,1
"separate","Cell","espart","234",0,0,0,0,1
"separate","Cell","espart","235",0,0,0,0,1
"separate","Cell","espart","236",0,0,0,0,1
"separate","Cell","espart","237",0,0,0,0,1
"separate","Cell","espart","238",0,0,0,0,1
"separate","Cell","espart","239",0,0,0,0,1
"separate","Cell","espart","240",0,0,0,0,1
"separate","Cell","espart","241",0,0,0,0,1
"separate","Cell","espart","242",0,0,0,0,1
"separate","Cell","espart","243",0,0,0,0,1
"separate","Cell","espart","244",0,0,0,0,1
"separate","Cell","espart","245",0,0,0,0,1
"separate","Cell","espart","246",0,0,0,0,1
"separate","Cell","espart","247",0,0,0,0,1
"separate","Cell","espart","248",0,0,0,0,1
"separate","Cell","espart","249",0,0,0,0,1
"separate","Cell","espart","250",0,0,0,0,1
"separate","Cell","espart","251",0,0,0,0,1
"separate","Cell","espart","252",0,0,0,0,1
"separate","Cell","espart","253",0,0,0,0,1
"separate","Cell","espart","254",0,0,0,0,1
"separate","Cell","espart","255",0,0,0,0,1
"separate","Cell","espart","256",0,0,0,0,1
"separate","Cell","espart","257",0,0,0,0,1
"separate","Cell","espart","258",0,0,0,0,1
"separate","Cell","espart","259",0,0,0,0,1
"separate","Cell","espart","260",0,0,0,0,1
"separate","Cell","espart","261",0,0,0,0,1
"separate","Cell","espart","262",0,0,0,0,1
"separate","Cell","espart","263",0,0,0,0,1
"separate","Cell","espart","264",0,0,0,0,1
"separate","Cell","espart","265",0,0,0,0,1
"separate","Cell","espart","266",0,0,0,0,1
"separate","Cell","espart","267",0,0,0,0,1
"separate","Cell","espart","268",0,0,0,0,1
"separate","Cell","espart","269",0,0,0,0,1
"separate","Cell","espart","270",0,0,0,0,1
"separate","Cell","espart","271",0,0,0,0,1
"separate","Cell","espart","272",0,0,0,0,1
"separate","Cell","espart","273",0,0,0,0,1
"separate","Cell","espart","274",0,0,0,0,1
"separate","Cell","espart","275",0,0,0,0,1
"separate","Cell","espart","276",0,0,0,0,1
"separate","Cell","espart","277",0,0,0,0,1
"separate","Cell","espart","278",0,0,0,0,1
"separate","Cell","espart","279",0,0,0,0,1
"separate","Cell","espart","280",0,0,0,0,1
"separate","Cell","espart","281",0,0,0,0,1
"separate","Cell","espart","282",0,0,0,0,1
"separate","Cell","espart","283",0,0,0,0,1
"separate","Cell","espart","284",0,0,0,0,1
"separate","Cell","espart","285",0,0,0,0,1
"separate","Cell","espart","286",0,0,0,0,1
"separate","Cell","espart","287",0,0,0,0,1
"separate","Cell","espart","288",0,0,0,0,1
"separate","Cell","espart","289",0,0,0,0,1
"separate","Cell","espart","290",0,0,0,0,1
"separate","Cell","espart","291",0,0,0,0,1
"separate","Cell","espart","292",0,0,0,0,1
"separate","Cell","espart","293",0,0,0,0,1
"separate","Cell","espart","294",0,0,0,0,1
"separate","Cell","espart","295",0,0,0,0,1
"separate","Cell","espart","296",0,0,0,0,1
"separate","Cell","espart","297",0,0,0,0,1
"separate","Cell","espart","298",0,0,0,0,1
"separate","Cell","espart","299",0,0,0,0,1
"separate","Cell","espart","300",0,0,0,0,1
"separate","Cell","espart","301",0,0,0,0,1
"separate","Cell","espart","302",0,0,0,0,1
"separate","Cell","espart","303",0,0,0,0,1
"separate","Cell","espart","304",0,0,0,0,1
"separate","Cell","espart","305",0,0,0,0,1
"separate","Cell","espart","306",0,0,0,0,1
"separate","Cell","espart","307",0,0,0,0,1
"separate","Cell","espart","308",0,0,0,0,1
"separate","Cell","espart","309",0,0,0,0,1
"separate","Cell","espart","310",0,0,0,0,1
"separate","Cell","espart","311",0,0,0,0,1
"separate","Cell","espart","312",0,0,0,0,1
"separate","Cell","espart","313",0,0,0,0,1
"separate","Cell","espart","314",0,0,0,0,1
"separate","Cell","espart","315",0,0,0,0,1
"separate","Cell","espart","316",0,0,0,0,1
"separate","Cell","espart","317",0,0,0,0,1
"separate","Cell","espart","318",0,0,0,0,1
"separate","Cell","espart","319",0,0,0,0,1
"separate","Cell","espart","320",0,0,0,0,1
"separate","Cell","espart","321",0,0,0,0,1
"separate","Cell","espart","322",0,0,0,0,1
"separate","Cell","espart","323",0,0,0,0,1
"separate","Cell","espart","324",0,0,0,0,1
"separate","Cell","espart","325",0,0,0,0,1
"separate","Cell","espart","326",0,0,0,0,1
"separate","Cell","espart","327",0,0,0,0,1
"separate","Cell","espart","328",0,0,0,0,1
"separate","Cell","espart","329",0,0,0,0,1
"separate","Cell","espart","330",0,0,0,0,1
"separate","Cell","espart","331",0,0,0,0,1
"separate","Cell","espart","332",0,0,0,0,1
"separate","Cell","espart","333",0,0,0,0,1
"separate","Cell","espart","334",0,0,0,0,1
"separate","Cell","espart","335",0,0,0,0,1
"separate","Cell","espart","336",0,0,0,0,1
"separate","Cell","espart","337",0,0,0,0,1
"separate","Cell","espart","338",0,0,0,0,1
"separate","Cell","espart","339",0,0,0,0,1
"separate","Cell","espart","340",0,0,0,0,1
"separate","Cell","espart","341",0,0,0,0,1
"separate","Cell","espart","342",0,0,0,0,1
"separate","Cell","espart","343",0,0,0,0,1
"separate","Cell","espart","344",0,0,0,0,1
"separate","Cell","espart","345",0,0,0,0,1
"separate","Cell","espart","346",0,0,0,0,1
"separate","Cell","espart","347",0,0,0,0,1
"separate","Cell","espart","348",0,0,0,0,1
"separate","Cell","espart","349",0,0,0,0,1
"separate","Cell","espart","350",0,0,0,0,1
"separate","Cell","espart","351",0,0,0,0,1
"separate","Cell","espart","352",0,0,0,0,1
"separate","Cell","espart","353",0,0,0,0,1
"separate","Cell","espart","354",0,0,0,0,1
"separate","Cell","espart","355",0,0,0,0,1
"separate","Cell","espart","356",0,0,0,0,1
"separate","Cell","espart","357",0,0,0,0,1
"separate","Cell","espart","358",0,0,0,0,1
"separate","Cell","espart","359",0,0,0,0,1
"separate","Cell","espart","360",0,0,0,0,1
"separate","Cell","espart","361",0,0,0,0,1
"separate","Cell","espart","362",0,0,0,0,1
"separate","Cell","espart","363",0,0,0,0,1
"separate","Cell","espart","364",0,0,0,0,1
"separate","Cell","espart","365",0,0,0,0,1
"separate","Cell","espart","366",0,0,0,0,1
"separate","Cell","espart","367",0,0,0,0,1
"separate","Cell","espart","368",0,0,0,0,1
"separate","Cell","espart","369",0,0,0,0,1
"separate","Cell","espart","370",0,0,0,0,1
"separate","Cell","espart","371",0,0,0,0,1
"separate","Cell","espart","372",0,0,0,0,1
"separate","Cell","espart","373",0,0,0,0,1
"separate","Cell","espart","374",0,0,0,0,1
"separate","Cell","espart","375",0,0,0,0,1
"separate","Cell","espart","376",0,0,0,0,1
"separate","Cell","espart","377",0,0,0,0,1
"separate","Cell","espart","378",0,0,0,0,1
"separate","Cell","espart","379",0,0,0,0,1
"separate","Cell","espart","380",0,0,0,0,1
"separate","Cell","espart","381",0,0,0,0,1
"separate","Cell","espart","382",0,0,0,0,1
"separate","Cell","espart","383",0,0,0,0,1
"separate","Cell","espart","384",0,0,0,0,1
"separate","Cell","espart","385",0,0,0,0,1
"separate","Cell","espart","386",0,0,0,0,1
"separate","Cell","espart","387",0,0,0,0,1
"separate","Cell","espart","388",0,0,0,0,1
"separate","Cell","espart","389",0,0,0,0,1
"separate","Cell","espart","390",0,0,0,0,1
"separate","Cell","espart","391",0,0,0,0,1
"separate","Cell","espart","392",0,0,0,0,1
"separate","Cell","espart","393",0,0,0,0,1
"separate","Cell","espart","394",0,0,0,0,1
"separate","Cell","espart","395",0,0,0,0,1
"separate","Cell","espart","396",0,0,0,0,1
"separate","Cell","espart","397",0,0,0,0,1
"separate","Cell","espart","398",0,0,0,0,1
"separate","Cell","espart","399",0,0,0,0,1
"separate","Cell","espart","400",0,0,0,0,1
"separate","Cell","espart","401",0,0,0,0,1
"separate","Cell","espart","402",0,0,0,0,1
"separate","Cell","espart","403",0,0,0,0,1
"separate","Cell","espart","404",0,0,0,0,1
"separate","Cell","espart","405",0,0,0,0,1
"separate","Cell","espart","406",0,0,0,0,1
"separate","Cell","espart","407",0,0,0,0,1
"separate","Cell","espart","408",0,0,0,0,1
"separate","Cell","espart","409",0,0,0,0,1
"separate","Cell","espart","410",0,0,0,0,1
"separate","Cell","espart","411",0,0,0,0,1
"separate","Cell","espart","412",0,0,0,0,1
"separate","Cell","espart","413",0,0,0,0,1
"separate","Cell","espart","414",0,0,0,0,1
"separate","Cell","espart","415",0,0,0,0,1
"separate","Cell","espart","416",0,0,0,0,1
"separate","Cell","espart","417",0,0,0,0,1
"separate","Cell","espart","418",0,0,0,0,1
"separate","Cell","espart","419",0,0,0,0,1
"separate","Cell","espart","420",0,0,0,0,1
"separate","Cell","espart","421",0,0,0,0,1
"separate","Cell","espart","422",0,0,0,0,1
"separate","Cell","espart","423",0,0,0,0,1
"separate","Cell","espart","424",0,0,0,0,1
"separate","Cell","espart","425",0,0,0,0,1
"separate","Cell","espart","426",0,0,0,0,1
"separate","Cell","espart","427",0,0,0,0,1
"separate","Cell","espart","428",0,0,0,0,1
"separate","Cell","espart","429",0,0,0,0,1
"separate","Cell","espart","430",0,0,0,0,1
"separate","Cell","espart","431",0,0,0,0,1
"separate","Cell","espart","432",0,0,0,0,1
"separate","Cell","espart","433",0,0,0,0,1
"separate","Cell","espart","434",0,0,0,0,1
"separate","Cell","espart","435",0,0,0,0,1
"separate","Cell","espart","436",0,0,0,0,1
"separate","Cell","espart","437",0,0,0,0,1
"separate","Cell","espart","438",0,0,0,0,1
"separate","Cell","espart","439",0,0,0,0,1
"separate","Cell","espart","440",0,0,0,0,1
"separate","Cell","espart","441",0,0,0,0,1
"separate","Cell","espart","442",0,0,0,0,1
"separate","Cell","espart","443",0,0,0,0,1
"separate","Cell","espart","444",0,0,0,0,1
"separate","Cell","espart","445",0,0,0,0,1
"separate","Cell","espart","446",0,0,0,0,1
"separate","Cell","espart","447",0,0,0,0,1
"separate","Cell","espart","448",0,0,0,0,1
"separate","Cell","espart","449",0,0,0,0,1
"separate","Cell","espart","450",0,0,0,0,1
"separate","Cell","espart","451",0,0,0,0,1
"separate","Cell","espart","452",0,0,0,0,1
"separate","Cell","espart","453",0,0,0,0,1
"separate","Cell","espart","454",0,0,0,0,1
"separate","Cell","espart","455",0,0,0,0,1
"separate","Cell","espart","456",0,0,0,0,1
"separate","Cell","espart","457",0,0,0,0,1
"separate","Cell","espart","458",0,0,0,0,1
"separate","Cell","espart","459",0,0,0,0,1
"separate","Cell","espart","460",0,0,0,0,1
"separate","Cell","espart","461",0,0,0,0,1
"separate","Cell","espart","462",0,0,0,0,1
"separate","Cell","espart","463",0,0,0,0,1
"separate","Cell","espart","464",0,0,0,0,1
"separate","Cell","espart","465",0,0,0,0,1
"separate","Cell","espart","466",0,0,0,0,1
"separate","Cell","espart","467",0,0,0,0,1
"separate","Cell","espart","468",0,0,0,0,1
"separate","Cell","espart","469",0,0,0,0,1
"separate","Cell","espart","470",0,0,0,0,1
"separate","Cell","espart","471",0,0,0,0,1
"separate","Cell","espart","472",0,0,0,0,1
"separate","Cell","espart","473",0,0,0,0,1
"separate","Cell","espart","474",0,0,0,0,1
"separate","Cell","espart","475",0,0,0,0,1
"separate","Cell","espart","476",0,0,0,0,1
"separate","Cell","espart","477",0,0,0,0,1
"separate","Cell","espart","478",0,0,0,0,1
"separate","Cell","espart","479",0,0,0,0,1
"separate","Cell","espart","480",0,0,0,0,1
"separate","Cell","espart","481",0,0,0,0,1
"separate","Cell","espart","482",0,0,0,0,1
"separate","Cell","espart","483",0,0,0,0,1
"separate","Cell","espart","484",0,0,0,0,1
"separate","Cell","espart","485",0,0,0,0,1
"separate","Cell","espart","486",0,0,0,0,1
"separate","Cell","espart","487",0,0,0,0,1
"separate","Cell","espart","488",0,0,0,0,1
"separate","Cell","espart","489",0,0,0,0,1
"separate","Cell","espart","490",0,0,0,0,1
"separate","Cell","espart","491",0,0,0,0,1
"separate","Cell","espart","492",0,0,0,0,1
"separate","Cell","espart","493",0,0,0,0,1
"separate","Cell","espart","494",0,0,0,0,1
"separate","Cell","espart","495",0,0,0,0,1
"separate","Cell","espart","496",0,0,0,0,1
"separate","Cell","espart","497",0,0,0,0,1
"separate","Cell","espart","498",0,0,0,0,1
"separate","Cell","espart","499",0,0,0,0,1
"separate","Cell","espart","500",0,0,0,0,1
"separate","Cell","espart","501",0,0,0,0,1
"separate","Cell","espart","502",0,0,0,0,1
"separate","Cell","espart","503",0,0,0,0,1
"separate","Cell","espart","504",0,0,0,0,1
"separate","Cell","espart","505",0,0,0,0,1
"separate","Cell","espart","506",0,0,0,0,1
"separate","Cell","espart","507",0,0,0,0,1
"separate","Cell","espart","508",0,0,0,0,1
"separate","Cell","espart","509",0,0,0,0,1
"separate","Cell","espart","510",0,0,0,0,1
"separate","Cell","espart","511",0,0,0,0,1
"separate","Cell","espart","512",0,0,0,0,1
"separate","Cell","espart","513",0,0,0,0,1
"separate","Cell","espart","514",0,0,0,0,1
"separate","Cell","espart","515",0,0,0,0,1
"separate","Cell","espart","516",0,0,0,0,1
"separate","Cell","espart","517",0,0,0,0,1
"separate","Cell","espart","518",0,0,0,0,1
"separate","Cell","espart","519",0,0,0,0,1
"separate","Cell","espart","520",0,0,0,0,1
"separate","Cell","espart","521",0,0,0,0,1
"separate","Cell","espart","522",0,0,0,0,1
"separate","Cell","espart","523",0,0,0,0,1
"separate","Cell","espart","524",0,0,0,0,1
"separate","Cell","espart","525",0,0,0,0,1
"separate","Cell","espart","526",0,0,0,0,1
"separate","Cell","espart","527",0,0,0,0,1
"separate","Cell","espart","528",0,0,0,0,1
"separate","Cell","espart","529",0,0,0,0,1
"separate","Cell","espart","530",0,0,0,0,1
"separate","Cell","espart","531",0,0,0,0,1
"separate","Cell","espart","532",0,0,0,0,1
"separate","Cell","espart","533",0,0,0,0,1
"separate","Cell","espart","534",0,0,0,0,1
"separate","Cell","espart","535",0,0,0,0,1
"separate","Cell","espart","536",0,0,0,0,1
"separate","Cell","espart","537",0,0,0,0,1
"separate","Cell","espart","538",0,0,0,0,1
"separate","Cell","espart","539",0,0,0,0,1
"separate","Cell","espart","540",0,0,0,0,1
"separate","Cell","espart","541",0,0,0,0,1
"separate","Cell","espart","542",0,0,0,0,1
"separate","Cell","espart","543",0,0,0,0,1
"separate","Cell","espart","544",0,0,0,0,1
"separate","Cell","espart","545",0,0,0,0,1
"separate","Cell","espart","546",0,0,0,0,1
"separate","Cell","espart","547",0,0,0,0,1
"separate","Cell","espart","548",0,0,0,0,1
"separate","Cell","espart","549",0,0,0,0,1
"separate","Cell","espart","550",0,0,0,0,1
"separate","Cell","espart","551",0,0,0,0,1
"separate","Cell","espart","552",0,0,0,0,1
"separate","Cell","espart","553",0,0,0,0,1
"separate","Cell","espart","554",0,0,0,0,1
"separate","Cell","espart","555",0,0,0,0,1
"separate","Cell","espart","556",0,0,0,0,1
"separate","Cell","espart","557",0,0,0,0,1
"separate","Cell","espart","558",0,0,0,0,1
"separate","Cell","espart","559",0,0,0,0,1
"separate","Cell","espart","560",0,0,0,0,1
"separate","Cell","espart","561",0,0,0,0,1
"separate","Cell","espart","562",0,0,0,0,1
"separate","Cell","espart","563",0,0,0,0,1
"separate","Cell","espart","564",0,0,0,0,1
"separate","Cell","espart","565",0,0,0,0,1
"separate","Cell","espart","566",0,0,0,0,1
"separate","Cell","espart","567",0,0,0,0,1
"separate","Cell","espart","568",0,0,0,0,1
"separate","Cell","espart","569",0,0,0,0,1
"separate","Cell","espart","570",0,0,0,0,1
"separate","Cell","espart","571",0,0,0,0,1
"separate","Cell","espart","572",0,0,0,0,1
"separate","Cell","espart","573",0,0,0,0,1
"separate","Cell","espart","574",0,0,0,0,1
"separate","Cell","espart","575",0,0,0,0,1
"separate","Cell","espart","576",0,0,0,0,1
"separate","Cell","espart","577",0,0,0,0,1
"separate","Cell","espart","578",0,0,0,0,1
"separate","Cell","espart","579",0,0,0,0,1
"separate","Cell","espart","580",0,0,0,0,1
"separate","Cell","espart","581",0,0,0,0,1
"separate","Cell","espart","582",0,0,0,0,1
"separate","Cell","espart","583",0,0,0,0,1
"separate","Cell","espart","584",0,0,0,0,1
"separate","Cell","espart","585",0,0,0,0,1
"separate","Cell","espart","586",0,0,0,0,1
"separate","Cell","espart","587",0,0,0,0,1
"separate","Cell","espart","588",0,0,0,0,1
"separate","Cell","espart","589",0,0,0,0,1
"separate","Cell","espart","590",0,0,0,0,1
"separate","Cell","espart","591",0,0,0,0,1
"separate","Cell","espart","592",0,0,0,0,1
"separate","Cell","espart","593",0,0,0,0,1
"separate","Cell","espart","594",0,0,0,0,1
"separate","Cell","espart","595",0,0,0,0,1
"separate","Cell","espart","596",0,0,0,0,1
"separate","Cell","espart","597",0,0,0,0,1
"separate","Cell","espart","598",0,0,0,0,1
"separate","Cell","espart","599",0,0,0,0,1
"separate","Cell","espart","600",0,0,0,0,1
"separate","Cell","espart","601",0,0,0,0,1
"separate","Cell","espart","602",0,0,0,0,1
"separate","Cell","espart","603",0,0,0,0,1
"separate","Cell","espart","604",0,0,0,0,1
"separate","Cell","espart","605",0,0,0,0,1
"separate","Cell","espart","606",0,0,0,0,1
"separate","Cell","espart","607",0,0,0,0,1
"separate","Cell","espart","608",0,0,0,0,1
"separate","Cell","espart","609",0,0,0,0,1
"separate","Cell","espart","610",0,0,0,0,1
"separate","Cell","espart","611",0,0,0,0,1
"separate","Cell","espart","612",0,0,0,0,1
"separate","Cell","espart","613",0,0,0,0,1
"separate","Cell","espart","614",0,0,0,0,1
"separate","Cell","espart","615",0,0,0,0,1
"separate","Cell","espart","616",0,0,0,0,1
"separate","Cell","espart","617",0,0,0,0,1
"separate","Cell","espart","618",0,0,0,0,1
"separate","Cell","espart","619",0,0,0,0,1
"separate","Cell","espart","620",0,0,0,0,1
"separate","Cell","espart","621",0,0,0,0,1
"separate","Cell","espart","622",0,0,0,0,1
"separate","Cell","espart","623",0,0,0,0,1
"separate","Cell","espart","624",0,0,0,0,1
"separate","Cell","espart","625",0,0,0,0,1
"separate","Cell","espart","626",0,0,0,0,1
"separate","Cell","espart","627",0,0,0,0,1
"separate","Cell","espart","628",0,0,0,0,1
"separate","Cell","espart","629",0,0,0,0,1
"separate","Cell","espart","630",0,0,0,0,1
"separate","Cell","espart","631",0,0,0,0,1
"separate","Cell","espart","632",0,0,0,0,1
"separate","Cell","espart","633",0,0,0,0,1
"separate","Cell","espart","634",0,0,0,0,1
"separate","Cell","espart","635",0,0,0,0,1
"separate","Cell","espart","636",0,0,0,0,1
"separate","Cell","espart","637",0,0,0,0,1
"separate","Cell","espart","638",0,0,0,0,1
"separate","Cell","espart","639",0,0,0,0,1
"separate","Cell","espart","640",0,0,0,0,1
"separate","Cell","espart","641",0,0,0,0,1
"separate","Cell","espart","642",0,0,0,0,1
"separate","Cell","espart","643",0,0,0,0,1
"separate","Cell","espart","644",0,0,0,0,1
"separate","Cell","espart","645",0,0,0,0,1
"separate","Cell","espart","646",0,0,0,0,1
"separate","Cell","espart","647",0,0,0,0,1
"separate","Cell","espart","648",0,0,0,0,1
"separate","Cell","espart","649",0,0,0,0,1
"separate","Cell","espart","650",0,0,0,0,1
"separate","Cell","espart","651",0,0,0,0,1
"separate","Cell","espart","652",0,0,0,0,1
"separate","Cell","espart","653",0,0,0,0,1
"separate","Cell","espart","654",0,0,0,0,1
"separate","Cell","espart","655",0,0,0,0,1
"separate","Cell","espart","656",0,0,0,0,1
"separate","Cell","espart","657",0,0,0,0,1
"separate","Cell","espart","658",0,0,0,0,1
"separate","Cell","espart","659",0,0,0,0,1
"separate","Cell","espart","660",0,0,0,0,1
"separate","Cell","espart","661",0,0,0,0,1
"separate","Cell","espart","662",0,0,0,0,1
"separate","Cell","espart","663",0,0,0,0,1
"separate","Cell","espart","664",0,0,0,0,1
"separate","Cell","espart","665",0,0,0,0,1
"separate","Cell","espart","666",0,0,0,0,1
"separate","Cell","espart","667",0,0,0,0,1
"separate","Cell","espart","668",0,0,0,0,1
"separate","Cell","espart","669",0,0,0,0,1
"separate","Cell","espart","670",0,0,0,0,1
"separate","Cell","espart","671",0,0,0,0,1
"separate","Cell","espart","672",0,0,0,0,1
"separate","Cell","espart","673",0,0,0,0,1
"separate","Cell","espart","674",0,0,0,0,1
"separate","Cell","espart","675",0,0,0,0,1
"separate","Cell","espart","676",0,0,0,0,1
"separate","Cell","espart","677",0,0,0,0,1
"separate","Cell","espart","678",0,0,0,0,1
"separate","Cell","espart","679",0,0,0,0,1
"separate","Cell","espart","680",0,0,0,0,1
"separate","Cell","espart","681",0,0,0,0,1
"separate","Cell","espart","682",0,0,0,0,1
"separate","Cell","espart","683",0,0,0,0,1
"separate","Cell","espart","684",0,0,0,0,1
"separate","Cell","espart","685",0,0,0,0,1
"separate","Cell","espart","686",0,0,0,0,1
"separate","Cell","espart","687",0,0,0,0,1
"separate","Cell","espart","688",0,0,0,0,1
"separate","Cell","espart","689",0,0,0,0,1
"separate","Cell","espart","690",0,0,0,0,1
"separate","Cell","espart","691",0,0,0,0,1
"separate","Cell","espart","692",0,0,0,0,1
"separate","Cell","espart","693",0,0,0,0,1
"separate","Cell","espart","694",0,0,0,0,1
"separate","Cell","espart","695",0,0,0,0,1
"separate","Cell","espart","696",0,0,0,0,1
"separate","Cell","espart","697",0,0,0,0,1
"separate","Cell","espart","698",0,0,0,0,1
"separate","Cell","espart","699",0,0,0,0,1
"separate","Cell","espart","700",0,0,0,0,1
"separate","Cell","espart","701",0,0,0,0,1
"separate","Cell","espart","702",0,0,0,0,1
"separate","Cell","espart","703",0,0,0,0,1
"separate","Cell","espart","704",0,0,0,0,1
"separate","Cell","espart","705",0,0,0,0,1
"separate","Cell","espart","706",0,0,0,0,1
"separate","Cell","espart","707",0,0,0,0,1
"separate","Cell","espart","708",0,0,0,0,1
"separate","Cell","espart","709",0,0,0,0,1
"separate","Cell","espart","710",0,0,0,0,1
"separate","Cell","espart","711",0,0,0,0,1
"separate","Cell","espart","712",0,0,0,0,1
"separate","Cell","espart","713",0,0,0,0,1
"separate","Cell","espart","714",0,0,0,0,1
"separate","Cell","espart","715",0,0,0,0,1
"separate","Cell","espart","716",0,0,0,0,1
"separate","Cell","espart","717",0,0,0,0,1
"separate","Cell","espart","718",0,0,0,0,1
"separate","Cell","espart","719",0,0,0,0,1
"separate","Cell","espart","720",0,0,0,0,1
"separate","Cell","espart","721",0,0,0,0,1
"separate","Cell","espart","722",0,0,0,0,1
"separate","Cell","espart","723",0,0,0,0,1
"separate","Cell","espart","724",0,0,0,0,1
"separate","Cell","espart","725",0,0,0,0,1
"separate","Cell","espart","726",0,0,0,0,1
"separate","Cell","espart","727",0,0,0,0,1
"separate","Cell","espart","728",0,0,0,0,1
"separate","Cell","espart","729",0,0,0,0,1
"separate","Cell","espart","730",0,0,0,0,1
"separate","Cell","espart","731",0,0,0,0,1
"separate","Cell","espart","732",0,0,0,0,1
"separate","Cell","espart","733",0,0,0,0,1
"separate","Cell","espart","734",0,0,0,0,1
"separate","Cell","espart","735",0,0,0,0,1
"separate","Cell","espart","736",0,0,0,0,1
"separate","Cell","espart","737",0,0,0,0,1
"separate","Cell","espart","738",0,0,0,0,1
"separate","Cell","espart","739",0,0,0,0,1
"separate","Cell","espart","740",0,0,0,0,1
"separate","Cell","espart","741",0,0,0,0,1
"separate","Cell","espart","742",0,0,0,0,1
"separate","Cell","espart","743",0,0,0,0,1
"separate","Cell","espart","744",0,0,0,0,1
"separate","Cell","espart","745",0,0,0,0,1
"separate","Cell","espart","746",0,0,0,0,1
"separate","Cell","espart","747",0,0,0,0,1
"separate","Cell","espart","748",0,0,0,0,1
"separate","Cell","espart","749",0,0,0,0,1
"separate","Cell","espart","750",0,0,0,0,1
"separate","Cell","espart","751",0,0,0,0,1
"separate","Cell","espart","752",0,0,0,0,1
"separate","Cell","espart","753",0,0,0,0,1
"separate","Cell","espart","754",0,0,0,0,1
"separate","Cell","espart","755",0,0,0,0,1
"separate","Cell","espart","756",0,0,0,0,1
"separate","Cell","espart","757",0,0,0,0,1
"separate","Cell","espart","758",0,0,0,0,1
"separate","Cell","espart","759",0,0,0,0,1
"separate","Cell","espart","760",0,0,0,0,1
"separate","Cell","espart","761",0,0,0,0,1
"separate","Cell","espart","762",0,0,0,0,1
"separate","Cell","espart","763",0,0,0,0,1
"separate","Cell","espart","764",0,0,0,0,1
"separate","Cell","espart","765",0,0,0,0,1
"separate","Cell","espart","766",0,0,0,0,1
"separate","Cell","espart","767",0,0,0,0,1
"separate","Cell","espart","768",0,0,0,0,1
"separate","Cell","espart","769",0,0,0,0,1
"separate","Cell","espart","770",0,0,0,0,1
"separate","Cell","espart","771",0,0,0,0,1
"separate","Cell","espart","772",0,0,0,0,1
"separate","Cell","espart","773",0,0,0,0,1
"separate","Cell","espart","774",0,0,0,0,1
"separate","Cell","espart","775",0,0,0,0,1
"separate","Cell","espart","776",0,0,0,0,1
"separate","Cell","espart","777",0,0,0,0,1
"separate","Cell","espart","778",0,0,0,0,1
"separate","Cell","espart","779",0,0,0,0,1
"separate","Cell","espart","780",0,0,0,0,1
"separate","Cell","espart","781",0,0,0,0,1
"separate","Cell","espart","782",0,0,0,0,1
"separate","Cell","espart","783",0,0,0,0,1
"separate","Cell","espart","784",0,0,0,0,1
"separate","Cell","espart","785",0,0,0,0,1
"separate","Cell","espart","786",0,0,0,0,1
"separate","Cell","espart","787",0,0,0,0,1
"separate","Cell","espart","788",0,0,0,0,1
"separate","Cell","espart","789",0,0,0,0,1
"separate","Cell","espart","790",0,0,0,0,1
"separate","Cell","espart","791",0,0,0,0,1
"separate","Cell","espart","792",0,0,0,0,1
"separate","Cell","espart","793",0,0,0,0,1
"separate","Cell","espart","794",0,0,0,0,1
"separate","Cell","espart","795",0,0,0,0,1
"separate","Cell","espart","796",0,0,0,0,1
"separate","Cell","espart","797",0,0,0,0,1
"separate","Cell","espart","798",0,0,0,0,1
"separate","Cell","espart","799",0,0,0,0,1
"separate","Cell","espart","800",0,0,0,0,1
"separate","Cell","espart","801",0,0,0,0,1
"separate","Cell","espart","802",0,0,0,0,1
"separate","Cell","espart","803",0,0,0,0,1
"separate","Cell","espart","804",0,0,0,0,1
"separate","Cell","espart","805",0,0,0,0,1
"separate","Cell","espart","806",0,0,0,0,1
"separate","Cell","espart","807",0,0,0,0,1
"separate","Cell","espart","808",0,0,0,0,1
"separate","Cell","espart","809",0,0,0,0,1
"separate","Cell","espart","810",0,0,0,0,1
"separate","Cell","espart","811",0,0,0,0,1
"separate","Cell","espart","812",0,0,0,0,1
"separate","Cell","espart","813",0,0,0,0,1
"separate","Cell","espart","814",0,0,0,0,1
"separate","Cell","espart","815",0,0,0,0,1
"separate","Cell","espart","816",0,0,0,0,1
"separate","Cell","espart","817",0,0,0,0,1
"separate","Cell","espart","818",0,0,0,0,1
"separate","Cell","espart","819",0,0,0,0,1
"separate","Cell","espart","820",0,0,0,0,1
"separate","Cell","espart","821",0,0,0,0,1
"separate","Cell","espart","822",0,0,0,0,1
"separate","Cell","espart","823",0,0,0,0,1
"separate","Cell","espart","824",0,0,0,0,1
"separate","Cell","espart","825",0,0,0,0,1
"separate","Cell","espart","826",0,0,0,0,1
"separate","Cell","espart","827",0,0,0,0,1
"separate","Cell","espart","828",0,0,0,0,1
"separate","Cell","espart","829",0,0,0,0,1
"separate","Cell","espart","830",0,0,0,0,1
"separate","Cell","espart","831",0,0,0,0,1
"separate","Cell","espart","832",0,0,0,0,1
"separate","Cell","espart","833",0,0,0,0,1
"separate","Cell","espart","834",0,0,0,0,1
"separate","Cell","espart","835",0,0,0,0,1
"separate","Cell","espart","836",0,0,0,0,1
"separate","Cell","espart","837",0,0,0,0,1
"separate","Cell","espart","838",0,0,0,0,1
"separate","Cell","espart","839",0,0,0,0,1
"separate","Cell","espart","840",0,0,0,0,1
"separate","Cell","espart","841",0,0,0,0,1
"separate","Cell","espart","842",0,0,0,0,1
"separate","Cell","espart","843",0,0,0,0,1
"separate","Cell","espart","844",0,0,0,0,1
"separate","Cell","espart","845",0,0,0,0,1
"separate","Cell","espart","846",0,0,0,0,1
"separate","Cell","espart","847",0,0,0,0,1
"separate","Cell","espart","848",0,0,0,0,1
"separate","Cell","espart","849",0,0,0,0,1
"separate","Cell","espart","850",0,0,0,0,1
"separate","Cell","espart","851",0,0,0,0,1
"separate","Cell","espart","852",0,0,0,0,1
"separate","Cell","espart","853",0,0,0,0,1
"separate","Cell","espart","854",0,0,0,0,1
"separate","Cell","espart","855",0,0,0,0,1
"separate","Cell","espart","856",0,0,0,0,1
"separate","Cell","espart","857",0,0,0,0,1
"separate","Cell","espart","858",0,0,0,0,1
"separate","Cell","espart","859",0,0,0,0,1
"separate","Cell","espart","860",0,0,0,0,1
"separate","Cell","espart","861",0,0,0,0,1
"separate","Cell","espart","862",0,0,0,0,1
"separate","Cell","espart","863",0,0,0,0,1
"separate","Cell","espart","864",0,0,0,0,1
"separate","Cell","espart","865",0,0,0,0,1
"separate","Cell","espart","866",0,0,0,0,1
"separate","Cell","espart","867",0,0,0,0,1
"separate","Cell","espart","868",0,0,0,0,1
"separate","Cell","espart","869",0,0,0,0,1
"separate","Cell","espart","870",0,0,0,0,1
"separate","Cell","espart","871",0,0,0,0,1
"separate","Cell","espart","872",0,0,0,0,1
"separate","Cell","espart","873",0,0,0,0,1
"separate","Cell","espart","874",0,0,0,0,1
"separate","Cell","espart","875",0,0,0,0,1
"separate","Cell","espart","876",0,0,0,0,1
"separate","Cell","espart","877",0,0,0,0,1
"separate","Cell","espart","878",0,0,0,0,1
"separate","Cell","espart","879",0,0,0,0,1
"separate","Cell","espart","880",0,0,0,0,1
"separate","Cell","model","edges",24871,24500,24768.98,24929,0.28
"separate","Cell","model","edgecov.prior",11690,11661,11672.34,11686,0
"separate","Cell","model","nodecov.expertise_model_z",7185.59491227983,6580.60200246549,6963.45989758894,7280.39647889465,0.14
"separate","Cell","model","absdiff.expertise_model_z",18232.6945369728,17924.8591533148,18196.8664266787,18466.473434328,0.68
"separate","Cell","model","nodecov.leadership_model_z",-3698.54226166724,-4509.95196093819,-4112.78956453823,-3793.83455214168,0
"separate","Cell","model","absdiff.leadership_model_z",26253.420356831,25812.625715555,26160.770985557,26377.3069688888,0.6
"separate","Geology","deg","0",0,1,4.3,10,0
"separate","Geology","deg","1",26,3,11.76,21,0
"separate","Geology","deg","2",8,6,15.55,24,0.02
"separate","Geology","deg","3",15,7,14.18,22,0.88
"separate","Geology","deg","4",2,4,10.52,20,0
"separate","Geology","deg","5",10,1,7.21,16,0.28
"separate","Geology","deg","6",2,0,4.49,11,0.36
"separate","Geology","deg","7",7,0,2.1,7,0.02
"separate","Geology","deg","8",1,0,0.63,4,0.96
"separate","Geology","deg","9",0,0,0.2,1,1
"separate","Geology","deg","10",0,0,0.05,1,1
"separate","Geology","deg","11",0,0,0.00999999999999999,1,1
"separate","Geology","deg","12",0,0,0,0,1
"separate","Geology","deg","13",0,0,0,0,1
"separate","Geology","deg","14",0,0,0,0,1
"separate","Geology","deg","15",0,0,0,0,1
"separate","Geology","deg","16",0,0,0,0,1
"separate","Geology","deg","17",0,0,0,0,1
"separate","Geology","deg","18",0,0,0,0,1
"separate","Geology","deg","19",0,0,0,0,1
"separate","Geology","deg","20",0,0,0,0,1
"separate","Geology","deg","21",0,0,0,0,1
"separate","Geology","deg","22",0,0,0,0,1
"separate","Geology","deg","23",0,0,0,0,1
"separate","Geology","deg","24",0,0,0,0,1
"separate","Geology","deg","25",0,0,0,0,1
"separate","Geology","deg","26",0,0,0,0,1
"separate","Geology","deg","27",0,0,0,0,1
"separate","Geology","deg","28",0,0,0,0,1
"separate","Geology","deg","29",0,0,0,0,1
"separate","Geology","deg","30",0,0,0,0,1
"separate","Geology","deg","31",0,0,0,0,1
"separate","Geology","deg","32",0,0,0,0,1
"separate","Geology","deg","33",0,0,0,0,1
"separate","Geology","deg","34",0,0,0,0,1
"separate","Geology","deg","35",0,0,0,0,1
"separate","Geology","deg","36",0,0,0,0,1
"separate","Geology","deg","37",0,0,0,0,1
"separate","Geology","deg","38",0,0,0,0,1
"separate","Geology","deg","39",0,0,0,0,1
"separate","Geology","deg","40",0,0,0,0,1
"separate","Geology","deg","41",0,0,0,0,1
"separate","Geology","deg","42",0,0,0,0,1
"separate","Geology","deg","43",0,0,0,0,1
"separate","Geology","deg","44",0,0,0,0,1
"separate","Geology","deg","45",0,0,0,0,1
"separate","Geology","deg","46",0,0,0,0,1
"separate","Geology","deg","47",0,0,0,0,1
"separate","Geology","deg","48",0,0,0,0,1
"separate","Geology","deg","49",0,0,0,0,1
"separate","Geology","deg","50",0,0,0,0,1
"separate","Geology","deg","51",0,0,0,0,1
"separate","Geology","deg","52",0,0,0,0,1
"separate","Geology","deg","53",0,0,0,0,1
"separate","Geology","deg","54",0,0,0,0,1
"separate","Geology","deg","55",0,0,0,0,1
"separate","Geology","deg","56",0,0,0,0,1
"separate","Geology","deg","57",0,0,0,0,1
"separate","Geology","deg","58",0,0,0,0,1
"separate","Geology","deg","59",0,0,0,0,1
"separate","Geology","deg","60",0,0,0,0,1
"separate","Geology","deg","61",0,0,0,0,1
"separate","Geology","deg","62",0,0,0,0,1
"separate","Geology","deg","63",0,0,0,0,1
"separate","Geology","deg","64",0,0,0,0,1
"separate","Geology","deg","65",0,0,0,0,1
"separate","Geology","deg","66",0,0,0,0,1
"separate","Geology","deg","67",0,0,0,0,1
"separate","Geology","deg","68",0,0,0,0,1
"separate","Geology","deg","69",0,0,0,0,1
"separate","Geology","deg","70",0,0,0,0,1
"separate","Geology","dist","1",107,86,106.31,130,0.94
"separate","Geology","dist","2",24,158,250.13,356,0
"separate","Geology","dist","3",11,261,461.84,732,0
"separate","Geology","dist","4",0,343,553.68,720,0
"separate","Geology","dist","5",0,218,411.16,531,0
"separate","Geology","dist","6",0,42,207.97,400,0
"separate","Geology","dist","7",0,1,82.19,249,0
"separate","Geology","dist","8",0,0,29.39,128,0.16
"separate","Geology","dist","9",0,0,11.07,77,0.72
"separate","Geology","dist","10",0,0,4.16,60,1
"separate","Geology","dist","11",0,0,1.31,48,1
"separate","Geology","dist","12",0,0,0.53,38,1
"separate","Geology","dist","13",0,0,0.26,23,1
"separate","Geology","dist","14",0,0,0.1,10,1
"separate","Geology","dist","15",0,0,0.02,2,1
"separate","Geology","dist","16",0,0,0,0,1
"separate","Geology","dist","17",0,0,0,0,1
"separate","Geology","dist","18",0,0,0,0,1
"separate","Geology","dist","19",0,0,0,0,1
"separate","Geology","dist","20",0,0,0,0,1
"separate","Geology","dist","21",0,0,0,0,1
"separate","Geology","dist","22",0,0,0,0,1
"separate","Geology","dist","23",0,0,0,0,1
"separate","Geology","dist","24",0,0,0,0,1
"separate","Geology","dist","25",0,0,0,0,1
"separate","Geology","dist","26",0,0,0,0,1
"separate","Geology","dist","27",0,0,0,0,1
"separate","Geology","dist","28",0,0,0,0,1
"separate","Geology","dist","29",0,0,0,0,1
"separate","Geology","dist","30",0,0,0,0,1
"separate","Geology","dist","31",0,0,0,0,1
"separate","Geology","dist","32",0,0,0,0,1
"separate","Geology","dist","33",0,0,0,0,1
"separate","Geology","dist","34",0,0,0,0,1
"separate","Geology","dist","35",0,0,0,0,1
"separate","Geology","dist","36",0,0,0,0,1
"separate","Geology","dist","37",0,0,0,0,1
"separate","Geology","dist","38",0,0,0,0,1
"separate","Geology","dist","39",0,0,0,0,1
"separate","Geology","dist","40",0,0,0,0,1
"separate","Geology","dist","41",0,0,0,0,1
"separate","Geology","dist","42",0,0,0,0,1
"separate","Geology","dist","43",0,0,0,0,1
"separate","Geology","dist","44",0,0,0,0,1
"separate","Geology","dist","45",0,0,0,0,1
"separate","Geology","dist","46",0,0,0,0,1
"separate","Geology","dist","47",0,0,0,0,1
"separate","Geology","dist","48",0,0,0,0,1
"separate","Geology","dist","49",0,0,0,0,1
"separate","Geology","dist","50",0,0,0,0,1
"separate","Geology","dist","51",0,0,0,0,1
"separate","Geology","dist","52",0,0,0,0,1
"separate","Geology","dist","53",0,0,0,0,1
"separate","Geology","dist","54",0,0,0,0,1
"separate","Geology","dist","55",0,0,0,0,1
"separate","Geology","dist","56",0,0,0,0,1
"separate","Geology","dist","57",0,0,0,0,1
"separate","Geology","dist","58",0,0,0,0,1
"separate","Geology","dist","59",0,0,0,0,1
"separate","Geology","dist","60",0,0,0,0,1
"separate","Geology","dist","61",0,0,0,0,1
"separate","Geology","dist","62",0,0,0,0,1
"separate","Geology","dist","63",0,0,0,0,1
"separate","Geology","dist","64",0,0,0,0,1
"separate","Geology","dist","65",0,0,0,0,1
"separate","Geology","dist","66",0,0,0,0,1
"separate","Geology","dist","67",0,0,0,0,1
"separate","Geology","dist","68",0,0,0,0,1
"separate","Geology","dist","69",0,0,0,0,1
"separate","Geology","dist","70",0,0,0,0,1
"separate","Geology","dist","Inf",2343,70,364.88,714,0
"separate","Geology","dspart","0",2374,2085,2206.8,2300,0
"separate","Geology","dspart","1",25,166,245.31,345,0
"separate","Geology","dspart","2",28,4,19.23,52,0.3
"separate","Geology","dspart","3",0,0,6.36,13,0.24
"separate","Geology","dspart","4",29,0,6.96,15,0
"separate","Geology","dspart","5",1,0,0.33,3,0.5
"separate","Geology","dspart","6",28,0,0.01,1,0
"separate","Geology","dspart","7",0,0,0,0,1
"separate","Geology","dspart","8",0,0,0,0,1
"separate","Geology","dspart","9",0,0,0,0,1
"separate","Geology","dspart","10",0,0,0,0,1
"separate","Geology","dspart","11",0,0,0,0,1
"separate","Geology","dspart","12",0,0,0,0,1
"separate","Geology","dspart","13",0,0,0,0,1
"separate","Geology","dspart","14",0,0,0,0,1
"separate","Geology","dspart","15",0,0,0,0,1
"separate","Geology","dspart","16",0,0,0,0,1
"separate","Geology","dspart","17",0,0,0,0,1
"separate","Geology","dspart","18",0,0,0,0,1
"separate","Geology","dspart","19",0,0,0,0,1
"separate","Geology","dspart","20",0,0,0,0,1
"separate","Geology","dspart","21",0,0,0,0,1
"separate","Geology","dspart","22",0,0,0,0,1
"separate","Geology","dspart","23",0,0,0,0,1
"separate","Geology","dspart","24",0,0,0,0,1
"separate","Geology","dspart","25",0,0,0,0,1
"separate","Geology","dspart","26",0,0,0,0,1
"separate","Geology","dspart","27",0,0,0,0,1
"separate","Geology","dspart","28",0,0,0,0,1
"separate","Geology","dspart","29",0,0,0,0,1
"separate","Geology","dspart","30",0,0,0,0,1
"separate","Geology","dspart","31",0,0,0,0,1
"separate","Geology","dspart","32",0,0,0,0,1
"separate","Geology","dspart","33",0,0,0,0,1
"separate","Geology","dspart","34",0,0,0,0,1
"separate","Geology","dspart","35",0,0,0,0,1
"separate","Geology","dspart","36",0,0,0,0,1
"separate","Geology","dspart","37",0,0,0,0,1
"separate","Geology","dspart","38",0,0,0,0,1
"separate","Geology","dspart","39",0,0,0,0,1
"separate","Geology","dspart","40",0,0,0,0,1
"separate","Geology","dspart","41",0,0,0,0,1
"separate","Geology","dspart","42",0,0,0,0,1
"separate","Geology","dspart","43",0,0,0,0,1
"separate","Geology","dspart","44",0,0,0,0,1
"separate","Geology","dspart","45",0,0,0,0,1
"separate","Geology","dspart","46",0,0,0,0,1
"separate","Geology","dspart","47",0,0,0,0,1
"separate","Geology","dspart","48",0,0,0,0,1
"separate","Geology","dspart","49",0,0,0,0,1
"separate","Geology","dspart","50",0,0,0,0,1
"separate","Geology","dspart","51",0,0,0,0,1
"separate","Geology","dspart","52",0,0,0,0,1
"separate","Geology","dspart","53",0,0,0,0,1
"separate","Geology","dspart","54",0,0,0,0,1
"separate","Geology","dspart","55",0,0,0,0,1
"separate","Geology","dspart","56",0,0,0,0,1
"separate","Geology","dspart","57",0,0,0,0,1
"separate","Geology","dspart","58",0,0,0,0,1
"separate","Geology","dspart","59",0,0,0,0,1
"separate","Geology","dspart","60",0,0,0,0,1
"separate","Geology","dspart","61",0,0,0,0,1
"separate","Geology","dspart","62",0,0,0,0,1
"separate","Geology","dspart","63",0,0,0,0,1
"separate","Geology","dspart","64",0,0,0,0,1
"separate","Geology","dspart","65",0,0,0,0,1
"separate","Geology","dspart","66",0,0,0,0,1
"separate","Geology","dspart","67",0,0,0,0,1
"separate","Geology","dspart","68",0,0,0,0,1
"separate","Geology","dspart","69",0,0,0,0,1
"separate","Geology","espart","0",20,59,78.24,97,0
"separate","Geology","espart","1",5,2,13.43,31,0.18
"separate","Geology","espart","2",24,0,3.19,16,0
"separate","Geology","espart","3",0,0,4.84,10,0.54
"separate","Geology","espart","4",29,0,6.28,15,0
"separate","Geology","espart","5",1,0,0.32,3,0.48
"separate","Geology","espart","6",28,0,0.01,1,0
"separate","Geology","espart","7",0,0,0,0,1
"separate","Geology","espart","8",0,0,0,0,1
"separate","Geology","espart","9",0,0,0,0,1
"separate","Geology","espart","10",0,0,0,0,1
"separate","Geology","espart","11",0,0,0,0,1
"separate","Geology","espart","12",0,0,0,0,1
"separate","Geology","espart","13",0,0,0,0,1
"separate","Geology","espart","14",0,0,0,0,1
"separate","Geology","espart","15",0,0,0,0,1
"separate","Geology","espart","16",0,0,0,0,1
"separate","Geology","espart","17",0,0,0,0,1
"separate","Geology","espart","18",0,0,0,0,1
"separate","Geology","espart","19",0,0,0,0,1
"separate","Geology","espart","20",0,0,0,0,1
"separate","Geology","espart","21",0,0,0,0,1
"separate","Geology","espart","22",0,0,0,0,1
"separate","Geology","espart","23",0,0,0,0,1
"separate","Geology","espart","24",0,0,0,0,1
"separate","Geology","espart","25",0,0,0,0,1
"separate","Geology","espart","26",0,0,0,0,1
"separate","Geology","espart","27",0,0,0,0,1
"separate","Geology","espart","28",0,0,0,0,1
"separate","Geology","espart","29",0,0,0,0,1
"separate","Geology","espart","30",0,0,0,0,1
"separate","Geology","espart","31",0,0,0,0,1
"separate","Geology","espart","32",0,0,0,0,1
"separate","Geology","espart","33",0,0,0,0,1
"separate","Geology","espart","34",0,0,0,0,1
"separate","Geology","espart","35",0,0,0,0,1
"separate","Geology","espart","36",0,0,0,0,1
"separate","Geology","espart","37",0,0,0,0,1
"separate","Geology","espart","38",0,0,0,0,1
"separate","Geology","espart","39",0,0,0,0,1
"separate","Geology","espart","40",0,0,0,0,1
"separate","Geology","espart","41",0,0,0,0,1
"separate","Geology","espart","42",0,0,0,0,1
"separate","Geology","espart","43",0,0,0,0,1
"separate","Geology","espart","44",0,0,0,0,1
"separate","Geology","espart","45",0,0,0,0,1
"separate","Geology","espart","46",0,0,0,0,1
"separate","Geology","espart","47",0,0,0,0,1
"separate","Geology","espart","48",0,0,0,0,1
"separate","Geology","espart","49",0,0,0,0,1
"separate","Geology","espart","50",0,0,0,0,1
"separate","Geology","espart","51",0,0,0,0,1
"separate","Geology","espart","52",0,0,0,0,1
"separate","Geology","espart","53",0,0,0,0,1
"separate","Geology","espart","54",0,0,0,0,1
"separate","Geology","espart","55",0,0,0,0,1
"separate","Geology","espart","56",0,0,0,0,1
"separate","Geology","espart","57",0,0,0,0,1
"separate","Geology","espart","58",0,0,0,0,1
"separate","Geology","espart","59",0,0,0,0,1
"separate","Geology","espart","60",0,0,0,0,1
"separate","Geology","espart","61",0,0,0,0,1
"separate","Geology","espart","62",0,0,0,0,1
"separate","Geology","espart","63",0,0,0,0,1
"separate","Geology","espart","64",0,0,0,0,1
"separate","Geology","espart","65",0,0,0,0,1
"separate","Geology","espart","66",0,0,0,0,1
"separate","Geology","espart","67",0,0,0,0,1
"separate","Geology","espart","68",0,0,0,0,1
"separate","Geology","espart","69",0,0,0,0,1
"separate","Geology","model","edges",107,86,106.31,130,0.94
"separate","Geology","model","edgecov.prior",29,22,29.12,34,1
"separate","Geology","model","nodecov.expertise_model_z",-15.3571491890768,-45.7356604704426,-17.7377151633649,14.1575551909629,0.8
"separate","Geology","model","absdiff.expertise_model_z",115.51253402859,82.1096391708399,113.248506552872,153.056254477341,0.82
"separate","Geology","model","nodecov.leadership_model_z",-38.6217171478125,-84.7025150220603,-41.5649478999054,5.59808875649643,0.88
"separate","Geology","model","absdiff.leadership_model_z",58.9444705135774,43.7644583775503,58.631961176234,87.4810119209157,0.86
"separate","Journal_of_the_ACM","deg","0",0,1,5.53,11,0
"separate","Journal_of_the_ACM","deg","1",23,7,16.71,33,0.2
"separate","Journal_of_the_ACM","deg","2",20,11,25.05,36,0.4
"separate","Journal_of_the_ACM","deg","3",29,17,24.95,36,0.36
"separate","Journal_of_the_ACM","deg","4",15,10,18.49,30,0.4
"separate","Journal_of_the_ACM","deg","5",24,4,11.15,19,0
"separate","Journal_of_the_ACM","deg","6",0,1,5.7,14,0
"separate","Journal_of_the_ACM","deg","7",0,0,2.36,7,0.22
"separate","Journal_of_the_ACM","deg","8",0,0,0.78,3,0.84
"separate","Journal_of_the_ACM","deg","9",0,0,0.19,2,1
"separate","Journal_of_the_ACM","deg","10",0,0,0.07,1,1
"separate","Journal_of_the_ACM","deg","11",0,0,0.02,1,1
"separate","Journal_of_the_ACM","deg","12",0,0,0,0,1
"separate","Journal_of_the_ACM","deg","13",0,0,0,0,1
"separate","Journal_of_the_ACM","deg","14",0,0,0,0,1
"separate","Journal_of_the_ACM","deg","15",0,0,0,0,1
"separate","Journal_of_the_ACM","deg","16",0,0,0,0,1
"separate","Journal_of_the_ACM","deg","17",0,0,0,0,1
"separate","Journal_of_the_ACM","deg","18",0,0,0,0,1
"separate","Journal_of_the_ACM","deg","19",0,0,0,0,1
"separate","Journal_of_the_ACM","deg","20",0,0,0,0,1
"separate","Journal_of_the_ACM","deg","21",0,0,0,0,1
"separate","Journal_of_the_ACM","deg","22",0,0,0,0,1
"separate","Journal_of_the_ACM","deg","23",0,0,0,0,1
"separate","Journal_of_the_ACM","deg","24",0,0,0,0,1
"separate","Journal_of_the_ACM","deg","25",0,0,0,0,1
"separate","Journal_of_the_ACM","deg","26",0,0,0,0,1
"separate","Journal_of_the_ACM","deg","27",0,0,0,0,1
"separate","Journal_of_the_ACM","deg","28",0,0,0,0,1
"separate","Journal_of_the_ACM","deg","29",0,0,0,0,1
"separate","Journal_of_the_ACM","deg","30",0,0,0,0,1
"separate","Journal_of_the_ACM","deg","31",0,0,0,0,1
"separate","Journal_of_the_ACM","deg","32",0,0,0,0,1
"separate","Journal_of_the_ACM","deg","33",0,0,0,0,1
"separate","Journal_of_the_ACM","deg","34",0,0,0,0,1
"separate","Journal_of_the_ACM","deg","35",0,0,0,0,1
"separate","Journal_of_the_ACM","deg","36",0,0,0,0,1
"separate","Journal_of_the_ACM","deg","37",0,0,0,0,1
"separate","Journal_of_the_ACM","deg","38",0,0,0,0,1
"separate","Journal_of_the_ACM","deg","39",0,0,0,0,1
"separate","Journal_of_the_ACM","deg","40",0,0,0,0,1
"separate","Journal_of_the_ACM","deg","41",0,0,0,0,1
"separate","Journal_of_the_ACM","deg","42",0,0,0,0,1
"separate","Journal_of_the_ACM","deg","43",0,0,0,0,1
"separate","Journal_of_the_ACM","deg","44",0,0,0,0,1
"separate","Journal_of_the_ACM","deg","45",0,0,0,0,1
"separate","Journal_of_the_ACM","deg","46",0,0,0,0,1
"separate","Journal_of_the_ACM","deg","47",0,0,0,0,1
"separate","Journal_of_the_ACM","deg","48",0,0,0,0,1
"separate","Journal_of_the_ACM","deg","49",0,0,0,0,1
"separate","Journal_of_the_ACM","deg","50",0,0,0,0,1
"separate","Journal_of_the_ACM","deg","51",0,0,0,0,1
"separate","Journal_of_the_ACM","deg","52",0,0,0,0,1
"separate","Journal_of_the_ACM","deg","53",0,0,0,0,1
"separate","Journal_of_the_ACM","deg","54",0,0,0,0,1
"separate","Journal_of_the_ACM","deg","55",0,0,0,0,1
"separate","Journal_of_the_ACM","deg","56",0,0,0,0,1
"separate","Journal_of_the_ACM","deg","57",0,0,0,0,1
"separate","Journal_of_the_ACM","deg","58",0,0,0,0,1
"separate","Journal_of_the_ACM","deg","59",0,0,0,0,1
"separate","Journal_of_the_ACM","deg","60",0,0,0,0,1
"separate","Journal_of_the_ACM","deg","61",0,0,0,0,1
"separate","Journal_of_the_ACM","deg","62",0,0,0,0,1
"separate","Journal_of_the_ACM","deg","63",0,0,0,0,1
"separate","Journal_of_the_ACM","deg","64",0,0,0,0,1
"separate","Journal_of_the_ACM","deg","65",0,0,0,0,1
"separate","Journal_of_the_ACM","deg","66",0,0,0,0,1
"separate","Journal_of_the_ACM","deg","67",0,0,0,0,1
"separate","Journal_of_the_ACM","deg","68",0,0,0,0,1
"separate","Journal_of_the_ACM","deg","69",0,0,0,0,1
"separate","Journal_of_the_ACM","deg","70",0,0,0,0,1
"separate","Journal_of_the_ACM","deg","71",0,0,0,0,1
"separate","Journal_of_the_ACM","deg","72",0,0,0,0,1
"separate","Journal_of_the_ACM","deg","73",0,0,0,0,1
"separate","Journal_of_the_ACM","deg","74",0,0,0,0,1
"separate","Journal_of_the_ACM","deg","75",0,0,0,0,1
"separate","Journal_of_the_ACM","deg","76",0,0,0,0,1
"separate","Journal_of_the_ACM","deg","77",0,0,0,0,1
"separate","Journal_of_the_ACM","deg","78",0,0,0,0,1
"separate","Journal_of_the_ACM","deg","79",0,0,0,0,1
"separate","Journal_of_the_ACM","deg","80",0,0,0,0,1
"separate","Journal_of_the_ACM","deg","81",0,0,0,0,1
"separate","Journal_of_the_ACM","deg","82",0,0,0,0,1
"separate","Journal_of_the_ACM","deg","83",0,0,0,0,1
"separate","Journal_of_the_ACM","deg","84",0,0,0,0,1
"separate","Journal_of_the_ACM","deg","85",0,0,0,0,1
"separate","Journal_of_the_ACM","deg","86",0,0,0,0,1
"separate","Journal_of_the_ACM","deg","87",0,0,0,0,1
"separate","Journal_of_the_ACM","deg","88",0,0,0,0,1
"separate","Journal_of_the_ACM","deg","89",0,0,0,0,1
"separate","Journal_of_the_ACM","deg","90",0,0,0,0,1
"separate","Journal_of_the_ACM","deg","91",0,0,0,0,1
"separate","Journal_of_the_ACM","deg","92",0,0,0,0,1
"separate","Journal_of_the_ACM","deg","93",0,0,0,0,1
"separate","Journal_of_the_ACM","deg","94",0,0,0,0,1
"separate","Journal_of_the_ACM","deg","95",0,0,0,0,1
"separate","Journal_of_the_ACM","deg","96",0,0,0,0,1
"separate","Journal_of_the_ACM","deg","97",0,0,0,0,1
"separate","Journal_of_the_ACM","deg","98",0,0,0,0,1
"separate","Journal_of_the_ACM","deg","99",0,0,0,0,1
"separate","Journal_of_the_ACM","deg","100",0,0,0,0,1
"separate","Journal_of_the_ACM","deg","101",0,0,0,0,1
"separate","Journal_of_the_ACM","deg","102",0,0,0,0,1
"separate","Journal_of_the_ACM","deg","103",0,0,0,0,1
"separate","Journal_of_the_ACM","deg","104",0,0,0,0,1
"separate","Journal_of_the_ACM","deg","105",0,0,0,0,1
"separate","Journal_of_the_ACM","deg","106",0,0,0,0,1
"separate","Journal_of_the_ACM","deg","107",0,0,0,0,1
"separate","Journal_of_the_ACM","deg","108",0,0,0,0,1
"separate","Journal_of_the_ACM","deg","109",0,0,0,0,1
"separate","Journal_of_the_ACM","deg","110",0,0,0,0,1
"separate","Journal_of_the_ACM","dist","1",165,136,165.48,206,1
"separate","Journal_of_the_ACM","dist","2",2,324,459.88,692,0
"separate","Journal_of_the_ACM","dist","3",0,666,1034.95,1662,0
"separate","Journal_of_the_ACM","dist","4",0,1051,1523.79,2014,0
"separate","Journal_of_the_ACM","dist","5",0,931,1272.54,1543,0
"separate","Journal_of_the_ACM","dist","6",0,189,637.31,1010,0
"separate","Journal_of_the_ACM","dist","7",0,10,229.22,624,0
"separate","Journal_of_the_ACM","dist","8",0,0,66.82,307,0.04
"separate","Journal_of_the_ACM","dist","9",0,0,17.7,130,0.4
"separate","Journal_of_the_ACM","dist","10",0,0,3.97,38,1
"separate","Journal_of_the_ACM","dist","11",0,0,0.7,8,1
"separate","Journal_of_the_ACM","dist","12",0,0,0.07,2,1
"separate","Journal_of_the_ACM","dist","13",0,0,0.00999999999999999,1,1
"separate","Journal_of_the_ACM","dist","14",0,0,0,0,1
"separate","Journal_of_the_ACM","dist","15",0,0,0,0,1
"separate","Journal_of_the_ACM","dist","16",0,0,0,0,1
"separate","Journal_of_the_ACM","dist","17",0,0,0,0,1
"separate","Journal_of_the_ACM","dist","18",0,0,0,0,1
"separate","Journal_of_the_ACM","dist","19",0,0,0,0,1
"separate","Journal_of_the_ACM","dist","20",0,0,0,0,1
"separate","Journal_of_the_ACM","dist","21",0,0,0,0,1
"separate","Journal_of_the_ACM","dist","22",0,0,0,0,1
"separate","Journal_of_the_ACM","dist","23",0,0,0,0,1
"separate","Journal_of_the_ACM","dist","24",0,0,0,0,1
"separate","Journal_of_the_ACM","dist","25",0,0,0,0,1
"separate","Journal_of_the_ACM","dist","26",0,0,0,0,1
"separate","Journal_of_the_ACM","dist","27",0,0,0,0,1
"separate","Journal_of_the_ACM","dist","28",0,0,0,0,1
"separate","Journal_of_the_ACM","dist","29",0,0,0,0,1
"separate","Journal_of_the_ACM","dist","30",0,0,0,0,1
"separate","Journal_of_the_ACM","dist","31",0,0,0,0,1
"separate","Journal_of_the_ACM","dist","32",0,0,0,0,1
"separate","Journal_of_the_ACM","dist","33",0,0,0,0,1
"separate","Journal_of_the_ACM","dist","34",0,0,0,0,1
"separate","Journal_of_the_ACM","dist","35",0,0,0,0,1
"separate","Journal_of_the_ACM","dist","36",0,0,0,0,1
"separate","Journal_of_the_ACM","dist","37",0,0,0,0,1
"separate","Journal_of_the_ACM","dist","38",0,0,0,0,1
"separate","Journal_of_the_ACM","dist","39",0,0,0,0,1
"separate","Journal_of_the_ACM","dist","40",0,0,0,0,1
"separate","Journal_of_the_ACM","dist","41",0,0,0,0,1
"separate","Journal_of_the_ACM","dist","42",0,0,0,0,1
"separate","Journal_of_the_ACM","dist","43",0,0,0,0,1
"separate","Journal_of_the_ACM","dist","44",0,0,0,0,1
"separate","Journal_of_the_ACM","dist","45",0,0,0,0,1
"separate","Journal_of_the_ACM","dist","46",0,0,0,0,1
"separate","Journal_of_the_ACM","dist","47",0,0,0,0,1
"separate","Journal_of_the_ACM","dist","48",0,0,0,0,1
"separate","Journal_of_the_ACM","dist","49",0,0,0,0,1
"separate","Journal_of_the_ACM","dist","50",0,0,0,0,1
"separate","Journal_of_the_ACM","dist","51",0,0,0,0,1
"separate","Journal_of_the_ACM","dist","52",0,0,0,0,1
"separate","Journal_of_the_ACM","dist","53",0,0,0,0,1
"separate","Journal_of_the_ACM","dist","54",0,0,0,0,1
"separate","Journal_of_the_ACM","dist","55",0,0,0,0,1
"separate","Journal_of_the_ACM","dist","56",0,0,0,0,1
"separate","Journal_of_the_ACM","dist","57",0,0,0,0,1
"separate","Journal_of_the_ACM","dist","58",0,0,0,0,1
"separate","Journal_of_the_ACM","dist","59",0,0,0,0,1
"separate","Journal_of_the_ACM","dist","60",0,0,0,0,1
"separate","Journal_of_the_ACM","dist","61",0,0,0,0,1
"separate","Journal_of_the_ACM","dist","62",0,0,0,0,1
"separate","Journal_of_the_ACM","dist","63",0,0,0,0,1
"separate","Journal_of_the_ACM","dist","64",0,0,0,0,1
"separate","Journal_of_the_ACM","dist","65",0,0,0,0,1
"separate","Journal_of_the_ACM","dist","66",0,0,0,0,1
"separate","Journal_of_the_ACM","dist","67",0,0,0,0,1
"separate","Journal_of_the_ACM","dist","68",0,0,0,0,1
"separate","Journal_of_the_ACM","dist","69",0,0,0,0,1
"separate","Journal_of_the_ACM","dist","70",0,0,0,0,1
"separate","Journal_of_the_ACM","dist","71",0,0,0,0,1
"separate","Journal_of_the_ACM","dist","72",0,0,0,0,1
"separate","Journal_of_the_ACM","dist","73",0,0,0,0,1
"separate","Journal_of_the_ACM","dist","74",0,0,0,0,1
"separate","Journal_of_the_ACM","dist","75",0,0,0,0,1
"separate","Journal_of_the_ACM","dist","76",0,0,0,0,1
"separate","Journal_of_the_ACM","dist","77",0,0,0,0,1
"separate","Journal_of_the_ACM","dist","78",0,0,0,0,1
"separate","Journal_of_the_ACM","dist","79",0,0,0,0,1
"separate","Journal_of_the_ACM","dist","80",0,0,0,0,1
"separate","Journal_of_the_ACM","dist","81",0,0,0,0,1
"separate","Journal_of_the_ACM","dist","82",0,0,0,0,1
"separate","Journal_of_the_ACM","dist","83",0,0,0,0,1
"separate","Journal_of_the_ACM","dist","84",0,0,0,0,1
"separate","Journal_of_the_ACM","dist","85",0,0,0,0,1
"separate","Journal_of_the_ACM","dist","86",0,0,0,0,1
"separate","Journal_of_the_ACM","dist","87",0,0,0,0,1
"separate","Journal_of_the_ACM","dist","88",0,0,0,0,1
"separate","Journal_of_the_ACM","dist","89",0,0,0,0,1
"separate","Journal_of_the_ACM","dist","90",0,0,0,0,1
"separate","Journal_of_the_ACM","dist","91",0,0,0,0,1
"separate","Journal_of_the_ACM","dist","92",0,0,0,0,1
"separate","Journal_of_the_ACM","dist","93",0,0,0,0,1
"separate","Journal_of_the_ACM","dist","94",0,0,0,0,1
"separate","Journal_of_the_ACM","dist","95",0,0,0,0,1
"separate","Journal_of_the_ACM","dist","96",0,0,0,0,1
"separate","Journal_of_the_ACM","dist","97",0,0,0,0,1
"separate","Journal_of_the_ACM","dist","98",0,0,0,0,1
"separate","Journal_of_the_ACM","dist","99",0,0,0,0,1
"separate","Journal_of_the_ACM","dist","100",0,0,0,0,1
"separate","Journal_of_the_ACM","dist","101",0,0,0,0,1
"separate","Journal_of_the_ACM","dist","102",0,0,0,0,1
"separate","Journal_of_the_ACM","dist","103",0,0,0,0,1
"separate","Journal_of_the_ACM","dist","104",0,0,0,0,1
"separate","Journal_of_the_ACM","dist","105",0,0,0,0,1
"separate","Journal_of_the_ACM","dist","106",0,0,0,0,1
"separate","Journal_of_the_ACM","dist","107",0,0,0,0,1
"separate","Journal_of_the_ACM","dist","108",0,0,0,0,1
"separate","Journal_of_the_ACM","dist","109",0,0,0,0,1
"separate","Journal_of_the_ACM","dist","110",0,0,0,0,1
"separate","Journal_of_the_ACM","dist","Inf",5938,110,692.56,1540,0
"separate","Journal_of_the_ACM","dspart","0",5950,5385,5633.16,5769,0
"separate","Journal_of_the_ACM","dspart","1",23,326,453.78,682,0
"separate","Journal_of_the_ACM","dspart","2",42,4,17.63,45,0.02
"separate","Journal_of_the_ACM","dspart","3",30,0,0.43,3,0
"separate","Journal_of_the_ACM","dspart","4",60,0,0,0,0
"separate","Journal_of_the_ACM","dspart","5",0,0,0,0,1
"separate","Journal_of_the_ACM","dspart","6",0,0,0,0,1
"separate","Journal_of_the_ACM","dspart","7",0,0,0,0,1
"separate","Journal_of_the_ACM","dspart","8",0,0,0,0,1
"separate","Journal_of_the_ACM","dspart","9",0,0,0,0,1
"separate","Journal_of_the_ACM","dspart","10",0,0,0,0,1
"separate","Journal_of_the_ACM","dspart","11",0,0,0,0,1
"separate","Journal_of_the_ACM","dspart","12",0,0,0,0,1
"separate","Journal_of_the_ACM","dspart","13",0,0,0,0,1
"separate","Journal_of_the_ACM","dspart","14",0,0,0,0,1
"separate","Journal_of_the_ACM","dspart","15",0,0,0,0,1
"separate","Journal_of_the_ACM","dspart","16",0,0,0,0,1
"separate","Journal_of_the_ACM","dspart","17",0,0,0,0,1
"separate","Journal_of_the_ACM","dspart","18",0,0,0,0,1
"separate","Journal_of_the_ACM","dspart","19",0,0,0,0,1
"separate","Journal_of_the_ACM","dspart","20",0,0,0,0,1
"separate","Journal_of_the_ACM","dspart","21",0,0,0,0,1
"separate","Journal_of_the_ACM","dspart","22",0,0,0,0,1
"separate","Journal_of_the_ACM","dspart","23",0,0,0,0,1
"separate","Journal_of_the_ACM","dspart","24",0,0,0,0,1
"separate","Journal_of_the_ACM","dspart","25",0,0,0,0,1
"separate","Journal_of_the_ACM","dspart","26",0,0,0,0,1
"separate","Journal_of_the_ACM","dspart","27",0,0,0,0,1
"separate","Journal_of_the_ACM","dspart","28",0,0,0,0,1
"separate","Journal_of_the_ACM","dspart","29",0,0,0,0,1
"separate","Journal_of_the_ACM","dspart","30",0,0,0,0,1
"separate","Journal_of_the_ACM","dspart","31",0,0,0,0,1
"separate","Journal_of_the_ACM","dspart","32",0,0,0,0,1
"separate","Journal_of_the_ACM","dspart","33",0,0,0,0,1
"separate","Journal_of_the_ACM","dspart","34",0,0,0,0,1
"separate","Journal_of_the_ACM","dspart","35",0,0,0,0,1
"separate","Journal_of_the_ACM","dspart","36",0,0,0,0,1
"separate","Journal_of_the_ACM","dspart","37",0,0,0,0,1
"separate","Journal_of_the_ACM","dspart","38",0,0,0,0,1
"separate","Journal_of_the_ACM","dspart","39",0,0,0,0,1
"separate","Journal_of_the_ACM","dspart","40",0,0,0,0,1
"separate","Journal_of_the_ACM","dspart","41",0,0,0,0,1
"separate","Journal_of_the_ACM","dspart","42",0,0,0,0,1
"separate","Journal_of_the_ACM","dspart","43",0,0,0,0,1
"separate","Journal_of_the_ACM","dspart","44",0,0,0,0,1
"separate","Journal_of_the_ACM","dspart","45",0,0,0,0,1
"separate","Journal_of_the_ACM","dspart","46",0,0,0,0,1
"separate","Journal_of_the_ACM","dspart","47",0,0,0,0,1
"separate","Journal_of_the_ACM","dspart","48",0,0,0,0,1
"separate","Journal_of_the_ACM","dspart","49",0,0,0,0,1
"separate","Journal_of_the_ACM","dspart","50",0,0,0,0,1
"separate","Journal_of_the_ACM","dspart","51",0,0,0,0,1
"separate","Journal_of_the_ACM","dspart","52",0,0,0,0,1
"separate","Journal_of_the_ACM","dspart","53",0,0,0,0,1
"separate","Journal_of_the_ACM","dspart","54",0,0,0,0,1
"separate","Journal_of_the_ACM","dspart","55",0,0,0,0,1
"separate","Journal_of_the_ACM","dspart","56",0,0,0,0,1
"separate","Journal_of_the_ACM","dspart","57",0,0,0,0,1
"separate","Journal_of_the_ACM","dspart","58",0,0,0,0,1
"separate","Journal_of_the_ACM","dspart","59",0,0,0,0,1
"separate","Journal_of_the_ACM","dspart","60",0,0,0,0,1
"separate","Journal_of_the_ACM","dspart","61",0,0,0,0,1
"separate","Journal_of_the_ACM","dspart","62",0,0,0,0,1
"separate","Journal_of_the_ACM","dspart","63",0,0,0,0,1
"separate","Journal_of_the_ACM","dspart","64",0,0,0,0,1
"separate","Journal_of_the_ACM","dspart","65",0,0,0,0,1
"separate","Journal_of_the_ACM","dspart","66",0,0,0,0,1
"separate","Journal_of_the_ACM","dspart","67",0,0,0,0,1
"separate","Journal_of_the_ACM","dspart","68",0,0,0,0,1
"separate","Journal_of_the_ACM","dspart","69",0,0,0,0,1
"separate","Journal_of_the_ACM","dspart","70",0,0,0,0,1
"separate","Journal_of_the_ACM","dspart","71",0,0,0,0,1
"separate","Journal_of_the_ACM","dspart","72",0,0,0,0,1
"separate","Journal_of_the_ACM","dspart","73",0,0,0,0,1
"separate","Journal_of_the_ACM","dspart","74",0,0,0,0,1
"separate","Journal_of_the_ACM","dspart","75",0,0,0,0,1
"separate","Journal_of_the_ACM","dspart","76",0,0,0,0,1
"separate","Journal_of_the_ACM","dspart","77",0,0,0,0,1
"separate","Journal_of_the_ACM","dspart","78",0,0,0,0,1
"separate","Journal_of_the_ACM","dspart","79",0,0,0,0,1
"separate","Journal_of_the_ACM","dspart","80",0,0,0,0,1
"separate","Journal_of_the_ACM","dspart","81",0,0,0,0,1
"separate","Journal_of_the_ACM","dspart","82",0,0,0,0,1
"separate","Journal_of_the_ACM","dspart","83",0,0,0,0,1
"separate","Journal_of_the_ACM","dspart","84",0,0,0,0,1
"separate","Journal_of_the_ACM","dspart","85",0,0,0,0,1
"separate","Journal_of_the_ACM","dspart","86",0,0,0,0,1
"separate","Journal_of_the_ACM","dspart","87",0,0,0,0,1
"separate","Journal_of_the_ACM","dspart","88",0,0,0,0,1
"separate","Journal_of_the_ACM","dspart","89",0,0,0,0,1
"separate","Journal_of_the_ACM","dspart","90",0,0,0,0,1
"separate","Journal_of_the_ACM","dspart","91",0,0,0,0,1
"separate","Journal_of_the_ACM","dspart","92",0,0,0,0,1
"separate","Journal_of_the_ACM","dspart","93",0,0,0,0,1
"separate","Journal_of_the_ACM","dspart","94",0,0,0,0,1
"separate","Journal_of_the_ACM","dspart","95",0,0,0,0,1
"separate","Journal_of_the_ACM","dspart","96",0,0,0,0,1
"separate","Journal_of_the_ACM","dspart","97",0,0,0,0,1
"separate","Journal_of_the_ACM","dspart","98",0,0,0,0,1
"separate","Journal_of_the_ACM","dspart","99",0,0,0,0,1
"separate","Journal_of_the_ACM","dspart","100",0,0,0,0,1
"separate","Journal_of_the_ACM","dspart","101",0,0,0,0,1
"separate","Journal_of_the_ACM","dspart","102",0,0,0,0,1
"separate","Journal_of_the_ACM","dspart","103",0,0,0,0,1
"separate","Journal_of_the_ACM","dspart","104",0,0,0,0,1
"separate","Journal_of_the_ACM","dspart","105",0,0,0,0,1
"separate","Journal_of_the_ACM","dspart","106",0,0,0,0,1
"separate","Journal_of_the_ACM","dspart","107",0,0,0,0,1
"separate","Journal_of_the_ACM","dspart","108",0,0,0,0,1
"separate","Journal_of_the_ACM","dspart","109",0,0,0,0,1
"separate","Journal_of_the_ACM","espart","0",12,124,153.52,180,0
"separate","Journal_of_the_ACM","espart","1",21,0,11.57,28,0.18
"separate","Journal_of_the_ACM","espart","2",42,0,0.38,4,0
"separate","Journal_of_the_ACM","espart","3",30,0,0.00999999999999999,1,0
"separate","Journal_of_the_ACM","espart","4",60,0,0,0,0
"separate","Journal_of_the_ACM","espart","5",0,0,0,0,1
"separate","Journal_of_the_ACM","espart","6",0,0,0,0,1
"separate","Journal_of_the_ACM","espart","7",0,0,0,0,1
"separate","Journal_of_the_ACM","espart","8",0,0,0,0,1
"separate","Journal_of_the_ACM","espart","9",0,0,0,0,1
"separate","Journal_of_the_ACM","espart","10",0,0,0,0,1
"separate","Journal_of_the_ACM","espart","11",0,0,0,0,1
"separate","Journal_of_the_ACM","espart","12",0,0,0,0,1
"separate","Journal_of_the_ACM","espart","13",0,0,0,0,1
"separate","Journal_of_the_ACM","espart","14",0,0,0,0,1
"separate","Journal_of_the_ACM","espart","15",0,0,0,0,1
"separate","Journal_of_the_ACM","espart","16",0,0,0,0,1
"separate","Journal_of_the_ACM","espart","17",0,0,0,0,1
"separate","Journal_of_the_ACM","espart","18",0,0,0,0,1
"separate","Journal_of_the_ACM","espart","19",0,0,0,0,1
"separate","Journal_of_the_ACM","espart","20",0,0,0,0,1
"separate","Journal_of_the_ACM","espart","21",0,0,0,0,1
"separate","Journal_of_the_ACM","espart","22",0,0,0,0,1
"separate","Journal_of_the_ACM","espart","23",0,0,0,0,1
"separate","Journal_of_the_ACM","espart","24",0,0,0,0,1
"separate","Journal_of_the_ACM","espart","25",0,0,0,0,1
"separate","Journal_of_the_ACM","espart","26",0,0,0,0,1
"separate","Journal_of_the_ACM","espart","27",0,0,0,0,1
"separate","Journal_of_the_ACM","espart","28",0,0,0,0,1
"separate","Journal_of_the_ACM","espart","29",0,0,0,0,1
"separate","Journal_of_the_ACM","espart","30",0,0,0,0,1
"separate","Journal_of_the_ACM","espart","31",0,0,0,0,1
"separate","Journal_of_the_ACM","espart","32",0,0,0,0,1
"separate","Journal_of_the_ACM","espart","33",0,0,0,0,1
"separate","Journal_of_the_ACM","espart","34",0,0,0,0,1
"separate","Journal_of_the_ACM","espart","35",0,0,0,0,1
"separate","Journal_of_the_ACM","espart","36",0,0,0,0,1
"separate","Journal_of_the_ACM","espart","37",0,0,0,0,1
"separate","Journal_of_the_ACM","espart","38",0,0,0,0,1
"separate","Journal_of_the_ACM","espart","39",0,0,0,0,1
"separate","Journal_of_the_ACM","espart","40",0,0,0,0,1
"separate","Journal_of_the_ACM","espart","41",0,0,0,0,1
"separate","Journal_of_the_ACM","espart","42",0,0,0,0,1
"separate","Journal_of_the_ACM","espart","43",0,0,0,0,1
"separate","Journal_of_the_ACM","espart","44",0,0,0,0,1
"separate","Journal_of_the_ACM","espart","45",0,0,0,0,1
"separate","Journal_of_the_ACM","espart","46",0,0,0,0,1
"separate","Journal_of_the_ACM","espart","47",0,0,0,0,1
"separate","Journal_of_the_ACM","espart","48",0,0,0,0,1
"separate","Journal_of_the_ACM","espart","49",0,0,0,0,1
"separate","Journal_of_the_ACM","espart","50",0,0,0,0,1
"separate","Journal_of_the_ACM","espart","51",0,0,0,0,1
"separate","Journal_of_the_ACM","espart","52",0,0,0,0,1
"separate","Journal_of_the_ACM","espart","53",0,0,0,0,1
"separate","Journal_of_the_ACM","espart","54",0,0,0,0,1
"separate","Journal_of_the_ACM","espart","55",0,0,0,0,1
"separate","Journal_of_the_ACM","espart","56",0,0,0,0,1
"separate","Journal_of_the_ACM","espart","57",0,0,0,0,1
"separate","Journal_of_the_ACM","espart","58",0,0,0,0,1
"separate","Journal_of_the_ACM","espart","59",0,0,0,0,1
"separate","Journal_of_the_ACM","espart","60",0,0,0,0,1
"separate","Journal_of_the_ACM","espart","61",0,0,0,0,1
"separate","Journal_of_the_ACM","espart","62",0,0,0,0,1
"separate","Journal_of_the_ACM","espart","63",0,0,0,0,1
"separate","Journal_of_the_ACM","espart","64",0,0,0,0,1
"separate","Journal_of_the_ACM","espart","65",0,0,0,0,1
"separate","Journal_of_the_ACM","espart","66",0,0,0,0,1
"separate","Journal_of_the_ACM","espart","67",0,0,0,0,1
"separate","Journal_of_the_ACM","espart","68",0,0,0,0,1
"separate","Journal_of_the_ACM","espart","69",0,0,0,0,1
"separate","Journal_of_the_ACM","espart","70",0,0,0,0,1
"separate","Journal_of_the_ACM","espart","71",0,0,0,0,1
"separate","Journal_of_the_ACM","espart","72",0,0,0,0,1
"separate","Journal_of_the_ACM","espart","73",0,0,0,0,1
"separate","Journal_of_the_ACM","espart","74",0,0,0,0,1
"separate","Journal_of_the_ACM","espart","75",0,0,0,0,1
"separate","Journal_of_the_ACM","espart","76",0,0,0,0,1
"separate","Journal_of_the_ACM","espart","77",0,0,0,0,1
"separate","Journal_of_the_ACM","espart","78",0,0,0,0,1
"separate","Journal_of_the_ACM","espart","79",0,0,0,0,1
"separate","Journal_of_the_ACM","espart","80",0,0,0,0,1
"separate","Journal_of_the_ACM","espart","81",0,0,0,0,1
"separate","Journal_of_the_ACM","espart","82",0,0,0,0,1
"separate","Journal_of_the_ACM","espart","83",0,0,0,0,1
"separate","Journal_of_the_ACM","espart","84",0,0,0,0,1
"separate","Journal_of_the_ACM","espart","85",0,0,0,0,1
"separate","Journal_of_the_ACM","espart","86",0,0,0,0,1
"separate","Journal_of_the_ACM","espart","87",0,0,0,0,1
"separate","Journal_of_the_ACM","espart","88",0,0,0,0,1
"separate","Journal_of_the_ACM","espart","89",0,0,0,0,1
"separate","Journal_of_the_ACM","espart","90",0,0,0,0,1
"separate","Journal_of_the_ACM","espart","91",0,0,0,0,1
"separate","Journal_of_the_ACM","espart","92",0,0,0,0,1
"separate","Journal_of_the_ACM","espart","93",0,0,0,0,1
"separate","Journal_of_the_ACM","espart","94",0,0,0,0,1
"separate","Journal_of_the_ACM","espart","95",0,0,0,0,1
"separate","Journal_of_the_ACM","espart","96",0,0,0,0,1
"separate","Journal_of_the_ACM","espart","97",0,0,0,0,1
"separate","Journal_of_the_ACM","espart","98",0,0,0,0,1
"separate","Journal_of_the_ACM","espart","99",0,0,0,0,1
"separate","Journal_of_the_ACM","espart","100",0,0,0,0,1
"separate","Journal_of_the_ACM","espart","101",0,0,0,0,1
"separate","Journal_of_the_ACM","espart","102",0,0,0,0,1
"separate","Journal_of_the_ACM","espart","103",0,0,0,0,1
"separate","Journal_of_the_ACM","espart","104",0,0,0,0,1
"separate","Journal_of_the_ACM","espart","105",0,0,0,0,1
"separate","Journal_of_the_ACM","espart","106",0,0,0,0,1
"separate","Journal_of_the_ACM","espart","107",0,0,0,0,1
"separate","Journal_of_the_ACM","espart","108",0,0,0,0,1
"separate","Journal_of_the_ACM","espart","109",0,0,0,0,1
"separate","Journal_of_the_ACM","model","edges",165,136,165.48,206,1
"separate","Journal_of_the_ACM","model","edgecov.prior",3,1,3.01,4,1
"separate","Journal_of_the_ACM","model","nodecov.expertise_model_z",-28.0204300308798,-57.2602210422,-28.0892313597632,-0.77402252943497,0.92
"separate","Journal_of_the_ACM","model","absdiff.expertise_model_z",121.673230989019,94.0385141858622,122.526936403453,154.113509734986,0.92
"separate","Journal_of_the_ACM","model","nodecov.leadership_model_z",6.40526945333162,-39.7610635219038,4.81191749636213,54.8653973614364,0.92
"separate","Journal_of_the_ACM","model","absdiff.leadership_model_z",164.447039659313,123.775115584978,166.543628520519,204.066763933362,0.86
"separate","Management_Science","deg","0",0,82,111.8,139,0
"separate","Management_Science","deg","1",287,190,228.2,277,0
"separate","Management_Science","deg","2",388,213,252.65,285,0
"separate","Management_Science","deg","3",168,161,188.56,224,0.12
"separate","Management_Science","deg","4",79,86,107.84,138,0
"separate","Management_Science","deg","5",22,37,52.1,69,0
"separate","Management_Science","deg","6",13,12,20.69,35,0.12
"separate","Management_Science","deg","7",12,3,7.71,15,0.16
"separate","Management_Science","deg","8",0,0,2.49,6,0.12
"separate","Management_Science","deg","9",3,0,0.74,3,0.06
"separate","Management_Science","deg","10",0,0,0.18,2,1
"separate","Management_Science","deg","11",0,0,0.03,2,1
"separate","Management_Science","deg","12",0,0,0.00999999999999999,1,1
"separate","Management_Science","deg","13",0,0,0,0,1
"separate","Management_Science","deg","14",0,0,0,0,1
"separate","Management_Science","deg","15",0,0,0,0,1
"separate","Management_Science","deg","16",0,0,0,0,1
"separate","Management_Science","deg","17",0,0,0,0,1
"separate","Management_Science","deg","18",1,0,0,0,0
"separate","Management_Science","deg","19",0,0,0,0,1
"separate","Management_Science","deg","20",0,0,0,0,1
"separate","Management_Science","deg","21",0,0,0,0,1
"separate","Management_Science","deg","22",0,0,0,0,1
"separate","Management_Science","deg","23",0,0,0,0,1
"separate","Management_Science","deg","24",0,0,0,0,1
"separate","Management_Science","deg","25",0,0,0,0,1
"separate","Management_Science","deg","26",0,0,0,0,1
"separate","Management_Science","deg","27",0,0,0,0,1
"separate","Management_Science","deg","28",0,0,0,0,1
"separate","Management_Science","deg","29",0,0,0,0,1
"separate","Management_Science","deg","30",0,0,0,0,1
"separate","Management_Science","deg","31",0,0,0,0,1
"separate","Management_Science","deg","32",0,0,0,0,1
"separate","Management_Science","deg","33",0,0,0,0,1
"separate","Management_Science","deg","34",0,0,0,0,1
"separate","Management_Science","deg","35",0,0,0,0,1
"separate","Management_Science","deg","36",0,0,0,0,1
"separate","Management_Science","deg","37",0,0,0,0,1
"separate","Management_Science","deg","38",0,0,0,0,1
"separate","Management_Science","deg","39",0,0,0,0,1
"separate","Management_Science","deg","40",0,0,0,0,1
"separate","Management_Science","deg","41",0,0,0,0,1
"separate","Management_Science","deg","42",0,0,0,0,1
"separate","Management_Science","deg","43",0,0,0,0,1
"separate","Management_Science","deg","44",0,0,0,0,1
"separate","Management_Science","deg","45",0,0,0,0,1
"separate","Management_Science","deg","46",0,0,0,0,1
"separate","Management_Science","deg","47",0,0,0,0,1
"separate","Management_Science","deg","48",0,0,0,0,1
"separate","Management_Science","deg","49",0,0,0,0,1
"separate","Management_Science","deg","50",0,0,0,0,1
"separate","Management_Science","deg","51",0,0,0,0,1
"separate","Management_Science","deg","52",0,0,0,0,1
"separate","Management_Science","deg","53",0,0,0,0,1
"separate","Management_Science","deg","54",0,0,0,0,1
"separate","Management_Science","deg","55",0,0,0,0,1
"separate","Management_Science","deg","56",0,0,0,0,1
"separate","Management_Science","deg","57",0,0,0,0,1
"separate","Management_Science","deg","58",0,0,0,0,1
"separate","Management_Science","deg","59",0,0,0,0,1
"separate","Management_Science","deg","60",0,0,0,0,1
"separate","Management_Science","deg","61",0,0,0,0,1
"separate","Management_Science","deg","62",0,0,0,0,1
"separate","Management_Science","deg","63",0,0,0,0,1
"separate","Management_Science","deg","64",0,0,0,0,1
"separate","Management_Science","deg","65",0,0,0,0,1
"separate","Management_Science","deg","66",0,0,0,0,1
"separate","Management_Science","deg","67",0,0,0,0,1
"separate","Management_Science","deg","68",0,0,0,0,1
"separate","Management_Science","deg","69",0,0,0,0,1
"separate","Management_Science","deg","70",0,0,0,0,1
"separate","Management_Science","deg","71",0,0,0,0,1
"separate","Management_Science","deg","72",0,0,0,0,1
"separate","Management_Science","deg","73",0,0,0,0,1
"separate","Management_Science","deg","74",0,0,0,0,1
"separate","Management_Science","deg","75",0,0,0,0,1
"separate","Management_Science","deg","76",0,0,0,0,1
"separate","Management_Science","deg","77",0,0,0,0,1
"separate","Management_Science","deg","78",0,0,0,0,1
"separate","Management_Science","deg","79",0,0,0,0,1
"separate","Management_Science","deg","80",0,0,0,0,1
"separate","Management_Science","deg","81",0,0,0,0,1
"separate","Management_Science","deg","82",0,0,0,0,1
"separate","Management_Science","deg","83",0,0,0,0,1
"separate","Management_Science","deg","84",0,0,0,0,1
"separate","Management_Science","deg","85",0,0,0,0,1
"separate","Management_Science","deg","86",0,0,0,0,1
"separate","Management_Science","deg","87",0,0,0,0,1
"separate","Management_Science","deg","88",0,0,0,0,1
"separate","Management_Science","deg","89",0,0,0,0,1
"separate","Management_Science","deg","90",0,0,0,0,1
"separate","Management_Science","deg","91",0,0,0,0,1
"separate","Management_Science","deg","92",0,0,0,0,1
"separate","Management_Science","deg","93",0,0,0,0,1
"separate","Management_Science","deg","94",0,0,0,0,1
"separate","Management_Science","deg","95",0,0,0,0,1
"separate","Management_Science","deg","96",0,0,0,0,1
"separate","Management_Science","deg","97",0,0,0,0,1
"separate","Management_Science","deg","98",0,0,0,0,1
"separate","Management_Science","deg","99",0,0,0,0,1
"separate","Management_Science","deg","100",0,0,0,0,1
"separate","Management_Science","deg","101",0,0,0,0,1
"separate","Management_Science","deg","102",0,0,0,0,1
"separate","Management_Science","deg","103",0,0,0,0,1
"separate","Management_Science","deg","104",0,0,0,0,1
"separate","Management_Science","deg","105",0,0,0,0,1
"separate","Management_Science","deg","106",0,0,0,0,1
"separate","Management_Science","deg","107",0,0,0,0,1
"separate","Management_Science","deg","108",0,0,0,0,1
"separate","Management_Science","deg","109",0,0,0,0,1
"separate","Management_Science","deg","110",0,0,0,0,1
"separate","Management_Science","deg","111",0,0,0,0,1
"separate","Management_Science","deg","112",0,0,0,0,1
"separate","Management_Science","deg","113",0,0,0,0,1
"separate","Management_Science","deg","114",0,0,0,0,1
"separate","Management_Science","deg","115",0,0,0,0,1
"separate","Management_Science","deg","116",0,0,0,0,1
"separate","Management_Science","deg","117",0,0,0,0,1
"separate","Management_Science","deg","118",0,0,0,0,1
"separate","Management_Science","deg","119",0,0,0,0,1
"separate","Management_Science","deg","120",0,0,0,0,1
"separate","Management_Science","deg","121",0,0,0,0,1
"separate","Management_Science","deg","122",0,0,0,0,1
"separate","Management_Science","deg","123",0,0,0,0,1
"separate","Management_Science","deg","124",0,0,0,0,1
"separate","Management_Science","deg","125",0,0,0,0,1
"separate","Management_Science","deg","126",0,0,0,0,1
"separate","Management_Science","deg","127",0,0,0,0,1
"separate","Management_Science","deg","128",0,0,0,0,1
"separate","Management_Science","deg","129",0,0,0,0,1
"separate","Management_Science","deg","130",0,0,0,0,1
"separate","Management_Science","deg","131",0,0,0,0,1
"separate","Management_Science","deg","132",0,0,0,0,1
"separate","Management_Science","deg","133",0,0,0,0,1
"separate","Management_Science","deg","134",0,0,0,0,1
"separate","Management_Science","deg","135",0,0,0,0,1
"separate","Management_Science","deg","136",0,0,0,0,1
"separate","Management_Science","deg","137",0,0,0,0,1
"separate","Management_Science","deg","138",0,0,0,0,1
"separate","Management_Science","deg","139",0,0,0,0,1
"separate","Management_Science","deg","140",0,0,0,0,1
"separate","Management_Science","deg","141",0,0,0,0,1
"separate","Management_Science","deg","142",0,0,0,0,1
"separate","Management_Science","deg","143",0,0,0,0,1
"separate","Management_Science","deg","144",0,0,0,0,1
"separate","Management_Science","deg","145",0,0,0,0,1
"separate","Management_Science","deg","146",0,0,0,0,1
"separate","Management_Science","deg","147",0,0,0,0,1
"separate","Management_Science","deg","148",0,0,0,0,1
"separate","Management_Science","deg","149",0,0,0,0,1
"separate","Management_Science","deg","150",0,0,0,0,1
"separate","Management_Science","deg","151",0,0,0,0,1
"separate","Management_Science","deg","152",0,0,0,0,1
"separate","Management_Science","deg","153",0,0,0,0,1
"separate","Management_Science","deg","154",0,0,0,0,1
"separate","Management_Science","deg","155",0,0,0,0,1
"separate","Management_Science","deg","156",0,0,0,0,1
"separate","Management_Science","deg","157",0,0,0,0,1
"separate","Management_Science","deg","158",0,0,0,0,1
"separate","Management_Science","deg","159",0,0,0,0,1
"separate","Management_Science","deg","160",0,0,0,0,1
"separate","Management_Science","deg","161",0,0,0,0,1
"separate","Management_Science","deg","162",0,0,0,0,1
"separate","Management_Science","deg","163",0,0,0,0,1
"separate","Management_Science","deg","164",0,0,0,0,1
"separate","Management_Science","deg","165",0,0,0,0,1
"separate","Management_Science","deg","166",0,0,0,0,1
"separate","Management_Science","deg","167",0,0,0,0,1
"separate","Management_Science","deg","168",0,0,0,0,1
"separate","Management_Science","deg","169",0,0,0,0,1
"separate","Management_Science","deg","170",0,0,0,0,1
"separate","Management_Science","deg","171",0,0,0,0,1
"separate","Management_Science","deg","172",0,0,0,0,1
"separate","Management_Science","deg","173",0,0,0,0,1
"separate","Management_Science","deg","174",0,0,0,0,1
"separate","Management_Science","deg","175",0,0,0,0,1
"separate","Management_Science","deg","176",0,0,0,0,1
"separate","Management_Science","deg","177",0,0,0,0,1
"separate","Management_Science","deg","178",0,0,0,0,1
"separate","Management_Science","deg","179",0,0,0,0,1
"separate","Management_Science","deg","180",0,0,0,0,1
"separate","Management_Science","deg","181",0,0,0,0,1
"separate","Management_Science","deg","182",0,0,0,0,1
"separate","Management_Science","deg","183",0,0,0,0,1
"separate","Management_Science","deg","184",0,0,0,0,1
"separate","Management_Science","deg","185",0,0,0,0,1
"separate","Management_Science","deg","186",0,0,0,0,1
"separate","Management_Science","deg","187",0,0,0,0,1
"separate","Management_Science","deg","188",0,0,0,0,1
"separate","Management_Science","deg","189",0,0,0,0,1
"separate","Management_Science","deg","190",0,0,0,0,1
"separate","Management_Science","deg","191",0,0,0,0,1
"separate","Management_Science","deg","192",0,0,0,0,1
"separate","Management_Science","deg","193",0,0,0,0,1
"separate","Management_Science","deg","194",0,0,0,0,1
"separate","Management_Science","deg","195",0,0,0,0,1
"separate","Management_Science","deg","196",0,0,0,0,1
"separate","Management_Science","deg","197",0,0,0,0,1
"separate","Management_Science","deg","198",0,0,0,0,1
"separate","Management_Science","deg","199",0,0,0,0,1
"separate","Management_Science","deg","200",0,0,0,0,1
"separate","Management_Science","deg","201",0,0,0,0,1
"separate","Management_Science","deg","202",0,0,0,0,1
"separate","Management_Science","deg","203",0,0,0,0,1
"separate","Management_Science","deg","204",0,0,0,0,1
"separate","Management_Science","deg","205",0,0,0,0,1
"separate","Management_Science","deg","206",0,0,0,0,1
"separate","Management_Science","deg","207",0,0,0,0,1
"separate","Management_Science","deg","208",0,0,0,0,1
"separate","Management_Science","deg","209",0,0,0,0,1
"separate","Management_Science","deg","210",0,0,0,0,1
"separate","Management_Science","deg","211",0,0,0,0,1
"separate","Management_Science","deg","212",0,0,0,0,1
"separate","Management_Science","deg","213",0,0,0,0,1
"separate","Management_Science","deg","214",0,0,0,0,1
"separate","Management_Science","deg","215",0,0,0,0,1
"separate","Management_Science","deg","216",0,0,0,0,1
"separate","Management_Science","deg","217",0,0,0,0,1
"separate","Management_Science","deg","218",0,0,0,0,1
"separate","Management_Science","deg","219",0,0,0,0,1
"separate","Management_Science","deg","220",0,0,0,0,1
"separate","Management_Science","deg","221",0,0,0,0,1
"separate","Management_Science","deg","222",0,0,0,0,1
"separate","Management_Science","deg","223",0,0,0,0,1
"separate","Management_Science","deg","224",0,0,0,0,1
"separate","Management_Science","deg","225",0,0,0,0,1
"separate","Management_Science","deg","226",0,0,0,0,1
"separate","Management_Science","deg","227",0,0,0,0,1
"separate","Management_Science","deg","228",0,0,0,0,1
"separate","Management_Science","deg","229",0,0,0,0,1
"separate","Management_Science","deg","230",0,0,0,0,1
"separate","Management_Science","deg","231",0,0,0,0,1
"separate","Management_Science","deg","232",0,0,0,0,1
"separate","Management_Science","deg","233",0,0,0,0,1
"separate","Management_Science","deg","234",0,0,0,0,1
"separate","Management_Science","deg","235",0,0,0,0,1
"separate","Management_Science","deg","236",0,0,0,0,1
"separate","Management_Science","deg","237",0,0,0,0,1
"separate","Management_Science","deg","238",0,0,0,0,1
"separate","Management_Science","deg","239",0,0,0,0,1
"separate","Management_Science","deg","240",0,0,0,0,1
"separate","Management_Science","deg","241",0,0,0,0,1
"separate","Management_Science","deg","242",0,0,0,0,1
"separate","Management_Science","deg","243",0,0,0,0,1
"separate","Management_Science","deg","244",0,0,0,0,1
"separate","Management_Science","deg","245",0,0,0,0,1
"separate","Management_Science","deg","246",0,0,0,0,1
"separate","Management_Science","deg","247",0,0,0,0,1
"separate","Management_Science","deg","248",0,0,0,0,1
"separate","Management_Science","deg","249",0,0,0,0,1
"separate","Management_Science","deg","250",0,0,0,0,1
"separate","Management_Science","deg","251",0,0,0,0,1
"separate","Management_Science","deg","252",0,0,0,0,1
"separate","Management_Science","deg","253",0,0,0,0,1
"separate","Management_Science","deg","254",0,0,0,0,1
"separate","Management_Science","deg","255",0,0,0,0,1
"separate","Management_Science","deg","256",0,0,0,0,1
"separate","Management_Science","deg","257",0,0,0,0,1
"separate","Management_Science","deg","258",0,0,0,0,1
"separate","Management_Science","deg","259",0,0,0,0,1
"separate","Management_Science","deg","260",0,0,0,0,1
"separate","Management_Science","deg","261",0,0,0,0,1
"separate","Management_Science","deg","262",0,0,0,0,1
"separate","Management_Science","deg","263",0,0,0,0,1
"separate","Management_Science","deg","264",0,0,0,0,1
"separate","Management_Science","deg","265",0,0,0,0,1
"separate","Management_Science","deg","266",0,0,0,0,1
"separate","Management_Science","deg","267",0,0,0,0,1
"separate","Management_Science","deg","268",0,0,0,0,1
"separate","Management_Science","deg","269",0,0,0,0,1
"separate","Management_Science","deg","270",0,0,0,0,1
"separate","Management_Science","deg","271",0,0,0,0,1
"separate","Management_Science","deg","272",0,0,0,0,1
"separate","Management_Science","deg","273",0,0,0,0,1
"separate","Management_Science","deg","274",0,0,0,0,1
"separate","Management_Science","deg","275",0,0,0,0,1
"separate","Management_Science","deg","276",0,0,0,0,1
"separate","Management_Science","deg","277",0,0,0,0,1
"separate","Management_Science","deg","278",0,0,0,0,1
"separate","Management_Science","deg","279",0,0,0,0,1
"separate","Management_Science","deg","280",0,0,0,0,1
"separate","Management_Science","deg","281",0,0,0,0,1
"separate","Management_Science","deg","282",0,0,0,0,1
"separate","Management_Science","deg","283",0,0,0,0,1
"separate","Management_Science","deg","284",0,0,0,0,1
"separate","Management_Science","deg","285",0,0,0,0,1
"separate","Management_Science","deg","286",0,0,0,0,1
"separate","Management_Science","deg","287",0,0,0,0,1
"separate","Management_Science","deg","288",0,0,0,0,1
"separate","Management_Science","deg","289",0,0,0,0,1
"separate","Management_Science","deg","290",0,0,0,0,1
"separate","Management_Science","deg","291",0,0,0,0,1
"separate","Management_Science","deg","292",0,0,0,0,1
"separate","Management_Science","deg","293",0,0,0,0,1
"separate","Management_Science","deg","294",0,0,0,0,1
"separate","Management_Science","deg","295",0,0,0,0,1
"separate","Management_Science","deg","296",0,0,0,0,1
"separate","Management_Science","deg","297",0,0,0,0,1
"separate","Management_Science","deg","298",0,0,0,0,1
"separate","Management_Science","deg","299",0,0,0,0,1
"separate","Management_Science","deg","300",0,0,0,0,1
"separate","Management_Science","deg","301",0,0,0,0,1
"separate","Management_Science","deg","302",0,0,0,0,1
"separate","Management_Science","deg","303",0,0,0,0,1
"separate","Management_Science","deg","304",0,0,0,0,1
"separate","Management_Science","deg","305",0,0,0,0,1
"separate","Management_Science","deg","306",0,0,0,0,1
"separate","Management_Science","deg","307",0,0,0,0,1
"separate","Management_Science","deg","308",0,0,0,0,1
"separate","Management_Science","deg","309",0,0,0,0,1
"separate","Management_Science","deg","310",0,0,0,0,1
"separate","Management_Science","deg","311",0,0,0,0,1
"separate","Management_Science","deg","312",0,0,0,0,1
"separate","Management_Science","deg","313",0,0,0,0,1
"separate","Management_Science","deg","314",0,0,0,0,1
"separate","Management_Science","deg","315",0,0,0,0,1
"separate","Management_Science","deg","316",0,0,0,0,1
"separate","Management_Science","deg","317",0,0,0,0,1
"separate","Management_Science","deg","318",0,0,0,0,1
"separate","Management_Science","deg","319",0,0,0,0,1
"separate","Management_Science","deg","320",0,0,0,0,1
"separate","Management_Science","deg","321",0,0,0,0,1
"separate","Management_Science","deg","322",0,0,0,0,1
"separate","Management_Science","deg","323",0,0,0,0,1
"separate","Management_Science","deg","324",0,0,0,0,1
"separate","Management_Science","deg","325",0,0,0,0,1
"separate","Management_Science","deg","326",0,0,0,0,1
"separate","Management_Science","deg","327",0,0,0,0,1
"separate","Management_Science","deg","328",0,0,0,0,1
"separate","Management_Science","deg","329",0,0,0,0,1
"separate","Management_Science","deg","330",0,0,0,0,1
"separate","Management_Science","deg","331",0,0,0,0,1
"separate","Management_Science","deg","332",0,0,0,0,1
"separate","Management_Science","deg","333",0,0,0,0,1
"separate","Management_Science","deg","334",0,0,0,0,1
"separate","Management_Science","deg","335",0,0,0,0,1
"separate","Management_Science","deg","336",0,0,0,0,1
"separate","Management_Science","deg","337",0,0,0,0,1
"separate","Management_Science","deg","338",0,0,0,0,1
"separate","Management_Science","deg","339",0,0,0,0,1
"separate","Management_Science","deg","340",0,0,0,0,1
"separate","Management_Science","deg","341",0,0,0,0,1
"separate","Management_Science","deg","342",0,0,0,0,1
"separate","Management_Science","deg","343",0,0,0,0,1
"separate","Management_Science","deg","344",0,0,0,0,1
"separate","Management_Science","deg","345",0,0,0,0,1
"separate","Management_Science","deg","346",0,0,0,0,1
"separate","Management_Science","deg","347",0,0,0,0,1
"separate","Management_Science","deg","348",0,0,0,0,1
"separate","Management_Science","deg","349",0,0,0,0,1
"separate","Management_Science","deg","350",0,0,0,0,1
"separate","Management_Science","deg","351",0,0,0,0,1
"separate","Management_Science","deg","352",0,0,0,0,1
"separate","Management_Science","deg","353",0,0,0,0,1
"separate","Management_Science","deg","354",0,0,0,0,1
"separate","Management_Science","deg","355",0,0,0,0,1
"separate","Management_Science","deg","356",0,0,0,0,1
"separate","Management_Science","deg","357",0,0,0,0,1
"separate","Management_Science","deg","358",0,0,0,0,1
"separate","Management_Science","deg","359",0,0,0,0,1
"separate","Management_Science","deg","360",0,0,0,0,1
"separate","Management_Science","deg","361",0,0,0,0,1
"separate","Management_Science","deg","362",0,0,0,0,1
"separate","Management_Science","deg","363",0,0,0,0,1
"separate","Management_Science","deg","364",0,0,0,0,1
"separate","Management_Science","deg","365",0,0,0,0,1
"separate","Management_Science","deg","366",0,0,0,0,1
"separate","Management_Science","deg","367",0,0,0,0,1
"separate","Management_Science","deg","368",0,0,0,0,1
"separate","Management_Science","deg","369",0,0,0,0,1
"separate","Management_Science","deg","370",0,0,0,0,1
"separate","Management_Science","deg","371",0,0,0,0,1
"separate","Management_Science","deg","372",0,0,0,0,1
"separate","Management_Science","deg","373",0,0,0,0,1
"separate","Management_Science","deg","374",0,0,0,0,1
"separate","Management_Science","deg","375",0,0,0,0,1
"separate","Management_Science","deg","376",0,0,0,0,1
"separate","Management_Science","deg","377",0,0,0,0,1
"separate","Management_Science","deg","378",0,0,0,0,1
"separate","Management_Science","deg","379",0,0,0,0,1
"separate","Management_Science","deg","380",0,0,0,0,1
"separate","Management_Science","deg","381",0,0,0,0,1
"separate","Management_Science","deg","382",0,0,0,0,1
"separate","Management_Science","deg","383",0,0,0,0,1
"separate","Management_Science","deg","384",0,0,0,0,1
"separate","Management_Science","deg","385",0,0,0,0,1
"separate","Management_Science","deg","386",0,0,0,0,1
"separate","Management_Science","deg","387",0,0,0,0,1
"separate","Management_Science","deg","388",0,0,0,0,1
"separate","Management_Science","deg","389",0,0,0,0,1
"separate","Management_Science","deg","390",0,0,0,0,1
"separate","Management_Science","deg","391",0,0,0,0,1
"separate","Management_Science","deg","392",0,0,0,0,1
"separate","Management_Science","deg","393",0,0,0,0,1
"separate","Management_Science","deg","394",0,0,0,0,1
"separate","Management_Science","deg","395",0,0,0,0,1
"separate","Management_Science","deg","396",0,0,0,0,1
"separate","Management_Science","deg","397",0,0,0,0,1
"separate","Management_Science","deg","398",0,0,0,0,1
"separate","Management_Science","deg","399",0,0,0,0,1
"separate","Management_Science","deg","400",0,0,0,0,1
"separate","Management_Science","deg","401",0,0,0,0,1
"separate","Management_Science","deg","402",0,0,0,0,1
"separate","Management_Science","deg","403",0,0,0,0,1
"separate","Management_Science","deg","404",0,0,0,0,1
"separate","Management_Science","deg","405",0,0,0,0,1
"separate","Management_Science","deg","406",0,0,0,0,1
"separate","Management_Science","deg","407",0,0,0,0,1
"separate","Management_Science","deg","408",0,0,0,0,1
"separate","Management_Science","deg","409",0,0,0,0,1
"separate","Management_Science","deg","410",0,0,0,0,1
"separate","Management_Science","deg","411",0,0,0,0,1
"separate","Management_Science","deg","412",0,0,0,0,1
"separate","Management_Science","deg","413",0,0,0,0,1
"separate","Management_Science","deg","414",0,0,0,0,1
"separate","Management_Science","deg","415",0,0,0,0,1
"separate","Management_Science","deg","416",0,0,0,0,1
"separate","Management_Science","deg","417",0,0,0,0,1
"separate","Management_Science","deg","418",0,0,0,0,1
"separate","Management_Science","deg","419",0,0,0,0,1
"separate","Management_Science","deg","420",0,0,0,0,1
"separate","Management_Science","deg","421",0,0,0,0,1
"separate","Management_Science","deg","422",0,0,0,0,1
"separate","Management_Science","deg","423",0,0,0,0,1
"separate","Management_Science","deg","424",0,0,0,0,1
"separate","Management_Science","deg","425",0,0,0,0,1
"separate","Management_Science","deg","426",0,0,0,0,1
"separate","Management_Science","deg","427",0,0,0,0,1
"separate","Management_Science","deg","428",0,0,0,0,1
"separate","Management_Science","deg","429",0,0,0,0,1
"separate","Management_Science","deg","430",0,0,0,0,1
"separate","Management_Science","deg","431",0,0,0,0,1
"separate","Management_Science","deg","432",0,0,0,0,1
"separate","Management_Science","deg","433",0,0,0,0,1
"separate","Management_Science","deg","434",0,0,0,0,1
"separate","Management_Science","deg","435",0,0,0,0,1
"separate","Management_Science","deg","436",0,0,0,0,1
"separate","Management_Science","deg","437",0,0,0,0,1
"separate","Management_Science","deg","438",0,0,0,0,1
"separate","Management_Science","deg","439",0,0,0,0,1
"separate","Management_Science","deg","440",0,0,0,0,1
"separate","Management_Science","deg","441",0,0,0,0,1
"separate","Management_Science","deg","442",0,0,0,0,1
"separate","Management_Science","deg","443",0,0,0,0,1
"separate","Management_Science","deg","444",0,0,0,0,1
"separate","Management_Science","deg","445",0,0,0,0,1
"separate","Management_Science","deg","446",0,0,0,0,1
"separate","Management_Science","deg","447",0,0,0,0,1
"separate","Management_Science","deg","448",0,0,0,0,1
"separate","Management_Science","deg","449",0,0,0,0,1
"separate","Management_Science","deg","450",0,0,0,0,1
"separate","Management_Science","deg","451",0,0,0,0,1
"separate","Management_Science","deg","452",0,0,0,0,1
"separate","Management_Science","deg","453",0,0,0,0,1
"separate","Management_Science","deg","454",0,0,0,0,1
"separate","Management_Science","deg","455",0,0,0,0,1
"separate","Management_Science","deg","456",0,0,0,0,1
"separate","Management_Science","deg","457",0,0,0,0,1
"separate","Management_Science","deg","458",0,0,0,0,1
"separate","Management_Science","deg","459",0,0,0,0,1
"separate","Management_Science","deg","460",0,0,0,0,1
"separate","Management_Science","deg","461",0,0,0,0,1
"separate","Management_Science","deg","462",0,0,0,0,1
"separate","Management_Science","deg","463",0,0,0,0,1
"separate","Management_Science","deg","464",0,0,0,0,1
"separate","Management_Science","deg","465",0,0,0,0,1
"separate","Management_Science","deg","466",0,0,0,0,1
"separate","Management_Science","deg","467",0,0,0,0,1
"separate","Management_Science","deg","468",0,0,0,0,1
"separate","Management_Science","deg","469",0,0,0,0,1
"separate","Management_Science","deg","470",0,0,0,0,1
"separate","Management_Science","deg","471",0,0,0,0,1
"separate","Management_Science","deg","472",0,0,0,0,1
"separate","Management_Science","deg","473",0,0,0,0,1
"separate","Management_Science","deg","474",0,0,0,0,1
"separate","Management_Science","deg","475",0,0,0,0,1
"separate","Management_Science","deg","476",0,0,0,0,1
"separate","Management_Science","deg","477",0,0,0,0,1
"separate","Management_Science","deg","478",0,0,0,0,1
"separate","Management_Science","deg","479",0,0,0,0,1
"separate","Management_Science","deg","480",0,0,0,0,1
"separate","Management_Science","deg","481",0,0,0,0,1
"separate","Management_Science","deg","482",0,0,0,0,1
"separate","Management_Science","deg","483",0,0,0,0,1
"separate","Management_Science","deg","484",0,0,0,0,1
"separate","Management_Science","deg","485",0,0,0,0,1
"separate","Management_Science","deg","486",0,0,0,0,1
"separate","Management_Science","deg","487",0,0,0,0,1
"separate","Management_Science","deg","488",0,0,0,0,1
"separate","Management_Science","deg","489",0,0,0,0,1
"separate","Management_Science","deg","490",0,0,0,0,1
"separate","Management_Science","deg","491",0,0,0,0,1
"separate","Management_Science","deg","492",0,0,0,0,1
"separate","Management_Science","deg","493",0,0,0,0,1
"separate","Management_Science","deg","494",0,0,0,0,1
"separate","Management_Science","deg","495",0,0,0,0,1
"separate","Management_Science","deg","496",0,0,0,0,1
"separate","Management_Science","deg","497",0,0,0,0,1
"separate","Management_Science","deg","498",0,0,0,0,1
"separate","Management_Science","deg","499",0,0,0,0,1
"separate","Management_Science","deg","500",0,0,0,0,1
"separate","Management_Science","deg","501",0,0,0,0,1
"separate","Management_Science","deg","502",0,0,0,0,1
"separate","Management_Science","deg","503",0,0,0,0,1
"separate","Management_Science","deg","504",0,0,0,0,1
"separate","Management_Science","deg","505",0,0,0,0,1
"separate","Management_Science","deg","506",0,0,0,0,1
"separate","Management_Science","deg","507",0,0,0,0,1
"separate","Management_Science","deg","508",0,0,0,0,1
"separate","Management_Science","deg","509",0,0,0,0,1
"separate","Management_Science","deg","510",0,0,0,0,1
"separate","Management_Science","deg","511",0,0,0,0,1
"separate","Management_Science","deg","512",0,0,0,0,1
"separate","Management_Science","deg","513",0,0,0,0,1
"separate","Management_Science","deg","514",0,0,0,0,1
"separate","Management_Science","deg","515",0,0,0,0,1
"separate","Management_Science","deg","516",0,0,0,0,1
"separate","Management_Science","deg","517",0,0,0,0,1
"separate","Management_Science","deg","518",0,0,0,0,1
"separate","Management_Science","deg","519",0,0,0,0,1
"separate","Management_Science","deg","520",0,0,0,0,1
"separate","Management_Science","deg","521",0,0,0,0,1
"separate","Management_Science","deg","522",0,0,0,0,1
"separate","Management_Science","deg","523",0,0,0,0,1
"separate","Management_Science","deg","524",0,0,0,0,1
"separate","Management_Science","deg","525",0,0,0,0,1
"separate","Management_Science","deg","526",0,0,0,0,1
"separate","Management_Science","deg","527",0,0,0,0,1
"separate","Management_Science","deg","528",0,0,0,0,1
"separate","Management_Science","deg","529",0,0,0,0,1
"separate","Management_Science","deg","530",0,0,0,0,1
"separate","Management_Science","deg","531",0,0,0,0,1
"separate","Management_Science","deg","532",0,0,0,0,1
"separate","Management_Science","deg","533",0,0,0,0,1
"separate","Management_Science","deg","534",0,0,0,0,1
"separate","Management_Science","deg","535",0,0,0,0,1
"separate","Management_Science","deg","536",0,0,0,0,1
"separate","Management_Science","deg","537",0,0,0,0,1
"separate","Management_Science","deg","538",0,0,0,0,1
"separate","Management_Science","deg","539",0,0,0,0,1
"separate","Management_Science","deg","540",0,0,0,0,1
"separate","Management_Science","deg","541",0,0,0,0,1
"separate","Management_Science","deg","542",0,0,0,0,1
"separate","Management_Science","deg","543",0,0,0,0,1
"separate","Management_Science","deg","544",0,0,0,0,1
"separate","Management_Science","deg","545",0,0,0,0,1
"separate","Management_Science","deg","546",0,0,0,0,1
"separate","Management_Science","deg","547",0,0,0,0,1
"separate","Management_Science","deg","548",0,0,0,0,1
"separate","Management_Science","deg","549",0,0,0,0,1
"separate","Management_Science","deg","550",0,0,0,0,1
"separate","Management_Science","deg","551",0,0,0,0,1
"separate","Management_Science","deg","552",0,0,0,0,1
"separate","Management_Science","deg","553",0,0,0,0,1
"separate","Management_Science","deg","554",0,0,0,0,1
"separate","Management_Science","deg","555",0,0,0,0,1
"separate","Management_Science","deg","556",0,0,0,0,1
"separate","Management_Science","deg","557",0,0,0,0,1
"separate","Management_Science","deg","558",0,0,0,0,1
"separate","Management_Science","deg","559",0,0,0,0,1
"separate","Management_Science","deg","560",0,0,0,0,1
"separate","Management_Science","deg","561",0,0,0,0,1
"separate","Management_Science","deg","562",0,0,0,0,1
"separate","Management_Science","deg","563",0,0,0,0,1
"separate","Management_Science","deg","564",0,0,0,0,1
"separate","Management_Science","deg","565",0,0,0,0,1
"separate","Management_Science","deg","566",0,0,0,0,1
"separate","Management_Science","deg","567",0,0,0,0,1
"separate","Management_Science","deg","568",0,0,0,0,1
"separate","Management_Science","deg","569",0,0,0,0,1
"separate","Management_Science","deg","570",0,0,0,0,1
"separate","Management_Science","deg","571",0,0,0,0,1
"separate","Management_Science","deg","572",0,0,0,0,1
"separate","Management_Science","deg","573",0,0,0,0,1
"separate","Management_Science","deg","574",0,0,0,0,1
"separate","Management_Science","deg","575",0,0,0,0,1
"separate","Management_Science","deg","576",0,0,0,0,1
"separate","Management_Science","deg","577",0,0,0,0,1
"separate","Management_Science","deg","578",0,0,0,0,1
"separate","Management_Science","deg","579",0,0,0,0,1
"separate","Management_Science","deg","580",0,0,0,0,1
"separate","Management_Science","deg","581",0,0,0,0,1
"separate","Management_Science","deg","582",0,0,0,0,1
"separate","Management_Science","deg","583",0,0,0,0,1
"separate","Management_Science","deg","584",0,0,0,0,1
"separate","Management_Science","deg","585",0,0,0,0,1
"separate","Management_Science","deg","586",0,0,0,0,1
"separate","Management_Science","deg","587",0,0,0,0,1
"separate","Management_Science","deg","588",0,0,0,0,1
"separate","Management_Science","deg","589",0,0,0,0,1
"separate","Management_Science","deg","590",0,0,0,0,1
"separate","Management_Science","deg","591",0,0,0,0,1
"separate","Management_Science","deg","592",0,0,0,0,1
"separate","Management_Science","deg","593",0,0,0,0,1
"separate","Management_Science","deg","594",0,0,0,0,1
"separate","Management_Science","deg","595",0,0,0,0,1
"separate","Management_Science","deg","596",0,0,0,0,1
"separate","Management_Science","deg","597",0,0,0,0,1
"separate","Management_Science","deg","598",0,0,0,0,1
"separate","Management_Science","deg","599",0,0,0,0,1
"separate","Management_Science","deg","600",0,0,0,0,1
"separate","Management_Science","deg","601",0,0,0,0,1
"separate","Management_Science","deg","602",0,0,0,0,1
"separate","Management_Science","deg","603",0,0,0,0,1
"separate","Management_Science","deg","604",0,0,0,0,1
"separate","Management_Science","deg","605",0,0,0,0,1
"separate","Management_Science","deg","606",0,0,0,0,1
"separate","Management_Science","deg","607",0,0,0,0,1
"separate","Management_Science","deg","608",0,0,0,0,1
"separate","Management_Science","deg","609",0,0,0,0,1
"separate","Management_Science","deg","610",0,0,0,0,1
"separate","Management_Science","deg","611",0,0,0,0,1
"separate","Management_Science","deg","612",0,0,0,0,1
"separate","Management_Science","deg","613",0,0,0,0,1
"separate","Management_Science","deg","614",0,0,0,0,1
"separate","Management_Science","deg","615",0,0,0,0,1
"separate","Management_Science","deg","616",0,0,0,0,1
"separate","Management_Science","deg","617",0,0,0,0,1
"separate","Management_Science","deg","618",0,0,0,0,1
"separate","Management_Science","deg","619",0,0,0,0,1
"separate","Management_Science","deg","620",0,0,0,0,1
"separate","Management_Science","deg","621",0,0,0,0,1
"separate","Management_Science","deg","622",0,0,0,0,1
"separate","Management_Science","deg","623",0,0,0,0,1
"separate","Management_Science","deg","624",0,0,0,0,1
"separate","Management_Science","deg","625",0,0,0,0,1
"separate","Management_Science","deg","626",0,0,0,0,1
"separate","Management_Science","deg","627",0,0,0,0,1
"separate","Management_Science","deg","628",0,0,0,0,1
"separate","Management_Science","deg","629",0,0,0,0,1
"separate","Management_Science","deg","630",0,0,0,0,1
"separate","Management_Science","deg","631",0,0,0,0,1
"separate","Management_Science","deg","632",0,0,0,0,1
"separate","Management_Science","deg","633",0,0,0,0,1
"separate","Management_Science","deg","634",0,0,0,0,1
"separate","Management_Science","deg","635",0,0,0,0,1
"separate","Management_Science","deg","636",0,0,0,0,1
"separate","Management_Science","deg","637",0,0,0,0,1
"separate","Management_Science","deg","638",0,0,0,0,1
"separate","Management_Science","deg","639",0,0,0,0,1
"separate","Management_Science","deg","640",0,0,0,0,1
"separate","Management_Science","deg","641",0,0,0,0,1
"separate","Management_Science","deg","642",0,0,0,0,1
"separate","Management_Science","deg","643",0,0,0,0,1
"separate","Management_Science","deg","644",0,0,0,0,1
"separate","Management_Science","deg","645",0,0,0,0,1
"separate","Management_Science","deg","646",0,0,0,0,1
"separate","Management_Science","deg","647",0,0,0,0,1
"separate","Management_Science","deg","648",0,0,0,0,1
"separate","Management_Science","deg","649",0,0,0,0,1
"separate","Management_Science","deg","650",0,0,0,0,1
"separate","Management_Science","deg","651",0,0,0,0,1
"separate","Management_Science","deg","652",0,0,0,0,1
"separate","Management_Science","deg","653",0,0,0,0,1
"separate","Management_Science","deg","654",0,0,0,0,1
"separate","Management_Science","deg","655",0,0,0,0,1
"separate","Management_Science","deg","656",0,0,0,0,1
"separate","Management_Science","deg","657",0,0,0,0,1
"separate","Management_Science","deg","658",0,0,0,0,1
"separate","Management_Science","deg","659",0,0,0,0,1
"separate","Management_Science","deg","660",0,0,0,0,1
"separate","Management_Science","deg","661",0,0,0,0,1
"separate","Management_Science","deg","662",0,0,0,0,1
"separate","Management_Science","deg","663",0,0,0,0,1
"separate","Management_Science","deg","664",0,0,0,0,1
"separate","Management_Science","deg","665",0,0,0,0,1
"separate","Management_Science","deg","666",0,0,0,0,1
"separate","Management_Science","deg","667",0,0,0,0,1
"separate","Management_Science","deg","668",0,0,0,0,1
"separate","Management_Science","deg","669",0,0,0,0,1
"separate","Management_Science","deg","670",0,0,0,0,1
"separate","Management_Science","deg","671",0,0,0,0,1
"separate","Management_Science","deg","672",0,0,0,0,1
"separate","Management_Science","deg","673",0,0,0,0,1
"separate","Management_Science","deg","674",0,0,0,0,1
"separate","Management_Science","deg","675",0,0,0,0,1
"separate","Management_Science","deg","676",0,0,0,0,1
"separate","Management_Science","deg","677",0,0,0,0,1
"separate","Management_Science","deg","678",0,0,0,0,1
"separate","Management_Science","deg","679",0,0,0,0,1
"separate","Management_Science","deg","680",0,0,0,0,1
"separate","Management_Science","deg","681",0,0,0,0,1
"separate","Management_Science","deg","682",0,0,0,0,1
"separate","Management_Science","deg","683",0,0,0,0,1
"separate","Management_Science","deg","684",0,0,0,0,1
"separate","Management_Science","deg","685",0,0,0,0,1
"separate","Management_Science","deg","686",0,0,0,0,1
"separate","Management_Science","deg","687",0,0,0,0,1
"separate","Management_Science","deg","688",0,0,0,0,1
"separate","Management_Science","deg","689",0,0,0,0,1
"separate","Management_Science","deg","690",0,0,0,0,1
"separate","Management_Science","deg","691",0,0,0,0,1
"separate","Management_Science","deg","692",0,0,0,0,1
"separate","Management_Science","deg","693",0,0,0,0,1
"separate","Management_Science","deg","694",0,0,0,0,1
"separate","Management_Science","deg","695",0,0,0,0,1
"separate","Management_Science","deg","696",0,0,0,0,1
"separate","Management_Science","deg","697",0,0,0,0,1
"separate","Management_Science","deg","698",0,0,0,0,1
"separate","Management_Science","deg","699",0,0,0,0,1
"separate","Management_Science","deg","700",0,0,0,0,1
"separate","Management_Science","deg","701",0,0,0,0,1
"separate","Management_Science","deg","702",0,0,0,0,1
"separate","Management_Science","deg","703",0,0,0,0,1
"separate","Management_Science","deg","704",0,0,0,0,1
"separate","Management_Science","deg","705",0,0,0,0,1
"separate","Management_Science","deg","706",0,0,0,0,1
"separate","Management_Science","deg","707",0,0,0,0,1
"separate","Management_Science","deg","708",0,0,0,0,1
"separate","Management_Science","deg","709",0,0,0,0,1
"separate","Management_Science","deg","710",0,0,0,0,1
"separate","Management_Science","deg","711",0,0,0,0,1
"separate","Management_Science","deg","712",0,0,0,0,1
"separate","Management_Science","deg","713",0,0,0,0,1
"separate","Management_Science","deg","714",0,0,0,0,1
"separate","Management_Science","deg","715",0,0,0,0,1
"separate","Management_Science","deg","716",0,0,0,0,1
"separate","Management_Science","deg","717",0,0,0,0,1
"separate","Management_Science","deg","718",0,0,0,0,1
"separate","Management_Science","deg","719",0,0,0,0,1
"separate","Management_Science","deg","720",0,0,0,0,1
"separate","Management_Science","deg","721",0,0,0,0,1
"separate","Management_Science","deg","722",0,0,0,0,1
"separate","Management_Science","deg","723",0,0,0,0,1
"separate","Management_Science","deg","724",0,0,0,0,1
"separate","Management_Science","deg","725",0,0,0,0,1
"separate","Management_Science","deg","726",0,0,0,0,1
"separate","Management_Science","deg","727",0,0,0,0,1
"separate","Management_Science","deg","728",0,0,0,0,1
"separate","Management_Science","deg","729",0,0,0,0,1
"separate","Management_Science","deg","730",0,0,0,0,1
"separate","Management_Science","deg","731",0,0,0,0,1
"separate","Management_Science","deg","732",0,0,0,0,1
"separate","Management_Science","deg","733",0,0,0,0,1
"separate","Management_Science","deg","734",0,0,0,0,1
"separate","Management_Science","deg","735",0,0,0,0,1
"separate","Management_Science","deg","736",0,0,0,0,1
"separate","Management_Science","deg","737",0,0,0,0,1
"separate","Management_Science","deg","738",0,0,0,0,1
"separate","Management_Science","deg","739",0,0,0,0,1
"separate","Management_Science","deg","740",0,0,0,0,1
"separate","Management_Science","deg","741",0,0,0,0,1
"separate","Management_Science","deg","742",0,0,0,0,1
"separate","Management_Science","deg","743",0,0,0,0,1
"separate","Management_Science","deg","744",0,0,0,0,1
"separate","Management_Science","deg","745",0,0,0,0,1
"separate","Management_Science","deg","746",0,0,0,0,1
"separate","Management_Science","deg","747",0,0,0,0,1
"separate","Management_Science","deg","748",0,0,0,0,1
"separate","Management_Science","deg","749",0,0,0,0,1
"separate","Management_Science","deg","750",0,0,0,0,1
"separate","Management_Science","deg","751",0,0,0,0,1
"separate","Management_Science","deg","752",0,0,0,0,1
"separate","Management_Science","deg","753",0,0,0,0,1
"separate","Management_Science","deg","754",0,0,0,0,1
"separate","Management_Science","deg","755",0,0,0,0,1
"separate","Management_Science","deg","756",0,0,0,0,1
"separate","Management_Science","deg","757",0,0,0,0,1
"separate","Management_Science","deg","758",0,0,0,0,1
"separate","Management_Science","deg","759",0,0,0,0,1
"separate","Management_Science","deg","760",0,0,0,0,1
"separate","Management_Science","deg","761",0,0,0,0,1
"separate","Management_Science","deg","762",0,0,0,0,1
"separate","Management_Science","deg","763",0,0,0,0,1
"separate","Management_Science","deg","764",0,0,0,0,1
"separate","Management_Science","deg","765",0,0,0,0,1
"separate","Management_Science","deg","766",0,0,0,0,1
"separate","Management_Science","deg","767",0,0,0,0,1
"separate","Management_Science","deg","768",0,0,0,0,1
"separate","Management_Science","deg","769",0,0,0,0,1
"separate","Management_Science","deg","770",0,0,0,0,1
"separate","Management_Science","deg","771",0,0,0,0,1
"separate","Management_Science","deg","772",0,0,0,0,1
"separate","Management_Science","deg","773",0,0,0,0,1
"separate","Management_Science","deg","774",0,0,0,0,1
"separate","Management_Science","deg","775",0,0,0,0,1
"separate","Management_Science","deg","776",0,0,0,0,1
"separate","Management_Science","deg","777",0,0,0,0,1
"separate","Management_Science","deg","778",0,0,0,0,1
"separate","Management_Science","deg","779",0,0,0,0,1
"separate","Management_Science","deg","780",0,0,0,0,1
"separate","Management_Science","deg","781",0,0,0,0,1
"separate","Management_Science","deg","782",0,0,0,0,1
"separate","Management_Science","deg","783",0,0,0,0,1
"separate","Management_Science","deg","784",0,0,0,0,1
"separate","Management_Science","deg","785",0,0,0,0,1
"separate","Management_Science","deg","786",0,0,0,0,1
"separate","Management_Science","deg","787",0,0,0,0,1
"separate","Management_Science","deg","788",0,0,0,0,1
"separate","Management_Science","deg","789",0,0,0,0,1
"separate","Management_Science","deg","790",0,0,0,0,1
"separate","Management_Science","deg","791",0,0,0,0,1
"separate","Management_Science","deg","792",0,0,0,0,1
"separate","Management_Science","deg","793",0,0,0,0,1
"separate","Management_Science","deg","794",0,0,0,0,1
"separate","Management_Science","deg","795",0,0,0,0,1
"separate","Management_Science","deg","796",0,0,0,0,1
"separate","Management_Science","deg","797",0,0,0,0,1
"separate","Management_Science","deg","798",0,0,0,0,1
"separate","Management_Science","deg","799",0,0,0,0,1
"separate","Management_Science","deg","800",0,0,0,0,1
"separate","Management_Science","deg","801",0,0,0,0,1
"separate","Management_Science","deg","802",0,0,0,0,1
"separate","Management_Science","deg","803",0,0,0,0,1
"separate","Management_Science","deg","804",0,0,0,0,1
"separate","Management_Science","deg","805",0,0,0,0,1
"separate","Management_Science","deg","806",0,0,0,0,1
"separate","Management_Science","deg","807",0,0,0,0,1
"separate","Management_Science","deg","808",0,0,0,0,1
"separate","Management_Science","deg","809",0,0,0,0,1
"separate","Management_Science","deg","810",0,0,0,0,1
"separate","Management_Science","deg","811",0,0,0,0,1
"separate","Management_Science","deg","812",0,0,0,0,1
"separate","Management_Science","deg","813",0,0,0,0,1
"separate","Management_Science","deg","814",0,0,0,0,1
"separate","Management_Science","deg","815",0,0,0,0,1
"separate","Management_Science","deg","816",0,0,0,0,1
"separate","Management_Science","deg","817",0,0,0,0,1
"separate","Management_Science","deg","818",0,0,0,0,1
"separate","Management_Science","deg","819",0,0,0,0,1
"separate","Management_Science","deg","820",0,0,0,0,1
"separate","Management_Science","deg","821",0,0,0,0,1
"separate","Management_Science","deg","822",0,0,0,0,1
"separate","Management_Science","deg","823",0,0,0,0,1
"separate","Management_Science","deg","824",0,0,0,0,1
"separate","Management_Science","deg","825",0,0,0,0,1
"separate","Management_Science","deg","826",0,0,0,0,1
"separate","Management_Science","deg","827",0,0,0,0,1
"separate","Management_Science","deg","828",0,0,0,0,1
"separate","Management_Science","deg","829",0,0,0,0,1
"separate","Management_Science","deg","830",0,0,0,0,1
"separate","Management_Science","deg","831",0,0,0,0,1
"separate","Management_Science","deg","832",0,0,0,0,1
"separate","Management_Science","deg","833",0,0,0,0,1
"separate","Management_Science","deg","834",0,0,0,0,1
"separate","Management_Science","deg","835",0,0,0,0,1
"separate","Management_Science","deg","836",0,0,0,0,1
"separate","Management_Science","deg","837",0,0,0,0,1
"separate","Management_Science","deg","838",0,0,0,0,1
"separate","Management_Science","deg","839",0,0,0,0,1
"separate","Management_Science","deg","840",0,0,0,0,1
"separate","Management_Science","deg","841",0,0,0,0,1
"separate","Management_Science","deg","842",0,0,0,0,1
"separate","Management_Science","deg","843",0,0,0,0,1
"separate","Management_Science","deg","844",0,0,0,0,1
"separate","Management_Science","deg","845",0,0,0,0,1
"separate","Management_Science","deg","846",0,0,0,0,1
"separate","Management_Science","deg","847",0,0,0,0,1
"separate","Management_Science","deg","848",0,0,0,0,1
"separate","Management_Science","deg","849",0,0,0,0,1
"separate","Management_Science","deg","850",0,0,0,0,1
"separate","Management_Science","deg","851",0,0,0,0,1
"separate","Management_Science","deg","852",0,0,0,0,1
"separate","Management_Science","deg","853",0,0,0,0,1
"separate","Management_Science","deg","854",0,0,0,0,1
"separate","Management_Science","deg","855",0,0,0,0,1
"separate","Management_Science","deg","856",0,0,0,0,1
"separate","Management_Science","deg","857",0,0,0,0,1
"separate","Management_Science","deg","858",0,0,0,0,1
"separate","Management_Science","deg","859",0,0,0,0,1
"separate","Management_Science","deg","860",0,0,0,0,1
"separate","Management_Science","deg","861",0,0,0,0,1
"separate","Management_Science","deg","862",0,0,0,0,1
"separate","Management_Science","deg","863",0,0,0,0,1
"separate","Management_Science","deg","864",0,0,0,0,1
"separate","Management_Science","deg","865",0,0,0,0,1
"separate","Management_Science","deg","866",0,0,0,0,1
"separate","Management_Science","deg","867",0,0,0,0,1
"separate","Management_Science","deg","868",0,0,0,0,1
"separate","Management_Science","deg","869",0,0,0,0,1
"separate","Management_Science","deg","870",0,0,0,0,1
"separate","Management_Science","deg","871",0,0,0,0,1
"separate","Management_Science","deg","872",0,0,0,0,1
"separate","Management_Science","deg","873",0,0,0,0,1
"separate","Management_Science","deg","874",0,0,0,0,1
"separate","Management_Science","deg","875",0,0,0,0,1
"separate","Management_Science","deg","876",0,0,0,0,1
"separate","Management_Science","deg","877",0,0,0,0,1
"separate","Management_Science","deg","878",0,0,0,0,1
"separate","Management_Science","deg","879",0,0,0,0,1
"separate","Management_Science","deg","880",0,0,0,0,1
"separate","Management_Science","deg","881",0,0,0,0,1
"separate","Management_Science","deg","882",0,0,0,0,1
"separate","Management_Science","deg","883",0,0,0,0,1
"separate","Management_Science","deg","884",0,0,0,0,1
"separate","Management_Science","deg","885",0,0,0,0,1
"separate","Management_Science","deg","886",0,0,0,0,1
"separate","Management_Science","deg","887",0,0,0,0,1
"separate","Management_Science","deg","888",0,0,0,0,1
"separate","Management_Science","deg","889",0,0,0,0,1
"separate","Management_Science","deg","890",0,0,0,0,1
"separate","Management_Science","deg","891",0,0,0,0,1
"separate","Management_Science","deg","892",0,0,0,0,1
"separate","Management_Science","deg","893",0,0,0,0,1
"separate","Management_Science","deg","894",0,0,0,0,1
"separate","Management_Science","deg","895",0,0,0,0,1
"separate","Management_Science","deg","896",0,0,0,0,1
"separate","Management_Science","deg","897",0,0,0,0,1
"separate","Management_Science","deg","898",0,0,0,0,1
"separate","Management_Science","deg","899",0,0,0,0,1
"separate","Management_Science","deg","900",0,0,0,0,1
"separate","Management_Science","deg","901",0,0,0,0,1
"separate","Management_Science","deg","902",0,0,0,0,1
"separate","Management_Science","deg","903",0,0,0,0,1
"separate","Management_Science","deg","904",0,0,0,0,1
"separate","Management_Science","deg","905",0,0,0,0,1
"separate","Management_Science","deg","906",0,0,0,0,1
"separate","Management_Science","deg","907",0,0,0,0,1
"separate","Management_Science","deg","908",0,0,0,0,1
"separate","Management_Science","deg","909",0,0,0,0,1
"separate","Management_Science","deg","910",0,0,0,0,1
"separate","Management_Science","deg","911",0,0,0,0,1
"separate","Management_Science","deg","912",0,0,0,0,1
"separate","Management_Science","deg","913",0,0,0,0,1
"separate","Management_Science","deg","914",0,0,0,0,1
"separate","Management_Science","deg","915",0,0,0,0,1
"separate","Management_Science","deg","916",0,0,0,0,1
"separate","Management_Science","deg","917",0,0,0,0,1
"separate","Management_Science","deg","918",0,0,0,0,1
"separate","Management_Science","deg","919",0,0,0,0,1
"separate","Management_Science","deg","920",0,0,0,0,1
"separate","Management_Science","deg","921",0,0,0,0,1
"separate","Management_Science","deg","922",0,0,0,0,1
"separate","Management_Science","deg","923",0,0,0,0,1
"separate","Management_Science","deg","924",0,0,0,0,1
"separate","Management_Science","deg","925",0,0,0,0,1
"separate","Management_Science","deg","926",0,0,0,0,1
"separate","Management_Science","deg","927",0,0,0,0,1
"separate","Management_Science","deg","928",0,0,0,0,1
"separate","Management_Science","deg","929",0,0,0,0,1
"separate","Management_Science","deg","930",0,0,0,0,1
"separate","Management_Science","deg","931",0,0,0,0,1
"separate","Management_Science","deg","932",0,0,0,0,1
"separate","Management_Science","deg","933",0,0,0,0,1
"separate","Management_Science","deg","934",0,0,0,0,1
"separate","Management_Science","deg","935",0,0,0,0,1
"separate","Management_Science","deg","936",0,0,0,0,1
"separate","Management_Science","deg","937",0,0,0,0,1
"separate","Management_Science","deg","938",0,0,0,0,1
"separate","Management_Science","deg","939",0,0,0,0,1
"separate","Management_Science","deg","940",0,0,0,0,1
"separate","Management_Science","deg","941",0,0,0,0,1
"separate","Management_Science","deg","942",0,0,0,0,1
"separate","Management_Science","deg","943",0,0,0,0,1
"separate","Management_Science","deg","944",0,0,0,0,1
"separate","Management_Science","deg","945",0,0,0,0,1
"separate","Management_Science","deg","946",0,0,0,0,1
"separate","Management_Science","deg","947",0,0,0,0,1
"separate","Management_Science","deg","948",0,0,0,0,1
"separate","Management_Science","deg","949",0,0,0,0,1
"separate","Management_Science","deg","950",0,0,0,0,1
"separate","Management_Science","deg","951",0,0,0,0,1
"separate","Management_Science","deg","952",0,0,0,0,1
"separate","Management_Science","deg","953",0,0,0,0,1
"separate","Management_Science","deg","954",0,0,0,0,1
"separate","Management_Science","deg","955",0,0,0,0,1
"separate","Management_Science","deg","956",0,0,0,0,1
"separate","Management_Science","deg","957",0,0,0,0,1
"separate","Management_Science","deg","958",0,0,0,0,1
"separate","Management_Science","deg","959",0,0,0,0,1
"separate","Management_Science","deg","960",0,0,0,0,1
"separate","Management_Science","deg","961",0,0,0,0,1
"separate","Management_Science","deg","962",0,0,0,0,1
"separate","Management_Science","deg","963",0,0,0,0,1
"separate","Management_Science","deg","964",0,0,0,0,1
"separate","Management_Science","deg","965",0,0,0,0,1
"separate","Management_Science","deg","966",0,0,0,0,1
"separate","Management_Science","deg","967",0,0,0,0,1
"separate","Management_Science","deg","968",0,0,0,0,1
"separate","Management_Science","deg","969",0,0,0,0,1
"separate","Management_Science","deg","970",0,0,0,0,1
"separate","Management_Science","deg","971",0,0,0,0,1
"separate","Management_Science","deg","972",0,0,0,0,1
"separate","Management_Science","dist","1",1100,1033,1098.99,1187,0.96
"separate","Management_Science","dist","2",284,2183,2515.35,2884,0
"separate","Management_Science","dist","3",84,4481,5683.25,6994,0
"separate","Management_Science","dist","4",24,8914,12375.79,16442,0
"separate","Management_Science","dist","5",0,16788,24962.36,34797,0
"separate","Management_Science","dist","6",0,29085,43576.89,59534,0
"separate","Management_Science","dist","7",0,43714,60956.75,75120,0
"separate","Management_Science","dist","8",0,53745,64746.26,72554,0
"separate","Management_Science","dist","9",0,42238,52337.69,62084,0
"separate","Management_Science","dist","10",0,22927,33678.86,44512,0
"separate","Management_Science","dist","11",0,9793,18294.52,30435,0
"separate","Management_Science","dist","12",0,3673,8811.25,18701,0
"separate","Management_Science","dist","13",0,1122,3900.96,10427,0
"separate","Management_Science","dist","14",0,257,1616.91,5079,0
"separate","Management_Science","dist","15",0,59,631.49,2580,0
"separate","Management_Science","dist","16",0,6,234.2,1448,0
"separate","Management_Science","dist","17",0,0,82.54,723,0.04
"separate","Management_Science","dist","18",0,0,27.37,373,0.32
"separate","Management_Science","dist","19",0,0,8.91,168,1
"separate","Management_Science","dist","20",0,0,2.72,62,1
"separate","Management_Science","dist","21",0,0,0.839999999999999,35,1
"separate","Management_Science","dist","22",0,0,0.35,22,1
"separate","Management_Science","dist","23",0,0,0.15,13,1
"separate","Management_Science","dist","24",0,0,0.0600000000000001,6,1
"separate","Management_Science","dist","25",0,0,0.03,3,1
"separate","Management_Science","dist","26",0,0,0.00999999999999999,1,1
"separate","Management_Science","dist","27",0,0,0,0,1
"separate","Management_Science","dist","28",0,0,0,0,1
"separate","Management_Science","dist","29",0,0,0,0,1
"separate","Management_Science","dist","30",0,0,0,0,1
"separate","Management_Science","dist","31",0,0,0,0,1
"separate","Management_Science","dist","32",0,0,0,0,1
"separate","Management_Science","dist","33",0,0,0,0,1
"separate","Management_Science","dist","34",0,0,0,0,1
"separate","Management_Science","dist","35",0,0,0,0,1
"separate","Management_Science","dist","36",0,0,0,0,1
"separate","Management_Science","dist","37",0,0,0,0,1
"separate","Management_Science","dist","38",0,0,0,0,1
"separate","Management_Science","dist","39",0,0,0,0,1
"separate","Management_Science","dist","40",0,0,0,0,1
"separate","Management_Science","dist","41",0,0,0,0,1
"separate","Management_Science","dist","42",0,0,0,0,1
"separate","Management_Science","dist","43",0,0,0,0,1
"separate","Management_Science","dist","44",0,0,0,0,1
"separate","Management_Science","dist","45",0,0,0,0,1
"separate","Management_Science","dist","46",0,0,0,0,1
"separate","Management_Science","dist","47",0,0,0,0,1
"separate","Management_Science","dist","48",0,0,0,0,1
"separate","Management_Science","dist","49",0,0,0,0,1
"separate","Management_Science","dist","50",0,0,0,0,1
"separate","Management_Science","dist","51",0,0,0,0,1
"separate","Management_Science","dist","52",0,0,0,0,1
"separate","Management_Science","dist","53",0,0,0,0,1
"separate","Management_Science","dist","54",0,0,0,0,1
"separate","Management_Science","dist","55",0,0,0,0,1
"separate","Management_Science","dist","56",0,0,0,0,1
"separate","Management_Science","dist","57",0,0,0,0,1
"separate","Management_Science","dist","58",0,0,0,0,1
"separate","Management_Science","dist","59",0,0,0,0,1
"separate","Management_Science","dist","60",0,0,0,0,1
"separate","Management_Science","dist","61",0,0,0,0,1
"separate","Management_Science","dist","62",0,0,0,0,1
"separate","Management_Science","dist","63",0,0,0,0,1
"separate","Management_Science","dist","64",0,0,0,0,1
"separate","Management_Science","dist","65",0,0,0,0,1
"separate","Management_Science","dist","66",0,0,0,0,1
"separate","Management_Science","dist","67",0,0,0,0,1
"separate","Management_Science","dist","68",0,0,0,0,1
"separate","Management_Science","dist","69",0,0,0,0,1
"separate","Management_Science","dist","70",0,0,0,0,1
"separate","Management_Science","dist","71",0,0,0,0,1
"separate","Management_Science","dist","72",0,0,0,0,1
"separate","Management_Science","dist","73",0,0,0,0,1
"separate","Management_Science","dist","74",0,0,0,0,1
"separate","Management_Science","dist","75",0,0,0,0,1
"separate","Management_Science","dist","76",0,0,0,0,1
"separate","Management_Science","dist","77",0,0,0,0,1
"separate","Management_Science","dist","78",0,0,0,0,1
"separate","Management_Science","dist","79",0,0,0,0,1
"separate","Management_Science","dist","80",0,0,0,0,1
"separate","Management_Science","dist","81",0,0,0,0,1
"separate","Management_Science","dist","82",0,0,0,0,1
"separate","Management_Science","dist","83",0,0,0,0,1
"separate","Management_Science","dist","84",0,0,0,0,1
"separate","Management_Science","dist","85",0,0,0,0,1
"separate","Management_Science","dist","86",0,0,0,0,1
"separate","Management_Science","dist","87",0,0,0,0,1
"separate","Management_Science","dist","88",0,0,0,0,1
"separate","Management_Science","dist","89",0,0,0,0,1
"separate","Management_Science","dist","90",0,0,0,0,1
"separate","Management_Science","dist","91",0,0,0,0,1
"separate","Management_Science","dist","92",0,0,0,0,1
"separate","Management_Science","dist","93",0,0,0,0,1
"separate","Management_Science","dist","94",0,0,0,0,1
"separate","Management_Science","dist","95",0,0,0,0,1
"separate","Management_Science","dist","96",0,0,0,0,1
"separate","Management_Science","dist","97",0,0,0,0,1
"separate","Management_Science","dist","98",0,0,0,0,1
"separate","Management_Science","dist","99",0,0,0,0,1
"separate","Management_Science","dist","100",0,0,0,0,1
"separate","Management_Science","dist","101",0,0,0,0,1
"separate","Management_Science","dist","102",0,0,0,0,1
"separate","Management_Science","dist","103",0,0,0,0,1
"separate","Management_Science","dist","104",0,0,0,0,1
"separate","Management_Science","dist","105",0,0,0,0,1
"separate","Management_Science","dist","106",0,0,0,0,1
"separate","Management_Science","dist","107",0,0,0,0,1
"separate","Management_Science","dist","108",0,0,0,0,1
"separate","Management_Science","dist","109",0,0,0,0,1
"separate","Management_Science","dist","110",0,0,0,0,1
"separate","Management_Science","dist","111",0,0,0,0,1
"separate","Management_Science","dist","112",0,0,0,0,1
"separate","Management_Science","dist","113",0,0,0,0,1
"separate","Management_Science","dist","114",0,0,0,0,1
"separate","Management_Science","dist","115",0,0,0,0,1
"separate","Management_Science","dist","116",0,0,0,0,1
"separate","Management_Science","dist","117",0,0,0,0,1
"separate","Management_Science","dist","118",0,0,0,0,1
"separate","Management_Science","dist","119",0,0,0,0,1
"separate","Management_Science","dist","120",0,0,0,0,1
"separate","Management_Science","dist","121",0,0,0,0,1
"separate","Management_Science","dist","122",0,0,0,0,1
"separate","Management_Science","dist","123",0,0,0,0,1
"separate","Management_Science","dist","124",0,0,0,0,1
"separate","Management_Science","dist","125",0,0,0,0,1
"separate","Management_Science","dist","126",0,0,0,0,1
"separate","Management_Science","dist","127",0,0,0,0,1
"separate","Management_Science","dist","128",0,0,0,0,1
"separate","Management_Science","dist","129",0,0,0,0,1
"separate","Management_Science","dist","130",0,0,0,0,1
"separate","Management_Science","dist","131",0,0,0,0,1
"separate","Management_Science","dist","132",0,0,0,0,1
"separate","Management_Science","dist","133",0,0,0,0,1
"separate","Management_Science","dist","134",0,0,0,0,1
"separate","Management_Science","dist","135",0,0,0,0,1
"separate","Management_Science","dist","136",0,0,0,0,1
"separate","Management_Science","dist","137",0,0,0,0,1
"separate","Management_Science","dist","138",0,0,0,0,1
"separate","Management_Science","dist","139",0,0,0,0,1
"separate","Management_Science","dist","140",0,0,0,0,1
"separate","Management_Science","dist","141",0,0,0,0,1
"separate","Management_Science","dist","142",0,0,0,0,1
"separate","Management_Science","dist","143",0,0,0,0,1
"separate","Management_Science","dist","144",0,0,0,0,1
"separate","Management_Science","dist","145",0,0,0,0,1
"separate","Management_Science","dist","146",0,0,0,0,1
"separate","Management_Science","dist","147",0,0,0,0,1
"separate","Management_Science","dist","148",0,0,0,0,1
"separate","Management_Science","dist","149",0,0,0,0,1
"separate","Management_Science","dist","150",0,0,0,0,1
"separate","Management_Science","dist","151",0,0,0,0,1
"separate","Management_Science","dist","152",0,0,0,0,1
"separate","Management_Science","dist","153",0,0,0,0,1
"separate","Management_Science","dist","154",0,0,0,0,1
"separate","Management_Science","dist","155",0,0,0,0,1
"separate","Management_Science","dist","156",0,0,0,0,1
"separate","Management_Science","dist","157",0,0,0,0,1
"separate","Management_Science","dist","158",0,0,0,0,1
"separate","Management_Science","dist","159",0,0,0,0,1
"separate","Management_Science","dist","160",0,0,0,0,1
"separate","Management_Science","dist","161",0,0,0,0,1
"separate","Management_Science","dist","162",0,0,0,0,1
"separate","Management_Science","dist","163",0,0,0,0,1
"separate","Management_Science","dist","164",0,0,0,0,1
"separate","Management_Science","dist","165",0,0,0,0,1
"separate","Management_Science","dist","166",0,0,0,0,1
"separate","Management_Science","dist","167",0,0,0,0,1
"separate","Management_Science","dist","168",0,0,0,0,1
"separate","Management_Science","dist","169",0,0,0,0,1
"separate","Management_Science","dist","170",0,0,0,0,1
"separate","Management_Science","dist","171",0,0,0,0,1
"separate","Management_Science","dist","172",0,0,0,0,1
"separate","Management_Science","dist","173",0,0,0,0,1
"separate","Management_Science","dist","174",0,0,0,0,1
"separate","Management_Science","dist","175",0,0,0,0,1
"separate","Management_Science","dist","176",0,0,0,0,1
"separate","Management_Science","dist","177",0,0,0,0,1
"separate","Management_Science","dist","178",0,0,0,0,1
"separate","Management_Science","dist","179",0,0,0,0,1
"separate","Management_Science","dist","180",0,0,0,0,1
"separate","Management_Science","dist","181",0,0,0,0,1
"separate","Management_Science","dist","182",0,0,0,0,1
"separate","Management_Science","dist","183",0,0,0,0,1
"separate","Management_Science","dist","184",0,0,0,0,1
"separate","Management_Science","dist","185",0,0,0,0,1
"separate","Management_Science","dist","186",0,0,0,0,1
"separate","Management_Science","dist","187",0,0,0,0,1
"separate","Management_Science","dist","188",0,0,0,0,1
"separate","Management_Science","dist","189",0,0,0,0,1
"separate","Management_Science","dist","190",0,0,0,0,1
"separate","Management_Science","dist","191",0,0,0,0,1
"separate","Management_Science","dist","192",0,0,0,0,1
"separate","Management_Science","dist","193",0,0,0,0,1
"separate","Management_Science","dist","194",0,0,0,0,1
"separate","Management_Science","dist","195",0,0,0,0,1
"separate","Management_Science","dist","196",0,0,0,0,1
"separate","Management_Science","dist","197",0,0,0,0,1
"separate","Management_Science","dist","198",0,0,0,0,1
"separate","Management_Science","dist","199",0,0,0,0,1
"separate","Management_Science","dist","200",0,0,0,0,1
"separate","Management_Science","dist","201",0,0,0,0,1
"separate","Management_Science","dist","202",0,0,0,0,1
"separate","Management_Science","dist","203",0,0,0,0,1
"separate","Management_Science","dist","204",0,0,0,0,1
"separate","Management_Science","dist","205",0,0,0,0,1
"separate","Management_Science","dist","206",0,0,0,0,1
"separate","Management_Science","dist","207",0,0,0,0,1
"separate","Management_Science","dist","208",0,0,0,0,1
"separate","Management_Science","dist","209",0,0,0,0,1
"separate","Management_Science","dist","210",0,0,0,0,1
"separate","Management_Science","dist","211",0,0,0,0,1
"separate","Management_Science","dist","212",0,0,0,0,1
"separate","Management_Science","dist","213",0,0,0,0,1
"separate","Management_Science","dist","214",0,0,0,0,1
"separate","Management_Science","dist","215",0,0,0,0,1
"separate","Management_Science","dist","216",0,0,0,0,1
"separate","Management_Science","dist","217",0,0,0,0,1
"separate","Management_Science","dist","218",0,0,0,0,1
"separate","Management_Science","dist","219",0,0,0,0,1
"separate","Management_Science","dist","220",0,0,0,0,1
"separate","Management_Science","dist","221",0,0,0,0,1
"separate","Management_Science","dist","222",0,0,0,0,1
"separate","Management_Science","dist","223",0,0,0,0,1
"separate","Management_Science","dist","224",0,0,0,0,1
"separate","Management_Science","dist","225",0,0,0,0,1
"separate","Management_Science","dist","226",0,0,0,0,1
"separate","Management_Science","dist","227",0,0,0,0,1
"separate","Management_Science","dist","228",0,0,0,0,1
"separate","Management_Science","dist","229",0,0,0,0,1
"separate","Management_Science","dist","230",0,0,0,0,1
"separate","Management_Science","dist","231",0,0,0,0,1
"separate","Management_Science","dist","232",0,0,0,0,1
"separate","Management_Science","dist","233",0,0,0,0,1
"separate","Management_Science","dist","234",0,0,0,0,1
"separate","Management_Science","dist","235",0,0,0,0,1
"separate","Management_Science","dist","236",0,0,0,0,1
"separate","Management_Science","dist","237",0,0,0,0,1
"separate","Management_Science","dist","238",0,0,0,0,1
"separate","Management_Science","dist","239",0,0,0,0,1
"separate","Management_Science","dist","240",0,0,0,0,1
"separate","Management_Science","dist","241",0,0,0,0,1
"separate","Management_Science","dist","242",0,0,0,0,1
"separate","Management_Science","dist","243",0,0,0,0,1
"separate","Management_Science","dist","244",0,0,0,0,1
"separate","Management_Science","dist","245",0,0,0,0,1
"separate","Management_Science","dist","246",0,0,0,0,1
"separate","Management_Science","dist","247",0,0,0,0,1
"separate","Management_Science","dist","248",0,0,0,0,1
"separate","Management_Science","dist","249",0,0,0,0,1
"separate","Management_Science","dist","250",0,0,0,0,1
"separate","Management_Science","dist","251",0,0,0,0,1
"separate","Management_Science","dist","252",0,0,0,0,1
"separate","Management_Science","dist","253",0,0,0,0,1
"separate","Management_Science","dist","254",0,0,0,0,1
"separate","Management_Science","dist","255",0,0,0,0,1
"separate","Management_Science","dist","256",0,0,0,0,1
"separate","Management_Science","dist","257",0,0,0,0,1
"separate","Management_Science","dist","258",0,0,0,0,1
"separate","Management_Science","dist","259",0,0,0,0,1
"separate","Management_Science","dist","260",0,0,0,0,1
"separate","Management_Science","dist","261",0,0,0,0,1
"separate","Management_Science","dist","262",0,0,0,0,1
"separate","Management_Science","dist","263",0,0,0,0,1
"separate","Management_Science","dist","264",0,0,0,0,1
"separate","Management_Science","dist","265",0,0,0,0,1
"separate","Management_Science","dist","266",0,0,0,0,1
"separate","Management_Science","dist","267",0,0,0,0,1
"separate","Management_Science","dist","268",0,0,0,0,1
"separate","Management_Science","dist","269",0,0,0,0,1
"separate","Management_Science","dist","270",0,0,0,0,1
"separate","Management_Science","dist","271",0,0,0,0,1
"separate","Management_Science","dist","272",0,0,0,0,1
"separate","Management_Science","dist","273",0,0,0,0,1
"separate","Management_Science","dist","274",0,0,0,0,1
"separate","Management_Science","dist","275",0,0,0,0,1
"separate","Management_Science","dist","276",0,0,0,0,1
"separate","Management_Science","dist","277",0,0,0,0,1
"separate","Management_Science","dist","278",0,0,0,0,1
"separate","Management_Science","dist","279",0,0,0,0,1
"separate","Management_Science","dist","280",0,0,0,0,1
"separate","Management_Science","dist","281",0,0,0,0,1
"separate","Management_Science","dist","282",0,0,0,0,1
"separate","Management_Science","dist","283",0,0,0,0,1
"separate","Management_Science","dist","284",0,0,0,0,1
"separate","Management_Science","dist","285",0,0,0,0,1
"separate","Management_Science","dist","286",0,0,0,0,1
"separate","Management_Science","dist","287",0,0,0,0,1
"separate","Management_Science","dist","288",0,0,0,0,1
"separate","Management_Science","dist","289",0,0,0,0,1
"separate","Management_Science","dist","290",0,0,0,0,1
"separate","Management_Science","dist","291",0,0,0,0,1
"separate","Management_Science","dist","292",0,0,0,0,1
"separate","Management_Science","dist","293",0,0,0,0,1
"separate","Management_Science","dist","294",0,0,0,0,1
"separate","Management_Science","dist","295",0,0,0,0,1
"separate","Management_Science","dist","296",0,0,0,0,1
"separate","Management_Science","dist","297",0,0,0,0,1
"separate","Management_Science","dist","298",0,0,0,0,1
"separate","Management_Science","dist","299",0,0,0,0,1
"separate","Management_Science","dist","300",0,0,0,0,1
"separate","Management_Science","dist","301",0,0,0,0,1
"separate","Management_Science","dist","302",0,0,0,0,1
"separate","Management_Science","dist","303",0,0,0,0,1
"separate","Management_Science","dist","304",0,0,0,0,1
"separate","Management_Science","dist","305",0,0,0,0,1
"separate","Management_Science","dist","306",0,0,0,0,1
"separate","Management_Science","dist","307",0,0,0,0,1
"separate","Management_Science","dist","308",0,0,0,0,1
"separate","Management_Science","dist","309",0,0,0,0,1
"separate","Management_Science","dist","310",0,0,0,0,1
"separate","Management_Science","dist","311",0,0,0,0,1
"separate","Management_Science","dist","312",0,0,0,0,1
"separate","Management_Science","dist","313",0,0,0,0,1
"separate","Management_Science","dist","314",0,0,0,0,1
"separate","Management_Science","dist","315",0,0,0,0,1
"separate","Management_Science","dist","316",0,0,0,0,1
"separate","Management_Science","dist","317",0,0,0,0,1
"separate","Management_Science","dist","318",0,0,0,0,1
"separate","Management_Science","dist","319",0,0,0,0,1
"separate","Management_Science","dist","320",0,0,0,0,1
"separate","Management_Science","dist","321",0,0,0,0,1
"separate","Management_Science","dist","322",0,0,0,0,1
"separate","Management_Science","dist","323",0,0,0,0,1
"separate","Management_Science","dist","324",0,0,0,0,1
"separate","Management_Science","dist","325",0,0,0,0,1
"separate","Management_Science","dist","326",0,0,0,0,1
"separate","Management_Science","dist","327",0,0,0,0,1
"separate","Management_Science","dist","328",0,0,0,0,1
"separate","Management_Science","dist","329",0,0,0,0,1
"separate","Management_Science","dist","330",0,0,0,0,1
"separate","Management_Science","dist","331",0,0,0,0,1
"separate","Management_Science","dist","332",0,0,0,0,1
"separate","Management_Science","dist","333",0,0,0,0,1
"separate","Management_Science","dist","334",0,0,0,0,1
"separate","Management_Science","dist","335",0,0,0,0,1
"separate","Management_Science","dist","336",0,0,0,0,1
"separate","Management_Science","dist","337",0,0,0,0,1
"separate","Management_Science","dist","338",0,0,0,0,1
"separate","Management_Science","dist","339",0,0,0,0,1
"separate","Management_Science","dist","340",0,0,0,0,1
"separate","Management_Science","dist","341",0,0,0,0,1
"separate","Management_Science","dist","342",0,0,0,0,1
"separate","Management_Science","dist","343",0,0,0,0,1
"separate","Management_Science","dist","344",0,0,0,0,1
"separate","Management_Science","dist","345",0,0,0,0,1
"separate","Management_Science","dist","346",0,0,0,0,1
"separate","Management_Science","dist","347",0,0,0,0,1
"separate","Management_Science","dist","348",0,0,0,0,1
"separate","Management_Science","dist","349",0,0,0,0,1
"separate","Management_Science","dist","350",0,0,0,0,1
"separate","Management_Science","dist","351",0,0,0,0,1
"separate","Management_Science","dist","352",0,0,0,0,1
"separate","Management_Science","dist","353",0,0,0,0,1
"separate","Management_Science","dist","354",0,0,0,0,1
"separate","Management_Science","dist","355",0,0,0,0,1
"separate","Management_Science","dist","356",0,0,0,0,1
"separate","Management_Science","dist","357",0,0,0,0,1
"separate","Management_Science","dist","358",0,0,0,0,1
"separate","Management_Science","dist","359",0,0,0,0,1
"separate","Management_Science","dist","360",0,0,0,0,1
"separate","Management_Science","dist","361",0,0,0,0,1
"separate","Management_Science","dist","362",0,0,0,0,1
"separate","Management_Science","dist","363",0,0,0,0,1
"separate","Management_Science","dist","364",0,0,0,0,1
"separate","Management_Science","dist","365",0,0,0,0,1
"separate","Management_Science","dist","366",0,0,0,0,1
"separate","Management_Science","dist","367",0,0,0,0,1
"separate","Management_Science","dist","368",0,0,0,0,1
"separate","Management_Science","dist","369",0,0,0,0,1
"separate","Management_Science","dist","370",0,0,0,0,1
"separate","Management_Science","dist","371",0,0,0,0,1
"separate","Management_Science","dist","372",0,0,0,0,1
"separate","Management_Science","dist","373",0,0,0,0,1
"separate","Management_Science","dist","374",0,0,0,0,1
"separate","Management_Science","dist","375",0,0,0,0,1
"separate","Management_Science","dist","376",0,0,0,0,1
"separate","Management_Science","dist","377",0,0,0,0,1
"separate","Management_Science","dist","378",0,0,0,0,1
"separate","Management_Science","dist","379",0,0,0,0,1
"separate","Management_Science","dist","380",0,0,0,0,1
"separate","Management_Science","dist","381",0,0,0,0,1
"separate","Management_Science","dist","382",0,0,0,0,1
"separate","Management_Science","dist","383",0,0,0,0,1
"separate","Management_Science","dist","384",0,0,0,0,1
"separate","Management_Science","dist","385",0,0,0,0,1
"separate","Management_Science","dist","386",0,0,0,0,1
"separate","Management_Science","dist","387",0,0,0,0,1
"separate","Management_Science","dist","388",0,0,0,0,1
"separate","Management_Science","dist","389",0,0,0,0,1
"separate","Management_Science","dist","390",0,0,0,0,1
"separate","Management_Science","dist","391",0,0,0,0,1
"separate","Management_Science","dist","392",0,0,0,0,1
"separate","Management_Science","dist","393",0,0,0,0,1
"separate","Management_Science","dist","394",0,0,0,0,1
"separate","Management_Science","dist","395",0,0,0,0,1
"separate","Management_Science","dist","396",0,0,0,0,1
"separate","Management_Science","dist","397",0,0,0,0,1
"separate","Management_Science","dist","398",0,0,0,0,1
"separate","Management_Science","dist","399",0,0,0,0,1
"separate","Management_Science","dist","400",0,0,0,0,1
"separate","Management_Science","dist","401",0,0,0,0,1
"separate","Management_Science","dist","402",0,0,0,0,1
"separate","Management_Science","dist","403",0,0,0,0,1
"separate","Management_Science","dist","404",0,0,0,0,1
"separate","Management_Science","dist","405",0,0,0,0,1
"separate","Management_Science","dist","406",0,0,0,0,1
"separate","Management_Science","dist","407",0,0,0,0,1
"separate","Management_Science","dist","408",0,0,0,0,1
"separate","Management_Science","dist","409",0,0,0,0,1
"separate","Management_Science","dist","410",0,0,0,0,1
"separate","Management_Science","dist","411",0,0,0,0,1
"separate","Management_Science","dist","412",0,0,0,0,1
"separate","Management_Science","dist","413",0,0,0,0,1
"separate","Management_Science","dist","414",0,0,0,0,1
"separate","Management_Science","dist","415",0,0,0,0,1
"separate","Management_Science","dist","416",0,0,0,0,1
"separate","Management_Science","dist","417",0,0,0,0,1
"separate","Management_Science","dist","418",0,0,0,0,1
"separate","Management_Science","dist","419",0,0,0,0,1
"separate","Management_Science","dist","420",0,0,0,0,1
"separate","Management_Science","dist","421",0,0,0,0,1
"separate","Management_Science","dist","422",0,0,0,0,1
"separate","Management_Science","dist","423",0,0,0,0,1
"separate","Management_Science","dist","424",0,0,0,0,1
"separate","Management_Science","dist","425",0,0,0,0,1
"separate","Management_Science","dist","426",0,0,0,0,1
"separate","Management_Science","dist","427",0,0,0,0,1
"separate","Management_Science","dist","428",0,0,0,0,1
"separate","Management_Science","dist","429",0,0,0,0,1
"separate","Management_Science","dist","430",0,0,0,0,1
"separate","Management_Science","dist","431",0,0,0,0,1
"separate","Management_Science","dist","432",0,0,0,0,1
"separate","Management_Science","dist","433",0,0,0,0,1
"separate","Management_Science","dist","434",0,0,0,0,1
"separate","Management_Science","dist","435",0,0,0,0,1
"separate","Management_Science","dist","436",0,0,0,0,1
"separate","Management_Science","dist","437",0,0,0,0,1
"separate","Management_Science","dist","438",0,0,0,0,1
"separate","Management_Science","dist","439",0,0,0,0,1
"separate","Management_Science","dist","440",0,0,0,0,1
"separate","Management_Science","dist","441",0,0,0,0,1
"separate","Management_Science","dist","442",0,0,0,0,1
"separate","Management_Science","dist","443",0,0,0,0,1
"separate","Management_Science","dist","444",0,0,0,0,1
"separate","Management_Science","dist","445",0,0,0,0,1
"separate","Management_Science","dist","446",0,0,0,0,1
"separate","Management_Science","dist","447",0,0,0,0,1
"separate","Management_Science","dist","448",0,0,0,0,1
"separate","Management_Science","dist","449",0,0,0,0,1
"separate","Management_Science","dist","450",0,0,0,0,1
"separate","Management_Science","dist","451",0,0,0,0,1
"separate","Management_Science","dist","452",0,0,0,0,1
"separate","Management_Science","dist","453",0,0,0,0,1
"separate","Management_Science","dist","454",0,0,0,0,1
"separate","Management_Science","dist","455",0,0,0,0,1
"separate","Management_Science","dist","456",0,0,0,0,1
"separate","Management_Science","dist","457",0,0,0,0,1
"separate","Management_Science","dist","458",0,0,0,0,1
"separate","Management_Science","dist","459",0,0,0,0,1
"separate","Management_Science","dist","460",0,0,0,0,1
"separate","Management_Science","dist","461",0,0,0,0,1
"separate","Management_Science","dist","462",0,0,0,0,1
"separate","Management_Science","dist","463",0,0,0,0,1
"separate","Management_Science","dist","464",0,0,0,0,1
"separate","Management_Science","dist","465",0,0,0,0,1
"separate","Management_Science","dist","466",0,0,0,0,1
"separate","Management_Science","dist","467",0,0,0,0,1
"separate","Management_Science","dist","468",0,0,0,0,1
"separate","Management_Science","dist","469",0,0,0,0,1
"separate","Management_Science","dist","470",0,0,0,0,1
"separate","Management_Science","dist","471",0,0,0,0,1
"separate","Management_Science","dist","472",0,0,0,0,1
"separate","Management_Science","dist","473",0,0,0,0,1
"separate","Management_Science","dist","474",0,0,0,0,1
"separate","Management_Science","dist","475",0,0,0,0,1
"separate","Management_Science","dist","476",0,0,0,0,1
"separate","Management_Science","dist","477",0,0,0,0,1
"separate","Management_Science","dist","478",0,0,0,0,1
"separate","Management_Science","dist","479",0,0,0,0,1
"separate","Management_Science","dist","480",0,0,0,0,1
"separate","Management_Science","dist","481",0,0,0,0,1
"separate","Management_Science","dist","482",0,0,0,0,1
"separate","Management_Science","dist","483",0,0,0,0,1
"separate","Management_Science","dist","484",0,0,0,0,1
"separate","Management_Science","dist","485",0,0,0,0,1
"separate","Management_Science","dist","486",0,0,0,0,1
"separate","Management_Science","dist","487",0,0,0,0,1
"separate","Management_Science","dist","488",0,0,0,0,1
"separate","Management_Science","dist","489",0,0,0,0,1
"separate","Management_Science","dist","490",0,0,0,0,1
"separate","Management_Science","dist","491",0,0,0,0,1
"separate","Management_Science","dist","492",0,0,0,0,1
"separate","Management_Science","dist","493",0,0,0,0,1
"separate","Management_Science","dist","494",0,0,0,0,1
"separate","Management_Science","dist","495",0,0,0,0,1
"separate","Management_Science","dist","496",0,0,0,0,1
"separate","Management_Science","dist","497",0,0,0,0,1
"separate","Management_Science","dist","498",0,0,0,0,1
"separate","Management_Science","dist","499",0,0,0,0,1
"separate","Management_Science","dist","500",0,0,0,0,1
"separate","Management_Science","dist","501",0,0,0,0,1
"separate","Management_Science","dist","502",0,0,0,0,1
"separate","Management_Science","dist","503",0,0,0,0,1
"separate","Management_Science","dist","504",0,0,0,0,1
"separate","Management_Science","dist","505",0,0,0,0,1
"separate","Management_Science","dist","506",0,0,0,0,1
"separate","Management_Science","dist","507",0,0,0,0,1
"separate","Management_Science","dist","508",0,0,0,0,1
"separate","Management_Science","dist","509",0,0,0,0,1
"separate","Management_Science","dist","510",0,0,0,0,1
"separate","Management_Science","dist","511",0,0,0,0,1
"separate","Management_Science","dist","512",0,0,0,0,1
"separate","Management_Science","dist","513",0,0,0,0,1
"separate","Management_Science","dist","514",0,0,0,0,1
"separate","Management_Science","dist","515",0,0,0,0,1
"separate","Management_Science","dist","516",0,0,0,0,1
"separate","Management_Science","dist","517",0,0,0,0,1
"separate","Management_Science","dist","518",0,0,0,0,1
"separate","Management_Science","dist","519",0,0,0,0,1
"separate","Management_Science","dist","520",0,0,0,0,1
"separate","Management_Science","dist","521",0,0,0,0,1
"separate","Management_Science","dist","522",0,0,0,0,1
"separate","Management_Science","dist","523",0,0,0,0,1
"separate","Management_Science","dist","524",0,0,0,0,1
"separate","Management_Science","dist","525",0,0,0,0,1
"separate","Management_Science","dist","526",0,0,0,0,1
"separate","Management_Science","dist","527",0,0,0,0,1
"separate","Management_Science","dist","528",0,0,0,0,1
"separate","Management_Science","dist","529",0,0,0,0,1
"separate","Management_Science","dist","530",0,0,0,0,1
"separate","Management_Science","dist","531",0,0,0,0,1
"separate","Management_Science","dist","532",0,0,0,0,1
"separate","Management_Science","dist","533",0,0,0,0,1
"separate","Management_Science","dist","534",0,0,0,0,1
"separate","Management_Science","dist","535",0,0,0,0,1
"separate","Management_Science","dist","536",0,0,0,0,1
"separate","Management_Science","dist","537",0,0,0,0,1
"separate","Management_Science","dist","538",0,0,0,0,1
"separate","Management_Science","dist","539",0,0,0,0,1
"separate","Management_Science","dist","540",0,0,0,0,1
"separate","Management_Science","dist","541",0,0,0,0,1
"separate","Management_Science","dist","542",0,0,0,0,1
"separate","Management_Science","dist","543",0,0,0,0,1
"separate","Management_Science","dist","544",0,0,0,0,1
"separate","Management_Science","dist","545",0,0,0,0,1
"separate","Management_Science","dist","546",0,0,0,0,1
"separate","Management_Science","dist","547",0,0,0,0,1
"separate","Management_Science","dist","548",0,0,0,0,1
"separate","Management_Science","dist","549",0,0,0,0,1
"separate","Management_Science","dist","550",0,0,0,0,1
"separate","Management_Science","dist","551",0,0,0,0,1
"separate","Management_Science","dist","552",0,0,0,0,1
"separate","Management_Science","dist","553",0,0,0,0,1
"separate","Management_Science","dist","554",0,0,0,0,1
"separate","Management_Science","dist","555",0,0,0,0,1
"separate","Management_Science","dist","556",0,0,0,0,1
"separate","Management_Science","dist","557",0,0,0,0,1
"separate","Management_Science","dist","558",0,0,0,0,1
"separate","Management_Science","dist","559",0,0,0,0,1
"separate","Management_Science","dist","560",0,0,0,0,1
"separate","Management_Science","dist","561",0,0,0,0,1
"separate","Management_Science","dist","562",0,0,0,0,1
"separate","Management_Science","dist","563",0,0,0,0,1
"separate","Management_Science","dist","564",0,0,0,0,1
"separate","Management_Science","dist","565",0,0,0,0,1
"separate","Management_Science","dist","566",0,0,0,0,1
"separate","Management_Science","dist","567",0,0,0,0,1
"separate","Management_Science","dist","568",0,0,0,0,1
"separate","Management_Science","dist","569",0,0,0,0,1
"separate","Management_Science","dist","570",0,0,0,0,1
"separate","Management_Science","dist","571",0,0,0,0,1
"separate","Management_Science","dist","572",0,0,0,0,1
"separate","Management_Science","dist","573",0,0,0,0,1
"separate","Management_Science","dist","574",0,0,0,0,1
"separate","Management_Science","dist","575",0,0,0,0,1
"separate","Management_Science","dist","576",0,0,0,0,1
"separate","Management_Science","dist","577",0,0,0,0,1
"separate","Management_Science","dist","578",0,0,0,0,1
"separate","Management_Science","dist","579",0,0,0,0,1
"separate","Management_Science","dist","580",0,0,0,0,1
"separate","Management_Science","dist","581",0,0,0,0,1
"separate","Management_Science","dist","582",0,0,0,0,1
"separate","Management_Science","dist","583",0,0,0,0,1
"separate","Management_Science","dist","584",0,0,0,0,1
"separate","Management_Science","dist","585",0,0,0,0,1
"separate","Management_Science","dist","586",0,0,0,0,1
"separate","Management_Science","dist","587",0,0,0,0,1
"separate","Management_Science","dist","588",0,0,0,0,1
"separate","Management_Science","dist","589",0,0,0,0,1
"separate","Management_Science","dist","590",0,0,0,0,1
"separate","Management_Science","dist","591",0,0,0,0,1
"separate","Management_Science","dist","592",0,0,0,0,1
"separate","Management_Science","dist","593",0,0,0,0,1
"separate","Management_Science","dist","594",0,0,0,0,1
"separate","Management_Science","dist","595",0,0,0,0,1
"separate","Management_Science","dist","596",0,0,0,0,1
"separate","Management_Science","dist","597",0,0,0,0,1
"separate","Management_Science","dist","598",0,0,0,0,1
"separate","Management_Science","dist","599",0,0,0,0,1
"separate","Management_Science","dist","600",0,0,0,0,1
"separate","Management_Science","dist","601",0,0,0,0,1
"separate","Management_Science","dist","602",0,0,0,0,1
"separate","Management_Science","dist","603",0,0,0,0,1
"separate","Management_Science","dist","604",0,0,0,0,1
"separate","Management_Science","dist","605",0,0,0,0,1
"separate","Management_Science","dist","606",0,0,0,0,1
"separate","Management_Science","dist","607",0,0,0,0,1
"separate","Management_Science","dist","608",0,0,0,0,1
"separate","Management_Science","dist","609",0,0,0,0,1
"separate","Management_Science","dist","610",0,0,0,0,1
"separate","Management_Science","dist","611",0,0,0,0,1
"separate","Management_Science","dist","612",0,0,0,0,1
"separate","Management_Science","dist","613",0,0,0,0,1
"separate","Management_Science","dist","614",0,0,0,0,1
"separate","Management_Science","dist","615",0,0,0,0,1
"separate","Management_Science","dist","616",0,0,0,0,1
"separate","Management_Science","dist","617",0,0,0,0,1
"separate","Management_Science","dist","618",0,0,0,0,1
"separate","Management_Science","dist","619",0,0,0,0,1
"separate","Management_Science","dist","620",0,0,0,0,1
"separate","Management_Science","dist","621",0,0,0,0,1
"separate","Management_Science","dist","622",0,0,0,0,1
"separate","Management_Science","dist","623",0,0,0,0,1
"separate","Management_Science","dist","624",0,0,0,0,1
"separate","Management_Science","dist","625",0,0,0,0,1
"separate","Management_Science","dist","626",0,0,0,0,1
"separate","Management_Science","dist","627",0,0,0,0,1
"separate","Management_Science","dist","628",0,0,0,0,1
"separate","Management_Science","dist","629",0,0,0,0,1
"separate","Management_Science","dist","630",0,0,0,0,1
"separate","Management_Science","dist","631",0,0,0,0,1
"separate","Management_Science","dist","632",0,0,0,0,1
"separate","Management_Science","dist","633",0,0,0,0,1
"separate","Management_Science","dist","634",0,0,0,0,1
"separate","Management_Science","dist","635",0,0,0,0,1
"separate","Management_Science","dist","636",0,0,0,0,1
"separate","Management_Science","dist","637",0,0,0,0,1
"separate","Management_Science","dist","638",0,0,0,0,1
"separate","Management_Science","dist","639",0,0,0,0,1
"separate","Management_Science","dist","640",0,0,0,0,1
"separate","Management_Science","dist","641",0,0,0,0,1
"separate","Management_Science","dist","642",0,0,0,0,1
"separate","Management_Science","dist","643",0,0,0,0,1
"separate","Management_Science","dist","644",0,0,0,0,1
"separate","Management_Science","dist","645",0,0,0,0,1
"separate","Management_Science","dist","646",0,0,0,0,1
"separate","Management_Science","dist","647",0,0,0,0,1
"separate","Management_Science","dist","648",0,0,0,0,1
"separate","Management_Science","dist","649",0,0,0,0,1
"separate","Management_Science","dist","650",0,0,0,0,1
"separate","Management_Science","dist","651",0,0,0,0,1
"separate","Management_Science","dist","652",0,0,0,0,1
"separate","Management_Science","dist","653",0,0,0,0,1
"separate","Management_Science","dist","654",0,0,0,0,1
"separate","Management_Science","dist","655",0,0,0,0,1
"separate","Management_Science","dist","656",0,0,0,0,1
"separate","Management_Science","dist","657",0,0,0,0,1
"separate","Management_Science","dist","658",0,0,0,0,1
"separate","Management_Science","dist","659",0,0,0,0,1
"separate","Management_Science","dist","660",0,0,0,0,1
"separate","Management_Science","dist","661",0,0,0,0,1
"separate","Management_Science","dist","662",0,0,0,0,1
"separate","Management_Science","dist","663",0,0,0,0,1
"separate","Management_Science","dist","664",0,0,0,0,1
"separate","Management_Science","dist","665",0,0,0,0,1
"separate","Management_Science","dist","666",0,0,0,0,1
"separate","Management_Science","dist","667",0,0,0,0,1
"separate","Management_Science","dist","668",0,0,0,0,1
"separate","Management_Science","dist","669",0,0,0,0,1
"separate","Management_Science","dist","670",0,0,0,0,1
"separate","Management_Science","dist","671",0,0,0,0,1
"separate","Management_Science","dist","672",0,0,0,0,1
"separate","Management_Science","dist","673",0,0,0,0,1
"separate","Management_Science","dist","674",0,0,0,0,1
"separate","Management_Science","dist","675",0,0,0,0,1
"separate","Management_Science","dist","676",0,0,0,0,1
"separate","Management_Science","dist","677",0,0,0,0,1
"separate","Management_Science","dist","678",0,0,0,0,1
"separate","Management_Science","dist","679",0,0,0,0,1
"separate","Management_Science","dist","680",0,0,0,0,1
"separate","Management_Science","dist","681",0,0,0,0,1
"separate","Management_Science","dist","682",0,0,0,0,1
"separate","Management_Science","dist","683",0,0,0,0,1
"separate","Management_Science","dist","684",0,0,0,0,1
"separate","Management_Science","dist","685",0,0,0,0,1
"separate","Management_Science","dist","686",0,0,0,0,1
"separate","Management_Science","dist","687",0,0,0,0,1
"separate","Management_Science","dist","688",0,0,0,0,1
"separate","Management_Science","dist","689",0,0,0,0,1
"separate","Management_Science","dist","690",0,0,0,0,1
"separate","Management_Science","dist","691",0,0,0,0,1
"separate","Management_Science","dist","692",0,0,0,0,1
"separate","Management_Science","dist","693",0,0,0,0,1
"separate","Management_Science","dist","694",0,0,0,0,1
"separate","Management_Science","dist","695",0,0,0,0,1
"separate","Management_Science","dist","696",0,0,0,0,1
"separate","Management_Science","dist","697",0,0,0,0,1
"separate","Management_Science","dist","698",0,0,0,0,1
"separate","Management_Science","dist","699",0,0,0,0,1
"separate","Management_Science","dist","700",0,0,0,0,1
"separate","Management_Science","dist","701",0,0,0,0,1
"separate","Management_Science","dist","702",0,0,0,0,1
"separate","Management_Science","dist","703",0,0,0,0,1
"separate","Management_Science","dist","704",0,0,0,0,1
"separate","Management_Science","dist","705",0,0,0,0,1
"separate","Management_Science","dist","706",0,0,0,0,1
"separate","Management_Science","dist","707",0,0,0,0,1
"separate","Management_Science","dist","708",0,0,0,0,1
"separate","Management_Science","dist","709",0,0,0,0,1
"separate","Management_Science","dist","710",0,0,0,0,1
"separate","Management_Science","dist","711",0,0,0,0,1
"separate","Management_Science","dist","712",0,0,0,0,1
"separate","Management_Science","dist","713",0,0,0,0,1
"separate","Management_Science","dist","714",0,0,0,0,1
"separate","Management_Science","dist","715",0,0,0,0,1
"separate","Management_Science","dist","716",0,0,0,0,1
"separate","Management_Science","dist","717",0,0,0,0,1
"separate","Management_Science","dist","718",0,0,0,0,1
"separate","Management_Science","dist","719",0,0,0,0,1
"separate","Management_Science","dist","720",0,0,0,0,1
"separate","Management_Science","dist","721",0,0,0,0,1
"separate","Management_Science","dist","722",0,0,0,0,1
"separate","Management_Science","dist","723",0,0,0,0,1
"separate","Management_Science","dist","724",0,0,0,0,1
"separate","Management_Science","dist","725",0,0,0,0,1
"separate","Management_Science","dist","726",0,0,0,0,1
"separate","Management_Science","dist","727",0,0,0,0,1
"separate","Management_Science","dist","728",0,0,0,0,1
"separate","Management_Science","dist","729",0,0,0,0,1
"separate","Management_Science","dist","730",0,0,0,0,1
"separate","Management_Science","dist","731",0,0,0,0,1
"separate","Management_Science","dist","732",0,0,0,0,1
"separate","Management_Science","dist","733",0,0,0,0,1
"separate","Management_Science","dist","734",0,0,0,0,1
"separate","Management_Science","dist","735",0,0,0,0,1
"separate","Management_Science","dist","736",0,0,0,0,1
"separate","Management_Science","dist","737",0,0,0,0,1
"separate","Management_Science","dist","738",0,0,0,0,1
"separate","Management_Science","dist","739",0,0,0,0,1
"separate","Management_Science","dist","740",0,0,0,0,1
"separate","Management_Science","dist","741",0,0,0,0,1
"separate","Management_Science","dist","742",0,0,0,0,1
"separate","Management_Science","dist","743",0,0,0,0,1
"separate","Management_Science","dist","744",0,0,0,0,1
"separate","Management_Science","dist","745",0,0,0,0,1
"separate","Management_Science","dist","746",0,0,0,0,1
"separate","Management_Science","dist","747",0,0,0,0,1
"separate","Management_Science","dist","748",0,0,0,0,1
"separate","Management_Science","dist","749",0,0,0,0,1
"separate","Management_Science","dist","750",0,0,0,0,1
"separate","Management_Science","dist","751",0,0,0,0,1
"separate","Management_Science","dist","752",0,0,0,0,1
"separate","Management_Science","dist","753",0,0,0,0,1
"separate","Management_Science","dist","754",0,0,0,0,1
"separate","Management_Science","dist","755",0,0,0,0,1
"separate","Management_Science","dist","756",0,0,0,0,1
"separate","Management_Science","dist","757",0,0,0,0,1
"separate","Management_Science","dist","758",0,0,0,0,1
"separate","Management_Science","dist","759",0,0,0,0,1
"separate","Management_Science","dist","760",0,0,0,0,1
"separate","Management_Science","dist","761",0,0,0,0,1
"separate","Management_Science","dist","762",0,0,0,0,1
"separate","Management_Science","dist","763",0,0,0,0,1
"separate","Management_Science","dist","764",0,0,0,0,1
"separate","Management_Science","dist","765",0,0,0,0,1
"separate","Management_Science","dist","766",0,0,0,0,1
"separate","Management_Science","dist","767",0,0,0,0,1
"separate","Management_Science","dist","768",0,0,0,0,1
"separate","Management_Science","dist","769",0,0,0,0,1
"separate","Management_Science","dist","770",0,0,0,0,1
"separate","Management_Science","dist","771",0,0,0,0,1
"separate","Management_Science","dist","772",0,0,0,0,1
"separate","Management_Science","dist","773",0,0,0,0,1
"separate","Management_Science","dist","774",0,0,0,0,1
"separate","Management_Science","dist","775",0,0,0,0,1
"separate","Management_Science","dist","776",0,0,0,0,1
"separate","Management_Science","dist","777",0,0,0,0,1
"separate","Management_Science","dist","778",0,0,0,0,1
"separate","Management_Science","dist","779",0,0,0,0,1
"separate","Management_Science","dist","780",0,0,0,0,1
"separate","Management_Science","dist","781",0,0,0,0,1
"separate","Management_Science","dist","782",0,0,0,0,1
"separate","Management_Science","dist","783",0,0,0,0,1
"separate","Management_Science","dist","784",0,0,0,0,1
"separate","Management_Science","dist","785",0,0,0,0,1
"separate","Management_Science","dist","786",0,0,0,0,1
"separate","Management_Science","dist","787",0,0,0,0,1
"separate","Management_Science","dist","788",0,0,0,0,1
"separate","Management_Science","dist","789",0,0,0,0,1
"separate","Management_Science","dist","790",0,0,0,0,1
"separate","Management_Science","dist","791",0,0,0,0,1
"separate","Management_Science","dist","792",0,0,0,0,1
"separate","Management_Science","dist","793",0,0,0,0,1
"separate","Management_Science","dist","794",0,0,0,0,1
"separate","Management_Science","dist","795",0,0,0,0,1
"separate","Management_Science","dist","796",0,0,0,0,1
"separate","Management_Science","dist","797",0,0,0,0,1
"separate","Management_Science","dist","798",0,0,0,0,1
"separate","Management_Science","dist","799",0,0,0,0,1
"separate","Management_Science","dist","800",0,0,0,0,1
"separate","Management_Science","dist","801",0,0,0,0,1
"separate","Management_Science","dist","802",0,0,0,0,1
"separate","Management_Science","dist","803",0,0,0,0,1
"separate","Management_Science","dist","804",0,0,0,0,1
"separate","Management_Science","dist","805",0,0,0,0,1
"separate","Management_Science","dist","806",0,0,0,0,1
"separate","Management_Science","dist","807",0,0,0,0,1
"separate","Management_Science","dist","808",0,0,0,0,1
"separate","Management_Science","dist","809",0,0,0,0,1
"separate","Management_Science","dist","810",0,0,0,0,1
"separate","Management_Science","dist","811",0,0,0,0,1
"separate","Management_Science","dist","812",0,0,0,0,1
"separate","Management_Science","dist","813",0,0,0,0,1
"separate","Management_Science","dist","814",0,0,0,0,1
"separate","Management_Science","dist","815",0,0,0,0,1
"separate","Management_Science","dist","816",0,0,0,0,1
"separate","Management_Science","dist","817",0,0,0,0,1
"separate","Management_Science","dist","818",0,0,0,0,1
"separate","Management_Science","dist","819",0,0,0,0,1
"separate","Management_Science","dist","820",0,0,0,0,1
"separate","Management_Science","dist","821",0,0,0,0,1
"separate","Management_Science","dist","822",0,0,0,0,1
"separate","Management_Science","dist","823",0,0,0,0,1
"separate","Management_Science","dist","824",0,0,0,0,1
"separate","Management_Science","dist","825",0,0,0,0,1
"separate","Management_Science","dist","826",0,0,0,0,1
"separate","Management_Science","dist","827",0,0,0,0,1
"separate","Management_Science","dist","828",0,0,0,0,1
"separate","Management_Science","dist","829",0,0,0,0,1
"separate","Management_Science","dist","830",0,0,0,0,1
"separate","Management_Science","dist","831",0,0,0,0,1
"separate","Management_Science","dist","832",0,0,0,0,1
"separate","Management_Science","dist","833",0,0,0,0,1
"separate","Management_Science","dist","834",0,0,0,0,1
"separate","Management_Science","dist","835",0,0,0,0,1
"separate","Management_Science","dist","836",0,0,0,0,1
"separate","Management_Science","dist","837",0,0,0,0,1
"separate","Management_Science","dist","838",0,0,0,0,1
"separate","Management_Science","dist","839",0,0,0,0,1
"separate","Management_Science","dist","840",0,0,0,0,1
"separate","Management_Science","dist","841",0,0,0,0,1
"separate","Management_Science","dist","842",0,0,0,0,1
"separate","Management_Science","dist","843",0,0,0,0,1
"separate","Management_Science","dist","844",0,0,0,0,1
"separate","Management_Science","dist","845",0,0,0,0,1
"separate","Management_Science","dist","846",0,0,0,0,1
"separate","Management_Science","dist","847",0,0,0,0,1
"separate","Management_Science","dist","848",0,0,0,0,1
"separate","Management_Science","dist","849",0,0,0,0,1
"separate","Management_Science","dist","850",0,0,0,0,1
"separate","Management_Science","dist","851",0,0,0,0,1
"separate","Management_Science","dist","852",0,0,0,0,1
"separate","Management_Science","dist","853",0,0,0,0,1
"separate","Management_Science","dist","854",0,0,0,0,1
"separate","Management_Science","dist","855",0,0,0,0,1
"separate","Management_Science","dist","856",0,0,0,0,1
"separate","Management_Science","dist","857",0,0,0,0,1
"separate","Management_Science","dist","858",0,0,0,0,1
"separate","Management_Science","dist","859",0,0,0,0,1
"separate","Management_Science","dist","860",0,0,0,0,1
"separate","Management_Science","dist","861",0,0,0,0,1
"separate","Management_Science","dist","862",0,0,0,0,1
"separate","Management_Science","dist","863",0,0,0,0,1
"separate","Management_Science","dist","864",0,0,0,0,1
"separate","Management_Science","dist","865",0,0,0,0,1
"separate","Management_Science","dist","866",0,0,0,0,1
"separate","Management_Science","dist","867",0,0,0,0,1
"separate","Management_Science","dist","868",0,0,0,0,1
"separate","Management_Science","dist","869",0,0,0,0,1
"separate","Management_Science","dist","870",0,0,0,0,1
"separate","Management_Science","dist","871",0,0,0,0,1
"separate","Management_Science","dist","872",0,0,0,0,1
"separate","Management_Science","dist","873",0,0,0,0,1
"separate","Management_Science","dist","874",0,0,0,0,1
"separate","Management_Science","dist","875",0,0,0,0,1
"separate","Management_Science","dist","876",0,0,0,0,1
"separate","Management_Science","dist","877",0,0,0,0,1
"separate","Management_Science","dist","878",0,0,0,0,1
"separate","Management_Science","dist","879",0,0,0,0,1
"separate","Management_Science","dist","880",0,0,0,0,1
"separate","Management_Science","dist","881",0,0,0,0,1
"separate","Management_Science","dist","882",0,0,0,0,1
"separate","Management_Science","dist","883",0,0,0,0,1
"separate","Management_Science","dist","884",0,0,0,0,1
"separate","Management_Science","dist","885",0,0,0,0,1
"separate","Management_Science","dist","886",0,0,0,0,1
"separate","Management_Science","dist","887",0,0,0,0,1
"separate","Management_Science","dist","888",0,0,0,0,1
"separate","Management_Science","dist","889",0,0,0,0,1
"separate","Management_Science","dist","890",0,0,0,0,1
"separate","Management_Science","dist","891",0,0,0,0,1
"separate","Management_Science","dist","892",0,0,0,0,1
"separate","Management_Science","dist","893",0,0,0,0,1
"separate","Management_Science","dist","894",0,0,0,0,1
"separate","Management_Science","dist","895",0,0,0,0,1
"separate","Management_Science","dist","896",0,0,0,0,1
"separate","Management_Science","dist","897",0,0,0,0,1
"separate","Management_Science","dist","898",0,0,0,0,1
"separate","Management_Science","dist","899",0,0,0,0,1
"separate","Management_Science","dist","900",0,0,0,0,1
"separate","Management_Science","dist","901",0,0,0,0,1
"separate","Management_Science","dist","902",0,0,0,0,1
"separate","Management_Science","dist","903",0,0,0,0,1
"separate","Management_Science","dist","904",0,0,0,0,1
"separate","Management_Science","dist","905",0,0,0,0,1
"separate","Management_Science","dist","906",0,0,0,0,1
"separate","Management_Science","dist","907",0,0,0,0,1
"separate","Management_Science","dist","908",0,0,0,0,1
"separate","Management_Science","dist","909",0,0,0,0,1
"separate","Management_Science","dist","910",0,0,0,0,1
"separate","Management_Science","dist","911",0,0,0,0,1
"separate","Management_Science","dist","912",0,0,0,0,1
"separate","Management_Science","dist","913",0,0,0,0,1
"separate","Management_Science","dist","914",0,0,0,0,1
"separate","Management_Science","dist","915",0,0,0,0,1
"separate","Management_Science","dist","916",0,0,0,0,1
"separate","Management_Science","dist","917",0,0,0,0,1
"separate","Management_Science","dist","918",0,0,0,0,1
"separate","Management_Science","dist","919",0,0,0,0,1
"separate","Management_Science","dist","920",0,0,0,0,1
"separate","Management_Science","dist","921",0,0,0,0,1
"separate","Management_Science","dist","922",0,0,0,0,1
"separate","Management_Science","dist","923",0,0,0,0,1
"separate","Management_Science","dist","924",0,0,0,0,1
"separate","Management_Science","dist","925",0,0,0,0,1
"separate","Management_Science","dist","926",0,0,0,0,1
"separate","Management_Science","dist","927",0,0,0,0,1
"separate","Management_Science","dist","928",0,0,0,0,1
"separate","Management_Science","dist","929",0,0,0,0,1
"separate","Management_Science","dist","930",0,0,0,0,1
"separate","Management_Science","dist","931",0,0,0,0,1
"separate","Management_Science","dist","932",0,0,0,0,1
"separate","Management_Science","dist","933",0,0,0,0,1
"separate","Management_Science","dist","934",0,0,0,0,1
"separate","Management_Science","dist","935",0,0,0,0,1
"separate","Management_Science","dist","936",0,0,0,0,1
"separate","Management_Science","dist","937",0,0,0,0,1
"separate","Management_Science","dist","938",0,0,0,0,1
"separate","Management_Science","dist","939",0,0,0,0,1
"separate","Management_Science","dist","940",0,0,0,0,1
"separate","Management_Science","dist","941",0,0,0,0,1
"separate","Management_Science","dist","942",0,0,0,0,1
"separate","Management_Science","dist","943",0,0,0,0,1
"separate","Management_Science","dist","944",0,0,0,0,1
"separate","Management_Science","dist","945",0,0,0,0,1
"separate","Management_Science","dist","946",0,0,0,0,1
"separate","Management_Science","dist","947",0,0,0,0,1
"separate","Management_Science","dist","948",0,0,0,0,1
"separate","Management_Science","dist","949",0,0,0,0,1
"separate","Management_Science","dist","950",0,0,0,0,1
"separate","Management_Science","dist","951",0,0,0,0,1
"separate","Management_Science","dist","952",0,0,0,0,1
"separate","Management_Science","dist","953",0,0,0,0,1
"separate","Management_Science","dist","954",0,0,0,0,1
"separate","Management_Science","dist","955",0,0,0,0,1
"separate","Management_Science","dist","956",0,0,0,0,1
"separate","Management_Science","dist","957",0,0,0,0,1
"separate","Management_Science","dist","958",0,0,0,0,1
"separate","Management_Science","dist","959",0,0,0,0,1
"separate","Management_Science","dist","960",0,0,0,0,1
"separate","Management_Science","dist","961",0,0,0,0,1
"separate","Management_Science","dist","962",0,0,0,0,1
"separate","Management_Science","dist","963",0,0,0,0,1
"separate","Management_Science","dist","964",0,0,0,0,1
"separate","Management_Science","dist","965",0,0,0,0,1
"separate","Management_Science","dist","966",0,0,0,0,1
"separate","Management_Science","dist","967",0,0,0,0,1
"separate","Management_Science","dist","968",0,0,0,0,1
"separate","Management_Science","dist","969",0,0,0,0,1
"separate","Management_Science","dist","970",0,0,0,0,1
"separate","Management_Science","dist","971",0,0,0,0,1
"separate","Management_Science","dist","972",0,0,0,0,1
"separate","Management_Science","dist","Inf",471386,110336,137333.5,162729,0
"separate","Management_Science","dspart","0",471644,469963,470328.28,470667,0
"separate","Management_Science","dspart","1",659,2199,2534.77,2897,0
"separate","Management_Science","dspart","2",293,4,14.28,32,0
"separate","Management_Science","dspart","3",169,0,0.62,5,0
"separate","Management_Science","dspart","4",58,0,0.04,1,0
"separate","Management_Science","dspart","5",22,0,0.00999999999999999,1,0
"separate","Management_Science","dspart","6",32,0,0,0,0
"separate","Management_Science","dspart","7",0,0,0,0,1
"separate","Management_Science","dspart","8",1,0,0,0,0
"separate","Management_Science","dspart","9",0,0,0,0,1
"separate","Management_Science","dspart","10",0,0,0,0,1
"separate","Management_Science","dspart","11",0,0,0,0,1
"separate","Management_Science","dspart","12",0,0,0,0,1
"separate","Management_Science","dspart","13",0,0,0,0,1
"separate","Management_Science","dspart","14",0,0,0,0,1
"separate","Management_Science","dspart","15",0,0,0,0,1
"separate","Management_Science","dspart","16",0,0,0,0,1
"separate","Management_Science","dspart","17",0,0,0,0,1
"separate","Management_Science","dspart","18",0,0,0,0,1
"separate","Management_Science","dspart","19",0,0,0,0,1
"separate","Management_Science","dspart","20",0,0,0,0,1
"separate","Management_Science","dspart","21",0,0,0,0,1
"separate","Management_Science","dspart","22",0,0,0,0,1
"separate","Management_Science","dspart","23",0,0,0,0,1
"separate","Management_Science","dspart","24",0,0,0,0,1
"separate","Management_Science","dspart","25",0,0,0,0,1
"separate","Management_Science","dspart","26",0,0,0,0,1
"separate","Management_Science","dspart","27",0,0,0,0,1
"separate","Management_Science","dspart","28",0,0,0,0,1
"separate","Management_Science","dspart","29",0,0,0,0,1
"separate","Management_Science","dspart","30",0,0,0,0,1
"separate","Management_Science","dspart","31",0,0,0,0,1
"separate","Management_Science","dspart","32",0,0,0,0,1
"separate","Management_Science","dspart","33",0,0,0,0,1
"separate","Management_Science","dspart","34",0,0,0,0,1
"separate","Management_Science","dspart","35",0,0,0,0,1
"separate","Management_Science","dspart","36",0,0,0,0,1
"separate","Management_Science","dspart","37",0,0,0,0,1
"separate","Management_Science","dspart","38",0,0,0,0,1
"separate","Management_Science","dspart","39",0,0,0,0,1
"separate","Management_Science","dspart","40",0,0,0,0,1
"separate","Management_Science","dspart","41",0,0,0,0,1
"separate","Management_Science","dspart","42",0,0,0,0,1
"separate","Management_Science","dspart","43",0,0,0,0,1
"separate","Management_Science","dspart","44",0,0,0,0,1
"separate","Management_Science","dspart","45",0,0,0,0,1
"separate","Management_Science","dspart","46",0,0,0,0,1
"separate","Management_Science","dspart","47",0,0,0,0,1
"separate","Management_Science","dspart","48",0,0,0,0,1
"separate","Management_Science","dspart","49",0,0,0,0,1
"separate","Management_Science","dspart","50",0,0,0,0,1
"separate","Management_Science","dspart","51",0,0,0,0,1
"separate","Management_Science","dspart","52",0,0,0,0,1
"separate","Management_Science","dspart","53",0,0,0,0,1
"separate","Management_Science","dspart","54",0,0,0,0,1
"separate","Management_Science","dspart","55",0,0,0,0,1
"separate","Management_Science","dspart","56",0,0,0,0,1
"separate","Management_Science","dspart","57",0,0,0,0,1
"separate","Management_Science","dspart","58",0,0,0,0,1
"separate","Management_Science","dspart","59",0,0,0,0,1
"separate","Management_Science","dspart","60",0,0,0,0,1
"separate","Management_Science","dspart","61",0,0,0,0,1
"separate","Management_Science","dspart","62",0,0,0,0,1
"separate","Management_Science","dspart","63",0,0,0,0,1
"separate","Management_Science","dspart","64",0,0,0,0,1
"separate","Management_Science","dspart","65",0,0,0,0,1
"separate","Management_Science","dspart","66",0,0,0,0,1
"separate","Management_Science","dspart","67",0,0,0,0,1
"separate","Management_Science","dspart","68",0,0,0,0,1
"separate","Management_Science","dspart","69",0,0,0,0,1
"separate","Management_Science","dspart","70",0,0,0,0,1
"separate","Management_Science","dspart","71",0,0,0,0,1
"separate","Management_Science","dspart","72",0,0,0,0,1
"separate","Management_Science","dspart","73",0,0,0,0,1
"separate","Management_Science","dspart","74",0,0,0,0,1
"separate","Management_Science","dspart","75",0,0,0,0,1
"separate","Management_Science","dspart","76",0,0,0,0,1
"separate","Management_Science","dspart","77",0,0,0,0,1
"separate","Management_Science","dspart","78",0,0,0,0,1
"separate","Management_Science","dspart","79",0,0,0,0,1
"separate","Management_Science","dspart","80",0,0,0,0,1
"separate","Management_Science","dspart","81",0,0,0,0,1
"separate","Management_Science","dspart","82",0,0,0,0,1
"separate","Management_Science","dspart","83",0,0,0,0,1
"separate","Management_Science","dspart","84",0,0,0,0,1
"separate","Management_Science","dspart","85",0,0,0,0,1
"separate","Management_Science","dspart","86",0,0,0,0,1
"separate","Management_Science","dspart","87",0,0,0,0,1
"separate","Management_Science","dspart","88",0,0,0,0,1
"separate","Management_Science","dspart","89",0,0,0,0,1
"separate","Management_Science","dspart","90",0,0,0,0,1
"separate","Management_Science","dspart","91",0,0,0,0,1
"separate","Management_Science","dspart","92",0,0,0,0,1
"separate","Management_Science","dspart","93",0,0,0,0,1
"separate","Management_Science","dspart","94",0,0,0,0,1
"separate","Management_Science","dspart","95",0,0,0,0,1
"separate","Management_Science","dspart","96",0,0,0,0,1
"separate","Management_Science","dspart","97",0,0,0,0,1
"separate","Management_Science","dspart","98",0,0,0,0,1
"separate","Management_Science","dspart","99",0,0,0,0,1
"separate","Management_Science","dspart","100",0,0,0,0,1
"separate","Management_Science","dspart","101",0,0,0,0,1
"separate","Management_Science","dspart","102",0,0,0,0,1
"separate","Management_Science","dspart","103",0,0,0,0,1
"separate","Management_Science","dspart","104",0,0,0,0,1
"separate","Management_Science","dspart","105",0,0,0,0,1
"separate","Management_Science","dspart","106",0,0,0,0,1
"separate","Management_Science","dspart","107",0,0,0,0,1
"separate","Management_Science","dspart","108",0,0,0,0,1
"separate","Management_Science","dspart","109",0,0,0,0,1
"separate","Management_Science","dspart","110",0,0,0,0,1
"separate","Management_Science","dspart","111",0,0,0,0,1
"separate","Management_Science","dspart","112",0,0,0,0,1
"separate","Management_Science","dspart","113",0,0,0,0,1
"separate","Management_Science","dspart","114",0,0,0,0,1
"separate","Management_Science","dspart","115",0,0,0,0,1
"separate","Management_Science","dspart","116",0,0,0,0,1
"separate","Management_Science","dspart","117",0,0,0,0,1
"separate","Management_Science","dspart","118",0,0,0,0,1
"separate","Management_Science","dspart","119",0,0,0,0,1
"separate","Management_Science","dspart","120",0,0,0,0,1
"separate","Management_Science","dspart","121",0,0,0,0,1
"separate","Management_Science","dspart","122",0,0,0,0,1
"separate","Management_Science","dspart","123",0,0,0,0,1
"separate","Management_Science","dspart","124",0,0,0,0,1
"separate","Management_Science","dspart","125",0,0,0,0,1
"separate","Management_Science","dspart","126",0,0,0,0,1
"separate","Management_Science","dspart","127",0,0,0,0,1
"separate","Management_Science","dspart","128",0,0,0,0,1
"separate","Management_Science","dspart","129",0,0,0,0,1
"separate","Management_Science","dspart","130",0,0,0,0,1
"separate","Management_Science","dspart","131",0,0,0,0,1
"separate","Management_Science","dspart","132",0,0,0,0,1
"separate","Management_Science","dspart","133",0,0,0,0,1
"separate","Management_Science","dspart","134",0,0,0,0,1
"separate","Management_Science","dspart","135",0,0,0,0,1
"separate","Management_Science","dspart","136",0,0,0,0,1
"separate","Management_Science","dspart","137",0,0,0,0,1
"separate","Management_Science","dspart","138",0,0,0,0,1
"separate","Management_Science","dspart","139",0,0,0,0,1
"separate","Management_Science","dspart","140",0,0,0,0,1
"separate","Management_Science","dspart","141",0,0,0,0,1
"separate","Management_Science","dspart","142",0,0,0,0,1
"separate","Management_Science","dspart","143",0,0,0,0,1
"separate","Management_Science","dspart","144",0,0,0,0,1
"separate","Management_Science","dspart","145",0,0,0,0,1
"separate","Management_Science","dspart","146",0,0,0,0,1
"separate","Management_Science","dspart","147",0,0,0,0,1
"separate","Management_Science","dspart","148",0,0,0,0,1
"separate","Management_Science","dspart","149",0,0,0,0,1
"separate","Management_Science","dspart","150",0,0,0,0,1
"separate","Management_Science","dspart","151",0,0,0,0,1
"separate","Management_Science","dspart","152",0,0,0,0,1
"separate","Management_Science","dspart","153",0,0,0,0,1
"separate","Management_Science","dspart","154",0,0,0,0,1
"separate","Management_Science","dspart","155",0,0,0,0,1
"separate","Management_Science","dspart","156",0,0,0,0,1
"separate","Management_Science","dspart","157",0,0,0,0,1
"separate","Management_Science","dspart","158",0,0,0,0,1
"separate","Management_Science","dspart","159",0,0,0,0,1
"separate","Management_Science","dspart","160",0,0,0,0,1
"separate","Management_Science","dspart","161",0,0,0,0,1
"separate","Management_Science","dspart","162",0,0,0,0,1
"separate","Management_Science","dspart","163",0,0,0,0,1
"separate","Management_Science","dspart","164",0,0,0,0,1
"separate","Management_Science","dspart","165",0,0,0,0,1
"separate","Management_Science","dspart","166",0,0,0,0,1
"separate","Management_Science","dspart","167",0,0,0,0,1
"separate","Management_Science","dspart","168",0,0,0,0,1
"separate","Management_Science","dspart","169",0,0,0,0,1
"separate","Management_Science","dspart","170",0,0,0,0,1
"separate","Management_Science","dspart","171",0,0,0,0,1
"separate","Management_Science","dspart","172",0,0,0,0,1
"separate","Management_Science","dspart","173",0,0,0,0,1
"separate","Management_Science","dspart","174",0,0,0,0,1
"separate","Management_Science","dspart","175",0,0,0,0,1
"separate","Management_Science","dspart","176",0,0,0,0,1
"separate","Management_Science","dspart","177",0,0,0,0,1
"separate","Management_Science","dspart","178",0,0,0,0,1
"separate","Management_Science","dspart","179",0,0,0,0,1
"separate","Management_Science","dspart","180",0,0,0,0,1
"separate","Management_Science","dspart","181",0,0,0,0,1
"separate","Management_Science","dspart","182",0,0,0,0,1
"separate","Management_Science","dspart","183",0,0,0,0,1
"separate","Management_Science","dspart","184",0,0,0,0,1
"separate","Management_Science","dspart","185",0,0,0,0,1
"separate","Management_Science","dspart","186",0,0,0,0,1
"separate","Management_Science","dspart","187",0,0,0,0,1
"separate","Management_Science","dspart","188",0,0,0,0,1
"separate","Management_Science","dspart","189",0,0,0,0,1
"separate","Management_Science","dspart","190",0,0,0,0,1
"separate","Management_Science","dspart","191",0,0,0,0,1
"separate","Management_Science","dspart","192",0,0,0,0,1
"separate","Management_Science","dspart","193",0,0,0,0,1
"separate","Management_Science","dspart","194",0,0,0,0,1
"separate","Management_Science","dspart","195",0,0,0,0,1
"separate","Management_Science","dspart","196",0,0,0,0,1
"separate","Management_Science","dspart","197",0,0,0,0,1
"separate","Management_Science","dspart","198",0,0,0,0,1
"separate","Management_Science","dspart","199",0,0,0,0,1
"separate","Management_Science","dspart","200",0,0,0,0,1
"separate","Management_Science","dspart","201",0,0,0,0,1
"separate","Management_Science","dspart","202",0,0,0,0,1
"separate","Management_Science","dspart","203",0,0,0,0,1
"separate","Management_Science","dspart","204",0,0,0,0,1
"separate","Management_Science","dspart","205",0,0,0,0,1
"separate","Management_Science","dspart","206",0,0,0,0,1
"separate","Management_Science","dspart","207",0,0,0,0,1
"separate","Management_Science","dspart","208",0,0,0,0,1
"separate","Management_Science","dspart","209",0,0,0,0,1
"separate","Management_Science","dspart","210",0,0,0,0,1
"separate","Management_Science","dspart","211",0,0,0,0,1
"separate","Management_Science","dspart","212",0,0,0,0,1
"separate","Management_Science","dspart","213",0,0,0,0,1
"separate","Management_Science","dspart","214",0,0,0,0,1
"separate","Management_Science","dspart","215",0,0,0,0,1
"separate","Management_Science","dspart","216",0,0,0,0,1
"separate","Management_Science","dspart","217",0,0,0,0,1
"separate","Management_Science","dspart","218",0,0,0,0,1
"separate","Management_Science","dspart","219",0,0,0,0,1
"separate","Management_Science","dspart","220",0,0,0,0,1
"separate","Management_Science","dspart","221",0,0,0,0,1
"separate","Management_Science","dspart","222",0,0,0,0,1
"separate","Management_Science","dspart","223",0,0,0,0,1
"separate","Management_Science","dspart","224",0,0,0,0,1
"separate","Management_Science","dspart","225",0,0,0,0,1
"separate","Management_Science","dspart","226",0,0,0,0,1
"separate","Management_Science","dspart","227",0,0,0,0,1
"separate","Management_Science","dspart","228",0,0,0,0,1
"separate","Management_Science","dspart","229",0,0,0,0,1
"separate","Management_Science","dspart","230",0,0,0,0,1
"separate","Management_Science","dspart","231",0,0,0,0,1
"separate","Management_Science","dspart","232",0,0,0,0,1
"separate","Management_Science","dspart","233",0,0,0,0,1
"separate","Management_Science","dspart","234",0,0,0,0,1
"separate","Management_Science","dspart","235",0,0,0,0,1
"separate","Management_Science","dspart","236",0,0,0,0,1
"separate","Management_Science","dspart","237",0,0,0,0,1
"separate","Management_Science","dspart","238",0,0,0,0,1
"separate","Management_Science","dspart","239",0,0,0,0,1
"separate","Management_Science","dspart","240",0,0,0,0,1
"separate","Management_Science","dspart","241",0,0,0,0,1
"separate","Management_Science","dspart","242",0,0,0,0,1
"separate","Management_Science","dspart","243",0,0,0,0,1
"separate","Management_Science","dspart","244",0,0,0,0,1
"separate","Management_Science","dspart","245",0,0,0,0,1
"separate","Management_Science","dspart","246",0,0,0,0,1
"separate","Management_Science","dspart","247",0,0,0,0,1
"separate","Management_Science","dspart","248",0,0,0,0,1
"separate","Management_Science","dspart","249",0,0,0,0,1
"separate","Management_Science","dspart","250",0,0,0,0,1
"separate","Management_Science","dspart","251",0,0,0,0,1
"separate","Management_Science","dspart","252",0,0,0,0,1
"separate","Management_Science","dspart","253",0,0,0,0,1
"separate","Management_Science","dspart","254",0,0,0,0,1
"separate","Management_Science","dspart","255",0,0,0,0,1
"separate","Management_Science","dspart","256",0,0,0,0,1
"separate","Management_Science","dspart","257",0,0,0,0,1
"separate","Management_Science","dspart","258",0,0,0,0,1
"separate","Management_Science","dspart","259",0,0,0,0,1
"separate","Management_Science","dspart","260",0,0,0,0,1
"separate","Management_Science","dspart","261",0,0,0,0,1
"separate","Management_Science","dspart","262",0,0,0,0,1
"separate","Management_Science","dspart","263",0,0,0,0,1
"separate","Management_Science","dspart","264",0,0,0,0,1
"separate","Management_Science","dspart","265",0,0,0,0,1
"separate","Management_Science","dspart","266",0,0,0,0,1
"separate","Management_Science","dspart","267",0,0,0,0,1
"separate","Management_Science","dspart","268",0,0,0,0,1
"separate","Management_Science","dspart","269",0,0,0,0,1
"separate","Management_Science","dspart","270",0,0,0,0,1
"separate","Management_Science","dspart","271",0,0,0,0,1
"separate","Management_Science","dspart","272",0,0,0,0,1
"separate","Management_Science","dspart","273",0,0,0,0,1
"separate","Management_Science","dspart","274",0,0,0,0,1
"separate","Management_Science","dspart","275",0,0,0,0,1
"separate","Management_Science","dspart","276",0,0,0,0,1
"separate","Management_Science","dspart","277",0,0,0,0,1
"separate","Management_Science","dspart","278",0,0,0,0,1
"separate","Management_Science","dspart","279",0,0,0,0,1
"separate","Management_Science","dspart","280",0,0,0,0,1
"separate","Management_Science","dspart","281",0,0,0,0,1
"separate","Management_Science","dspart","282",0,0,0,0,1
"separate","Management_Science","dspart","283",0,0,0,0,1
"separate","Management_Science","dspart","284",0,0,0,0,1
"separate","Management_Science","dspart","285",0,0,0,0,1
"separate","Management_Science","dspart","286",0,0,0,0,1
"separate","Management_Science","dspart","287",0,0,0,0,1
"separate","Management_Science","dspart","288",0,0,0,0,1
"separate","Management_Science","dspart","289",0,0,0,0,1
"separate","Management_Science","dspart","290",0,0,0,0,1
"separate","Management_Science","dspart","291",0,0,0,0,1
"separate","Management_Science","dspart","292",0,0,0,0,1
"separate","Management_Science","dspart","293",0,0,0,0,1
"separate","Management_Science","dspart","294",0,0,0,0,1
"separate","Management_Science","dspart","295",0,0,0,0,1
"separate","Management_Science","dspart","296",0,0,0,0,1
"separate","Management_Science","dspart","297",0,0,0,0,1
"separate","Management_Science","dspart","298",0,0,0,0,1
"separate","Management_Science","dspart","299",0,0,0,0,1
"separate","Management_Science","dspart","300",0,0,0,0,1
"separate","Management_Science","dspart","301",0,0,0,0,1
"separate","Management_Science","dspart","302",0,0,0,0,1
"separate","Management_Science","dspart","303",0,0,0,0,1
"separate","Management_Science","dspart","304",0,0,0,0,1
"separate","Management_Science","dspart","305",0,0,0,0,1
"separate","Management_Science","dspart","306",0,0,0,0,1
"separate","Management_Science","dspart","307",0,0,0,0,1
"separate","Management_Science","dspart","308",0,0,0,0,1
"separate","Management_Science","dspart","309",0,0,0,0,1
"separate","Management_Science","dspart","310",0,0,0,0,1
"separate","Management_Science","dspart","311",0,0,0,0,1
"separate","Management_Science","dspart","312",0,0,0,0,1
"separate","Management_Science","dspart","313",0,0,0,0,1
"separate","Management_Science","dspart","314",0,0,0,0,1
"separate","Management_Science","dspart","315",0,0,0,0,1
"separate","Management_Science","dspart","316",0,0,0,0,1
"separate","Management_Science","dspart","317",0,0,0,0,1
"separate","Management_Science","dspart","318",0,0,0,0,1
"separate","Management_Science","dspart","319",0,0,0,0,1
"separate","Management_Science","dspart","320",0,0,0,0,1
"separate","Management_Science","dspart","321",0,0,0,0,1
"separate","Management_Science","dspart","322",0,0,0,0,1
"separate","Management_Science","dspart","323",0,0,0,0,1
"separate","Management_Science","dspart","324",0,0,0,0,1
"separate","Management_Science","dspart","325",0,0,0,0,1
"separate","Management_Science","dspart","326",0,0,0,0,1
"separate","Management_Science","dspart","327",0,0,0,0,1
"separate","Management_Science","dspart","328",0,0,0,0,1
"separate","Management_Science","dspart","329",0,0,0,0,1
"separate","Management_Science","dspart","330",0,0,0,0,1
"separate","Management_Science","dspart","331",0,0,0,0,1
"separate","Management_Science","dspart","332",0,0,0,0,1
"separate","Management_Science","dspart","333",0,0,0,0,1
"separate","Management_Science","dspart","334",0,0,0,0,1
"separate","Management_Science","dspart","335",0,0,0,0,1
"separate","Management_Science","dspart","336",0,0,0,0,1
"separate","Management_Science","dspart","337",0,0,0,0,1
"separate","Management_Science","dspart","338",0,0,0,0,1
"separate","Management_Science","dspart","339",0,0,0,0,1
"separate","Management_Science","dspart","340",0,0,0,0,1
"separate","Management_Science","dspart","341",0,0,0,0,1
"separate","Management_Science","dspart","342",0,0,0,0,1
"separate","Management_Science","dspart","343",0,0,0,0,1
"separate","Management_Science","dspart","344",0,0,0,0,1
"separate","Management_Science","dspart","345",0,0,0,0,1
"separate","Management_Science","dspart","346",0,0,0,0,1
"separate","Management_Science","dspart","347",0,0,0,0,1
"separate","Management_Science","dspart","348",0,0,0,0,1
"separate","Management_Science","dspart","349",0,0,0,0,1
"separate","Management_Science","dspart","350",0,0,0,0,1
"separate","Management_Science","dspart","351",0,0,0,0,1
"separate","Management_Science","dspart","352",0,0,0,0,1
"separate","Management_Science","dspart","353",0,0,0,0,1
"separate","Management_Science","dspart","354",0,0,0,0,1
"separate","Management_Science","dspart","355",0,0,0,0,1
"separate","Management_Science","dspart","356",0,0,0,0,1
"separate","Management_Science","dspart","357",0,0,0,0,1
"separate","Management_Science","dspart","358",0,0,0,0,1
"separate","Management_Science","dspart","359",0,0,0,0,1
"separate","Management_Science","dspart","360",0,0,0,0,1
"separate","Management_Science","dspart","361",0,0,0,0,1
"separate","Management_Science","dspart","362",0,0,0,0,1
"separate","Management_Science","dspart","363",0,0,0,0,1
"separate","Management_Science","dspart","364",0,0,0,0,1
"separate","Management_Science","dspart","365",0,0,0,0,1
"separate","Management_Science","dspart","366",0,0,0,0,1
"separate","Management_Science","dspart","367",0,0,0,0,1
"separate","Management_Science","dspart","368",0,0,0,0,1
"separate","Management_Science","dspart","369",0,0,0,0,1
"separate","Management_Science","dspart","370",0,0,0,0,1
"separate","Management_Science","dspart","371",0,0,0,0,1
"separate","Management_Science","dspart","372",0,0,0,0,1
"separate","Management_Science","dspart","373",0,0,0,0,1
"separate","Management_Science","dspart","374",0,0,0,0,1
"separate","Management_Science","dspart","375",0,0,0,0,1
"separate","Management_Science","dspart","376",0,0,0,0,1
"separate","Management_Science","dspart","377",0,0,0,0,1
"separate","Management_Science","dspart","378",0,0,0,0,1
"separate","Management_Science","dspart","379",0,0,0,0,1
"separate","Management_Science","dspart","380",0,0,0,0,1
"separate","Management_Science","dspart","381",0,0,0,0,1
"separate","Management_Science","dspart","382",0,0,0,0,1
"separate","Management_Science","dspart","383",0,0,0,0,1
"separate","Management_Science","dspart","384",0,0,0,0,1
"separate","Management_Science","dspart","385",0,0,0,0,1
"separate","Management_Science","dspart","386",0,0,0,0,1
"separate","Management_Science","dspart","387",0,0,0,0,1
"separate","Management_Science","dspart","388",0,0,0,0,1
"separate","Management_Science","dspart","389",0,0,0,0,1
"separate","Management_Science","dspart","390",0,0,0,0,1
"separate","Management_Science","dspart","391",0,0,0,0,1
"separate","Management_Science","dspart","392",0,0,0,0,1
"separate","Management_Science","dspart","393",0,0,0,0,1
"separate","Management_Science","dspart","394",0,0,0,0,1
"separate","Management_Science","dspart","395",0,0,0,0,1
"separate","Management_Science","dspart","396",0,0,0,0,1
"separate","Management_Science","dspart","397",0,0,0,0,1
"separate","Management_Science","dspart","398",0,0,0,0,1
"separate","Management_Science","dspart","399",0,0,0,0,1
"separate","Management_Science","dspart","400",0,0,0,0,1
"separate","Management_Science","dspart","401",0,0,0,0,1
"separate","Management_Science","dspart","402",0,0,0,0,1
"separate","Management_Science","dspart","403",0,0,0,0,1
"separate","Management_Science","dspart","404",0,0,0,0,1
"separate","Management_Science","dspart","405",0,0,0,0,1
"separate","Management_Science","dspart","406",0,0,0,0,1
"separate","Management_Science","dspart","407",0,0,0,0,1
"separate","Management_Science","dspart","408",0,0,0,0,1
"separate","Management_Science","dspart","409",0,0,0,0,1
"separate","Management_Science","dspart","410",0,0,0,0,1
"separate","Management_Science","dspart","411",0,0,0,0,1
"separate","Management_Science","dspart","412",0,0,0,0,1
"separate","Management_Science","dspart","413",0,0,0,0,1
"separate","Management_Science","dspart","414",0,0,0,0,1
"separate","Management_Science","dspart","415",0,0,0,0,1
"separate","Management_Science","dspart","416",0,0,0,0,1
"separate","Management_Science","dspart","417",0,0,0,0,1
"separate","Management_Science","dspart","418",0,0,0,0,1
"separate","Management_Science","dspart","419",0,0,0,0,1
"separate","Management_Science","dspart","420",0,0,0,0,1
"separate","Management_Science","dspart","421",0,0,0,0,1
"separate","Management_Science","dspart","422",0,0,0,0,1
"separate","Management_Science","dspart","423",0,0,0,0,1
"separate","Management_Science","dspart","424",0,0,0,0,1
"separate","Management_Science","dspart","425",0,0,0,0,1
"separate","Management_Science","dspart","426",0,0,0,0,1
"separate","Management_Science","dspart","427",0,0,0,0,1
"separate","Management_Science","dspart","428",0,0,0,0,1
"separate","Management_Science","dspart","429",0,0,0,0,1
"separate","Management_Science","dspart","430",0,0,0,0,1
"separate","Management_Science","dspart","431",0,0,0,0,1
"separate","Management_Science","dspart","432",0,0,0,0,1
"separate","Management_Science","dspart","433",0,0,0,0,1
"separate","Management_Science","dspart","434",0,0,0,0,1
"separate","Management_Science","dspart","435",0,0,0,0,1
"separate","Management_Science","dspart","436",0,0,0,0,1
"separate","Management_Science","dspart","437",0,0,0,0,1
"separate","Management_Science","dspart","438",0,0,0,0,1
"separate","Management_Science","dspart","439",0,0,0,0,1
"separate","Management_Science","dspart","440",0,0,0,0,1
"separate","Management_Science","dspart","441",0,0,0,0,1
"separate","Management_Science","dspart","442",0,0,0,0,1
"separate","Management_Science","dspart","443",0,0,0,0,1
"separate","Management_Science","dspart","444",0,0,0,0,1
"separate","Management_Science","dspart","445",0,0,0,0,1
"separate","Management_Science","dspart","446",0,0,0,0,1
"separate","Management_Science","dspart","447",0,0,0,0,1
"separate","Management_Science","dspart","448",0,0,0,0,1
"separate","Management_Science","dspart","449",0,0,0,0,1
"separate","Management_Science","dspart","450",0,0,0,0,1
"separate","Management_Science","dspart","451",0,0,0,0,1
"separate","Management_Science","dspart","452",0,0,0,0,1
"separate","Management_Science","dspart","453",0,0,0,0,1
"separate","Management_Science","dspart","454",0,0,0,0,1
"separate","Management_Science","dspart","455",0,0,0,0,1
"separate","Management_Science","dspart","456",0,0,0,0,1
"separate","Management_Science","dspart","457",0,0,0,0,1
"separate","Management_Science","dspart","458",0,0,0,0,1
"separate","Management_Science","dspart","459",0,0,0,0,1
"separate","Management_Science","dspart","460",0,0,0,0,1
"separate","Management_Science","dspart","461",0,0,0,0,1
"separate","Management_Science","dspart","462",0,0,0,0,1
"separate","Management_Science","dspart","463",0,0,0,0,1
"separate","Management_Science","dspart","464",0,0,0,0,1
"separate","Management_Science","dspart","465",0,0,0,0,1
"separate","Management_Science","dspart","466",0,0,0,0,1
"separate","Management_Science","dspart","467",0,0,0,0,1
"separate","Management_Science","dspart","468",0,0,0,0,1
"separate","Management_Science","dspart","469",0,0,0,0,1
"separate","Management_Science","dspart","470",0,0,0,0,1
"separate","Management_Science","dspart","471",0,0,0,0,1
"separate","Management_Science","dspart","472",0,0,0,0,1
"separate","Management_Science","dspart","473",0,0,0,0,1
"separate","Management_Science","dspart","474",0,0,0,0,1
"separate","Management_Science","dspart","475",0,0,0,0,1
"separate","Management_Science","dspart","476",0,0,0,0,1
"separate","Management_Science","dspart","477",0,0,0,0,1
"separate","Management_Science","dspart","478",0,0,0,0,1
"separate","Management_Science","dspart","479",0,0,0,0,1
"separate","Management_Science","dspart","480",0,0,0,0,1
"separate","Management_Science","dspart","481",0,0,0,0,1
"separate","Management_Science","dspart","482",0,0,0,0,1
"separate","Management_Science","dspart","483",0,0,0,0,1
"separate","Management_Science","dspart","484",0,0,0,0,1
"separate","Management_Science","dspart","485",0,0,0,0,1
"separate","Management_Science","dspart","486",0,0,0,0,1
"separate","Management_Science","dspart","487",0,0,0,0,1
"separate","Management_Science","dspart","488",0,0,0,0,1
"separate","Management_Science","dspart","489",0,0,0,0,1
"separate","Management_Science","dspart","490",0,0,0,0,1
"separate","Management_Science","dspart","491",0,0,0,0,1
"separate","Management_Science","dspart","492",0,0,0,0,1
"separate","Management_Science","dspart","493",0,0,0,0,1
"separate","Management_Science","dspart","494",0,0,0,0,1
"separate","Management_Science","dspart","495",0,0,0,0,1
"separate","Management_Science","dspart","496",0,0,0,0,1
"separate","Management_Science","dspart","497",0,0,0,0,1
"separate","Management_Science","dspart","498",0,0,0,0,1
"separate","Management_Science","dspart","499",0,0,0,0,1
"separate","Management_Science","dspart","500",0,0,0,0,1
"separate","Management_Science","dspart","501",0,0,0,0,1
"separate","Management_Science","dspart","502",0,0,0,0,1
"separate","Management_Science","dspart","503",0,0,0,0,1
"separate","Management_Science","dspart","504",0,0,0,0,1
"separate","Management_Science","dspart","505",0,0,0,0,1
"separate","Management_Science","dspart","506",0,0,0,0,1
"separate","Management_Science","dspart","507",0,0,0,0,1
"separate","Management_Science","dspart","508",0,0,0,0,1
"separate","Management_Science","dspart","509",0,0,0,0,1
"separate","Management_Science","dspart","510",0,0,0,0,1
"separate","Management_Science","dspart","511",0,0,0,0,1
"separate","Management_Science","dspart","512",0,0,0,0,1
"separate","Management_Science","dspart","513",0,0,0,0,1
"separate","Management_Science","dspart","514",0,0,0,0,1
"separate","Management_Science","dspart","515",0,0,0,0,1
"separate","Management_Science","dspart","516",0,0,0,0,1
"separate","Management_Science","dspart","517",0,0,0,0,1
"separate","Management_Science","dspart","518",0,0,0,0,1
"separate","Management_Science","dspart","519",0,0,0,0,1
"separate","Management_Science","dspart","520",0,0,0,0,1
"separate","Management_Science","dspart","521",0,0,0,0,1
"separate","Management_Science","dspart","522",0,0,0,0,1
"separate","Management_Science","dspart","523",0,0,0,0,1
"separate","Management_Science","dspart","524",0,0,0,0,1
"separate","Management_Science","dspart","525",0,0,0,0,1
"separate","Management_Science","dspart","526",0,0,0,0,1
"separate","Management_Science","dspart","527",0,0,0,0,1
"separate","Management_Science","dspart","528",0,0,0,0,1
"separate","Management_Science","dspart","529",0,0,0,0,1
"separate","Management_Science","dspart","530",0,0,0,0,1
"separate","Management_Science","dspart","531",0,0,0,0,1
"separate","Management_Science","dspart","532",0,0,0,0,1
"separate","Management_Science","dspart","533",0,0,0,0,1
"separate","Management_Science","dspart","534",0,0,0,0,1
"separate","Management_Science","dspart","535",0,0,0,0,1
"separate","Management_Science","dspart","536",0,0,0,0,1
"separate","Management_Science","dspart","537",0,0,0,0,1
"separate","Management_Science","dspart","538",0,0,0,0,1
"separate","Management_Science","dspart","539",0,0,0,0,1
"separate","Management_Science","dspart","540",0,0,0,0,1
"separate","Management_Science","dspart","541",0,0,0,0,1
"separate","Management_Science","dspart","542",0,0,0,0,1
"separate","Management_Science","dspart","543",0,0,0,0,1
"separate","Management_Science","dspart","544",0,0,0,0,1
"separate","Management_Science","dspart","545",0,0,0,0,1
"separate","Management_Science","dspart","546",0,0,0,0,1
"separate","Management_Science","dspart","547",0,0,0,0,1
"separate","Management_Science","dspart","548",0,0,0,0,1
"separate","Management_Science","dspart","549",0,0,0,0,1
"separate","Management_Science","dspart","550",0,0,0,0,1
"separate","Management_Science","dspart","551",0,0,0,0,1
"separate","Management_Science","dspart","552",0,0,0,0,1
"separate","Management_Science","dspart","553",0,0,0,0,1
"separate","Management_Science","dspart","554",0,0,0,0,1
"separate","Management_Science","dspart","555",0,0,0,0,1
"separate","Management_Science","dspart","556",0,0,0,0,1
"separate","Management_Science","dspart","557",0,0,0,0,1
"separate","Management_Science","dspart","558",0,0,0,0,1
"separate","Management_Science","dspart","559",0,0,0,0,1
"separate","Management_Science","dspart","560",0,0,0,0,1
"separate","Management_Science","dspart","561",0,0,0,0,1
"separate","Management_Science","dspart","562",0,0,0,0,1
"separate","Management_Science","dspart","563",0,0,0,0,1
"separate","Management_Science","dspart","564",0,0,0,0,1
"separate","Management_Science","dspart","565",0,0,0,0,1
"separate","Management_Science","dspart","566",0,0,0,0,1
"separate","Management_Science","dspart","567",0,0,0,0,1
"separate","Management_Science","dspart","568",0,0,0,0,1
"separate","Management_Science","dspart","569",0,0,0,0,1
"separate","Management_Science","dspart","570",0,0,0,0,1
"separate","Management_Science","dspart","571",0,0,0,0,1
"separate","Management_Science","dspart","572",0,0,0,0,1
"separate","Management_Science","dspart","573",0,0,0,0,1
"separate","Management_Science","dspart","574",0,0,0,0,1
"separate","Management_Science","dspart","575",0,0,0,0,1
"separate","Management_Science","dspart","576",0,0,0,0,1
"separate","Management_Science","dspart","577",0,0,0,0,1
"separate","Management_Science","dspart","578",0,0,0,0,1
"separate","Management_Science","dspart","579",0,0,0,0,1
"separate","Management_Science","dspart","580",0,0,0,0,1
"separate","Management_Science","dspart","581",0,0,0,0,1
"separate","Management_Science","dspart","582",0,0,0,0,1
"separate","Management_Science","dspart","583",0,0,0,0,1
"separate","Management_Science","dspart","584",0,0,0,0,1
"separate","Management_Science","dspart","585",0,0,0,0,1
"separate","Management_Science","dspart","586",0,0,0,0,1
"separate","Management_Science","dspart","587",0,0,0,0,1
"separate","Management_Science","dspart","588",0,0,0,0,1
"separate","Management_Science","dspart","589",0,0,0,0,1
"separate","Management_Science","dspart","590",0,0,0,0,1
"separate","Management_Science","dspart","591",0,0,0,0,1
"separate","Management_Science","dspart","592",0,0,0,0,1
"separate","Management_Science","dspart","593",0,0,0,0,1
"separate","Management_Science","dspart","594",0,0,0,0,1
"separate","Management_Science","dspart","595",0,0,0,0,1
"separate","Management_Science","dspart","596",0,0,0,0,1
"separate","Management_Science","dspart","597",0,0,0,0,1
"separate","Management_Science","dspart","598",0,0,0,0,1
"separate","Management_Science","dspart","599",0,0,0,0,1
"separate","Management_Science","dspart","600",0,0,0,0,1
"separate","Management_Science","dspart","601",0,0,0,0,1
"separate","Management_Science","dspart","602",0,0,0,0,1
"separate","Management_Science","dspart","603",0,0,0,0,1
"separate","Management_Science","dspart","604",0,0,0,0,1
"separate","Management_Science","dspart","605",0,0,0,0,1
"separate","Management_Science","dspart","606",0,0,0,0,1
"separate","Management_Science","dspart","607",0,0,0,0,1
"separate","Management_Science","dspart","608",0,0,0,0,1
"separate","Management_Science","dspart","609",0,0,0,0,1
"separate","Management_Science","dspart","610",0,0,0,0,1
"separate","Management_Science","dspart","611",0,0,0,0,1
"separate","Management_Science","dspart","612",0,0,0,0,1
"separate","Management_Science","dspart","613",0,0,0,0,1
"separate","Management_Science","dspart","614",0,0,0,0,1
"separate","Management_Science","dspart","615",0,0,0,0,1
"separate","Management_Science","dspart","616",0,0,0,0,1
"separate","Management_Science","dspart","617",0,0,0,0,1
"separate","Management_Science","dspart","618",0,0,0,0,1
"separate","Management_Science","dspart","619",0,0,0,0,1
"separate","Management_Science","dspart","620",0,0,0,0,1
"separate","Management_Science","dspart","621",0,0,0,0,1
"separate","Management_Science","dspart","622",0,0,0,0,1
"separate","Management_Science","dspart","623",0,0,0,0,1
"separate","Management_Science","dspart","624",0,0,0,0,1
"separate","Management_Science","dspart","625",0,0,0,0,1
"separate","Management_Science","dspart","626",0,0,0,0,1
"separate","Management_Science","dspart","627",0,0,0,0,1
"separate","Management_Science","dspart","628",0,0,0,0,1
"separate","Management_Science","dspart","629",0,0,0,0,1
"separate","Management_Science","dspart","630",0,0,0,0,1
"separate","Management_Science","dspart","631",0,0,0,0,1
"separate","Management_Science","dspart","632",0,0,0,0,1
"separate","Management_Science","dspart","633",0,0,0,0,1
"separate","Management_Science","dspart","634",0,0,0,0,1
"separate","Management_Science","dspart","635",0,0,0,0,1
"separate","Management_Science","dspart","636",0,0,0,0,1
"separate","Management_Science","dspart","637",0,0,0,0,1
"separate","Management_Science","dspart","638",0,0,0,0,1
"separate","Management_Science","dspart","639",0,0,0,0,1
"separate","Management_Science","dspart","640",0,0,0,0,1
"separate","Management_Science","dspart","641",0,0,0,0,1
"separate","Management_Science","dspart","642",0,0,0,0,1
"separate","Management_Science","dspart","643",0,0,0,0,1
"separate","Management_Science","dspart","644",0,0,0,0,1
"separate","Management_Science","dspart","645",0,0,0,0,1
"separate","Management_Science","dspart","646",0,0,0,0,1
"separate","Management_Science","dspart","647",0,0,0,0,1
"separate","Management_Science","dspart","648",0,0,0,0,1
"separate","Management_Science","dspart","649",0,0,0,0,1
"separate","Management_Science","dspart","650",0,0,0,0,1
"separate","Management_Science","dspart","651",0,0,0,0,1
"separate","Management_Science","dspart","652",0,0,0,0,1
"separate","Management_Science","dspart","653",0,0,0,0,1
"separate","Management_Science","dspart","654",0,0,0,0,1
"separate","Management_Science","dspart","655",0,0,0,0,1
"separate","Management_Science","dspart","656",0,0,0,0,1
"separate","Management_Science","dspart","657",0,0,0,0,1
"separate","Management_Science","dspart","658",0,0,0,0,1
"separate","Management_Science","dspart","659",0,0,0,0,1
"separate","Management_Science","dspart","660",0,0,0,0,1
"separate","Management_Science","dspart","661",0,0,0,0,1
"separate","Management_Science","dspart","662",0,0,0,0,1
"separate","Management_Science","dspart","663",0,0,0,0,1
"separate","Management_Science","dspart","664",0,0,0,0,1
"separate","Management_Science","dspart","665",0,0,0,0,1
"separate","Management_Science","dspart","666",0,0,0,0,1
"separate","Management_Science","dspart","667",0,0,0,0,1
"separate","Management_Science","dspart","668",0,0,0,0,1
"separate","Management_Science","dspart","669",0,0,0,0,1
"separate","Management_Science","dspart","670",0,0,0,0,1
"separate","Management_Science","dspart","671",0,0,0,0,1
"separate","Management_Science","dspart","672",0,0,0,0,1
"separate","Management_Science","dspart","673",0,0,0,0,1
"separate","Management_Science","dspart","674",0,0,0,0,1
"separate","Management_Science","dspart","675",0,0,0,0,1
"separate","Management_Science","dspart","676",0,0,0,0,1
"separate","Management_Science","dspart","677",0,0,0,0,1
"separate","Management_Science","dspart","678",0,0,0,0,1
"separate","Management_Science","dspart","679",0,0,0,0,1
"separate","Management_Science","dspart","680",0,0,0,0,1
"separate","Management_Science","dspart","681",0,0,0,0,1
"separate","Management_Science","dspart","682",0,0,0,0,1
"separate","Management_Science","dspart","683",0,0,0,0,1
"separate","Management_Science","dspart","684",0,0,0,0,1
"separate","Management_Science","dspart","685",0,0,0,0,1
"separate","Management_Science","dspart","686",0,0,0,0,1
"separate","Management_Science","dspart","687",0,0,0,0,1
"separate","Management_Science","dspart","688",0,0,0,0,1
"separate","Management_Science","dspart","689",0,0,0,0,1
"separate","Management_Science","dspart","690",0,0,0,0,1
"separate","Management_Science","dspart","691",0,0,0,0,1
"separate","Management_Science","dspart","692",0,0,0,0,1
"separate","Management_Science","dspart","693",0,0,0,0,1
"separate","Management_Science","dspart","694",0,0,0,0,1
"separate","Management_Science","dspart","695",0,0,0,0,1
"separate","Management_Science","dspart","696",0,0,0,0,1
"separate","Management_Science","dspart","697",0,0,0,0,1
"separate","Management_Science","dspart","698",0,0,0,0,1
"separate","Management_Science","dspart","699",0,0,0,0,1
"separate","Management_Science","dspart","700",0,0,0,0,1
"separate","Management_Science","dspart","701",0,0,0,0,1
"separate","Management_Science","dspart","702",0,0,0,0,1
"separate","Management_Science","dspart","703",0,0,0,0,1
"separate","Management_Science","dspart","704",0,0,0,0,1
"separate","Management_Science","dspart","705",0,0,0,0,1
"separate","Management_Science","dspart","706",0,0,0,0,1
"separate","Management_Science","dspart","707",0,0,0,0,1
"separate","Management_Science","dspart","708",0,0,0,0,1
"separate","Management_Science","dspart","709",0,0,0,0,1
"separate","Management_Science","dspart","710",0,0,0,0,1
"separate","Management_Science","dspart","711",0,0,0,0,1
"separate","Management_Science","dspart","712",0,0,0,0,1
"separate","Management_Science","dspart","713",0,0,0,0,1
"separate","Management_Science","dspart","714",0,0,0,0,1
"separate","Management_Science","dspart","715",0,0,0,0,1
"separate","Management_Science","dspart","716",0,0,0,0,1
"separate","Management_Science","dspart","717",0,0,0,0,1
"separate","Management_Science","dspart","718",0,0,0,0,1
"separate","Management_Science","dspart","719",0,0,0,0,1
"separate","Management_Science","dspart","720",0,0,0,0,1
"separate","Management_Science","dspart","721",0,0,0,0,1
"separate","Management_Science","dspart","722",0,0,0,0,1
"separate","Management_Science","dspart","723",0,0,0,0,1
"separate","Management_Science","dspart","724",0,0,0,0,1
"separate","Management_Science","dspart","725",0,0,0,0,1
"separate","Management_Science","dspart","726",0,0,0,0,1
"separate","Management_Science","dspart","727",0,0,0,0,1
"separate","Management_Science","dspart","728",0,0,0,0,1
"separate","Management_Science","dspart","729",0,0,0,0,1
"separate","Management_Science","dspart","730",0,0,0,0,1
"separate","Management_Science","dspart","731",0,0,0,0,1
"separate","Management_Science","dspart","732",0,0,0,0,1
"separate","Management_Science","dspart","733",0,0,0,0,1
"separate","Management_Science","dspart","734",0,0,0,0,1
"separate","Management_Science","dspart","735",0,0,0,0,1
"separate","Management_Science","dspart","736",0,0,0,0,1
"separate","Management_Science","dspart","737",0,0,0,0,1
"separate","Management_Science","dspart","738",0,0,0,0,1
"separate","Management_Science","dspart","739",0,0,0,0,1
"separate","Management_Science","dspart","740",0,0,0,0,1
"separate","Management_Science","dspart","741",0,0,0,0,1
"separate","Management_Science","dspart","742",0,0,0,0,1
"separate","Management_Science","dspart","743",0,0,0,0,1
"separate","Management_Science","dspart","744",0,0,0,0,1
"separate","Management_Science","dspart","745",0,0,0,0,1
"separate","Management_Science","dspart","746",0,0,0,0,1
"separate","Management_Science","dspart","747",0,0,0,0,1
"separate","Management_Science","dspart","748",0,0,0,0,1
"separate","Management_Science","dspart","749",0,0,0,0,1
"separate","Management_Science","dspart","750",0,0,0,0,1
"separate","Management_Science","dspart","751",0,0,0,0,1
"separate","Management_Science","dspart","752",0,0,0,0,1
"separate","Management_Science","dspart","753",0,0,0,0,1
"separate","Management_Science","dspart","754",0,0,0,0,1
"separate","Management_Science","dspart","755",0,0,0,0,1
"separate","Management_Science","dspart","756",0,0,0,0,1
"separate","Management_Science","dspart","757",0,0,0,0,1
"separate","Management_Science","dspart","758",0,0,0,0,1
"separate","Management_Science","dspart","759",0,0,0,0,1
"separate","Management_Science","dspart","760",0,0,0,0,1
"separate","Management_Science","dspart","761",0,0,0,0,1
"separate","Management_Science","dspart","762",0,0,0,0,1
"separate","Management_Science","dspart","763",0,0,0,0,1
"separate","Management_Science","dspart","764",0,0,0,0,1
"separate","Management_Science","dspart","765",0,0,0,0,1
"separate","Management_Science","dspart","766",0,0,0,0,1
"separate","Management_Science","dspart","767",0,0,0,0,1
"separate","Management_Science","dspart","768",0,0,0,0,1
"separate","Management_Science","dspart","769",0,0,0,0,1
"separate","Management_Science","dspart","770",0,0,0,0,1
"separate","Management_Science","dspart","771",0,0,0,0,1
"separate","Management_Science","dspart","772",0,0,0,0,1
"separate","Management_Science","dspart","773",0,0,0,0,1
"separate","Management_Science","dspart","774",0,0,0,0,1
"separate","Management_Science","dspart","775",0,0,0,0,1
"separate","Management_Science","dspart","776",0,0,0,0,1
"separate","Management_Science","dspart","777",0,0,0,0,1
"separate","Management_Science","dspart","778",0,0,0,0,1
"separate","Management_Science","dspart","779",0,0,0,0,1
"separate","Management_Science","dspart","780",0,0,0,0,1
"separate","Management_Science","dspart","781",0,0,0,0,1
"separate","Management_Science","dspart","782",0,0,0,0,1
"separate","Management_Science","dspart","783",0,0,0,0,1
"separate","Management_Science","dspart","784",0,0,0,0,1
"separate","Management_Science","dspart","785",0,0,0,0,1
"separate","Management_Science","dspart","786",0,0,0,0,1
"separate","Management_Science","dspart","787",0,0,0,0,1
"separate","Management_Science","dspart","788",0,0,0,0,1
"separate","Management_Science","dspart","789",0,0,0,0,1
"separate","Management_Science","dspart","790",0,0,0,0,1
"separate","Management_Science","dspart","791",0,0,0,0,1
"separate","Management_Science","dspart","792",0,0,0,0,1
"separate","Management_Science","dspart","793",0,0,0,0,1
"separate","Management_Science","dspart","794",0,0,0,0,1
"separate","Management_Science","dspart","795",0,0,0,0,1
"separate","Management_Science","dspart","796",0,0,0,0,1
"separate","Management_Science","dspart","797",0,0,0,0,1
"separate","Management_Science","dspart","798",0,0,0,0,1
"separate","Management_Science","dspart","799",0,0,0,0,1
"separate","Management_Science","dspart","800",0,0,0,0,1
"separate","Management_Science","dspart","801",0,0,0,0,1
"separate","Management_Science","dspart","802",0,0,0,0,1
"separate","Management_Science","dspart","803",0,0,0,0,1
"separate","Management_Science","dspart","804",0,0,0,0,1
"separate","Management_Science","dspart","805",0,0,0,0,1
"separate","Management_Science","dspart","806",0,0,0,0,1
"separate","Management_Science","dspart","807",0,0,0,0,1
"separate","Management_Science","dspart","808",0,0,0,0,1
"separate","Management_Science","dspart","809",0,0,0,0,1
"separate","Management_Science","dspart","810",0,0,0,0,1
"separate","Management_Science","dspart","811",0,0,0,0,1
"separate","Management_Science","dspart","812",0,0,0,0,1
"separate","Management_Science","dspart","813",0,0,0,0,1
"separate","Management_Science","dspart","814",0,0,0,0,1
"separate","Management_Science","dspart","815",0,0,0,0,1
"separate","Management_Science","dspart","816",0,0,0,0,1
"separate","Management_Science","dspart","817",0,0,0,0,1
"separate","Management_Science","dspart","818",0,0,0,0,1
"separate","Management_Science","dspart","819",0,0,0,0,1
"separate","Management_Science","dspart","820",0,0,0,0,1
"separate","Management_Science","dspart","821",0,0,0,0,1
"separate","Management_Science","dspart","822",0,0,0,0,1
"separate","Management_Science","dspart","823",0,0,0,0,1
"separate","Management_Science","dspart","824",0,0,0,0,1
"separate","Management_Science","dspart","825",0,0,0,0,1
"separate","Management_Science","dspart","826",0,0,0,0,1
"separate","Management_Science","dspart","827",0,0,0,0,1
"separate","Management_Science","dspart","828",0,0,0,0,1
"separate","Management_Science","dspart","829",0,0,0,0,1
"separate","Management_Science","dspart","830",0,0,0,0,1
"separate","Management_Science","dspart","831",0,0,0,0,1
"separate","Management_Science","dspart","832",0,0,0,0,1
"separate","Management_Science","dspart","833",0,0,0,0,1
"separate","Management_Science","dspart","834",0,0,0,0,1
"separate","Management_Science","dspart","835",0,0,0,0,1
"separate","Management_Science","dspart","836",0,0,0,0,1
"separate","Management_Science","dspart","837",0,0,0,0,1
"separate","Management_Science","dspart","838",0,0,0,0,1
"separate","Management_Science","dspart","839",0,0,0,0,1
"separate","Management_Science","dspart","840",0,0,0,0,1
"separate","Management_Science","dspart","841",0,0,0,0,1
"separate","Management_Science","dspart","842",0,0,0,0,1
"separate","Management_Science","dspart","843",0,0,0,0,1
"separate","Management_Science","dspart","844",0,0,0,0,1
"separate","Management_Science","dspart","845",0,0,0,0,1
"separate","Management_Science","dspart","846",0,0,0,0,1
"separate","Management_Science","dspart","847",0,0,0,0,1
"separate","Management_Science","dspart","848",0,0,0,0,1
"separate","Management_Science","dspart","849",0,0,0,0,1
"separate","Management_Science","dspart","850",0,0,0,0,1
"separate","Management_Science","dspart","851",0,0,0,0,1
"separate","Management_Science","dspart","852",0,0,0,0,1
"separate","Management_Science","dspart","853",0,0,0,0,1
"separate","Management_Science","dspart","854",0,0,0,0,1
"separate","Management_Science","dspart","855",0,0,0,0,1
"separate","Management_Science","dspart","856",0,0,0,0,1
"separate","Management_Science","dspart","857",0,0,0,0,1
"separate","Management_Science","dspart","858",0,0,0,0,1
"separate","Management_Science","dspart","859",0,0,0,0,1
"separate","Management_Science","dspart","860",0,0,0,0,1
"separate","Management_Science","dspart","861",0,0,0,0,1
"separate","Management_Science","dspart","862",0,0,0,0,1
"separate","Management_Science","dspart","863",0,0,0,0,1
"separate","Management_Science","dspart","864",0,0,0,0,1
"separate","Management_Science","dspart","865",0,0,0,0,1
"separate","Management_Science","dspart","866",0,0,0,0,1
"separate","Management_Science","dspart","867",0,0,0,0,1
"separate","Management_Science","dspart","868",0,0,0,0,1
"separate","Management_Science","dspart","869",0,0,0,0,1
"separate","Management_Science","dspart","870",0,0,0,0,1
"separate","Management_Science","dspart","871",0,0,0,0,1
"separate","Management_Science","dspart","872",0,0,0,0,1
"separate","Management_Science","dspart","873",0,0,0,0,1
"separate","Management_Science","dspart","874",0,0,0,0,1
"separate","Management_Science","dspart","875",0,0,0,0,1
"separate","Management_Science","dspart","876",0,0,0,0,1
"separate","Management_Science","dspart","877",0,0,0,0,1
"separate","Management_Science","dspart","878",0,0,0,0,1
"separate","Management_Science","dspart","879",0,0,0,0,1
"separate","Management_Science","dspart","880",0,0,0,0,1
"separate","Management_Science","dspart","881",0,0,0,0,1
"separate","Management_Science","dspart","882",0,0,0,0,1
"separate","Management_Science","dspart","883",0,0,0,0,1
"separate","Management_Science","dspart","884",0,0,0,0,1
"separate","Management_Science","dspart","885",0,0,0,0,1
"separate","Management_Science","dspart","886",0,0,0,0,1
"separate","Management_Science","dspart","887",0,0,0,0,1
"separate","Management_Science","dspart","888",0,0,0,0,1
"separate","Management_Science","dspart","889",0,0,0,0,1
"separate","Management_Science","dspart","890",0,0,0,0,1
"separate","Management_Science","dspart","891",0,0,0,0,1
"separate","Management_Science","dspart","892",0,0,0,0,1
"separate","Management_Science","dspart","893",0,0,0,0,1
"separate","Management_Science","dspart","894",0,0,0,0,1
"separate","Management_Science","dspart","895",0,0,0,0,1
"separate","Management_Science","dspart","896",0,0,0,0,1
"separate","Management_Science","dspart","897",0,0,0,0,1
"separate","Management_Science","dspart","898",0,0,0,0,1
"separate","Management_Science","dspart","899",0,0,0,0,1
"separate","Management_Science","dspart","900",0,0,0,0,1
"separate","Management_Science","dspart","901",0,0,0,0,1
"separate","Management_Science","dspart","902",0,0,0,0,1
"separate","Management_Science","dspart","903",0,0,0,0,1
"separate","Management_Science","dspart","904",0,0,0,0,1
"separate","Management_Science","dspart","905",0,0,0,0,1
"separate","Management_Science","dspart","906",0,0,0,0,1
"separate","Management_Science","dspart","907",0,0,0,0,1
"separate","Management_Science","dspart","908",0,0,0,0,1
"separate","Management_Science","dspart","909",0,0,0,0,1
"separate","Management_Science","dspart","910",0,0,0,0,1
"separate","Management_Science","dspart","911",0,0,0,0,1
"separate","Management_Science","dspart","912",0,0,0,0,1
"separate","Management_Science","dspart","913",0,0,0,0,1
"separate","Management_Science","dspart","914",0,0,0,0,1
"separate","Management_Science","dspart","915",0,0,0,0,1
"separate","Management_Science","dspart","916",0,0,0,0,1
"separate","Management_Science","dspart","917",0,0,0,0,1
"separate","Management_Science","dspart","918",0,0,0,0,1
"separate","Management_Science","dspart","919",0,0,0,0,1
"separate","Management_Science","dspart","920",0,0,0,0,1
"separate","Management_Science","dspart","921",0,0,0,0,1
"separate","Management_Science","dspart","922",0,0,0,0,1
"separate","Management_Science","dspart","923",0,0,0,0,1
"separate","Management_Science","dspart","924",0,0,0,0,1
"separate","Management_Science","dspart","925",0,0,0,0,1
"separate","Management_Science","dspart","926",0,0,0,0,1
"separate","Management_Science","dspart","927",0,0,0,0,1
"separate","Management_Science","dspart","928",0,0,0,0,1
"separate","Management_Science","dspart","929",0,0,0,0,1
"separate","Management_Science","dspart","930",0,0,0,0,1
"separate","Management_Science","dspart","931",0,0,0,0,1
"separate","Management_Science","dspart","932",0,0,0,0,1
"separate","Management_Science","dspart","933",0,0,0,0,1
"separate","Management_Science","dspart","934",0,0,0,0,1
"separate","Management_Science","dspart","935",0,0,0,0,1
"separate","Management_Science","dspart","936",0,0,0,0,1
"separate","Management_Science","dspart","937",0,0,0,0,1
"separate","Management_Science","dspart","938",0,0,0,0,1
"separate","Management_Science","dspart","939",0,0,0,0,1
"separate","Management_Science","dspart","940",0,0,0,0,1
"separate","Management_Science","dspart","941",0,0,0,0,1
"separate","Management_Science","dspart","942",0,0,0,0,1
"separate","Management_Science","dspart","943",0,0,0,0,1
"separate","Management_Science","dspart","944",0,0,0,0,1
"separate","Management_Science","dspart","945",0,0,0,0,1
"separate","Management_Science","dspart","946",0,0,0,0,1
"separate","Management_Science","dspart","947",0,0,0,0,1
"separate","Management_Science","dspart","948",0,0,0,0,1
"separate","Management_Science","dspart","949",0,0,0,0,1
"separate","Management_Science","dspart","950",0,0,0,0,1
"separate","Management_Science","dspart","951",0,0,0,0,1
"separate","Management_Science","dspart","952",0,0,0,0,1
"separate","Management_Science","dspart","953",0,0,0,0,1
"separate","Management_Science","dspart","954",0,0,0,0,1
"separate","Management_Science","dspart","955",0,0,0,0,1
"separate","Management_Science","dspart","956",0,0,0,0,1
"separate","Management_Science","dspart","957",0,0,0,0,1
"separate","Management_Science","dspart","958",0,0,0,0,1
"separate","Management_Science","dspart","959",0,0,0,0,1
"separate","Management_Science","dspart","960",0,0,0,0,1
"separate","Management_Science","dspart","961",0,0,0,0,1
"separate","Management_Science","dspart","962",0,0,0,0,1
"separate","Management_Science","dspart","963",0,0,0,0,1
"separate","Management_Science","dspart","964",0,0,0,0,1
"separate","Management_Science","dspart","965",0,0,0,0,1
"separate","Management_Science","dspart","966",0,0,0,0,1
"separate","Management_Science","dspart","967",0,0,0,0,1
"separate","Management_Science","dspart","968",0,0,0,0,1
"separate","Management_Science","dspart","969",0,0,0,0,1
"separate","Management_Science","dspart","970",0,0,0,0,1
"separate","Management_Science","dspart","971",0,0,0,0,1
"separate","Management_Science","espart","0",150,1006,1064.62,1156,0
"separate","Management_Science","espart","1",415,17,30.33,52,0
"separate","Management_Science","espart","2",261,0,3.68,15,0
"separate","Management_Science","espart","3",161,0,0.34,4,0
"separate","Management_Science","espart","4",58,0,0.02,1,0
"separate","Management_Science","espart","5",22,0,0,0,0
"separate","Management_Science","espart","6",32,0,0,0,0
"separate","Management_Science","espart","7",0,0,0,0,1
"separate","Management_Science","espart","8",1,0,0,0,0
"separate","Management_Science","espart","9",0,0,0,0,1
"separate","Management_Science","espart","10",0,0,0,0,1
"separate","Management_Science","espart","11",0,0,0,0,1
"separate","Management_Science","espart","12",0,0,0,0,1
"separate","Management_Science","espart","13",0,0,0,0,1
"separate","Management_Science","espart","14",0,0,0,0,1
"separate","Management_Science","espart","15",0,0,0,0,1
"separate","Management_Science","espart","16",0,0,0,0,1
"separate","Management_Science","espart","17",0,0,0,0,1
"separate","Management_Science","espart","18",0,0,0,0,1
"separate","Management_Science","espart","19",0,0,0,0,1
"separate","Management_Science","espart","20",0,0,0,0,1
"separate","Management_Science","espart","21",0,0,0,0,1
"separate","Management_Science","espart","22",0,0,0,0,1
"separate","Management_Science","espart","23",0,0,0,0,1
"separate","Management_Science","espart","24",0,0,0,0,1
"separate","Management_Science","espart","25",0,0,0,0,1
"separate","Management_Science","espart","26",0,0,0,0,1
"separate","Management_Science","espart","27",0,0,0,0,1
"separate","Management_Science","espart","28",0,0,0,0,1
"separate","Management_Science","espart","29",0,0,0,0,1
"separate","Management_Science","espart","30",0,0,0,0,1
"separate","Management_Science","espart","31",0,0,0,0,1
"separate","Management_Science","espart","32",0,0,0,0,1
"separate","Management_Science","espart","33",0,0,0,0,1
"separate","Management_Science","espart","34",0,0,0,0,1
"separate","Management_Science","espart","35",0,0,0,0,1
"separate","Management_Science","espart","36",0,0,0,0,1
"separate","Management_Science","espart","37",0,0,0,0,1
"separate","Management_Science","espart","38",0,0,0,0,1
"separate","Management_Science","espart","39",0,0,0,0,1
"separate","Management_Science","espart","40",0,0,0,0,1
"separate","Management_Science","espart","41",0,0,0,0,1
"separate","Management_Science","espart","42",0,0,0,0,1
"separate","Management_Science","espart","43",0,0,0,0,1
"separate","Management_Science","espart","44",0,0,0,0,1
"separate","Management_Science","espart","45",0,0,0,0,1
"separate","Management_Science","espart","46",0,0,0,0,1
"separate","Management_Science","espart","47",0,0,0,0,1
"separate","Management_Science","espart","48",0,0,0,0,1
"separate","Management_Science","espart","49",0,0,0,0,1
"separate","Management_Science","espart","50",0,0,0,0,1
"separate","Management_Science","espart","51",0,0,0,0,1
"separate","Management_Science","espart","52",0,0,0,0,1
"separate","Management_Science","espart","53",0,0,0,0,1
"separate","Management_Science","espart","54",0,0,0,0,1
"separate","Management_Science","espart","55",0,0,0,0,1
"separate","Management_Science","espart","56",0,0,0,0,1
"separate","Management_Science","espart","57",0,0,0,0,1
"separate","Management_Science","espart","58",0,0,0,0,1
"separate","Management_Science","espart","59",0,0,0,0,1
"separate","Management_Science","espart","60",0,0,0,0,1
"separate","Management_Science","espart","61",0,0,0,0,1
"separate","Management_Science","espart","62",0,0,0,0,1
"separate","Management_Science","espart","63",0,0,0,0,1
"separate","Management_Science","espart","64",0,0,0,0,1
"separate","Management_Science","espart","65",0,0,0,0,1
"separate","Management_Science","espart","66",0,0,0,0,1
"separate","Management_Science","espart","67",0,0,0,0,1
"separate","Management_Science","espart","68",0,0,0,0,1
"separate","Management_Science","espart","69",0,0,0,0,1
"separate","Management_Science","espart","70",0,0,0,0,1
"separate","Management_Science","espart","71",0,0,0,0,1
"separate","Management_Science","espart","72",0,0,0,0,1
"separate","Management_Science","espart","73",0,0,0,0,1
"separate","Management_Science","espart","74",0,0,0,0,1
"separate","Management_Science","espart","75",0,0,0,0,1
"separate","Management_Science","espart","76",0,0,0,0,1
"separate","Management_Science","espart","77",0,0,0,0,1
"separate","Management_Science","espart","78",0,0,0,0,1
"separate","Management_Science","espart","79",0,0,0,0,1
"separate","Management_Science","espart","80",0,0,0,0,1
"separate","Management_Science","espart","81",0,0,0,0,1
"separate","Management_Science","espart","82",0,0,0,0,1
"separate","Management_Science","espart","83",0,0,0,0,1
"separate","Management_Science","espart","84",0,0,0,0,1
"separate","Management_Science","espart","85",0,0,0,0,1
"separate","Management_Science","espart","86",0,0,0,0,1
"separate","Management_Science","espart","87",0,0,0,0,1
"separate","Management_Science","espart","88",0,0,0,0,1
"separate","Management_Science","espart","89",0,0,0,0,1
"separate","Management_Science","espart","90",0,0,0,0,1
"separate","Management_Science","espart","91",0,0,0,0,1
"separate","Management_Science","espart","92",0,0,0,0,1
"separate","Management_Science","espart","93",0,0,0,0,1
"separate","Management_Science","espart","94",0,0,0,0,1
"separate","Management_Science","espart","95",0,0,0,0,1
"separate","Management_Science","espart","96",0,0,0,0,1
"separate","Management_Science","espart","97",0,0,0,0,1
"separate","Management_Science","espart","98",0,0,0,0,1
"separate","Management_Science","espart","99",0,0,0,0,1
"separate","Management_Science","espart","100",0,0,0,0,1
"separate","Management_Science","espart","101",0,0,0,0,1
"separate","Management_Science","espart","102",0,0,0,0,1
"separate","Management_Science","espart","103",0,0,0,0,1
"separate","Management_Science","espart","104",0,0,0,0,1
"separate","Management_Science","espart","105",0,0,0,0,1
"separate","Management_Science","espart","106",0,0,0,0,1
"separate","Management_Science","espart","107",0,0,0,0,1
"separate","Management_Science","espart","108",0,0,0,0,1
"separate","Management_Science","espart","109",0,0,0,0,1
"separate","Management_Science","espart","110",0,0,0,0,1
"separate","Management_Science","espart","111",0,0,0,0,1
"separate","Management_Science","espart","112",0,0,0,0,1
"separate","Management_Science","espart","113",0,0,0,0,1
"separate","Management_Science","espart","114",0,0,0,0,1
"separate","Management_Science","espart","115",0,0,0,0,1
"separate","Management_Science","espart","116",0,0,0,0,1
"separate","Management_Science","espart","117",0,0,0,0,1
"separate","Management_Science","espart","118",0,0,0,0,1
"separate","Management_Science","espart","119",0,0,0,0,1
"separate","Management_Science","espart","120",0,0,0,0,1
"separate","Management_Science","espart","121",0,0,0,0,1
"separate","Management_Science","espart","122",0,0,0,0,1
"separate","Management_Science","espart","123",0,0,0,0,1
"separate","Management_Science","espart","124",0,0,0,0,1
"separate","Management_Science","espart","125",0,0,0,0,1
"separate","Management_Science","espart","126",0,0,0,0,1
"separate","Management_Science","espart","127",0,0,0,0,1
"separate","Management_Science","espart","128",0,0,0,0,1
"separate","Management_Science","espart","129",0,0,0,0,1
"separate","Management_Science","espart","130",0,0,0,0,1
"separate","Management_Science","espart","131",0,0,0,0,1
"separate","Management_Science","espart","132",0,0,0,0,1
"separate","Management_Science","espart","133",0,0,0,0,1
"separate","Management_Science","espart","134",0,0,0,0,1
"separate","Management_Science","espart","135",0,0,0,0,1
"separate","Management_Science","espart","136",0,0,0,0,1
"separate","Management_Science","espart","137",0,0,0,0,1
"separate","Management_Science","espart","138",0,0,0,0,1
"separate","Management_Science","espart","139",0,0,0,0,1
"separate","Management_Science","espart","140",0,0,0,0,1
"separate","Management_Science","espart","141",0,0,0,0,1
"separate","Management_Science","espart","142",0,0,0,0,1
"separate","Management_Science","espart","143",0,0,0,0,1
"separate","Management_Science","espart","144",0,0,0,0,1
"separate","Management_Science","espart","145",0,0,0,0,1
"separate","Management_Science","espart","146",0,0,0,0,1
"separate","Management_Science","espart","147",0,0,0,0,1
"separate","Management_Science","espart","148",0,0,0,0,1
"separate","Management_Science","espart","149",0,0,0,0,1
"separate","Management_Science","espart","150",0,0,0,0,1
"separate","Management_Science","espart","151",0,0,0,0,1
"separate","Management_Science","espart","152",0,0,0,0,1
"separate","Management_Science","espart","153",0,0,0,0,1
"separate","Management_Science","espart","154",0,0,0,0,1
"separate","Management_Science","espart","155",0,0,0,0,1
"separate","Management_Science","espart","156",0,0,0,0,1
"separate","Management_Science","espart","157",0,0,0,0,1
"separate","Management_Science","espart","158",0,0,0,0,1
"separate","Management_Science","espart","159",0,0,0,0,1
"separate","Management_Science","espart","160",0,0,0,0,1
"separate","Management_Science","espart","161",0,0,0,0,1
"separate","Management_Science","espart","162",0,0,0,0,1
"separate","Management_Science","espart","163",0,0,0,0,1
"separate","Management_Science","espart","164",0,0,0,0,1
"separate","Management_Science","espart","165",0,0,0,0,1
"separate","Management_Science","espart","166",0,0,0,0,1
"separate","Management_Science","espart","167",0,0,0,0,1
"separate","Management_Science","espart","168",0,0,0,0,1
"separate","Management_Science","espart","169",0,0,0,0,1
"separate","Management_Science","espart","170",0,0,0,0,1
"separate","Management_Science","espart","171",0,0,0,0,1
"separate","Management_Science","espart","172",0,0,0,0,1
"separate","Management_Science","espart","173",0,0,0,0,1
"separate","Management_Science","espart","174",0,0,0,0,1
"separate","Management_Science","espart","175",0,0,0,0,1
"separate","Management_Science","espart","176",0,0,0,0,1
"separate","Management_Science","espart","177",0,0,0,0,1
"separate","Management_Science","espart","178",0,0,0,0,1
"separate","Management_Science","espart","179",0,0,0,0,1
"separate","Management_Science","espart","180",0,0,0,0,1
"separate","Management_Science","espart","181",0,0,0,0,1
"separate","Management_Science","espart","182",0,0,0,0,1
"separate","Management_Science","espart","183",0,0,0,0,1
"separate","Management_Science","espart","184",0,0,0,0,1
"separate","Management_Science","espart","185",0,0,0,0,1
"separate","Management_Science","espart","186",0,0,0,0,1
"separate","Management_Science","espart","187",0,0,0,0,1
"separate","Management_Science","espart","188",0,0,0,0,1
"separate","Management_Science","espart","189",0,0,0,0,1
"separate","Management_Science","espart","190",0,0,0,0,1
"separate","Management_Science","espart","191",0,0,0,0,1
"separate","Management_Science","espart","192",0,0,0,0,1
"separate","Management_Science","espart","193",0,0,0,0,1
"separate","Management_Science","espart","194",0,0,0,0,1
"separate","Management_Science","espart","195",0,0,0,0,1
"separate","Management_Science","espart","196",0,0,0,0,1
"separate","Management_Science","espart","197",0,0,0,0,1
"separate","Management_Science","espart","198",0,0,0,0,1
"separate","Management_Science","espart","199",0,0,0,0,1
"separate","Management_Science","espart","200",0,0,0,0,1
"separate","Management_Science","espart","201",0,0,0,0,1
"separate","Management_Science","espart","202",0,0,0,0,1
"separate","Management_Science","espart","203",0,0,0,0,1
"separate","Management_Science","espart","204",0,0,0,0,1
"separate","Management_Science","espart","205",0,0,0,0,1
"separate","Management_Science","espart","206",0,0,0,0,1
"separate","Management_Science","espart","207",0,0,0,0,1
"separate","Management_Science","espart","208",0,0,0,0,1
"separate","Management_Science","espart","209",0,0,0,0,1
"separate","Management_Science","espart","210",0,0,0,0,1
"separate","Management_Science","espart","211",0,0,0,0,1
"separate","Management_Science","espart","212",0,0,0,0,1
"separate","Management_Science","espart","213",0,0,0,0,1
"separate","Management_Science","espart","214",0,0,0,0,1
"separate","Management_Science","espart","215",0,0,0,0,1
"separate","Management_Science","espart","216",0,0,0,0,1
"separate","Management_Science","espart","217",0,0,0,0,1
"separate","Management_Science","espart","218",0,0,0,0,1
"separate","Management_Science","espart","219",0,0,0,0,1
"separate","Management_Science","espart","220",0,0,0,0,1
"separate","Management_Science","espart","221",0,0,0,0,1
"separate","Management_Science","espart","222",0,0,0,0,1
"separate","Management_Science","espart","223",0,0,0,0,1
"separate","Management_Science","espart","224",0,0,0,0,1
"separate","Management_Science","espart","225",0,0,0,0,1
"separate","Management_Science","espart","226",0,0,0,0,1
"separate","Management_Science","espart","227",0,0,0,0,1
"separate","Management_Science","espart","228",0,0,0,0,1
"separate","Management_Science","espart","229",0,0,0,0,1
"separate","Management_Science","espart","230",0,0,0,0,1
"separate","Management_Science","espart","231",0,0,0,0,1
"separate","Management_Science","espart","232",0,0,0,0,1
"separate","Management_Science","espart","233",0,0,0,0,1
"separate","Management_Science","espart","234",0,0,0,0,1
"separate","Management_Science","espart","235",0,0,0,0,1
"separate","Management_Science","espart","236",0,0,0,0,1
"separate","Management_Science","espart","237",0,0,0,0,1
"separate","Management_Science","espart","238",0,0,0,0,1
"separate","Management_Science","espart","239",0,0,0,0,1
"separate","Management_Science","espart","240",0,0,0,0,1
"separate","Management_Science","espart","241",0,0,0,0,1
"separate","Management_Science","espart","242",0,0,0,0,1
"separate","Management_Science","espart","243",0,0,0,0,1
"separate","Management_Science","espart","244",0,0,0,0,1
"separate","Management_Science","espart","245",0,0,0,0,1
"separate","Management_Science","espart","246",0,0,0,0,1
"separate","Management_Science","espart","247",0,0,0,0,1
"separate","Management_Science","espart","248",0,0,0,0,1
"separate","Management_Science","espart","249",0,0,0,0,1
"separate","Management_Science","espart","250",0,0,0,0,1
"separate","Management_Science","espart","251",0,0,0,0,1
"separate","Management_Science","espart","252",0,0,0,0,1
"separate","Management_Science","espart","253",0,0,0,0,1
"separate","Management_Science","espart","254",0,0,0,0,1
"separate","Management_Science","espart","255",0,0,0,0,1
"separate","Management_Science","espart","256",0,0,0,0,1
"separate","Management_Science","espart","257",0,0,0,0,1
"separate","Management_Science","espart","258",0,0,0,0,1
"separate","Management_Science","espart","259",0,0,0,0,1
"separate","Management_Science","espart","260",0,0,0,0,1
"separate","Management_Science","espart","261",0,0,0,0,1
"separate","Management_Science","espart","262",0,0,0,0,1
"separate","Management_Science","espart","263",0,0,0,0,1
"separate","Management_Science","espart","264",0,0,0,0,1
"separate","Management_Science","espart","265",0,0,0,0,1
"separate","Management_Science","espart","266",0,0,0,0,1
"separate","Management_Science","espart","267",0,0,0,0,1
"separate","Management_Science","espart","268",0,0,0,0,1
"separate","Management_Science","espart","269",0,0,0,0,1
"separate","Management_Science","espart","270",0,0,0,0,1
"separate","Management_Science","espart","271",0,0,0,0,1
"separate","Management_Science","espart","272",0,0,0,0,1
"separate","Management_Science","espart","273",0,0,0,0,1
"separate","Management_Science","espart","274",0,0,0,0,1
"separate","Management_Science","espart","275",0,0,0,0,1
"separate","Management_Science","espart","276",0,0,0,0,1
"separate","Management_Science","espart","277",0,0,0,0,1
"separate","Management_Science","espart","278",0,0,0,0,1
"separate","Management_Science","espart","279",0,0,0,0,1
"separate","Management_Science","espart","280",0,0,0,0,1
"separate","Management_Science","espart","281",0,0,0,0,1
"separate","Management_Science","espart","282",0,0,0,0,1
"separate","Management_Science","espart","283",0,0,0,0,1
"separate","Management_Science","espart","284",0,0,0,0,1
"separate","Management_Science","espart","285",0,0,0,0,1
"separate","Management_Science","espart","286",0,0,0,0,1
"separate","Management_Science","espart","287",0,0,0,0,1
"separate","Management_Science","espart","288",0,0,0,0,1
"separate","Management_Science","espart","289",0,0,0,0,1
"separate","Management_Science","espart","290",0,0,0,0,1
"separate","Management_Science","espart","291",0,0,0,0,1
"separate","Management_Science","espart","292",0,0,0,0,1
"separate","Management_Science","espart","293",0,0,0,0,1
"separate","Management_Science","espart","294",0,0,0,0,1
"separate","Management_Science","espart","295",0,0,0,0,1
"separate","Management_Science","espart","296",0,0,0,0,1
"separate","Management_Science","espart","297",0,0,0,0,1
"separate","Management_Science","espart","298",0,0,0,0,1
"separate","Management_Science","espart","299",0,0,0,0,1
"separate","Management_Science","espart","300",0,0,0,0,1
"separate","Management_Science","espart","301",0,0,0,0,1
"separate","Management_Science","espart","302",0,0,0,0,1
"separate","Management_Science","espart","303",0,0,0,0,1
"separate","Management_Science","espart","304",0,0,0,0,1
"separate","Management_Science","espart","305",0,0,0,0,1
"separate","Management_Science","espart","306",0,0,0,0,1
"separate","Management_Science","espart","307",0,0,0,0,1
"separate","Management_Science","espart","308",0,0,0,0,1
"separate","Management_Science","espart","309",0,0,0,0,1
"separate","Management_Science","espart","310",0,0,0,0,1
"separate","Management_Science","espart","311",0,0,0,0,1
"separate","Management_Science","espart","312",0,0,0,0,1
"separate","Management_Science","espart","313",0,0,0,0,1
"separate","Management_Science","espart","314",0,0,0,0,1
"separate","Management_Science","espart","315",0,0,0,0,1
"separate","Management_Science","espart","316",0,0,0,0,1
"separate","Management_Science","espart","317",0,0,0,0,1
"separate","Management_Science","espart","318",0,0,0,0,1
"separate","Management_Science","espart","319",0,0,0,0,1
"separate","Management_Science","espart","320",0,0,0,0,1
"separate","Management_Science","espart","321",0,0,0,0,1
"separate","Management_Science","espart","322",0,0,0,0,1
"separate","Management_Science","espart","323",0,0,0,0,1
"separate","Management_Science","espart","324",0,0,0,0,1
"separate","Management_Science","espart","325",0,0,0,0,1
"separate","Management_Science","espart","326",0,0,0,0,1
"separate","Management_Science","espart","327",0,0,0,0,1
"separate","Management_Science","espart","328",0,0,0,0,1
"separate","Management_Science","espart","329",0,0,0,0,1
"separate","Management_Science","espart","330",0,0,0,0,1
"separate","Management_Science","espart","331",0,0,0,0,1
"separate","Management_Science","espart","332",0,0,0,0,1
"separate","Management_Science","espart","333",0,0,0,0,1
"separate","Management_Science","espart","334",0,0,0,0,1
"separate","Management_Science","espart","335",0,0,0,0,1
"separate","Management_Science","espart","336",0,0,0,0,1
"separate","Management_Science","espart","337",0,0,0,0,1
"separate","Management_Science","espart","338",0,0,0,0,1
"separate","Management_Science","espart","339",0,0,0,0,1
"separate","Management_Science","espart","340",0,0,0,0,1
"separate","Management_Science","espart","341",0,0,0,0,1
"separate","Management_Science","espart","342",0,0,0,0,1
"separate","Management_Science","espart","343",0,0,0,0,1
"separate","Management_Science","espart","344",0,0,0,0,1
"separate","Management_Science","espart","345",0,0,0,0,1
"separate","Management_Science","espart","346",0,0,0,0,1
"separate","Management_Science","espart","347",0,0,0,0,1
"separate","Management_Science","espart","348",0,0,0,0,1
"separate","Management_Science","espart","349",0,0,0,0,1
"separate","Management_Science","espart","350",0,0,0,0,1
"separate","Management_Science","espart","351",0,0,0,0,1
"separate","Management_Science","espart","352",0,0,0,0,1
"separate","Management_Science","espart","353",0,0,0,0,1
"separate","Management_Science","espart","354",0,0,0,0,1
"separate","Management_Science","espart","355",0,0,0,0,1
"separate","Management_Science","espart","356",0,0,0,0,1
"separate","Management_Science","espart","357",0,0,0,0,1
"separate","Management_Science","espart","358",0,0,0,0,1
"separate","Management_Science","espart","359",0,0,0,0,1
"separate","Management_Science","espart","360",0,0,0,0,1
"separate","Management_Science","espart","361",0,0,0,0,1
"separate","Management_Science","espart","362",0,0,0,0,1
"separate","Management_Science","espart","363",0,0,0,0,1
"separate","Management_Science","espart","364",0,0,0,0,1
"separate","Management_Science","espart","365",0,0,0,0,1
"separate","Management_Science","espart","366",0,0,0,0,1
"separate","Management_Science","espart","367",0,0,0,0,1
"separate","Management_Science","espart","368",0,0,0,0,1
"separate","Management_Science","espart","369",0,0,0,0,1
"separate","Management_Science","espart","370",0,0,0,0,1
"separate","Management_Science","espart","371",0,0,0,0,1
"separate","Management_Science","espart","372",0,0,0,0,1
"separate","Management_Science","espart","373",0,0,0,0,1
"separate","Management_Science","espart","374",0,0,0,0,1
"separate","Management_Science","espart","375",0,0,0,0,1
"separate","Management_Science","espart","376",0,0,0,0,1
"separate","Management_Science","espart","377",0,0,0,0,1
"separate","Management_Science","espart","378",0,0,0,0,1
"separate","Management_Science","espart","379",0,0,0,0,1
"separate","Management_Science","espart","380",0,0,0,0,1
"separate","Management_Science","espart","381",0,0,0,0,1
"separate","Management_Science","espart","382",0,0,0,0,1
"separate","Management_Science","espart","383",0,0,0,0,1
"separate","Management_Science","espart","384",0,0,0,0,1
"separate","Management_Science","espart","385",0,0,0,0,1
"separate","Management_Science","espart","386",0,0,0,0,1
"separate","Management_Science","espart","387",0,0,0,0,1
"separate","Management_Science","espart","388",0,0,0,0,1
"separate","Management_Science","espart","389",0,0,0,0,1
"separate","Management_Science","espart","390",0,0,0,0,1
"separate","Management_Science","espart","391",0,0,0,0,1
"separate","Management_Science","espart","392",0,0,0,0,1
"separate","Management_Science","espart","393",0,0,0,0,1
"separate","Management_Science","espart","394",0,0,0,0,1
"separate","Management_Science","espart","395",0,0,0,0,1
"separate","Management_Science","espart","396",0,0,0,0,1
"separate","Management_Science","espart","397",0,0,0,0,1
"separate","Management_Science","espart","398",0,0,0,0,1
"separate","Management_Science","espart","399",0,0,0,0,1
"separate","Management_Science","espart","400",0,0,0,0,1
"separate","Management_Science","espart","401",0,0,0,0,1
"separate","Management_Science","espart","402",0,0,0,0,1
"separate","Management_Science","espart","403",0,0,0,0,1
"separate","Management_Science","espart","404",0,0,0,0,1
"separate","Management_Science","espart","405",0,0,0,0,1
"separate","Management_Science","espart","406",0,0,0,0,1
"separate","Management_Science","espart","407",0,0,0,0,1
"separate","Management_Science","espart","408",0,0,0,0,1
"separate","Management_Science","espart","409",0,0,0,0,1
"separate","Management_Science","espart","410",0,0,0,0,1
"separate","Management_Science","espart","411",0,0,0,0,1
"separate","Management_Science","espart","412",0,0,0,0,1
"separate","Management_Science","espart","413",0,0,0,0,1
"separate","Management_Science","espart","414",0,0,0,0,1
"separate","Management_Science","espart","415",0,0,0,0,1
"separate","Management_Science","espart","416",0,0,0,0,1
"separate","Management_Science","espart","417",0,0,0,0,1
"separate","Management_Science","espart","418",0,0,0,0,1
"separate","Management_Science","espart","419",0,0,0,0,1
"separate","Management_Science","espart","420",0,0,0,0,1
"separate","Management_Science","espart","421",0,0,0,0,1
"separate","Management_Science","espart","422",0,0,0,0,1
"separate","Management_Science","espart","423",0,0,0,0,1
"separate","Management_Science","espart","424",0,0,0,0,1
"separate","Management_Science","espart","425",0,0,0,0,1
"separate","Management_Science","espart","426",0,0,0,0,1
"separate","Management_Science","espart","427",0,0,0,0,1
"separate","Management_Science","espart","428",0,0,0,0,1
"separate","Management_Science","espart","429",0,0,0,0,1
"separate","Management_Science","espart","430",0,0,0,0,1
"separate","Management_Science","espart","431",0,0,0,0,1
"separate","Management_Science","espart","432",0,0,0,0,1
"separate","Management_Science","espart","433",0,0,0,0,1
"separate","Management_Science","espart","434",0,0,0,0,1
"separate","Management_Science","espart","435",0,0,0,0,1
"separate","Management_Science","espart","436",0,0,0,0,1
"separate","Management_Science","espart","437",0,0,0,0,1
"separate","Management_Science","espart","438",0,0,0,0,1
"separate","Management_Science","espart","439",0,0,0,0,1
"separate","Management_Science","espart","440",0,0,0,0,1
"separate","Management_Science","espart","441",0,0,0,0,1
"separate","Management_Science","espart","442",0,0,0,0,1
"separate","Management_Science","espart","443",0,0,0,0,1
"separate","Management_Science","espart","444",0,0,0,0,1
"separate","Management_Science","espart","445",0,0,0,0,1
"separate","Management_Science","espart","446",0,0,0,0,1
"separate","Management_Science","espart","447",0,0,0,0,1
"separate","Management_Science","espart","448",0,0,0,0,1
"separate","Management_Science","espart","449",0,0,0,0,1
"separate","Management_Science","espart","450",0,0,0,0,1
"separate","Management_Science","espart","451",0,0,0,0,1
"separate","Management_Science","espart","452",0,0,0,0,1
"separate","Management_Science","espart","453",0,0,0,0,1
"separate","Management_Science","espart","454",0,0,0,0,1
"separate","Management_Science","espart","455",0,0,0,0,1
"separate","Management_Science","espart","456",0,0,0,0,1
"separate","Management_Science","espart","457",0,0,0,0,1
"separate","Management_Science","espart","458",0,0,0,0,1
"separate","Management_Science","espart","459",0,0,0,0,1
"separate","Management_Science","espart","460",0,0,0,0,1
"separate","Management_Science","espart","461",0,0,0,0,1
"separate","Management_Science","espart","462",0,0,0,0,1
"separate","Management_Science","espart","463",0,0,0,0,1
"separate","Management_Science","espart","464",0,0,0,0,1
"separate","Management_Science","espart","465",0,0,0,0,1
"separate","Management_Science","espart","466",0,0,0,0,1
"separate","Management_Science","espart","467",0,0,0,0,1
"separate","Management_Science","espart","468",0,0,0,0,1
"separate","Management_Science","espart","469",0,0,0,0,1
"separate","Management_Science","espart","470",0,0,0,0,1
"separate","Management_Science","espart","471",0,0,0,0,1
"separate","Management_Science","espart","472",0,0,0,0,1
"separate","Management_Science","espart","473",0,0,0,0,1
"separate","Management_Science","espart","474",0,0,0,0,1
"separate","Management_Science","espart","475",0,0,0,0,1
"separate","Management_Science","espart","476",0,0,0,0,1
"separate","Management_Science","espart","477",0,0,0,0,1
"separate","Management_Science","espart","478",0,0,0,0,1
"separate","Management_Science","espart","479",0,0,0,0,1
"separate","Management_Science","espart","480",0,0,0,0,1
"separate","Management_Science","espart","481",0,0,0,0,1
"separate","Management_Science","espart","482",0,0,0,0,1
"separate","Management_Science","espart","483",0,0,0,0,1
"separate","Management_Science","espart","484",0,0,0,0,1
"separate","Management_Science","espart","485",0,0,0,0,1
"separate","Management_Science","espart","486",0,0,0,0,1
"separate","Management_Science","espart","487",0,0,0,0,1
"separate","Management_Science","espart","488",0,0,0,0,1
"separate","Management_Science","espart","489",0,0,0,0,1
"separate","Management_Science","espart","490",0,0,0,0,1
"separate","Management_Science","espart","491",0,0,0,0,1
"separate","Management_Science","espart","492",0,0,0,0,1
"separate","Management_Science","espart","493",0,0,0,0,1
"separate","Management_Science","espart","494",0,0,0,0,1
"separate","Management_Science","espart","495",0,0,0,0,1
"separate","Management_Science","espart","496",0,0,0,0,1
"separate","Management_Science","espart","497",0,0,0,0,1
"separate","Management_Science","espart","498",0,0,0,0,1
"separate","Management_Science","espart","499",0,0,0,0,1
"separate","Management_Science","espart","500",0,0,0,0,1
"separate","Management_Science","espart","501",0,0,0,0,1
"separate","Management_Science","espart","502",0,0,0,0,1
"separate","Management_Science","espart","503",0,0,0,0,1
"separate","Management_Science","espart","504",0,0,0,0,1
"separate","Management_Science","espart","505",0,0,0,0,1
"separate","Management_Science","espart","506",0,0,0,0,1
"separate","Management_Science","espart","507",0,0,0,0,1
"separate","Management_Science","espart","508",0,0,0,0,1
"separate","Management_Science","espart","509",0,0,0,0,1
"separate","Management_Science","espart","510",0,0,0,0,1
"separate","Management_Science","espart","511",0,0,0,0,1
"separate","Management_Science","espart","512",0,0,0,0,1
"separate","Management_Science","espart","513",0,0,0,0,1
"separate","Management_Science","espart","514",0,0,0,0,1
"separate","Management_Science","espart","515",0,0,0,0,1
"separate","Management_Science","espart","516",0,0,0,0,1
"separate","Management_Science","espart","517",0,0,0,0,1
"separate","Management_Science","espart","518",0,0,0,0,1
"separate","Management_Science","espart","519",0,0,0,0,1
"separate","Management_Science","espart","520",0,0,0,0,1
"separate","Management_Science","espart","521",0,0,0,0,1
"separate","Management_Science","espart","522",0,0,0,0,1
"separate","Management_Science","espart","523",0,0,0,0,1
"separate","Management_Science","espart","524",0,0,0,0,1
"separate","Management_Science","espart","525",0,0,0,0,1
"separate","Management_Science","espart","526",0,0,0,0,1
"separate","Management_Science","espart","527",0,0,0,0,1
"separate","Management_Science","espart","528",0,0,0,0,1
"separate","Management_Science","espart","529",0,0,0,0,1
"separate","Management_Science","espart","530",0,0,0,0,1
"separate","Management_Science","espart","531",0,0,0,0,1
"separate","Management_Science","espart","532",0,0,0,0,1
"separate","Management_Science","espart","533",0,0,0,0,1
"separate","Management_Science","espart","534",0,0,0,0,1
"separate","Management_Science","espart","535",0,0,0,0,1
"separate","Management_Science","espart","536",0,0,0,0,1
"separate","Management_Science","espart","537",0,0,0,0,1
"separate","Management_Science","espart","538",0,0,0,0,1
"separate","Management_Science","espart","539",0,0,0,0,1
"separate","Management_Science","espart","540",0,0,0,0,1
"separate","Management_Science","espart","541",0,0,0,0,1
"separate","Management_Science","espart","542",0,0,0,0,1
"separate","Management_Science","espart","543",0,0,0,0,1
"separate","Management_Science","espart","544",0,0,0,0,1
"separate","Management_Science","espart","545",0,0,0,0,1
"separate","Management_Science","espart","546",0,0,0,0,1
"separate","Management_Science","espart","547",0,0,0,0,1
"separate","Management_Science","espart","548",0,0,0,0,1
"separate","Management_Science","espart","549",0,0,0,0,1
"separate","Management_Science","espart","550",0,0,0,0,1
"separate","Management_Science","espart","551",0,0,0,0,1
"separate","Management_Science","espart","552",0,0,0,0,1
"separate","Management_Science","espart","553",0,0,0,0,1
"separate","Management_Science","espart","554",0,0,0,0,1
"separate","Management_Science","espart","555",0,0,0,0,1
"separate","Management_Science","espart","556",0,0,0,0,1
"separate","Management_Science","espart","557",0,0,0,0,1
"separate","Management_Science","espart","558",0,0,0,0,1
"separate","Management_Science","espart","559",0,0,0,0,1
"separate","Management_Science","espart","560",0,0,0,0,1
"separate","Management_Science","espart","561",0,0,0,0,1
"separate","Management_Science","espart","562",0,0,0,0,1
"separate","Management_Science","espart","563",0,0,0,0,1
"separate","Management_Science","espart","564",0,0,0,0,1
"separate","Management_Science","espart","565",0,0,0,0,1
"separate","Management_Science","espart","566",0,0,0,0,1
"separate","Management_Science","espart","567",0,0,0,0,1
"separate","Management_Science","espart","568",0,0,0,0,1
"separate","Management_Science","espart","569",0,0,0,0,1
"separate","Management_Science","espart","570",0,0,0,0,1
"separate","Management_Science","espart","571",0,0,0,0,1
"separate","Management_Science","espart","572",0,0,0,0,1
"separate","Management_Science","espart","573",0,0,0,0,1
"separate","Management_Science","espart","574",0,0,0,0,1
"separate","Management_Science","espart","575",0,0,0,0,1
"separate","Management_Science","espart","576",0,0,0,0,1
"separate","Management_Science","espart","577",0,0,0,0,1
"separate","Management_Science","espart","578",0,0,0,0,1
"separate","Management_Science","espart","579",0,0,0,0,1
"separate","Management_Science","espart","580",0,0,0,0,1
"separate","Management_Science","espart","581",0,0,0,0,1
"separate","Management_Science","espart","582",0,0,0,0,1
"separate","Management_Science","espart","583",0,0,0,0,1
"separate","Management_Science","espart","584",0,0,0,0,1
"separate","Management_Science","espart","585",0,0,0,0,1
"separate","Management_Science","espart","586",0,0,0,0,1
"separate","Management_Science","espart","587",0,0,0,0,1
"separate","Management_Science","espart","588",0,0,0,0,1
"separate","Management_Science","espart","589",0,0,0,0,1
"separate","Management_Science","espart","590",0,0,0,0,1
"separate","Management_Science","espart","591",0,0,0,0,1
"separate","Management_Science","espart","592",0,0,0,0,1
"separate","Management_Science","espart","593",0,0,0,0,1
"separate","Management_Science","espart","594",0,0,0,0,1
"separate","Management_Science","espart","595",0,0,0,0,1
"separate","Management_Science","espart","596",0,0,0,0,1
"separate","Management_Science","espart","597",0,0,0,0,1
"separate","Management_Science","espart","598",0,0,0,0,1
"separate","Management_Science","espart","599",0,0,0,0,1
"separate","Management_Science","espart","600",0,0,0,0,1
"separate","Management_Science","espart","601",0,0,0,0,1
"separate","Management_Science","espart","602",0,0,0,0,1
"separate","Management_Science","espart","603",0,0,0,0,1
"separate","Management_Science","espart","604",0,0,0,0,1
"separate","Management_Science","espart","605",0,0,0,0,1
"separate","Management_Science","espart","606",0,0,0,0,1
"separate","Management_Science","espart","607",0,0,0,0,1
"separate","Management_Science","espart","608",0,0,0,0,1
"separate","Management_Science","espart","609",0,0,0,0,1
"separate","Management_Science","espart","610",0,0,0,0,1
"separate","Management_Science","espart","611",0,0,0,0,1
"separate","Management_Science","espart","612",0,0,0,0,1
"separate","Management_Science","espart","613",0,0,0,0,1
"separate","Management_Science","espart","614",0,0,0,0,1
"separate","Management_Science","espart","615",0,0,0,0,1
"separate","Management_Science","espart","616",0,0,0,0,1
"separate","Management_Science","espart","617",0,0,0,0,1
"separate","Management_Science","espart","618",0,0,0,0,1
"separate","Management_Science","espart","619",0,0,0,0,1
"separate","Management_Science","espart","620",0,0,0,0,1
"separate","Management_Science","espart","621",0,0,0,0,1
"separate","Management_Science","espart","622",0,0,0,0,1
"separate","Management_Science","espart","623",0,0,0,0,1
"separate","Management_Science","espart","624",0,0,0,0,1
"separate","Management_Science","espart","625",0,0,0,0,1
"separate","Management_Science","espart","626",0,0,0,0,1
"separate","Management_Science","espart","627",0,0,0,0,1
"separate","Management_Science","espart","628",0,0,0,0,1
"separate","Management_Science","espart","629",0,0,0,0,1
"separate","Management_Science","espart","630",0,0,0,0,1
"separate","Management_Science","espart","631",0,0,0,0,1
"separate","Management_Science","espart","632",0,0,0,0,1
"separate","Management_Science","espart","633",0,0,0,0,1
"separate","Management_Science","espart","634",0,0,0,0,1
"separate","Management_Science","espart","635",0,0,0,0,1
"separate","Management_Science","espart","636",0,0,0,0,1
"separate","Management_Science","espart","637",0,0,0,0,1
"separate","Management_Science","espart","638",0,0,0,0,1
"separate","Management_Science","espart","639",0,0,0,0,1
"separate","Management_Science","espart","640",0,0,0,0,1
"separate","Management_Science","espart","641",0,0,0,0,1
"separate","Management_Science","espart","642",0,0,0,0,1
"separate","Management_Science","espart","643",0,0,0,0,1
"separate","Management_Science","espart","644",0,0,0,0,1
"separate","Management_Science","espart","645",0,0,0,0,1
"separate","Management_Science","espart","646",0,0,0,0,1
"separate","Management_Science","espart","647",0,0,0,0,1
"separate","Management_Science","espart","648",0,0,0,0,1
"separate","Management_Science","espart","649",0,0,0,0,1
"separate","Management_Science","espart","650",0,0,0,0,1
"separate","Management_Science","espart","651",0,0,0,0,1
"separate","Management_Science","espart","652",0,0,0,0,1
"separate","Management_Science","espart","653",0,0,0,0,1
"separate","Management_Science","espart","654",0,0,0,0,1
"separate","Management_Science","espart","655",0,0,0,0,1
"separate","Management_Science","espart","656",0,0,0,0,1
"separate","Management_Science","espart","657",0,0,0,0,1
"separate","Management_Science","espart","658",0,0,0,0,1
"separate","Management_Science","espart","659",0,0,0,0,1
"separate","Management_Science","espart","660",0,0,0,0,1
"separate","Management_Science","espart","661",0,0,0,0,1
"separate","Management_Science","espart","662",0,0,0,0,1
"separate","Management_Science","espart","663",0,0,0,0,1
"separate","Management_Science","espart","664",0,0,0,0,1
"separate","Management_Science","espart","665",0,0,0,0,1
"separate","Management_Science","espart","666",0,0,0,0,1
"separate","Management_Science","espart","667",0,0,0,0,1
"separate","Management_Science","espart","668",0,0,0,0,1
"separate","Management_Science","espart","669",0,0,0,0,1
"separate","Management_Science","espart","670",0,0,0,0,1
"separate","Management_Science","espart","671",0,0,0,0,1
"separate","Management_Science","espart","672",0,0,0,0,1
"separate","Management_Science","espart","673",0,0,0,0,1
"separate","Management_Science","espart","674",0,0,0,0,1
"separate","Management_Science","espart","675",0,0,0,0,1
"separate","Management_Science","espart","676",0,0,0,0,1
"separate","Management_Science","espart","677",0,0,0,0,1
"separate","Management_Science","espart","678",0,0,0,0,1
"separate","Management_Science","espart","679",0,0,0,0,1
"separate","Management_Science","espart","680",0,0,0,0,1
"separate","Management_Science","espart","681",0,0,0,0,1
"separate","Management_Science","espart","682",0,0,0,0,1
"separate","Management_Science","espart","683",0,0,0,0,1
"separate","Management_Science","espart","684",0,0,0,0,1
"separate","Management_Science","espart","685",0,0,0,0,1
"separate","Management_Science","espart","686",0,0,0,0,1
"separate","Management_Science","espart","687",0,0,0,0,1
"separate","Management_Science","espart","688",0,0,0,0,1
"separate","Management_Science","espart","689",0,0,0,0,1
"separate","Management_Science","espart","690",0,0,0,0,1
"separate","Management_Science","espart","691",0,0,0,0,1
"separate","Management_Science","espart","692",0,0,0,0,1
"separate","Management_Science","espart","693",0,0,0,0,1
"separate","Management_Science","espart","694",0,0,0,0,1
"separate","Management_Science","espart","695",0,0,0,0,1
"separate","Management_Science","espart","696",0,0,0,0,1
"separate","Management_Science","espart","697",0,0,0,0,1
"separate","Management_Science","espart","698",0,0,0,0,1
"separate","Management_Science","espart","699",0,0,0,0,1
"separate","Management_Science","espart","700",0,0,0,0,1
"separate","Management_Science","espart","701",0,0,0,0,1
"separate","Management_Science","espart","702",0,0,0,0,1
"separate","Management_Science","espart","703",0,0,0,0,1
"separate","Management_Science","espart","704",0,0,0,0,1
"separate","Management_Science","espart","705",0,0,0,0,1
"separate","Management_Science","espart","706",0,0,0,0,1
"separate","Management_Science","espart","707",0,0,0,0,1
"separate","Management_Science","espart","708",0,0,0,0,1
"separate","Management_Science","espart","709",0,0,0,0,1
"separate","Management_Science","espart","710",0,0,0,0,1
"separate","Management_Science","espart","711",0,0,0,0,1
"separate","Management_Science","espart","712",0,0,0,0,1
"separate","Management_Science","espart","713",0,0,0,0,1
"separate","Management_Science","espart","714",0,0,0,0,1
"separate","Management_Science","espart","715",0,0,0,0,1
"separate","Management_Science","espart","716",0,0,0,0,1
"separate","Management_Science","espart","717",0,0,0,0,1
"separate","Management_Science","espart","718",0,0,0,0,1
"separate","Management_Science","espart","719",0,0,0,0,1
"separate","Management_Science","espart","720",0,0,0,0,1
"separate","Management_Science","espart","721",0,0,0,0,1
"separate","Management_Science","espart","722",0,0,0,0,1
"separate","Management_Science","espart","723",0,0,0,0,1
"separate","Management_Science","espart","724",0,0,0,0,1
"separate","Management_Science","espart","725",0,0,0,0,1
"separate","Management_Science","espart","726",0,0,0,0,1
"separate","Management_Science","espart","727",0,0,0,0,1
"separate","Management_Science","espart","728",0,0,0,0,1
"separate","Management_Science","espart","729",0,0,0,0,1
"separate","Management_Science","espart","730",0,0,0,0,1
"separate","Management_Science","espart","731",0,0,0,0,1
"separate","Management_Science","espart","732",0,0,0,0,1
"separate","Management_Science","espart","733",0,0,0,0,1
"separate","Management_Science","espart","734",0,0,0,0,1
"separate","Management_Science","espart","735",0,0,0,0,1
"separate","Management_Science","espart","736",0,0,0,0,1
"separate","Management_Science","espart","737",0,0,0,0,1
"separate","Management_Science","espart","738",0,0,0,0,1
"separate","Management_Science","espart","739",0,0,0,0,1
"separate","Management_Science","espart","740",0,0,0,0,1
"separate","Management_Science","espart","741",0,0,0,0,1
"separate","Management_Science","espart","742",0,0,0,0,1
"separate","Management_Science","espart","743",0,0,0,0,1
"separate","Management_Science","espart","744",0,0,0,0,1
"separate","Management_Science","espart","745",0,0,0,0,1
"separate","Management_Science","espart","746",0,0,0,0,1
"separate","Management_Science","espart","747",0,0,0,0,1
"separate","Management_Science","espart","748",0,0,0,0,1
"separate","Management_Science","espart","749",0,0,0,0,1
"separate","Management_Science","espart","750",0,0,0,0,1
"separate","Management_Science","espart","751",0,0,0,0,1
"separate","Management_Science","espart","752",0,0,0,0,1
"separate","Management_Science","espart","753",0,0,0,0,1
"separate","Management_Science","espart","754",0,0,0,0,1
"separate","Management_Science","espart","755",0,0,0,0,1
"separate","Management_Science","espart","756",0,0,0,0,1
"separate","Management_Science","espart","757",0,0,0,0,1
"separate","Management_Science","espart","758",0,0,0,0,1
"separate","Management_Science","espart","759",0,0,0,0,1
"separate","Management_Science","espart","760",0,0,0,0,1
"separate","Management_Science","espart","761",0,0,0,0,1
"separate","Management_Science","espart","762",0,0,0,0,1
"separate","Management_Science","espart","763",0,0,0,0,1
"separate","Management_Science","espart","764",0,0,0,0,1
"separate","Management_Science","espart","765",0,0,0,0,1
"separate","Management_Science","espart","766",0,0,0,0,1
"separate","Management_Science","espart","767",0,0,0,0,1
"separate","Management_Science","espart","768",0,0,0,0,1
"separate","Management_Science","espart","769",0,0,0,0,1
"separate","Management_Science","espart","770",0,0,0,0,1
"separate","Management_Science","espart","771",0,0,0,0,1
"separate","Management_Science","espart","772",0,0,0,0,1
"separate","Management_Science","espart","773",0,0,0,0,1
"separate","Management_Science","espart","774",0,0,0,0,1
"separate","Management_Science","espart","775",0,0,0,0,1
"separate","Management_Science","espart","776",0,0,0,0,1
"separate","Management_Science","espart","777",0,0,0,0,1
"separate","Management_Science","espart","778",0,0,0,0,1
"separate","Management_Science","espart","779",0,0,0,0,1
"separate","Management_Science","espart","780",0,0,0,0,1
"separate","Management_Science","espart","781",0,0,0,0,1
"separate","Management_Science","espart","782",0,0,0,0,1
"separate","Management_Science","espart","783",0,0,0,0,1
"separate","Management_Science","espart","784",0,0,0,0,1
"separate","Management_Science","espart","785",0,0,0,0,1
"separate","Management_Science","espart","786",0,0,0,0,1
"separate","Management_Science","espart","787",0,0,0,0,1
"separate","Management_Science","espart","788",0,0,0,0,1
"separate","Management_Science","espart","789",0,0,0,0,1
"separate","Management_Science","espart","790",0,0,0,0,1
"separate","Management_Science","espart","791",0,0,0,0,1
"separate","Management_Science","espart","792",0,0,0,0,1
"separate","Management_Science","espart","793",0,0,0,0,1
"separate","Management_Science","espart","794",0,0,0,0,1
"separate","Management_Science","espart","795",0,0,0,0,1
"separate","Management_Science","espart","796",0,0,0,0,1
"separate","Management_Science","espart","797",0,0,0,0,1
"separate","Management_Science","espart","798",0,0,0,0,1
"separate","Management_Science","espart","799",0,0,0,0,1
"separate","Management_Science","espart","800",0,0,0,0,1
"separate","Management_Science","espart","801",0,0,0,0,1
"separate","Management_Science","espart","802",0,0,0,0,1
"separate","Management_Science","espart","803",0,0,0,0,1
"separate","Management_Science","espart","804",0,0,0,0,1
"separate","Management_Science","espart","805",0,0,0,0,1
"separate","Management_Science","espart","806",0,0,0,0,1
"separate","Management_Science","espart","807",0,0,0,0,1
"separate","Management_Science","espart","808",0,0,0,0,1
"separate","Management_Science","espart","809",0,0,0,0,1
"separate","Management_Science","espart","810",0,0,0,0,1
"separate","Management_Science","espart","811",0,0,0,0,1
"separate","Management_Science","espart","812",0,0,0,0,1
"separate","Management_Science","espart","813",0,0,0,0,1
"separate","Management_Science","espart","814",0,0,0,0,1
"separate","Management_Science","espart","815",0,0,0,0,1
"separate","Management_Science","espart","816",0,0,0,0,1
"separate","Management_Science","espart","817",0,0,0,0,1
"separate","Management_Science","espart","818",0,0,0,0,1
"separate","Management_Science","espart","819",0,0,0,0,1
"separate","Management_Science","espart","820",0,0,0,0,1
"separate","Management_Science","espart","821",0,0,0,0,1
"separate","Management_Science","espart","822",0,0,0,0,1
"separate","Management_Science","espart","823",0,0,0,0,1
"separate","Management_Science","espart","824",0,0,0,0,1
"separate","Management_Science","espart","825",0,0,0,0,1
"separate","Management_Science","espart","826",0,0,0,0,1
"separate","Management_Science","espart","827",0,0,0,0,1
"separate","Management_Science","espart","828",0,0,0,0,1
"separate","Management_Science","espart","829",0,0,0,0,1
"separate","Management_Science","espart","830",0,0,0,0,1
"separate","Management_Science","espart","831",0,0,0,0,1
"separate","Management_Science","espart","832",0,0,0,0,1
"separate","Management_Science","espart","833",0,0,0,0,1
"separate","Management_Science","espart","834",0,0,0,0,1
"separate","Management_Science","espart","835",0,0,0,0,1
"separate","Management_Science","espart","836",0,0,0,0,1
"separate","Management_Science","espart","837",0,0,0,0,1
"separate","Management_Science","espart","838",0,0,0,0,1
"separate","Management_Science","espart","839",0,0,0,0,1
"separate","Management_Science","espart","840",0,0,0,0,1
"separate","Management_Science","espart","841",0,0,0,0,1
"separate","Management_Science","espart","842",0,0,0,0,1
"separate","Management_Science","espart","843",0,0,0,0,1
"separate","Management_Science","espart","844",0,0,0,0,1
"separate","Management_Science","espart","845",0,0,0,0,1
"separate","Management_Science","espart","846",0,0,0,0,1
"separate","Management_Science","espart","847",0,0,0,0,1
"separate","Management_Science","espart","848",0,0,0,0,1
"separate","Management_Science","espart","849",0,0,0,0,1
"separate","Management_Science","espart","850",0,0,0,0,1
"separate","Management_Science","espart","851",0,0,0,0,1
"separate","Management_Science","espart","852",0,0,0,0,1
"separate","Management_Science","espart","853",0,0,0,0,1
"separate","Management_Science","espart","854",0,0,0,0,1
"separate","Management_Science","espart","855",0,0,0,0,1
"separate","Management_Science","espart","856",0,0,0,0,1
"separate","Management_Science","espart","857",0,0,0,0,1
"separate","Management_Science","espart","858",0,0,0,0,1
"separate","Management_Science","espart","859",0,0,0,0,1
"separate","Management_Science","espart","860",0,0,0,0,1
"separate","Management_Science","espart","861",0,0,0,0,1
"separate","Management_Science","espart","862",0,0,0,0,1
"separate","Management_Science","espart","863",0,0,0,0,1
"separate","Management_Science","espart","864",0,0,0,0,1
"separate","Management_Science","espart","865",0,0,0,0,1
"separate","Management_Science","espart","866",0,0,0,0,1
"separate","Management_Science","espart","867",0,0,0,0,1
"separate","Management_Science","espart","868",0,0,0,0,1
"separate","Management_Science","espart","869",0,0,0,0,1
"separate","Management_Science","espart","870",0,0,0,0,1
"separate","Management_Science","espart","871",0,0,0,0,1
"separate","Management_Science","espart","872",0,0,0,0,1
"separate","Management_Science","espart","873",0,0,0,0,1
"separate","Management_Science","espart","874",0,0,0,0,1
"separate","Management_Science","espart","875",0,0,0,0,1
"separate","Management_Science","espart","876",0,0,0,0,1
"separate","Management_Science","espart","877",0,0,0,0,1
"separate","Management_Science","espart","878",0,0,0,0,1
"separate","Management_Science","espart","879",0,0,0,0,1
"separate","Management_Science","espart","880",0,0,0,0,1
"separate","Management_Science","espart","881",0,0,0,0,1
"separate","Management_Science","espart","882",0,0,0,0,1
"separate","Management_Science","espart","883",0,0,0,0,1
"separate","Management_Science","espart","884",0,0,0,0,1
"separate","Management_Science","espart","885",0,0,0,0,1
"separate","Management_Science","espart","886",0,0,0,0,1
"separate","Management_Science","espart","887",0,0,0,0,1
"separate","Management_Science","espart","888",0,0,0,0,1
"separate","Management_Science","espart","889",0,0,0,0,1
"separate","Management_Science","espart","890",0,0,0,0,1
"separate","Management_Science","espart","891",0,0,0,0,1
"separate","Management_Science","espart","892",0,0,0,0,1
"separate","Management_Science","espart","893",0,0,0,0,1
"separate","Management_Science","espart","894",0,0,0,0,1
"separate","Management_Science","espart","895",0,0,0,0,1
"separate","Management_Science","espart","896",0,0,0,0,1
"separate","Management_Science","espart","897",0,0,0,0,1
"separate","Management_Science","espart","898",0,0,0,0,1
"separate","Management_Science","espart","899",0,0,0,0,1
"separate","Management_Science","espart","900",0,0,0,0,1
"separate","Management_Science","espart","901",0,0,0,0,1
"separate","Management_Science","espart","902",0,0,0,0,1
"separate","Management_Science","espart","903",0,0,0,0,1
"separate","Management_Science","espart","904",0,0,0,0,1
"separate","Management_Science","espart","905",0,0,0,0,1
"separate","Management_Science","espart","906",0,0,0,0,1
"separate","Management_Science","espart","907",0,0,0,0,1
"separate","Management_Science","espart","908",0,0,0,0,1
"separate","Management_Science","espart","909",0,0,0,0,1
"separate","Management_Science","espart","910",0,0,0,0,1
"separate","Management_Science","espart","911",0,0,0,0,1
"separate","Management_Science","espart","912",0,0,0,0,1
"separate","Management_Science","espart","913",0,0,0,0,1
"separate","Management_Science","espart","914",0,0,0,0,1
"separate","Management_Science","espart","915",0,0,0,0,1
"separate","Management_Science","espart","916",0,0,0,0,1
"separate","Management_Science","espart","917",0,0,0,0,1
"separate","Management_Science","espart","918",0,0,0,0,1
"separate","Management_Science","espart","919",0,0,0,0,1
"separate","Management_Science","espart","920",0,0,0,0,1
"separate","Management_Science","espart","921",0,0,0,0,1
"separate","Management_Science","espart","922",0,0,0,0,1
"separate","Management_Science","espart","923",0,0,0,0,1
"separate","Management_Science","espart","924",0,0,0,0,1
"separate","Management_Science","espart","925",0,0,0,0,1
"separate","Management_Science","espart","926",0,0,0,0,1
"separate","Management_Science","espart","927",0,0,0,0,1
"separate","Management_Science","espart","928",0,0,0,0,1
"separate","Management_Science","espart","929",0,0,0,0,1
"separate","Management_Science","espart","930",0,0,0,0,1
"separate","Management_Science","espart","931",0,0,0,0,1
"separate","Management_Science","espart","932",0,0,0,0,1
"separate","Management_Science","espart","933",0,0,0,0,1
"separate","Management_Science","espart","934",0,0,0,0,1
"separate","Management_Science","espart","935",0,0,0,0,1
"separate","Management_Science","espart","936",0,0,0,0,1
"separate","Management_Science","espart","937",0,0,0,0,1
"separate","Management_Science","espart","938",0,0,0,0,1
"separate","Management_Science","espart","939",0,0,0,0,1
"separate","Management_Science","espart","940",0,0,0,0,1
"separate","Management_Science","espart","941",0,0,0,0,1
"separate","Management_Science","espart","942",0,0,0,0,1
"separate","Management_Science","espart","943",0,0,0,0,1
"separate","Management_Science","espart","944",0,0,0,0,1
"separate","Management_Science","espart","945",0,0,0,0,1
"separate","Management_Science","espart","946",0,0,0,0,1
"separate","Management_Science","espart","947",0,0,0,0,1
"separate","Management_Science","espart","948",0,0,0,0,1
"separate","Management_Science","espart","949",0,0,0,0,1
"separate","Management_Science","espart","950",0,0,0,0,1
"separate","Management_Science","espart","951",0,0,0,0,1
"separate","Management_Science","espart","952",0,0,0,0,1
"separate","Management_Science","espart","953",0,0,0,0,1
"separate","Management_Science","espart","954",0,0,0,0,1
"separate","Management_Science","espart","955",0,0,0,0,1
"separate","Management_Science","espart","956",0,0,0,0,1
"separate","Management_Science","espart","957",0,0,0,0,1
"separate","Management_Science","espart","958",0,0,0,0,1
"separate","Management_Science","espart","959",0,0,0,0,1
"separate","Management_Science","espart","960",0,0,0,0,1
"separate","Management_Science","espart","961",0,0,0,0,1
"separate","Management_Science","espart","962",0,0,0,0,1
"separate","Management_Science","espart","963",0,0,0,0,1
"separate","Management_Science","espart","964",0,0,0,0,1
"separate","Management_Science","espart","965",0,0,0,0,1
"separate","Management_Science","espart","966",0,0,0,0,1
"separate","Management_Science","espart","967",0,0,0,0,1
"separate","Management_Science","espart","968",0,0,0,0,1
"separate","Management_Science","espart","969",0,0,0,0,1
"separate","Management_Science","espart","970",0,0,0,0,1
"separate","Management_Science","espart","971",0,0,0,0,1
"separate","Management_Science","model","edges",1100,1033,1098.99,1187,0.96
"separate","Management_Science","model","edgecov.prior",100,84,90.87,99,0
"separate","Management_Science","model","nodecov.expertise_model_z",64.5622172048069,-114.057934030242,20.1683768354962,132.647542945086,0.34
"separate","Management_Science","model","absdiff.expertise_model_z",850.36640875018,757.029063821073,852.057130882827,976.956288317145,0.98
"separate","Management_Science","model","nodecov.leadership_model_z",205.629750928377,57.942017405829,181.203919742279,325.473396233752,0.64
"separate","Management_Science","model","absdiff.leadership_model_z",869.45280639711,808.807947023728,873.950131992421,959.668067572859,0.92
"separate","Mind","deg","0",0,6,13.82,26,0
"separate","Mind","deg","1",42,18,25.75,37,0
"separate","Mind","deg","2",42,17,26.96,41,0
"separate","Mind","deg","3",0,12,20.61,34,0
"separate","Mind","deg","4",13,4,11.14,21,0.68
"separate","Mind","deg","5",6,0,4.7,12,0.7
"separate","Mind","deg","6",3,0,2.07,7,0.66
"separate","Mind","deg","7",0,0,0.71,5,0.98
"separate","Mind","deg","8",0,0,0.19,3,1
"separate","Mind","deg","9",0,0,0.02,1,1
"separate","Mind","deg","10",0,0,0.02,1,1
"separate","Mind","deg","11",0,0,0.01,1,1
"separate","Mind","deg","12",0,0,0,0,1
"separate","Mind","deg","13",0,0,0,0,1
"separate","Mind","deg","14",0,0,0,0,1
"separate","Mind","deg","15",0,0,0,0,1
"separate","Mind","deg","16",0,0,0,0,1
"separate","Mind","deg","17",0,0,0,0,1
"separate","Mind","deg","18",0,0,0,0,1
"separate","Mind","deg","19",0,0,0,0,1
"separate","Mind","deg","20",0,0,0,0,1
"separate","Mind","deg","21",0,0,0,0,1
"separate","Mind","deg","22",0,0,0,0,1
"separate","Mind","deg","23",0,0,0,0,1
"separate","Mind","deg","24",0,0,0,0,1
"separate","Mind","deg","25",0,0,0,0,1
"separate","Mind","deg","26",0,0,0,0,1
"separate","Mind","deg","27",0,0,0,0,1
"separate","Mind","deg","28",0,0,0,0,1
"separate","Mind","deg","29",0,0,0,0,1
"separate","Mind","deg","30",0,0,0,0,1
"separate","Mind","deg","31",0,0,0,0,1
"separate","Mind","deg","32",0,0,0,0,1
"separate","Mind","deg","33",0,0,0,0,1
"separate","Mind","deg","34",0,0,0,0,1
"separate","Mind","deg","35",0,0,0,0,1
"separate","Mind","deg","36",0,0,0,0,1
"separate","Mind","deg","37",0,0,0,0,1
"separate","Mind","deg","38",0,0,0,0,1
"separate","Mind","deg","39",0,0,0,0,1
"separate","Mind","deg","40",0,0,0,0,1
"separate","Mind","deg","41",0,0,0,0,1
"separate","Mind","deg","42",0,0,0,0,1
"separate","Mind","deg","43",0,0,0,0,1
"separate","Mind","deg","44",0,0,0,0,1
"separate","Mind","deg","45",0,0,0,0,1
"separate","Mind","deg","46",0,0,0,0,1
"separate","Mind","deg","47",0,0,0,0,1
"separate","Mind","deg","48",0,0,0,0,1
"separate","Mind","deg","49",0,0,0,0,1
"separate","Mind","deg","50",0,0,0,0,1
"separate","Mind","deg","51",0,0,0,0,1
"separate","Mind","deg","52",0,0,0,0,1
"separate","Mind","deg","53",0,0,0,0,1
"separate","Mind","deg","54",0,0,0,0,1
"separate","Mind","deg","55",0,0,0,0,1
"separate","Mind","deg","56",0,0,0,0,1
"separate","Mind","deg","57",0,0,0,0,1
"separate","Mind","deg","58",0,0,0,0,1
"separate","Mind","deg","59",0,0,0,0,1
"separate","Mind","deg","60",0,0,0,0,1
"separate","Mind","deg","61",0,0,0,0,1
"separate","Mind","deg","62",0,0,0,0,1
"separate","Mind","deg","63",0,0,0,0,1
"separate","Mind","deg","64",0,0,0,0,1
"separate","Mind","deg","65",0,0,0,0,1
"separate","Mind","deg","66",0,0,0,0,1
"separate","Mind","deg","67",0,0,0,0,1
"separate","Mind","deg","68",0,0,0,0,1
"separate","Mind","deg","69",0,0,0,0,1
"separate","Mind","deg","70",0,0,0,0,1
"separate","Mind","deg","71",0,0,0,0,1
"separate","Mind","deg","72",0,0,0,0,1
"separate","Mind","deg","73",0,0,0,0,1
"separate","Mind","deg","74",0,0,0,0,1
"separate","Mind","deg","75",0,0,0,0,1
"separate","Mind","deg","76",0,0,0,0,1
"separate","Mind","deg","77",0,0,0,0,1
"separate","Mind","deg","78",0,0,0,0,1
"separate","Mind","deg","79",0,0,0,0,1
"separate","Mind","deg","80",0,0,0,0,1
"separate","Mind","deg","81",0,0,0,0,1
"separate","Mind","deg","82",0,0,0,0,1
"separate","Mind","deg","83",0,0,0,0,1
"separate","Mind","deg","84",0,0,0,0,1
"separate","Mind","deg","85",0,0,0,0,1
"separate","Mind","deg","86",0,0,0,0,1
"separate","Mind","deg","87",0,0,0,0,1
"separate","Mind","deg","88",0,0,0,0,1
"separate","Mind","deg","89",0,0,0,0,1
"separate","Mind","deg","90",0,0,0,0,1
"separate","Mind","deg","91",0,0,0,0,1
"separate","Mind","deg","92",0,0,0,0,1
"separate","Mind","deg","93",0,0,0,0,1
"separate","Mind","deg","94",0,0,0,0,1
"separate","Mind","deg","95",0,0,0,0,1
"separate","Mind","deg","96",0,0,0,0,1
"separate","Mind","deg","97",0,0,0,0,1
"separate","Mind","deg","98",0,0,0,0,1
"separate","Mind","deg","99",0,0,0,0,1
"separate","Mind","deg","100",0,0,0,0,1
"separate","Mind","deg","101",0,0,0,0,1
"separate","Mind","deg","102",0,0,0,0,1
"separate","Mind","deg","103",0,0,0,0,1
"separate","Mind","deg","104",0,0,0,0,1
"separate","Mind","deg","105",0,0,0,0,1
"separate","Mind","dist","1",113,88,114.48,146,0.88
"separate","Mind","dist","2",44,148,242.53,405,0
"separate","Mind","dist","3",30,221,451.55,860,0
"separate","Mind","dist","4",7,280,665.38,1127,0
"separate","Mind","dist","5",0,317,735.07,1106,0
"separate","Mind","dist","6",0,344,613.77,932,0
"separate","Mind","dist","7",0,164,409.85,693,0
"separate","Mind","dist","8",0,45,232.12,520,0
"separate","Mind","dist","9",0,4,120.49,377,0
"separate","Mind","dist","10",0,0,59.74,273,0.08
"separate","Mind","dist","11",0,0,28.98,163,0.38
"separate","Mind","dist","12",0,0,12.95,96,0.72
"separate","Mind","dist","13",0,0,5.54,61,1
"separate","Mind","dist","14",0,0,2.25,36,1
"separate","Mind","dist","15",0,0,0.85,22,1
"separate","Mind","dist","16",0,0,0.24,10,1
"separate","Mind","dist","17",0,0,0.05,4,1
"separate","Mind","dist","18",0,0,0,0,1
"separate","Mind","dist","19",0,0,0,0,1
"separate","Mind","dist","20",0,0,0,0,1
"separate","Mind","dist","21",0,0,0,0,1
"separate","Mind","dist","22",0,0,0,0,1
"separate","Mind","dist","23",0,0,0,0,1
"separate","Mind","dist","24",0,0,0,0,1
"separate","Mind","dist","25",0,0,0,0,1
"separate","Mind","dist","26",0,0,0,0,1
"separate","Mind","dist","27",0,0,0,0,1
"separate","Mind","dist","28",0,0,0,0,1
"separate","Mind","dist","29",0,0,0,0,1
"separate","Mind","dist","30",0,0,0,0,1
"separate","Mind","dist","31",0,0,0,0,1
"separate","Mind","dist","32",0,0,0,0,1
"separate","Mind","dist","33",0,0,0,0,1
"separate","Mind","dist","34",0,0,0,0,1
"separate","Mind","dist","35",0,0,0,0,1
"separate","Mind","dist","36",0,0,0,0,1
"separate","Mind","dist","37",0,0,0,0,1
"separate","Mind","dist","38",0,0,0,0,1
"separate","Mind","dist","39",0,0,0,0,1
"separate","Mind","dist","40",0,0,0,0,1
"separate","Mind","dist","41",0,0,0,0,1
"separate","Mind","dist","42",0,0,0,0,1
"separate","Mind","dist","43",0,0,0,0,1
"separate","Mind","dist","44",0,0,0,0,1
"separate","Mind","dist","45",0,0,0,0,1
"separate","Mind","dist","46",0,0,0,0,1
"separate","Mind","dist","47",0,0,0,0,1
"separate","Mind","dist","48",0,0,0,0,1
"separate","Mind","dist","49",0,0,0,0,1
"separate","Mind","dist","50",0,0,0,0,1
"separate","Mind","dist","51",0,0,0,0,1
"separate","Mind","dist","52",0,0,0,0,1
"separate","Mind","dist","53",0,0,0,0,1
"separate","Mind","dist","54",0,0,0,0,1
"separate","Mind","dist","55",0,0,0,0,1
"separate","Mind","dist","56",0,0,0,0,1
"separate","Mind","dist","57",0,0,0,0,1
"separate","Mind","dist","58",0,0,0,0,1
"separate","Mind","dist","59",0,0,0,0,1
"separate","Mind","dist","60",0,0,0,0,1
"separate","Mind","dist","61",0,0,0,0,1
"separate","Mind","dist","62",0,0,0,0,1
"separate","Mind","dist","63",0,0,0,0,1
"separate","Mind","dist","64",0,0,0,0,1
"separate","Mind","dist","65",0,0,0,0,1
"separate","Mind","dist","66",0,0,0,0,1
"separate","Mind","dist","67",0,0,0,0,1
"separate","Mind","dist","68",0,0,0,0,1
"separate","Mind","dist","69",0,0,0,0,1
"separate","Mind","dist","70",0,0,0,0,1
"separate","Mind","dist","71",0,0,0,0,1
"separate","Mind","dist","72",0,0,0,0,1
"separate","Mind","dist","73",0,0,0,0,1
"separate","Mind","dist","74",0,0,0,0,1
"separate","Mind","dist","75",0,0,0,0,1
"separate","Mind","dist","76",0,0,0,0,1
"separate","Mind","dist","77",0,0,0,0,1
"separate","Mind","dist","78",0,0,0,0,1
"separate","Mind","dist","79",0,0,0,0,1
"separate","Mind","dist","80",0,0,0,0,1
"separate","Mind","dist","81",0,0,0,0,1
"separate","Mind","dist","82",0,0,0,0,1
"separate","Mind","dist","83",0,0,0,0,1
"separate","Mind","dist","84",0,0,0,0,1
"separate","Mind","dist","85",0,0,0,0,1
"separate","Mind","dist","86",0,0,0,0,1
"separate","Mind","dist","87",0,0,0,0,1
"separate","Mind","dist","88",0,0,0,0,1
"separate","Mind","dist","89",0,0,0,0,1
"separate","Mind","dist","90",0,0,0,0,1
"separate","Mind","dist","91",0,0,0,0,1
"separate","Mind","dist","92",0,0,0,0,1
"separate","Mind","dist","93",0,0,0,0,1
"separate","Mind","dist","94",0,0,0,0,1
"separate","Mind","dist","95",0,0,0,0,1
"separate","Mind","dist","96",0,0,0,0,1
"separate","Mind","dist","97",0,0,0,0,1
"separate","Mind","dist","98",0,0,0,0,1
"separate","Mind","dist","99",0,0,0,0,1
"separate","Mind","dist","100",0,0,0,0,1
"separate","Mind","dist","101",0,0,0,0,1
"separate","Mind","dist","102",0,0,0,0,1
"separate","Mind","dist","103",0,0,0,0,1
"separate","Mind","dist","104",0,0,0,0,1
"separate","Mind","dist","105",0,0,0,0,1
"separate","Mind","dist","Inf",5371,615,1869.16,3323,0
"separate","Mind","dspart","0",5429,5146,5315.89,5415,0
"separate","Mind","dspart","1",97,144,242.25,399,0
"separate","Mind","dspart","2",4,0,6.75,22,0.9
"separate","Mind","dspart","3",20,0,0.11,3,0
"separate","Mind","dspart","4",15,0,0,0,0
"separate","Mind","dspart","5",0,0,0,0,1
"separate","Mind","dspart","6",0,0,0,0,1
"separate","Mind","dspart","7",0,0,0,0,1
"separate","Mind","dspart","8",0,0,0,0,1
"separate","Mind","dspart","9",0,0,0,0,1
"separate","Mind","dspart","10",0,0,0,0,1
"separate","Mind","dspart","11",0,0,0,0,1
"separate","Mind","dspart","12",0,0,0,0,1
"separate","Mind","dspart","13",0,0,0,0,1
"separate","Mind","dspart","14",0,0,0,0,1
"separate","Mind","dspart","15",0,0,0,0,1
"separate","Mind","dspart","16",0,0,0,0,1
"separate","Mind","dspart","17",0,0,0,0,1
"separate","Mind","dspart","18",0,0,0,0,1
"separate","Mind","dspart","19",0,0,0,0,1
"separate","Mind","dspart","20",0,0,0,0,1
"separate","Mind","dspart","21",0,0,0,0,1
"separate","Mind","dspart","22",0,0,0,0,1
"separate","Mind","dspart","23",0,0,0,0,1
"separate","Mind","dspart","24",0,0,0,0,1
"separate","Mind","dspart","25",0,0,0,0,1
"separate","Mind","dspart","26",0,0,0,0,1
"separate","Mind","dspart","27",0,0,0,0,1
"separate","Mind","dspart","28",0,0,0,0,1
"separate","Mind","dspart","29",0,0,0,0,1
"separate","Mind","dspart","30",0,0,0,0,1
"separate","Mind","dspart","31",0,0,0,0,1
"separate","Mind","dspart","32",0,0,0,0,1
"separate","Mind","dspart","33",0,0,0,0,1
"separate","Mind","dspart","34",0,0,0,0,1
"separate","Mind","dspart","35",0,0,0,0,1
"separate","Mind","dspart","36",0,0,0,0,1
"separate","Mind","dspart","37",0,0,0,0,1
"separate","Mind","dspart","38",0,0,0,0,1
"separate","Mind","dspart","39",0,0,0,0,1
"separate","Mind","dspart","40",0,0,0,0,1
"separate","Mind","dspart","41",0,0,0,0,1
"separate","Mind","dspart","42",0,0,0,0,1
"separate","Mind","dspart","43",0,0,0,0,1
"separate","Mind","dspart","44",0,0,0,0,1
"separate","Mind","dspart","45",0,0,0,0,1
"separate","Mind","dspart","46",0,0,0,0,1
"separate","Mind","dspart","47",0,0,0,0,1
"separate","Mind","dspart","48",0,0,0,0,1
"separate","Mind","dspart","49",0,0,0,0,1
"separate","Mind","dspart","50",0,0,0,0,1
"separate","Mind","dspart","51",0,0,0,0,1
"separate","Mind","dspart","52",0,0,0,0,1
"separate","Mind","dspart","53",0,0,0,0,1
"separate","Mind","dspart","54",0,0,0,0,1
"separate","Mind","dspart","55",0,0,0,0,1
"separate","Mind","dspart","56",0,0,0,0,1
"separate","Mind","dspart","57",0,0,0,0,1
"separate","Mind","dspart","58",0,0,0,0,1
"separate","Mind","dspart","59",0,0,0,0,1
"separate","Mind","dspart","60",0,0,0,0,1
"separate","Mind","dspart","61",0,0,0,0,1
"separate","Mind","dspart","62",0,0,0,0,1
"separate","Mind","dspart","63",0,0,0,0,1
"separate","Mind","dspart","64",0,0,0,0,1
"separate","Mind","dspart","65",0,0,0,0,1
"separate","Mind","dspart","66",0,0,0,0,1
"separate","Mind","dspart","67",0,0,0,0,1
"separate","Mind","dspart","68",0,0,0,0,1
"separate","Mind","dspart","69",0,0,0,0,1
"separate","Mind","dspart","70",0,0,0,0,1
"separate","Mind","dspart","71",0,0,0,0,1
"separate","Mind","dspart","72",0,0,0,0,1
"separate","Mind","dspart","73",0,0,0,0,1
"separate","Mind","dspart","74",0,0,0,0,1
"separate","Mind","dspart","75",0,0,0,0,1
"separate","Mind","dspart","76",0,0,0,0,1
"separate","Mind","dspart","77",0,0,0,0,1
"separate","Mind","dspart","78",0,0,0,0,1
"separate","Mind","dspart","79",0,0,0,0,1
"separate","Mind","dspart","80",0,0,0,0,1
"separate","Mind","dspart","81",0,0,0,0,1
"separate","Mind","dspart","82",0,0,0,0,1
"separate","Mind","dspart","83",0,0,0,0,1
"separate","Mind","dspart","84",0,0,0,0,1
"separate","Mind","dspart","85",0,0,0,0,1
"separate","Mind","dspart","86",0,0,0,0,1
"separate","Mind","dspart","87",0,0,0,0,1
"separate","Mind","dspart","88",0,0,0,0,1
"separate","Mind","dspart","89",0,0,0,0,1
"separate","Mind","dspart","90",0,0,0,0,1
"separate","Mind","dspart","91",0,0,0,0,1
"separate","Mind","dspart","92",0,0,0,0,1
"separate","Mind","dspart","93",0,0,0,0,1
"separate","Mind","dspart","94",0,0,0,0,1
"separate","Mind","dspart","95",0,0,0,0,1
"separate","Mind","dspart","96",0,0,0,0,1
"separate","Mind","dspart","97",0,0,0,0,1
"separate","Mind","dspart","98",0,0,0,0,1
"separate","Mind","dspart","99",0,0,0,0,1
"separate","Mind","dspart","100",0,0,0,0,1
"separate","Mind","dspart","101",0,0,0,0,1
"separate","Mind","dspart","102",0,0,0,0,1
"separate","Mind","dspart","103",0,0,0,0,1
"separate","Mind","dspart","104",0,0,0,0,1
"separate","Mind","espart","0",21,83,107.9,135,0
"separate","Mind","espart","1",57,0,6.33,18,0
"separate","Mind","espart","2",0,0,0.24,2,1
"separate","Mind","espart","3",20,0,0.01,1,0
"separate","Mind","espart","4",15,0,0,0,0
"separate","Mind","espart","5",0,0,0,0,1
"separate","Mind","espart","6",0,0,0,0,1
"separate","Mind","espart","7",0,0,0,0,1
"separate","Mind","espart","8",0,0,0,0,1
"separate","Mind","espart","9",0,0,0,0,1
"separate","Mind","espart","10",0,0,0,0,1
"separate","Mind","espart","11",0,0,0,0,1
"separate","Mind","espart","12",0,0,0,0,1
"separate","Mind","espart","13",0,0,0,0,1
"separate","Mind","espart","14",0,0,0,0,1
"separate","Mind","espart","15",0,0,0,0,1
"separate","Mind","espart","16",0,0,0,0,1
"separate","Mind","espart","17",0,0,0,0,1
"separate","Mind","espart","18",0,0,0,0,1
"separate","Mind","espart","19",0,0,0,0,1
"separate","Mind","espart","20",0,0,0,0,1
"separate","Mind","espart","21",0,0,0,0,1
"separate","Mind","espart","22",0,0,0,0,1
"separate","Mind","espart","23",0,0,0,0,1
"separate","Mind","espart","24",0,0,0,0,1
"separate","Mind","espart","25",0,0,0,0,1
"separate","Mind","espart","26",0,0,0,0,1
"separate","Mind","espart","27",0,0,0,0,1
"separate","Mind","espart","28",0,0,0,0,1
"separate","Mind","espart","29",0,0,0,0,1
"separate","Mind","espart","30",0,0,0,0,1
"separate","Mind","espart","31",0,0,0,0,1
"separate","Mind","espart","32",0,0,0,0,1
"separate","Mind","espart","33",0,0,0,0,1
"separate","Mind","espart","34",0,0,0,0,1
"separate","Mind","espart","35",0,0,0,0,1
"separate","Mind","espart","36",0,0,0,0,1
"separate","Mind","espart","37",0,0,0,0,1
"separate","Mind","espart","38",0,0,0,0,1
"separate","Mind","espart","39",0,0,0,0,1
"separate","Mind","espart","40",0,0,0,0,1
"separate","Mind","espart","41",0,0,0,0,1
"separate","Mind","espart","42",0,0,0,0,1
"separate","Mind","espart","43",0,0,0,0,1
"separate","Mind","espart","44",0,0,0,0,1
"separate","Mind","espart","45",0,0,0,0,1
"separate","Mind","espart","46",0,0,0,0,1
"separate","Mind","espart","47",0,0,0,0,1
"separate","Mind","espart","48",0,0,0,0,1
"separate","Mind","espart","49",0,0,0,0,1
"separate","Mind","espart","50",0,0,0,0,1
"separate","Mind","espart","51",0,0,0,0,1
"separate","Mind","espart","52",0,0,0,0,1
"separate","Mind","espart","53",0,0,0,0,1
"separate","Mind","espart","54",0,0,0,0,1
"separate","Mind","espart","55",0,0,0,0,1
"separate","Mind","espart","56",0,0,0,0,1
"separate","Mind","espart","57",0,0,0,0,1
"separate","Mind","espart","58",0,0,0,0,1
"separate","Mind","espart","59",0,0,0,0,1
"separate","Mind","espart","60",0,0,0,0,1
"separate","Mind","espart","61",0,0,0,0,1
"separate","Mind","espart","62",0,0,0,0,1
"separate","Mind","espart","63",0,0,0,0,1
"separate","Mind","espart","64",0,0,0,0,1
"separate","Mind","espart","65",0,0,0,0,1
"separate","Mind","espart","66",0,0,0,0,1
"separate","Mind","espart","67",0,0,0,0,1
"separate","Mind","espart","68",0,0,0,0,1
"separate","Mind","espart","69",0,0,0,0,1
"separate","Mind","espart","70",0,0,0,0,1
"separate","Mind","espart","71",0,0,0,0,1
"separate","Mind","espart","72",0,0,0,0,1
"separate","Mind","espart","73",0,0,0,0,1
"separate","Mind","espart","74",0,0,0,0,1
"separate","Mind","espart","75",0,0,0,0,1
"separate","Mind","espart","76",0,0,0,0,1
"separate","Mind","espart","77",0,0,0,0,1
"separate","Mind","espart","78",0,0,0,0,1
"separate","Mind","espart","79",0,0,0,0,1
"separate","Mind","espart","80",0,0,0,0,1
"separate","Mind","espart","81",0,0,0,0,1
"separate","Mind","espart","82",0,0,0,0,1
"separate","Mind","espart","83",0,0,0,0,1
"separate","Mind","espart","84",0,0,0,0,1
"separate","Mind","espart","85",0,0,0,0,1
"separate","Mind","espart","86",0,0,0,0,1
"separate","Mind","espart","87",0,0,0,0,1
"separate","Mind","espart","88",0,0,0,0,1
"separate","Mind","espart","89",0,0,0,0,1
"separate","Mind","espart","90",0,0,0,0,1
"separate","Mind","espart","91",0,0,0,0,1
"separate","Mind","espart","92",0,0,0,0,1
"separate","Mind","espart","93",0,0,0,0,1
"separate","Mind","espart","94",0,0,0,0,1
"separate","Mind","espart","95",0,0,0,0,1
"separate","Mind","espart","96",0,0,0,0,1
"separate","Mind","espart","97",0,0,0,0,1
"separate","Mind","espart","98",0,0,0,0,1
"separate","Mind","espart","99",0,0,0,0,1
"separate","Mind","espart","100",0,0,0,0,1
"separate","Mind","espart","101",0,0,0,0,1
"separate","Mind","espart","102",0,0,0,0,1
"separate","Mind","espart","103",0,0,0,0,1
"separate","Mind","espart","104",0,0,0,0,1
"separate","Mind","model","edges",113,88,114.48,146,0.88
"separate","Mind","model","edgecov.prior",3,0,3.2,7,1
"separate","Mind","model","nodecov.expertise_model_z",-5.15925913784375,-34.6490767862374,-3.65166258649375,33.2825019728194,0.94
"separate","Mind","model","absdiff.expertise_model_z",76.6628958407532,42.7136335220994,78.6758341624646,115.150742000052,0.88
"separate","Mind","model","nodecov.leadership_model_z",-36.4412746570415,-90.0998559578561,-37.6988096149984,-3.94595891384747,0.9
"separate","Mind","model","absdiff.leadership_model_z",60.3695144256332,40.7658388445033,61.8006733676697,82.4750969078095,0.86
"separate","Nature_Climate_Change","deg","0",0,0,0.06,1,1
"separate","Nature_Climate_Change","deg","1",7,0,0.55,3,0
"separate","Nature_Climate_Change","deg","2",8,0,1.93,6,0
"separate","Nature_Climate_Change","deg","3",15,1,4.57,10,0
"separate","Nature_Climate_Change","deg","4",17,2,7.67,14,0
"separate","Nature_Climate_Change","deg","5",4,6,11.53,22,0
"separate","Nature_Climate_Change","deg","6",23,8,15.61,24,0.06
"separate","Nature_Climate_Change","deg","7",5,9,17.66,31,0
"separate","Nature_Climate_Change","deg","8",9,10,18.05,31,0
"separate","Nature_Climate_Change","deg","9",11,7,16.12,31,0.2
"separate","Nature_Climate_Change","deg","10",1,6,13.6,25,0
"separate","Nature_Climate_Change","deg","11",0,4,10.24,18,0
"separate","Nature_Climate_Change","deg","12",0,1,6.61,13,0
"separate","Nature_Climate_Change","deg","13",10,1,4.7,12,0.02
"separate","Nature_Climate_Change","deg","14",3,0,2.38,8,0.86
"separate","Nature_Climate_Change","deg","15",0,0,1.42,5,0.46
"separate","Nature_Climate_Change","deg","16",0,0,0.7,3,1
"separate","Nature_Climate_Change","deg","17",0,0,0.32,3,1
"separate","Nature_Climate_Change","deg","18",0,0,0.14,2,1
"separate","Nature_Climate_Change","deg","19",18,0,0.09,1,0
"separate","Nature_Climate_Change","deg","20",1,0,0.02,1,0.04
"separate","Nature_Climate_Change","deg","21",2,0,0.02,1,0
"separate","Nature_Climate_Change","deg","22",0,0,0.01,1,1
"separate","Nature_Climate_Change","deg","23",0,0,0,0,1
"separate","Nature_Climate_Change","deg","24",0,0,0,0,1
"separate","Nature_Climate_Change","deg","25",0,0,0,0,1
"separate","Nature_Climate_Change","deg","26",0,0,0,0,1
"separate","Nature_Climate_Change","deg","27",0,0,0,0,1
"separate","Nature_Climate_Change","deg","28",0,0,0,0,1
"separate","Nature_Climate_Change","deg","29",0,0,0,0,1
"separate","Nature_Climate_Change","deg","30",0,0,0,0,1
"separate","Nature_Climate_Change","deg","31",0,0,0,0,1
"separate","Nature_Climate_Change","deg","32",0,0,0,0,1
"separate","Nature_Climate_Change","deg","33",0,0,0,0,1
"separate","Nature_Climate_Change","deg","34",0,0,0,0,1
"separate","Nature_Climate_Change","deg","35",0,0,0,0,1
"separate","Nature_Climate_Change","deg","36",0,0,0,0,1
"separate","Nature_Climate_Change","deg","37",0,0,0,0,1
"separate","Nature_Climate_Change","deg","38",0,0,0,0,1
"separate","Nature_Climate_Change","deg","39",0,0,0,0,1
"separate","Nature_Climate_Change","deg","40",0,0,0,0,1
"separate","Nature_Climate_Change","deg","41",0,0,0,0,1
"separate","Nature_Climate_Change","deg","42",0,0,0,0,1
"separate","Nature_Climate_Change","deg","43",0,0,0,0,1
"separate","Nature_Climate_Change","deg","44",0,0,0,0,1
"separate","Nature_Climate_Change","deg","45",0,0,0,0,1
"separate","Nature_Climate_Change","deg","46",0,0,0,0,1
"separate","Nature_Climate_Change","deg","47",0,0,0,0,1
"separate","Nature_Climate_Change","deg","48",0,0,0,0,1
"separate","Nature_Climate_Change","deg","49",0,0,0,0,1
"separate","Nature_Climate_Change","deg","50",0,0,0,0,1
"separate","Nature_Climate_Change","deg","51",0,0,0,0,1
"separate","Nature_Climate_Change","deg","52",0,0,0,0,1
"separate","Nature_Climate_Change","deg","53",0,0,0,0,1
"separate","Nature_Climate_Change","deg","54",0,0,0,0,1
"separate","Nature_Climate_Change","deg","55",0,0,0,0,1
"separate","Nature_Climate_Change","deg","56",0,0,0,0,1
"separate","Nature_Climate_Change","deg","57",0,0,0,0,1
"separate","Nature_Climate_Change","deg","58",0,0,0,0,1
"separate","Nature_Climate_Change","deg","59",0,0,0,0,1
"separate","Nature_Climate_Change","deg","60",0,0,0,0,1
"separate","Nature_Climate_Change","deg","61",0,0,0,0,1
"separate","Nature_Climate_Change","deg","62",0,0,0,0,1
"separate","Nature_Climate_Change","deg","63",0,0,0,0,1
"separate","Nature_Climate_Change","deg","64",0,0,0,0,1
"separate","Nature_Climate_Change","deg","65",0,0,0,0,1
"separate","Nature_Climate_Change","deg","66",0,0,0,0,1
"separate","Nature_Climate_Change","deg","67",0,0,0,0,1
"separate","Nature_Climate_Change","deg","68",0,0,0,0,1
"separate","Nature_Climate_Change","deg","69",0,0,0,0,1
"separate","Nature_Climate_Change","deg","70",0,0,0,0,1
"separate","Nature_Climate_Change","deg","71",0,0,0,0,1
"separate","Nature_Climate_Change","deg","72",0,0,0,0,1
"separate","Nature_Climate_Change","deg","73",0,0,0,0,1
"separate","Nature_Climate_Change","deg","74",0,0,0,0,1
"separate","Nature_Climate_Change","deg","75",0,0,0,0,1
"separate","Nature_Climate_Change","deg","76",0,0,0,0,1
"separate","Nature_Climate_Change","deg","77",0,0,0,0,1
"separate","Nature_Climate_Change","deg","78",0,0,0,0,1
"separate","Nature_Climate_Change","deg","79",0,0,0,0,1
"separate","Nature_Climate_Change","deg","80",0,0,0,0,1
"separate","Nature_Climate_Change","deg","81",0,0,0,0,1
"separate","Nature_Climate_Change","deg","82",0,0,0,0,1
"separate","Nature_Climate_Change","deg","83",0,0,0,0,1
"separate","Nature_Climate_Change","deg","84",0,0,0,0,1
"separate","Nature_Climate_Change","deg","85",0,0,0,0,1
"separate","Nature_Climate_Change","deg","86",0,0,0,0,1
"separate","Nature_Climate_Change","deg","87",0,0,0,0,1
"separate","Nature_Climate_Change","deg","88",0,0,0,0,1
"separate","Nature_Climate_Change","deg","89",0,0,0,0,1
"separate","Nature_Climate_Change","deg","90",0,0,0,0,1
"separate","Nature_Climate_Change","deg","91",0,0,0,0,1
"separate","Nature_Climate_Change","deg","92",0,0,0,0,1
"separate","Nature_Climate_Change","deg","93",0,0,0,0,1
"separate","Nature_Climate_Change","deg","94",0,0,0,0,1
"separate","Nature_Climate_Change","deg","95",0,0,0,0,1
"separate","Nature_Climate_Change","deg","96",0,0,0,0,1
"separate","Nature_Climate_Change","deg","97",0,0,0,0,1
"separate","Nature_Climate_Change","deg","98",0,0,0,0,1
"separate","Nature_Climate_Change","deg","99",0,0,0,0,1
"separate","Nature_Climate_Change","deg","100",0,0,0,0,1
"separate","Nature_Climate_Change","deg","101",0,0,0,0,1
"separate","Nature_Climate_Change","deg","102",0,0,0,0,1
"separate","Nature_Climate_Change","deg","103",0,0,0,0,1
"separate","Nature_Climate_Change","deg","104",0,0,0,0,1
"separate","Nature_Climate_Change","deg","105",0,0,0,0,1
"separate","Nature_Climate_Change","deg","106",0,0,0,0,1
"separate","Nature_Climate_Change","deg","107",0,0,0,0,1
"separate","Nature_Climate_Change","deg","108",0,0,0,0,1
"separate","Nature_Climate_Change","deg","109",0,0,0,0,1
"separate","Nature_Climate_Change","deg","110",0,0,0,0,1
"separate","Nature_Climate_Change","deg","111",0,0,0,0,1
"separate","Nature_Climate_Change","deg","112",0,0,0,0,1
"separate","Nature_Climate_Change","deg","113",0,0,0,0,1
"separate","Nature_Climate_Change","deg","114",0,0,0,0,1
"separate","Nature_Climate_Change","deg","115",0,0,0,0,1
"separate","Nature_Climate_Change","deg","116",0,0,0,0,1
"separate","Nature_Climate_Change","deg","117",0,0,0,0,1
"separate","Nature_Climate_Change","deg","118",0,0,0,0,1
"separate","Nature_Climate_Change","deg","119",0,0,0,0,1
"separate","Nature_Climate_Change","deg","120",0,0,0,0,1
"separate","Nature_Climate_Change","deg","121",0,0,0,0,1
"separate","Nature_Climate_Change","deg","122",0,0,0,0,1
"separate","Nature_Climate_Change","deg","123",0,0,0,0,1
"separate","Nature_Climate_Change","deg","124",0,0,0,0,1
"separate","Nature_Climate_Change","deg","125",0,0,0,0,1
"separate","Nature_Climate_Change","deg","126",0,0,0,0,1
"separate","Nature_Climate_Change","deg","127",0,0,0,0,1
"separate","Nature_Climate_Change","deg","128",0,0,0,0,1
"separate","Nature_Climate_Change","deg","129",0,0,0,0,1
"separate","Nature_Climate_Change","deg","130",0,0,0,0,1
"separate","Nature_Climate_Change","deg","131",0,0,0,0,1
"separate","Nature_Climate_Change","deg","132",0,0,0,0,1
"separate","Nature_Climate_Change","deg","133",0,0,0,0,1
"separate","Nature_Climate_Change","dist","1",543,488,539.4,590,0.92
"separate","Nature_Climate_Change","dist","2",284,2720,3170.81,3643,0
"separate","Nature_Climate_Change","dist","3",340,4364,4688.54,4949,0
"separate","Nature_Climate_Change","dist","4",195,208,497.64,874,0
"separate","Nature_Climate_Change","dist","5",91,0,6.59,68,0
"separate","Nature_Climate_Change","dist","6",29,0,0.04,1,0
"separate","Nature_Climate_Change","dist","7",24,0,0,0,0
"separate","Nature_Climate_Change","dist","8",1,0,0,0,0
"separate","Nature_Climate_Change","dist","9",0,0,0,0,1
"separate","Nature_Climate_Change","dist","10",0,0,0,0,1
"separate","Nature_Climate_Change","dist","11",0,0,0,0,1
"separate","Nature_Climate_Change","dist","12",0,0,0,0,1
"separate","Nature_Climate_Change","dist","13",0,0,0,0,1
"separate","Nature_Climate_Change","dist","14",0,0,0,0,1
"separate","Nature_Climate_Change","dist","15",0,0,0,0,1
"separate","Nature_Climate_Change","dist","16",0,0,0,0,1
"separate","Nature_Climate_Change","dist","17",0,0,0,0,1
"separate","Nature_Climate_Change","dist","18",0,0,0,0,1
"separate","Nature_Climate_Change","dist","19",0,0,0,0,1
"separate","Nature_Climate_Change","dist","20",0,0,0,0,1
"separate","Nature_Climate_Change","dist","21",0,0,0,0,1
"separate","Nature_Climate_Change","dist","22",0,0,0,0,1
"separate","Nature_Climate_Change","dist","23",0,0,0,0,1
"separate","Nature_Climate_Change","dist","24",0,0,0,0,1
"separate","Nature_Climate_Change","dist","25",0,0,0,0,1
"separate","Nature_Climate_Change","dist","26",0,0,0,0,1
"separate","Nature_Climate_Change","dist","27",0,0,0,0,1
"separate","Nature_Climate_Change","dist","28",0,0,0,0,1
"separate","Nature_Climate_Change","dist","29",0,0,0,0,1
"separate","Nature_Climate_Change","dist","30",0,0,0,0,1
"separate","Nature_Climate_Change","dist","31",0,0,0,0,1
"separate","Nature_Climate_Change","dist","32",0,0,0,0,1
"separate","Nature_Climate_Change","dist","33",0,0,0,0,1
"separate","Nature_Climate_Change","dist","34",0,0,0,0,1
"separate","Nature_Climate_Change","dist","35",0,0,0,0,1
"separate","Nature_Climate_Change","dist","36",0,0,0,0,1
"separate","Nature_Climate_Change","dist","37",0,0,0,0,1
"separate","Nature_Climate_Change","dist","38",0,0,0,0,1
"separate","Nature_Climate_Change","dist","39",0,0,0,0,1
"separate","Nature_Climate_Change","dist","40",0,0,0,0,1
"separate","Nature_Climate_Change","dist","41",0,0,0,0,1
"separate","Nature_Climate_Change","dist","42",0,0,0,0,1
"separate","Nature_Climate_Change","dist","43",0,0,0,0,1
"separate","Nature_Climate_Change","dist","44",0,0,0,0,1
"separate","Nature_Climate_Change","dist","45",0,0,0,0,1
"separate","Nature_Climate_Change","dist","46",0,0,0,0,1
"separate","Nature_Climate_Change","dist","47",0,0,0,0,1
"separate","Nature_Climate_Change","dist","48",0,0,0,0,1
"separate","Nature_Climate_Change","dist","49",0,0,0,0,1
"separate","Nature_Climate_Change","dist","50",0,0,0,0,1
"separate","Nature_Climate_Change","dist","51",0,0,0,0,1
"separate","Nature_Climate_Change","dist","52",0,0,0,0,1
"separate","Nature_Climate_Change","dist","53",0,0,0,0,1
"separate","Nature_Climate_Change","dist","54",0,0,0,0,1
"separate","Nature_Climate_Change","dist","55",0,0,0,0,1
"separate","Nature_Climate_Change","dist","56",0,0,0,0,1
"separate","Nature_Climate_Change","dist","57",0,0,0,0,1
"separate","Nature_Climate_Change","dist","58",0,0,0,0,1
"separate","Nature_Climate_Change","dist","59",0,0,0,0,1
"separate","Nature_Climate_Change","dist","60",0,0,0,0,1
"separate","Nature_Climate_Change","dist","61",0,0,0,0,1
"separate","Nature_Climate_Change","dist","62",0,0,0,0,1
"separate","Nature_Climate_Change","dist","63",0,0,0,0,1
"separate","Nature_Climate_Change","dist","64",0,0,0,0,1
"separate","Nature_Climate_Change","dist","65",0,0,0,0,1
"separate","Nature_Climate_Change","dist","66",0,0,0,0,1
"separate","Nature_Climate_Change","dist","67",0,0,0,0,1
"separate","Nature_Climate_Change","dist","68",0,0,0,0,1
"separate","Nature_Climate_Change","dist","69",0,0,0,0,1
"separate","Nature_Climate_Change","dist","70",0,0,0,0,1
"separate","Nature_Climate_Change","dist","71",0,0,0,0,1
"separate","Nature_Climate_Change","dist","72",0,0,0,0,1
"separate","Nature_Climate_Change","dist","73",0,0,0,0,1
"separate","Nature_Climate_Change","dist","74",0,0,0,0,1
"separate","Nature_Climate_Change","dist","75",0,0,0,0,1
"separate","Nature_Climate_Change","dist","76",0,0,0,0,1
"separate","Nature_Climate_Change","dist","77",0,0,0,0,1
"separate","Nature_Climate_Change","dist","78",0,0,0,0,1
"separate","Nature_Climate_Change","dist","79",0,0,0,0,1
"separate","Nature_Climate_Change","dist","80",0,0,0,0,1
"separate","Nature_Climate_Change","dist","81",0,0,0,0,1
"separate","Nature_Climate_Change","dist","82",0,0,0,0,1
"separate","Nature_Climate_Change","dist","83",0,0,0,0,1
"separate","Nature_Climate_Change","dist","84",0,0,0,0,1
"separate","Nature_Climate_Change","dist","85",0,0,0,0,1
"separate","Nature_Climate_Change","dist","86",0,0,0,0,1
"separate","Nature_Climate_Change","dist","87",0,0,0,0,1
"separate","Nature_Climate_Change","dist","88",0,0,0,0,1
"separate","Nature_Climate_Change","dist","89",0,0,0,0,1
"separate","Nature_Climate_Change","dist","90",0,0,0,0,1
"separate","Nature_Climate_Change","dist","91",0,0,0,0,1
"separate","Nature_Climate_Change","dist","92",0,0,0,0,1
"separate","Nature_Climate_Change","dist","93",0,0,0,0,1
"separate","Nature_Climate_Change","dist","94",0,0,0,0,1
"separate","Nature_Climate_Change","dist","95",0,0,0,0,1
"separate","Nature_Climate_Change","dist","96",0,0,0,0,1
"separate","Nature_Climate_Change","dist","97",0,0,0,0,1
"separate","Nature_Climate_Change","dist","98",0,0,0,0,1
"separate","Nature_Climate_Change","dist","99",0,0,0,0,1
"separate","Nature_Climate_Change","dist","100",0,0,0,0,1
"separate","Nature_Climate_Change","dist","101",0,0,0,0,1
"separate","Nature_Climate_Change","dist","102",0,0,0,0,1
"separate","Nature_Climate_Change","dist","103",0,0,0,0,1
"separate","Nature_Climate_Change","dist","104",0,0,0,0,1
"separate","Nature_Climate_Change","dist","105",0,0,0,0,1
"separate","Nature_Climate_Change","dist","106",0,0,0,0,1
"separate","Nature_Climate_Change","dist","107",0,0,0,0,1
"separate","Nature_Climate_Change","dist","108",0,0,0,0,1
"separate","Nature_Climate_Change","dist","109",0,0,0,0,1
"separate","Nature_Climate_Change","dist","110",0,0,0,0,1
"separate","Nature_Climate_Change","dist","111",0,0,0,0,1
"separate","Nature_Climate_Change","dist","112",0,0,0,0,1
"separate","Nature_Climate_Change","dist","113",0,0,0,0,1
"separate","Nature_Climate_Change","dist","114",0,0,0,0,1
"separate","Nature_Climate_Change","dist","115",0,0,0,0,1
"separate","Nature_Climate_Change","dist","116",0,0,0,0,1
"separate","Nature_Climate_Change","dist","117",0,0,0,0,1
"separate","Nature_Climate_Change","dist","118",0,0,0,0,1
"separate","Nature_Climate_Change","dist","119",0,0,0,0,1
"separate","Nature_Climate_Change","dist","120",0,0,0,0,1
"separate","Nature_Climate_Change","dist","121",0,0,0,0,1
"separate","Nature_Climate_Change","dist","122",0,0,0,0,1
"separate","Nature_Climate_Change","dist","123",0,0,0,0,1
"separate","Nature_Climate_Change","dist","124",0,0,0,0,1
"separate","Nature_Climate_Change","dist","125",0,0,0,0,1
"separate","Nature_Climate_Change","dist","126",0,0,0,0,1
"separate","Nature_Climate_Change","dist","127",0,0,0,0,1
"separate","Nature_Climate_Change","dist","128",0,0,0,0,1
"separate","Nature_Climate_Change","dist","129",0,0,0,0,1
"separate","Nature_Climate_Change","dist","130",0,0,0,0,1
"separate","Nature_Climate_Change","dist","131",0,0,0,0,1
"separate","Nature_Climate_Change","dist","132",0,0,0,0,1
"separate","Nature_Climate_Change","dist","133",0,0,0,0,1
"separate","Nature_Climate_Change","dist","Inf",7404,0,7.98,133,0
"separate","Nature_Climate_Change","dspart","0",8094,4965,5510.11,6009,0
"separate","Nature_Climate_Change","dspart","1",251,2318,2596.44,2872,0
"separate","Nature_Climate_Change","dspart","2",82,496,656.41,832,0
"separate","Nature_Climate_Change","dspart","3",36,67,121.73,196,0
"separate","Nature_Climate_Change","dspart","4",2,3,21.2,43,0
"separate","Nature_Climate_Change","dspart","5",82,0,4.08,23,0
"separate","Nature_Climate_Change","dspart","6",2,0,0.83,10,0.4
"separate","Nature_Climate_Change","dspart","7",36,0,0.17,2,0
"separate","Nature_Climate_Change","dspart","8",45,0,0.02,1,0
"separate","Nature_Climate_Change","dspart","9",0,0,0.01,1,1
"separate","Nature_Climate_Change","dspart","10",0,0,0,0,1
"separate","Nature_Climate_Change","dspart","11",0,0,0,0,1
"separate","Nature_Climate_Change","dspart","12",90,0,0,0,0
"separate","Nature_Climate_Change","dspart","13",1,0,0,0,0
"separate","Nature_Climate_Change","dspart","14",0,0,0,0,1
"separate","Nature_Climate_Change","dspart","15",0,0,0,0,1
"separate","Nature_Climate_Change","dspart","16",0,0,0,0,1
"separate","Nature_Climate_Change","dspart","17",0,0,0,0,1
"separate","Nature_Climate_Change","dspart","18",189,0,0,0,0
"separate","Nature_Climate_Change","dspart","19",1,0,0,0,0
"separate","Nature_Climate_Change","dspart","20",0,0,0,0,1
"separate","Nature_Climate_Change","dspart","21",0,0,0,0,1
"separate","Nature_Climate_Change","dspart","22",0,0,0,0,1
"separate","Nature_Climate_Change","dspart","23",0,0,0,0,1
"separate","Nature_Climate_Change","dspart","24",0,0,0,0,1
"separate","Nature_Climate_Change","dspart","25",0,0,0,0,1
"separate","Nature_Climate_Change","dspart","26",0,0,0,0,1
"separate","Nature_Climate_Change","dspart","27",0,0,0,0,1
"separate","Nature_Climate_Change","dspart","28",0,0,0,0,1
"separate","Nature_Climate_Change","dspart","29",0,0,0,0,1
"separate","Nature_Climate_Change","dspart","30",0,0,0,0,1
"separate","Nature_Climate_Change","dspart","31",0,0,0,0,1
"separate","Nature_Climate_Change","dspart","32",0,0,0,0,1
"separate","Nature_Climate_Change","dspart","33",0,0,0,0,1
"separate","Nature_Climate_Change","dspart","34",0,0,0,0,1
"separate","Nature_Climate_Change","dspart","35",0,0,0,0,1
"separate","Nature_Climate_Change","dspart","36",0,0,0,0,1
"separate","Nature_Climate_Change","dspart","37",0,0,0,0,1
"separate","Nature_Climate_Change","dspart","38",0,0,0,0,1
"separate","Nature_Climate_Change","dspart","39",0,0,0,0,1
"separate","Nature_Climate_Change","dspart","40",0,0,0,0,1
"separate","Nature_Climate_Change","dspart","41",0,0,0,0,1
"separate","Nature_Climate_Change","dspart","42",0,0,0,0,1
"separate","Nature_Climate_Change","dspart","43",0,0,0,0,1
"separate","Nature_Climate_Change","dspart","44",0,0,0,0,1
"separate","Nature_Climate_Change","dspart","45",0,0,0,0,1
"separate","Nature_Climate_Change","dspart","46",0,0,0,0,1
"separate","Nature_Climate_Change","dspart","47",0,0,0,0,1
"separate","Nature_Climate_Change","dspart","48",0,0,0,0,1
"separate","Nature_Climate_Change","dspart","49",0,0,0,0,1
"separate","Nature_Climate_Change","dspart","50",0,0,0,0,1
"separate","Nature_Climate_Change","dspart","51",0,0,0,0,1
"separate","Nature_Climate_Change","dspart","52",0,0,0,0,1
"separate","Nature_Climate_Change","dspart","53",0,0,0,0,1
"separate","Nature_Climate_Change","dspart","54",0,0,0,0,1
"separate","Nature_Climate_Change","dspart","55",0,0,0,0,1
"separate","Nature_Climate_Change","dspart","56",0,0,0,0,1
"separate","Nature_Climate_Change","dspart","57",0,0,0,0,1
"separate","Nature_Climate_Change","dspart","58",0,0,0,0,1
"separate","Nature_Climate_Change","dspart","59",0,0,0,0,1
"separate","Nature_Climate_Change","dspart","60",0,0,0,0,1
"separate","Nature_Climate_Change","dspart","61",0,0,0,0,1
"separate","Nature_Climate_Change","dspart","62",0,0,0,0,1
"separate","Nature_Climate_Change","dspart","63",0,0,0,0,1
"separate","Nature_Climate_Change","dspart","64",0,0,0,0,1
"separate","Nature_Climate_Change","dspart","65",0,0,0,0,1
"separate","Nature_Climate_Change","dspart","66",0,0,0,0,1
"separate","Nature_Climate_Change","dspart","67",0,0,0,0,1
"separate","Nature_Climate_Change","dspart","68",0,0,0,0,1
"separate","Nature_Climate_Change","dspart","69",0,0,0,0,1
"separate","Nature_Climate_Change","dspart","70",0,0,0,0,1
"separate","Nature_Climate_Change","dspart","71",0,0,0,0,1
"separate","Nature_Climate_Change","dspart","72",0,0,0,0,1
"separate","Nature_Climate_Change","dspart","73",0,0,0,0,1
"separate","Nature_Climate_Change","dspart","74",0,0,0,0,1
"separate","Nature_Climate_Change","dspart","75",0,0,0,0,1
"separate","Nature_Climate_Change","dspart","76",0,0,0,0,1
"separate","Nature_Climate_Change","dspart","77",0,0,0,0,1
"separate","Nature_Climate_Change","dspart","78",0,0,0,0,1
"separate","Nature_Climate_Change","dspart","79",0,0,0,0,1
"separate","Nature_Climate_Change","dspart","80",0,0,0,0,1
"separate","Nature_Climate_Change","dspart","81",0,0,0,0,1
"separate","Nature_Climate_Change","dspart","82",0,0,0,0,1
"separate","Nature_Climate_Change","dspart","83",0,0,0,0,1
"separate","Nature_Climate_Change","dspart","84",0,0,0,0,1
"separate","Nature_Climate_Change","dspart","85",0,0,0,0,1
"separate","Nature_Climate_Change","dspart","86",0,0,0,0,1
"separate","Nature_Climate_Change","dspart","87",0,0,0,0,1
"separate","Nature_Climate_Change","dspart","88",0,0,0,0,1
"separate","Nature_Climate_Change","dspart","89",0,0,0,0,1
"separate","Nature_Climate_Change","dspart","90",0,0,0,0,1
"separate","Nature_Climate_Change","dspart","91",0,0,0,0,1
"separate","Nature_Climate_Change","dspart","92",0,0,0,0,1
"separate","Nature_Climate_Change","dspart","93",0,0,0,0,1
"separate","Nature_Climate_Change","dspart","94",0,0,0,0,1
"separate","Nature_Climate_Change","dspart","95",0,0,0,0,1
"separate","Nature_Climate_Change","dspart","96",0,0,0,0,1
"separate","Nature_Climate_Change","dspart","97",0,0,0,0,1
"separate","Nature_Climate_Change","dspart","98",0,0,0,0,1
"separate","Nature_Climate_Change","dspart","99",0,0,0,0,1
"separate","Nature_Climate_Change","dspart","100",0,0,0,0,1
"separate","Nature_Climate_Change","dspart","101",0,0,0,0,1
"separate","Nature_Climate_Change","dspart","102",0,0,0,0,1
"separate","Nature_Climate_Change","dspart","103",0,0,0,0,1
"separate","Nature_Climate_Change","dspart","104",0,0,0,0,1
"separate","Nature_Climate_Change","dspart","105",0,0,0,0,1
"separate","Nature_Climate_Change","dspart","106",0,0,0,0,1
"separate","Nature_Climate_Change","dspart","107",0,0,0,0,1
"separate","Nature_Climate_Change","dspart","108",0,0,0,0,1
"separate","Nature_Climate_Change","dspart","109",0,0,0,0,1
"separate","Nature_Climate_Change","dspart","110",0,0,0,0,1
"separate","Nature_Climate_Change","dspart","111",0,0,0,0,1
"separate","Nature_Climate_Change","dspart","112",0,0,0,0,1
"separate","Nature_Climate_Change","dspart","113",0,0,0,0,1
"separate","Nature_Climate_Change","dspart","114",0,0,0,0,1
"separate","Nature_Climate_Change","dspart","115",0,0,0,0,1
"separate","Nature_Climate_Change","dspart","116",0,0,0,0,1
"separate","Nature_Climate_Change","dspart","117",0,0,0,0,1
"separate","Nature_Climate_Change","dspart","118",0,0,0,0,1
"separate","Nature_Climate_Change","dspart","119",0,0,0,0,1
"separate","Nature_Climate_Change","dspart","120",0,0,0,0,1
"separate","Nature_Climate_Change","dspart","121",0,0,0,0,1
"separate","Nature_Climate_Change","dspart","122",0,0,0,0,1
"separate","Nature_Climate_Change","dspart","123",0,0,0,0,1
"separate","Nature_Climate_Change","dspart","124",0,0,0,0,1
"separate","Nature_Climate_Change","dspart","125",0,0,0,0,1
"separate","Nature_Climate_Change","dspart","126",0,0,0,0,1
"separate","Nature_Climate_Change","dspart","127",0,0,0,0,1
"separate","Nature_Climate_Change","dspart","128",0,0,0,0,1
"separate","Nature_Climate_Change","dspart","129",0,0,0,0,1
"separate","Nature_Climate_Change","dspart","130",0,0,0,0,1
"separate","Nature_Climate_Change","dspart","131",0,0,0,0,1
"separate","Nature_Climate_Change","dspart","132",0,0,0,0,1
"separate","Nature_Climate_Change","espart","0",10,275,309.32,339,0
"separate","Nature_Climate_Change","espart","1",17,128,162.1,206,0
"separate","Nature_Climate_Change","espart","2",35,28,48.38,86,0.14
"separate","Nature_Climate_Change","espart","3",33,4,13.41,31,0
"separate","Nature_Climate_Change","espart","4",2,0,4.38,16,0.56
"separate","Nature_Climate_Change","espart","5",82,0,1.37,13,0
"separate","Nature_Climate_Change","espart","6",2,0,0.38,7,0.16
"separate","Nature_Climate_Change","espart","7",36,0,0.06,1,0
"separate","Nature_Climate_Change","espart","8",45,0,0,0,0
"separate","Nature_Climate_Change","espart","9",0,0,0,0,1
"separate","Nature_Climate_Change","espart","10",0,0,0,0,1
"separate","Nature_Climate_Change","espart","11",0,0,0,0,1
"separate","Nature_Climate_Change","espart","12",90,0,0,0,0
"separate","Nature_Climate_Change","espart","13",1,0,0,0,0
"separate","Nature_Climate_Change","espart","14",0,0,0,0,1
"separate","Nature_Climate_Change","espart","15",0,0,0,0,1
"separate","Nature_Climate_Change","espart","16",0,0,0,0,1
"separate","Nature_Climate_Change","espart","17",0,0,0,0,1
"separate","Nature_Climate_Change","espart","18",189,0,0,0,0
"separate","Nature_Climate_Change","espart","19",1,0,0,0,0
"separate","Nature_Climate_Change","espart","20",0,0,0,0,1
"separate","Nature_Climate_Change","espart","21",0,0,0,0,1
"separate","Nature_Climate_Change","espart","22",0,0,0,0,1
"separate","Nature_Climate_Change","espart","23",0,0,0,0,1
"separate","Nature_Climate_Change","espart","24",0,0,0,0,1
"separate","Nature_Climate_Change","espart","25",0,0,0,0,1
"separate","Nature_Climate_Change","espart","26",0,0,0,0,1
"separate","Nature_Climate_Change","espart","27",0,0,0,0,1
"separate","Nature_Climate_Change","espart","28",0,0,0,0,1
"separate","Nature_Climate_Change","espart","29",0,0,0,0,1
"separate","Nature_Climate_Change","espart","30",0,0,0,0,1
"separate","Nature_Climate_Change","espart","31",0,0,0,0,1
"separate","Nature_Climate_Change","espart","32",0,0,0,0,1
"separate","Nature_Climate_Change","espart","33",0,0,0,0,1
"separate","Nature_Climate_Change","espart","34",0,0,0,0,1
"separate","Nature_Climate_Change","espart","35",0,0,0,0,1
"separate","Nature_Climate_Change","espart","36",0,0,0,0,1
"separate","Nature_Climate_Change","espart","37",0,0,0,0,1
"separate","Nature_Climate_Change","espart","38",0,0,0,0,1
"separate","Nature_Climate_Change","espart","39",0,0,0,0,1
"separate","Nature_Climate_Change","espart","40",0,0,0,0,1
"separate","Nature_Climate_Change","espart","41",0,0,0,0,1
"separate","Nature_Climate_Change","espart","42",0,0,0,0,1
"separate","Nature_Climate_Change","espart","43",0,0,0,0,1
"separate","Nature_Climate_Change","espart","44",0,0,0,0,1
"separate","Nature_Climate_Change","espart","45",0,0,0,0,1
"separate","Nature_Climate_Change","espart","46",0,0,0,0,1
"separate","Nature_Climate_Change","espart","47",0,0,0,0,1
"separate","Nature_Climate_Change","espart","48",0,0,0,0,1
"separate","Nature_Climate_Change","espart","49",0,0,0,0,1
"separate","Nature_Climate_Change","espart","50",0,0,0,0,1
"separate","Nature_Climate_Change","espart","51",0,0,0,0,1
"separate","Nature_Climate_Change","espart","52",0,0,0,0,1
"separate","Nature_Climate_Change","espart","53",0,0,0,0,1
"separate","Nature_Climate_Change","espart","54",0,0,0,0,1
"separate","Nature_Climate_Change","espart","55",0,0,0,0,1
"separate","Nature_Climate_Change","espart","56",0,0,0,0,1
"separate","Nature_Climate_Change","espart","57",0,0,0,0,1
"separate","Nature_Climate_Change","espart","58",0,0,0,0,1
"separate","Nature_Climate_Change","espart","59",0,0,0,0,1
"separate","Nature_Climate_Change","espart","60",0,0,0,0,1
"separate","Nature_Climate_Change","espart","61",0,0,0,0,1
"separate","Nature_Climate_Change","espart","62",0,0,0,0,1
"separate","Nature_Climate_Change","espart","63",0,0,0,0,1
"separate","Nature_Climate_Change","espart","64",0,0,0,0,1
"separate","Nature_Climate_Change","espart","65",0,0,0,0,1
"separate","Nature_Climate_Change","espart","66",0,0,0,0,1
"separate","Nature_Climate_Change","espart","67",0,0,0,0,1
"separate","Nature_Climate_Change","espart","68",0,0,0,0,1
"separate","Nature_Climate_Change","espart","69",0,0,0,0,1
"separate","Nature_Climate_Change","espart","70",0,0,0,0,1
"separate","Nature_Climate_Change","espart","71",0,0,0,0,1
"separate","Nature_Climate_Change","espart","72",0,0,0,0,1
"separate","Nature_Climate_Change","espart","73",0,0,0,0,1
"separate","Nature_Climate_Change","espart","74",0,0,0,0,1
"separate","Nature_Climate_Change","espart","75",0,0,0,0,1
"separate","Nature_Climate_Change","espart","76",0,0,0,0,1
"separate","Nature_Climate_Change","espart","77",0,0,0,0,1
"separate","Nature_Climate_Change","espart","78",0,0,0,0,1
"separate","Nature_Climate_Change","espart","79",0,0,0,0,1
"separate","Nature_Climate_Change","espart","80",0,0,0,0,1
"separate","Nature_Climate_Change","espart","81",0,0,0,0,1
"separate","Nature_Climate_Change","espart","82",0,0,0,0,1
"separate","Nature_Climate_Change","espart","83",0,0,0,0,1
"separate","Nature_Climate_Change","espart","84",0,0,0,0,1
"separate","Nature_Climate_Change","espart","85",0,0,0,0,1
"separate","Nature_Climate_Change","espart","86",0,0,0,0,1
"separate","Nature_Climate_Change","espart","87",0,0,0,0,1
"separate","Nature_Climate_Change","espart","88",0,0,0,0,1
"separate","Nature_Climate_Change","espart","89",0,0,0,0,1
"separate","Nature_Climate_Change","espart","90",0,0,0,0,1
"separate","Nature_Climate_Change","espart","91",0,0,0,0,1
"separate","Nature_Climate_Change","espart","92",0,0,0,0,1
"separate","Nature_Climate_Change","espart","93",0,0,0,0,1
"separate","Nature_Climate_Change","espart","94",0,0,0,0,1
"separate","Nature_Climate_Change","espart","95",0,0,0,0,1
"separate","Nature_Climate_Change","espart","96",0,0,0,0,1
"separate","Nature_Climate_Change","espart","97",0,0,0,0,1
"separate","Nature_Climate_Change","espart","98",0,0,0,0,1
"separate","Nature_Climate_Change","espart","99",0,0,0,0,1
"separate","Nature_Climate_Change","espart","100",0,0,0,0,1
"separate","Nature_Climate_Change","espart","101",0,0,0,0,1
"separate","Nature_Climate_Change","espart","102",0,0,0,0,1
"separate","Nature_Climate_Change","espart","103",0,0,0,0,1
"separate","Nature_Climate_Change","espart","104",0,0,0,0,1
"separate","Nature_Climate_Change","espart","105",0,0,0,0,1
"separate","Nature_Climate_Change","espart","106",0,0,0,0,1
"separate","Nature_Climate_Change","espart","107",0,0,0,0,1
"separate","Nature_Climate_Change","espart","108",0,0,0,0,1
"separate","Nature_Climate_Change","espart","109",0,0,0,0,1
"separate","Nature_Climate_Change","espart","110",0,0,0,0,1
"separate","Nature_Climate_Change","espart","111",0,0,0,0,1
"separate","Nature_Climate_Change","espart","112",0,0,0,0,1
"separate","Nature_Climate_Change","espart","113",0,0,0,0,1
"separate","Nature_Climate_Change","espart","114",0,0,0,0,1
"separate","Nature_Climate_Change","espart","115",0,0,0,0,1
"separate","Nature_Climate_Change","espart","116",0,0,0,0,1
"separate","Nature_Climate_Change","espart","117",0,0,0,0,1
"separate","Nature_Climate_Change","espart","118",0,0,0,0,1
"separate","Nature_Climate_Change","espart","119",0,0,0,0,1
"separate","Nature_Climate_Change","espart","120",0,0,0,0,1
"separate","Nature_Climate_Change","espart","121",0,0,0,0,1
"separate","Nature_Climate_Change","espart","122",0,0,0,0,1
"separate","Nature_Climate_Change","espart","123",0,0,0,0,1
"separate","Nature_Climate_Change","espart","124",0,0,0,0,1
"separate","Nature_Climate_Change","espart","125",0,0,0,0,1
"separate","Nature_Climate_Change","espart","126",0,0,0,0,1
"separate","Nature_Climate_Change","espart","127",0,0,0,0,1
"separate","Nature_Climate_Change","espart","128",0,0,0,0,1
"separate","Nature_Climate_Change","espart","129",0,0,0,0,1
"separate","Nature_Climate_Change","espart","130",0,0,0,0,1
"separate","Nature_Climate_Change","espart","131",0,0,0,0,1
"separate","Nature_Climate_Change","espart","132",0,0,0,0,1
"separate","Nature_Climate_Change","model","edges",543,488,539.4,590,0.92
"separate","Nature_Climate_Change","model","edgecov.prior",54,42,54,66,1
"separate","Nature_Climate_Change","model","nodecov.expertise_model_z",60.1740259434473,-11.1585059264439,62.2560612398499,152.446917604243,0.94
"separate","Nature_Climate_Change","model","absdiff.expertise_model_z",446.983378794512,386.475508873925,443.37773017104,498.160126568342,0.86
"separate","Nature_Climate_Change","model","nodecov.leadership_model_z",110.41977698127,26.5341877725782,114.502338337984,183.550710659166,0.88
"separate","Nature_Climate_Change","model","absdiff.leadership_model_z",459.235493852814,374.738407169266,456.0646145242,517.437368868482,0.86
"separate","Nature_Materials","deg","0",0,0,0,0,1
"separate","Nature_Materials","deg","1",7,0,0,0,0
"separate","Nature_Materials","deg","2",4,0,0.04,1,0
"separate","Nature_Materials","deg","3",10,0,0.18,2,0
"separate","Nature_Materials","deg","4",2,0,0.6,3,0.3
"separate","Nature_Materials","deg","5",18,0,1.45,6,0
"separate","Nature_Materials","deg","6",14,0,3.3,7,0
"separate","Nature_Materials","deg","7",0,1,6.25,13,0
"separate","Nature_Materials","deg","8",8,3,10.68,19,0.46
"separate","Nature_Materials","deg","9",8,4,14.7,27,0.16
"separate","Nature_Materials","deg","10",0,10,19.67,31,0
"separate","Nature_Materials","deg","11",13,11,23.36,37,0.06
"separate","Nature_Materials","deg","12",0,14,25.42,36,0
"separate","Nature_Materials","deg","13",26,14,27.1,42,0.9
"separate","Nature_Materials","deg","14",30,14,25.33,39,0.34
"separate","Nature_Materials","deg","15",16,9,21.55,33,0.26
"separate","Nature_Materials","deg","16",0,11,18.7,32,0
"separate","Nature_Materials","deg","17",12,5,14.3,23,0.72
"separate","Nature_Materials","deg","18",1,2,9.84,20,0
"separate","Nature_Materials","deg","19",24,1,6.97,16,0
"separate","Nature_Materials","deg","20",22,1,4.36,10,0
"separate","Nature_Materials","deg","21",0,0,2.55,7,0.1
"separate","Nature_Materials","deg","22",23,0,1.72,5,0
"separate","Nature_Materials","deg","23",0,0,0.89,4,0.86
"separate","Nature_Materials","deg","24",0,0,0.51,3,1
"separate","Nature_Materials","deg","25",0,0,0.26,2,1
"separate","Nature_Materials","deg","26",0,0,0.12,1,1
"separate","Nature_Materials","deg","27",2,0,0.09,1,0
"separate","Nature_Materials","deg","28",0,0,0.04,1,1
"separate","Nature_Materials","deg","29",0,0,0.00999999999999999,1,1
"separate","Nature_Materials","deg","30",0,0,0.00999999999999999,1,1
"separate","Nature_Materials","deg","31",0,0,0,0,1
"separate","Nature_Materials","deg","32",0,0,0,0,1
"separate","Nature_Materials","deg","33",0,0,0,0,1
"separate","Nature_Materials","deg","34",0,0,0,0,1
"separate","Nature_Materials","deg","35",0,0,0,0,1
"separate","Nature_Materials","deg","36",0,0,0,0,1
"separate","Nature_Materials","deg","37",0,0,0,0,1
"separate","Nature_Materials","deg","38",0,0,0,0,1
"separate","Nature_Materials","deg","39",0,0,0,0,1
"separate","Nature_Materials","deg","40",0,0,0,0,1
"separate","Nature_Materials","deg","41",0,0,0,0,1
"separate","Nature_Materials","deg","42",0,0,0,0,1
"separate","Nature_Materials","deg","43",0,0,0,0,1
"separate","Nature_Materials","deg","44",0,0,0,0,1
"separate","Nature_Materials","deg","45",0,0,0,0,1
"separate","Nature_Materials","deg","46",0,0,0,0,1
"separate","Nature_Materials","deg","47",0,0,0,0,1
"separate","Nature_Materials","deg","48",0,0,0,0,1
"separate","Nature_Materials","deg","49",0,0,0,0,1
"separate","Nature_Materials","deg","50",0,0,0,0,1
"separate","Nature_Materials","deg","51",0,0,0,0,1
"separate","Nature_Materials","deg","52",0,0,0,0,1
"separate","Nature_Materials","deg","53",0,0,0,0,1
"separate","Nature_Materials","deg","54",0,0,0,0,1
"separate","Nature_Materials","deg","55",0,0,0,0,1
"separate","Nature_Materials","deg","56",0,0,0,0,1
"separate","Nature_Materials","deg","57",0,0,0,0,1
"separate","Nature_Materials","deg","58",0,0,0,0,1
"separate","Nature_Materials","deg","59",0,0,0,0,1
"separate","Nature_Materials","deg","60",0,0,0,0,1
"separate","Nature_Materials","deg","61",0,0,0,0,1
"separate","Nature_Materials","deg","62",0,0,0,0,1
"separate","Nature_Materials","deg","63",0,0,0,0,1
"separate","Nature_Materials","deg","64",0,0,0,0,1
"separate","Nature_Materials","deg","65",0,0,0,0,1
"separate","Nature_Materials","deg","66",0,0,0,0,1
"separate","Nature_Materials","deg","67",0,0,0,0,1
"separate","Nature_Materials","deg","68",0,0,0,0,1
"separate","Nature_Materials","deg","69",0,0,0,0,1
"separate","Nature_Materials","deg","70",0,0,0,0,1
"separate","Nature_Materials","deg","71",0,0,0,0,1
"separate","Nature_Materials","deg","72",0,0,0,0,1
"separate","Nature_Materials","deg","73",0,0,0,0,1
"separate","Nature_Materials","deg","74",0,0,0,0,1
"separate","Nature_Materials","deg","75",0,0,0,0,1
"separate","Nature_Materials","deg","76",0,0,0,0,1
"separate","Nature_Materials","deg","77",0,0,0,0,1
"separate","Nature_Materials","deg","78",0,0,0,0,1
"separate","Nature_Materials","deg","79",0,0,0,0,1
"separate","Nature_Materials","deg","80",0,0,0,0,1
"separate","Nature_Materials","deg","81",0,0,0,0,1
"separate","Nature_Materials","deg","82",0,0,0,0,1
"separate","Nature_Materials","deg","83",0,0,0,0,1
"separate","Nature_Materials","deg","84",0,0,0,0,1
"separate","Nature_Materials","deg","85",0,0,0,0,1
"separate","Nature_Materials","deg","86",0,0,0,0,1
"separate","Nature_Materials","deg","87",0,0,0,0,1
"separate","Nature_Materials","deg","88",0,0,0,0,1
"separate","Nature_Materials","deg","89",0,0,0,0,1
"separate","Nature_Materials","deg","90",0,0,0,0,1
"separate","Nature_Materials","deg","91",0,0,0,0,1
"separate","Nature_Materials","deg","92",0,0,0,0,1
"separate","Nature_Materials","deg","93",0,0,0,0,1
"separate","Nature_Materials","deg","94",0,0,0,0,1
"separate","Nature_Materials","deg","95",0,0,0,0,1
"separate","Nature_Materials","deg","96",0,0,0,0,1
"separate","Nature_Materials","deg","97",0,0,0,0,1
"separate","Nature_Materials","deg","98",0,0,0,0,1
"separate","Nature_Materials","deg","99",0,0,0,0,1
"separate","Nature_Materials","deg","100",0,0,0,0,1
"separate","Nature_Materials","deg","101",0,0,0,0,1
"separate","Nature_Materials","deg","102",0,0,0,0,1
"separate","Nature_Materials","deg","103",0,0,0,0,1
"separate","Nature_Materials","deg","104",0,0,0,0,1
"separate","Nature_Materials","deg","105",0,0,0,0,1
"separate","Nature_Materials","deg","106",0,0,0,0,1
"separate","Nature_Materials","deg","107",0,0,0,0,1
"separate","Nature_Materials","deg","108",0,0,0,0,1
"separate","Nature_Materials","deg","109",0,0,0,0,1
"separate","Nature_Materials","deg","110",0,0,0,0,1
"separate","Nature_Materials","deg","111",0,0,0,0,1
"separate","Nature_Materials","deg","112",0,0,0,0,1
"separate","Nature_Materials","deg","113",0,0,0,0,1
"separate","Nature_Materials","deg","114",0,0,0,0,1
"separate","Nature_Materials","deg","115",0,0,0,0,1
"separate","Nature_Materials","deg","116",0,0,0,0,1
"separate","Nature_Materials","deg","117",0,0,0,0,1
"separate","Nature_Materials","deg","118",0,0,0,0,1
"separate","Nature_Materials","deg","119",0,0,0,0,1
"separate","Nature_Materials","deg","120",0,0,0,0,1
"separate","Nature_Materials","deg","121",0,0,0,0,1
"separate","Nature_Materials","deg","122",0,0,0,0,1
"separate","Nature_Materials","deg","123",0,0,0,0,1
"separate","Nature_Materials","deg","124",0,0,0,0,1
"separate","Nature_Materials","deg","125",0,0,0,0,1
"separate","Nature_Materials","deg","126",0,0,0,0,1
"separate","Nature_Materials","deg","127",0,0,0,0,1
"separate","Nature_Materials","deg","128",0,0,0,0,1
"separate","Nature_Materials","deg","129",0,0,0,0,1
"separate","Nature_Materials","deg","130",0,0,0,0,1
"separate","Nature_Materials","deg","131",0,0,0,0,1
"separate","Nature_Materials","deg","132",0,0,0,0,1
"separate","Nature_Materials","deg","133",0,0,0,0,1
"separate","Nature_Materials","deg","134",0,0,0,0,1
"separate","Nature_Materials","deg","135",0,0,0,0,1
"separate","Nature_Materials","deg","136",0,0,0,0,1
"separate","Nature_Materials","deg","137",0,0,0,0,1
"separate","Nature_Materials","deg","138",0,0,0,0,1
"separate","Nature_Materials","deg","139",0,0,0,0,1
"separate","Nature_Materials","deg","140",0,0,0,0,1
"separate","Nature_Materials","deg","141",0,0,0,0,1
"separate","Nature_Materials","deg","142",0,0,0,0,1
"separate","Nature_Materials","deg","143",0,0,0,0,1
"separate","Nature_Materials","deg","144",0,0,0,0,1
"separate","Nature_Materials","deg","145",0,0,0,0,1
"separate","Nature_Materials","deg","146",0,0,0,0,1
"separate","Nature_Materials","deg","147",0,0,0,0,1
"separate","Nature_Materials","deg","148",0,0,0,0,1
"separate","Nature_Materials","deg","149",0,0,0,0,1
"separate","Nature_Materials","deg","150",0,0,0,0,1
"separate","Nature_Materials","deg","151",0,0,0,0,1
"separate","Nature_Materials","deg","152",0,0,0,0,1
"separate","Nature_Materials","deg","153",0,0,0,0,1
"separate","Nature_Materials","deg","154",0,0,0,0,1
"separate","Nature_Materials","deg","155",0,0,0,0,1
"separate","Nature_Materials","deg","156",0,0,0,0,1
"separate","Nature_Materials","deg","157",0,0,0,0,1
"separate","Nature_Materials","deg","158",0,0,0,0,1
"separate","Nature_Materials","deg","159",0,0,0,0,1
"separate","Nature_Materials","deg","160",0,0,0,0,1
"separate","Nature_Materials","deg","161",0,0,0,0,1
"separate","Nature_Materials","deg","162",0,0,0,0,1
"separate","Nature_Materials","deg","163",0,0,0,0,1
"separate","Nature_Materials","deg","164",0,0,0,0,1
"separate","Nature_Materials","deg","165",0,0,0,0,1
"separate","Nature_Materials","deg","166",0,0,0,0,1
"separate","Nature_Materials","deg","167",0,0,0,0,1
"separate","Nature_Materials","deg","168",0,0,0,0,1
"separate","Nature_Materials","deg","169",0,0,0,0,1
"separate","Nature_Materials","deg","170",0,0,0,0,1
"separate","Nature_Materials","deg","171",0,0,0,0,1
"separate","Nature_Materials","deg","172",0,0,0,0,1
"separate","Nature_Materials","deg","173",0,0,0,0,1
"separate","Nature_Materials","deg","174",0,0,0,0,1
"separate","Nature_Materials","deg","175",0,0,0,0,1
"separate","Nature_Materials","deg","176",0,0,0,0,1
"separate","Nature_Materials","deg","177",0,0,0,0,1
"separate","Nature_Materials","deg","178",0,0,0,0,1
"separate","Nature_Materials","deg","179",0,0,0,0,1
"separate","Nature_Materials","deg","180",0,0,0,0,1
"separate","Nature_Materials","deg","181",0,0,0,0,1
"separate","Nature_Materials","deg","182",0,0,0,0,1
"separate","Nature_Materials","deg","183",0,0,0,0,1
"separate","Nature_Materials","deg","184",0,0,0,0,1
"separate","Nature_Materials","deg","185",0,0,0,0,1
"separate","Nature_Materials","deg","186",0,0,0,0,1
"separate","Nature_Materials","deg","187",0,0,0,0,1
"separate","Nature_Materials","deg","188",0,0,0,0,1
"separate","Nature_Materials","deg","189",0,0,0,0,1
"separate","Nature_Materials","deg","190",0,0,0,0,1
"separate","Nature_Materials","deg","191",0,0,0,0,1
"separate","Nature_Materials","deg","192",0,0,0,0,1
"separate","Nature_Materials","deg","193",0,0,0,0,1
"separate","Nature_Materials","deg","194",0,0,0,0,1
"separate","Nature_Materials","deg","195",0,0,0,0,1
"separate","Nature_Materials","deg","196",0,0,0,0,1
"separate","Nature_Materials","deg","197",0,0,0,0,1
"separate","Nature_Materials","deg","198",0,0,0,0,1
"separate","Nature_Materials","deg","199",0,0,0,0,1
"separate","Nature_Materials","deg","200",0,0,0,0,1
"separate","Nature_Materials","deg","201",0,0,0,0,1
"separate","Nature_Materials","deg","202",0,0,0,0,1
"separate","Nature_Materials","deg","203",0,0,0,0,1
"separate","Nature_Materials","deg","204",0,0,0,0,1
"separate","Nature_Materials","deg","205",0,0,0,0,1
"separate","Nature_Materials","deg","206",0,0,0,0,1
"separate","Nature_Materials","deg","207",0,0,0,0,1
"separate","Nature_Materials","deg","208",0,0,0,0,1
"separate","Nature_Materials","deg","209",0,0,0,0,1
"separate","Nature_Materials","deg","210",0,0,0,0,1
"separate","Nature_Materials","deg","211",0,0,0,0,1
"separate","Nature_Materials","deg","212",0,0,0,0,1
"separate","Nature_Materials","deg","213",0,0,0,0,1
"separate","Nature_Materials","deg","214",0,0,0,0,1
"separate","Nature_Materials","deg","215",0,0,0,0,1
"separate","Nature_Materials","deg","216",0,0,0,0,1
"separate","Nature_Materials","deg","217",0,0,0,0,1
"separate","Nature_Materials","deg","218",0,0,0,0,1
"separate","Nature_Materials","deg","219",0,0,0,0,1
"separate","Nature_Materials","deg","220",0,0,0,0,1
"separate","Nature_Materials","deg","221",0,0,0,0,1
"separate","Nature_Materials","deg","222",0,0,0,0,1
"separate","Nature_Materials","deg","223",0,0,0,0,1
"separate","Nature_Materials","deg","224",0,0,0,0,1
"separate","Nature_Materials","deg","225",0,0,0,0,1
"separate","Nature_Materials","deg","226",0,0,0,0,1
"separate","Nature_Materials","deg","227",0,0,0,0,1
"separate","Nature_Materials","deg","228",0,0,0,0,1
"separate","Nature_Materials","deg","229",0,0,0,0,1
"separate","Nature_Materials","deg","230",0,0,0,0,1
"separate","Nature_Materials","deg","231",0,0,0,0,1
"separate","Nature_Materials","deg","232",0,0,0,0,1
"separate","Nature_Materials","deg","233",0,0,0,0,1
"separate","Nature_Materials","deg","234",0,0,0,0,1
"separate","Nature_Materials","deg","235",0,0,0,0,1
"separate","Nature_Materials","deg","236",0,0,0,0,1
"separate","Nature_Materials","deg","237",0,0,0,0,1
"separate","Nature_Materials","deg","238",0,0,0,0,1
"separate","Nature_Materials","deg","239",0,0,0,0,1
"separate","Nature_Materials","dist","1",1591,1490,1578.67,1676,0.66
"separate","Nature_Materials","dist","2",346,12794,13903.51,15036,0
"separate","Nature_Materials","dist","3",455,11941,13135.47,14273,0
"separate","Nature_Materials","dist","4",112,14,62.35,153,0.14
"separate","Nature_Materials","dist","5",176,0,0,0,0
"separate","Nature_Materials","dist","6",0,0,0,0,1
"separate","Nature_Materials","dist","7",0,0,0,0,1
"separate","Nature_Materials","dist","8",0,0,0,0,1
"separate","Nature_Materials","dist","9",0,0,0,0,1
"separate","Nature_Materials","dist","10",0,0,0,0,1
"separate","Nature_Materials","dist","11",0,0,0,0,1
"separate","Nature_Materials","dist","12",0,0,0,0,1
"separate","Nature_Materials","dist","13",0,0,0,0,1
"separate","Nature_Materials","dist","14",0,0,0,0,1
"separate","Nature_Materials","dist","15",0,0,0,0,1
"separate","Nature_Materials","dist","16",0,0,0,0,1
"separate","Nature_Materials","dist","17",0,0,0,0,1
"separate","Nature_Materials","dist","18",0,0,0,0,1
"separate","Nature_Materials","dist","19",0,0,0,0,1
"separate","Nature_Materials","dist","20",0,0,0,0,1
"separate","Nature_Materials","dist","21",0,0,0,0,1
"separate","Nature_Materials","dist","22",0,0,0,0,1
"separate","Nature_Materials","dist","23",0,0,0,0,1
"separate","Nature_Materials","dist","24",0,0,0,0,1
"separate","Nature_Materials","dist","25",0,0,0,0,1
"separate","Nature_Materials","dist","26",0,0,0,0,1
"separate","Nature_Materials","dist","27",0,0,0,0,1
"separate","Nature_Materials","dist","28",0,0,0,0,1
"separate","Nature_Materials","dist","29",0,0,0,0,1
"separate","Nature_Materials","dist","30",0,0,0,0,1
"separate","Nature_Materials","dist","31",0,0,0,0,1
"separate","Nature_Materials","dist","32",0,0,0,0,1
"separate","Nature_Materials","dist","33",0,0,0,0,1
"separate","Nature_Materials","dist","34",0,0,0,0,1
"separate","Nature_Materials","dist","35",0,0,0,0,1
"separate","Nature_Materials","dist","36",0,0,0,0,1
"separate","Nature_Materials","dist","37",0,0,0,0,1
"separate","Nature_Materials","dist","38",0,0,0,0,1
"separate","Nature_Materials","dist","39",0,0,0,0,1
"separate","Nature_Materials","dist","40",0,0,0,0,1
"separate","Nature_Materials","dist","41",0,0,0,0,1
"separate","Nature_Materials","dist","42",0,0,0,0,1
"separate","Nature_Materials","dist","43",0,0,0,0,1
"separate","Nature_Materials","dist","44",0,0,0,0,1
"separate","Nature_Materials","dist","45",0,0,0,0,1
"separate","Nature_Materials","dist","46",0,0,0,0,1
"separate","Nature_Materials","dist","47",0,0,0,0,1
"separate","Nature_Materials","dist","48",0,0,0,0,1
"separate","Nature_Materials","dist","49",0,0,0,0,1
"separate","Nature_Materials","dist","50",0,0,0,0,1
"separate","Nature_Materials","dist","51",0,0,0,0,1
"separate","Nature_Materials","dist","52",0,0,0,0,1
"separate","Nature_Materials","dist","53",0,0,0,0,1
"separate","Nature_Materials","dist","54",0,0,0,0,1
"separate","Nature_Materials","dist","55",0,0,0,0,1
"separate","Nature_Materials","dist","56",0,0,0,0,1
"separate","Nature_Materials","dist","57",0,0,0,0,1
"separate","Nature_Materials","dist","58",0,0,0,0,1
"separate","Nature_Materials","dist","59",0,0,0,0,1
"separate","Nature_Materials","dist","60",0,0,0,0,1
"separate","Nature_Materials","dist","61",0,0,0,0,1
"separate","Nature_Materials","dist","62",0,0,0,0,1
"separate","Nature_Materials","dist","63",0,0,0,0,1
"separate","Nature_Materials","dist","64",0,0,0,0,1
"separate","Nature_Materials","dist","65",0,0,0,0,1
"separate","Nature_Materials","dist","66",0,0,0,0,1
"separate","Nature_Materials","dist","67",0,0,0,0,1
"separate","Nature_Materials","dist","68",0,0,0,0,1
"separate","Nature_Materials","dist","69",0,0,0,0,1
"separate","Nature_Materials","dist","70",0,0,0,0,1
"separate","Nature_Materials","dist","71",0,0,0,0,1
"separate","Nature_Materials","dist","72",0,0,0,0,1
"separate","Nature_Materials","dist","73",0,0,0,0,1
"separate","Nature_Materials","dist","74",0,0,0,0,1
"separate","Nature_Materials","dist","75",0,0,0,0,1
"separate","Nature_Materials","dist","76",0,0,0,0,1
"separate","Nature_Materials","dist","77",0,0,0,0,1
"separate","Nature_Materials","dist","78",0,0,0,0,1
"separate","Nature_Materials","dist","79",0,0,0,0,1
"separate","Nature_Materials","dist","80",0,0,0,0,1
"separate","Nature_Materials","dist","81",0,0,0,0,1
"separate","Nature_Materials","dist","82",0,0,0,0,1
"separate","Nature_Materials","dist","83",0,0,0,0,1
"separate","Nature_Materials","dist","84",0,0,0,0,1
"separate","Nature_Materials","dist","85",0,0,0,0,1
"separate","Nature_Materials","dist","86",0,0,0,0,1
"separate","Nature_Materials","dist","87",0,0,0,0,1
"separate","Nature_Materials","dist","88",0,0,0,0,1
"separate","Nature_Materials","dist","89",0,0,0,0,1
"separate","Nature_Materials","dist","90",0,0,0,0,1
"separate","Nature_Materials","dist","91",0,0,0,0,1
"separate","Nature_Materials","dist","92",0,0,0,0,1
"separate","Nature_Materials","dist","93",0,0,0,0,1
"separate","Nature_Materials","dist","94",0,0,0,0,1
"separate","Nature_Materials","dist","95",0,0,0,0,1
"separate","Nature_Materials","dist","96",0,0,0,0,1
"separate","Nature_Materials","dist","97",0,0,0,0,1
"separate","Nature_Materials","dist","98",0,0,0,0,1
"separate","Nature_Materials","dist","99",0,0,0,0,1
"separate","Nature_Materials","dist","100",0,0,0,0,1
"separate","Nature_Materials","dist","101",0,0,0,0,1
"separate","Nature_Materials","dist","102",0,0,0,0,1
"separate","Nature_Materials","dist","103",0,0,0,0,1
"separate","Nature_Materials","dist","104",0,0,0,0,1
"separate","Nature_Materials","dist","105",0,0,0,0,1
"separate","Nature_Materials","dist","106",0,0,0,0,1
"separate","Nature_Materials","dist","107",0,0,0,0,1
"separate","Nature_Materials","dist","108",0,0,0,0,1
"separate","Nature_Materials","dist","109",0,0,0,0,1
"separate","Nature_Materials","dist","110",0,0,0,0,1
"separate","Nature_Materials","dist","111",0,0,0,0,1
"separate","Nature_Materials","dist","112",0,0,0,0,1
"separate","Nature_Materials","dist","113",0,0,0,0,1
"separate","Nature_Materials","dist","114",0,0,0,0,1
"separate","Nature_Materials","dist","115",0,0,0,0,1
"separate","Nature_Materials","dist","116",0,0,0,0,1
"separate","Nature_Materials","dist","117",0,0,0,0,1
"separate","Nature_Materials","dist","118",0,0,0,0,1
"separate","Nature_Materials","dist","119",0,0,0,0,1
"separate","Nature_Materials","dist","120",0,0,0,0,1
"separate","Nature_Materials","dist","121",0,0,0,0,1
"separate","Nature_Materials","dist","122",0,0,0,0,1
"separate","Nature_Materials","dist","123",0,0,0,0,1
"separate","Nature_Materials","dist","124",0,0,0,0,1
"separate","Nature_Materials","dist","125",0,0,0,0,1
"separate","Nature_Materials","dist","126",0,0,0,0,1
"separate","Nature_Materials","dist","127",0,0,0,0,1
"separate","Nature_Materials","dist","128",0,0,0,0,1
"separate","Nature_Materials","dist","129",0,0,0,0,1
"separate","Nature_Materials","dist","130",0,0,0,0,1
"separate","Nature_Materials","dist","131",0,0,0,0,1
"separate","Nature_Materials","dist","132",0,0,0,0,1
"separate","Nature_Materials","dist","133",0,0,0,0,1
"separate","Nature_Materials","dist","134",0,0,0,0,1
"separate","Nature_Materials","dist","135",0,0,0,0,1
"separate","Nature_Materials","dist","136",0,0,0,0,1
"separate","Nature_Materials","dist","137",0,0,0,0,1
"separate","Nature_Materials","dist","138",0,0,0,0,1
"separate","Nature_Materials","dist","139",0,0,0,0,1
"separate","Nature_Materials","dist","140",0,0,0,0,1
"separate","Nature_Materials","dist","141",0,0,0,0,1
"separate","Nature_Materials","dist","142",0,0,0,0,1
"separate","Nature_Materials","dist","143",0,0,0,0,1
"separate","Nature_Materials","dist","144",0,0,0,0,1
"separate","Nature_Materials","dist","145",0,0,0,0,1
"separate","Nature_Materials","dist","146",0,0,0,0,1
"separate","Nature_Materials","dist","147",0,0,0,0,1
"separate","Nature_Materials","dist","148",0,0,0,0,1
"separate","Nature_Materials","dist","149",0,0,0,0,1
"separate","Nature_Materials","dist","150",0,0,0,0,1
"separate","Nature_Materials","dist","151",0,0,0,0,1
"separate","Nature_Materials","dist","152",0,0,0,0,1
"separate","Nature_Materials","dist","153",0,0,0,0,1
"separate","Nature_Materials","dist","154",0,0,0,0,1
"separate","Nature_Materials","dist","155",0,0,0,0,1
"separate","Nature_Materials","dist","156",0,0,0,0,1
"separate","Nature_Materials","dist","157",0,0,0,0,1
"separate","Nature_Materials","dist","158",0,0,0,0,1
"separate","Nature_Materials","dist","159",0,0,0,0,1
"separate","Nature_Materials","dist","160",0,0,0,0,1
"separate","Nature_Materials","dist","161",0,0,0,0,1
"separate","Nature_Materials","dist","162",0,0,0,0,1
"separate","Nature_Materials","dist","163",0,0,0,0,1
"separate","Nature_Materials","dist","164",0,0,0,0,1
"separate","Nature_Materials","dist","165",0,0,0,0,1
"separate","Nature_Materials","dist","166",0,0,0,0,1
"separate","Nature_Materials","dist","167",0,0,0,0,1
"separate","Nature_Materials","dist","168",0,0,0,0,1
"separate","Nature_Materials","dist","169",0,0,0,0,1
"separate","Nature_Materials","dist","170",0,0,0,0,1
"separate","Nature_Materials","dist","171",0,0,0,0,1
"separate","Nature_Materials","dist","172",0,0,0,0,1
"separate","Nature_Materials","dist","173",0,0,0,0,1
"separate","Nature_Materials","dist","174",0,0,0,0,1
"separate","Nature_Materials","dist","175",0,0,0,0,1
"separate","Nature_Materials","dist","176",0,0,0,0,1
"separate","Nature_Materials","dist","177",0,0,0,0,1
"separate","Nature_Materials","dist","178",0,0,0,0,1
"separate","Nature_Materials","dist","179",0,0,0,0,1
"separate","Nature_Materials","dist","180",0,0,0,0,1
"separate","Nature_Materials","dist","181",0,0,0,0,1
"separate","Nature_Materials","dist","182",0,0,0,0,1
"separate","Nature_Materials","dist","183",0,0,0,0,1
"separate","Nature_Materials","dist","184",0,0,0,0,1
"separate","Nature_Materials","dist","185",0,0,0,0,1
"separate","Nature_Materials","dist","186",0,0,0,0,1
"separate","Nature_Materials","dist","187",0,0,0,0,1
"separate","Nature_Materials","dist","188",0,0,0,0,1
"separate","Nature_Materials","dist","189",0,0,0,0,1
"separate","Nature_Materials","dist","190",0,0,0,0,1
"separate","Nature_Materials","dist","191",0,0,0,0,1
"separate","Nature_Materials","dist","192",0,0,0,0,1
"separate","Nature_Materials","dist","193",0,0,0,0,1
"separate","Nature_Materials","dist","194",0,0,0,0,1
"separate","Nature_Materials","dist","195",0,0,0,0,1
"separate","Nature_Materials","dist","196",0,0,0,0,1
"separate","Nature_Materials","dist","197",0,0,0,0,1
"separate","Nature_Materials","dist","198",0,0,0,0,1
"separate","Nature_Materials","dist","199",0,0,0,0,1
"separate","Nature_Materials","dist","200",0,0,0,0,1
"separate","Nature_Materials","dist","201",0,0,0,0,1
"separate","Nature_Materials","dist","202",0,0,0,0,1
"separate","Nature_Materials","dist","203",0,0,0,0,1
"separate","Nature_Materials","dist","204",0,0,0,0,1
"separate","Nature_Materials","dist","205",0,0,0,0,1
"separate","Nature_Materials","dist","206",0,0,0,0,1
"separate","Nature_Materials","dist","207",0,0,0,0,1
"separate","Nature_Materials","dist","208",0,0,0,0,1
"separate","Nature_Materials","dist","209",0,0,0,0,1
"separate","Nature_Materials","dist","210",0,0,0,0,1
"separate","Nature_Materials","dist","211",0,0,0,0,1
"separate","Nature_Materials","dist","212",0,0,0,0,1
"separate","Nature_Materials","dist","213",0,0,0,0,1
"separate","Nature_Materials","dist","214",0,0,0,0,1
"separate","Nature_Materials","dist","215",0,0,0,0,1
"separate","Nature_Materials","dist","216",0,0,0,0,1
"separate","Nature_Materials","dist","217",0,0,0,0,1
"separate","Nature_Materials","dist","218",0,0,0,0,1
"separate","Nature_Materials","dist","219",0,0,0,0,1
"separate","Nature_Materials","dist","220",0,0,0,0,1
"separate","Nature_Materials","dist","221",0,0,0,0,1
"separate","Nature_Materials","dist","222",0,0,0,0,1
"separate","Nature_Materials","dist","223",0,0,0,0,1
"separate","Nature_Materials","dist","224",0,0,0,0,1
"separate","Nature_Materials","dist","225",0,0,0,0,1
"separate","Nature_Materials","dist","226",0,0,0,0,1
"separate","Nature_Materials","dist","227",0,0,0,0,1
"separate","Nature_Materials","dist","228",0,0,0,0,1
"separate","Nature_Materials","dist","229",0,0,0,0,1
"separate","Nature_Materials","dist","230",0,0,0,0,1
"separate","Nature_Materials","dist","231",0,0,0,0,1
"separate","Nature_Materials","dist","232",0,0,0,0,1
"separate","Nature_Materials","dist","233",0,0,0,0,1
"separate","Nature_Materials","dist","234",0,0,0,0,1
"separate","Nature_Materials","dist","235",0,0,0,0,1
"separate","Nature_Materials","dist","236",0,0,0,0,1
"separate","Nature_Materials","dist","237",0,0,0,0,1
"separate","Nature_Materials","dist","238",0,0,0,0,1
"separate","Nature_Materials","dist","239",0,0,0,0,1
"separate","Nature_Materials","dist","Inf",26000,0,0,0,0
"separate","Nature_Materials","dspart","0",26747,12702,13933.34,15156,0
"separate","Nature_Materials","dspart","1",97,9602,10043.8,10461,0
"separate","Nature_Materials","dspart","2",248,3096,3630.05,4177,0
"separate","Nature_Materials","dspart","3",1,590,884.16,1147,0
"separate","Nature_Materials","dspart","4",81,78,161.11,285,0.02
"separate","Nature_Materials","dspart","5",42,7,24.05,51,0.04
"separate","Nature_Materials","dspart","6",0,0,3.12,10,0.22
"separate","Nature_Materials","dspart","7",36,0,0.37,2,0
"separate","Nature_Materials","dspart","8",44,0,0,0,0
"separate","Nature_Materials","dspart","9",0,0,0,0,1
"separate","Nature_Materials","dspart","10",66,0,0,0,0
"separate","Nature_Materials","dspart","11",0,0,0,0,1
"separate","Nature_Materials","dspart","12",181,0,0,0,0
"separate","Nature_Materials","dspart","13",210,0,0,0,0
"separate","Nature_Materials","dspart","14",120,0,0,0,0
"separate","Nature_Materials","dspart","15",0,0,0,0,1
"separate","Nature_Materials","dspart","16",147,0,0,0,0
"separate","Nature_Materials","dspart","17",0,0,0,0,1
"separate","Nature_Materials","dspart","18",196,0,0,0,0
"separate","Nature_Materials","dspart","19",210,0,0,0,0
"separate","Nature_Materials","dspart","20",0,0,0,0,1
"separate","Nature_Materials","dspart","21",253,0,0,0,0
"separate","Nature_Materials","dspart","22",0,0,0,0,1
"separate","Nature_Materials","dspart","23",0,0,0,0,1
"separate","Nature_Materials","dspart","24",0,0,0,0,1
"separate","Nature_Materials","dspart","25",0,0,0,0,1
"separate","Nature_Materials","dspart","26",1,0,0,0,0
"separate","Nature_Materials","dspart","27",0,0,0,0,1
"separate","Nature_Materials","dspart","28",0,0,0,0,1
"separate","Nature_Materials","dspart","29",0,0,0,0,1
"separate","Nature_Materials","dspart","30",0,0,0,0,1
"separate","Nature_Materials","dspart","31",0,0,0,0,1
"separate","Nature_Materials","dspart","32",0,0,0,0,1
"separate","Nature_Materials","dspart","33",0,0,0,0,1
"separate","Nature_Materials","dspart","34",0,0,0,0,1
"separate","Nature_Materials","dspart","35",0,0,0,0,1
"separate","Nature_Materials","dspart","36",0,0,0,0,1
"separate","Nature_Materials","dspart","37",0,0,0,0,1
"separate","Nature_Materials","dspart","38",0,0,0,0,1
"separate","Nature_Materials","dspart","39",0,0,0,0,1
"separate","Nature_Materials","dspart","40",0,0,0,0,1
"separate","Nature_Materials","dspart","41",0,0,0,0,1
"separate","Nature_Materials","dspart","42",0,0,0,0,1
"separate","Nature_Materials","dspart","43",0,0,0,0,1
"separate","Nature_Materials","dspart","44",0,0,0,0,1
"separate","Nature_Materials","dspart","45",0,0,0,0,1
"separate","Nature_Materials","dspart","46",0,0,0,0,1
"separate","Nature_Materials","dspart","47",0,0,0,0,1
"separate","Nature_Materials","dspart","48",0,0,0,0,1
"separate","Nature_Materials","dspart","49",0,0,0,0,1
"separate","Nature_Materials","dspart","50",0,0,0,0,1
"separate","Nature_Materials","dspart","51",0,0,0,0,1
"separate","Nature_Materials","dspart","52",0,0,0,0,1
"separate","Nature_Materials","dspart","53",0,0,0,0,1
"separate","Nature_Materials","dspart","54",0,0,0,0,1
"separate","Nature_Materials","dspart","55",0,0,0,0,1
"separate","Nature_Materials","dspart","56",0,0,0,0,1
"separate","Nature_Materials","dspart","57",0,0,0,0,1
"separate","Nature_Materials","dspart","58",0,0,0,0,1
"separate","Nature_Materials","dspart","59",0,0,0,0,1
"separate","Nature_Materials","dspart","60",0,0,0,0,1
"separate","Nature_Materials","dspart","61",0,0,0,0,1
"separate","Nature_Materials","dspart","62",0,0,0,0,1
"separate","Nature_Materials","dspart","63",0,0,0,0,1
"separate","Nature_Materials","dspart","64",0,0,0,0,1
"separate","Nature_Materials","dspart","65",0,0,0,0,1
"separate","Nature_Materials","dspart","66",0,0,0,0,1
"separate","Nature_Materials","dspart","67",0,0,0,0,1
"separate","Nature_Materials","dspart","68",0,0,0,0,1
"separate","Nature_Materials","dspart","69",0,0,0,0,1
"separate","Nature_Materials","dspart","70",0,0,0,0,1
"separate","Nature_Materials","dspart","71",0,0,0,0,1
"separate","Nature_Materials","dspart","72",0,0,0,0,1
"separate","Nature_Materials","dspart","73",0,0,0,0,1
"separate","Nature_Materials","dspart","74",0,0,0,0,1
"separate","Nature_Materials","dspart","75",0,0,0,0,1
"separate","Nature_Materials","dspart","76",0,0,0,0,1
"separate","Nature_Materials","dspart","77",0,0,0,0,1
"separate","Nature_Materials","dspart","78",0,0,0,0,1
"separate","Nature_Materials","dspart","79",0,0,0,0,1
"separate","Nature_Materials","dspart","80",0,0,0,0,1
"separate","Nature_Materials","dspart","81",0,0,0,0,1
"separate","Nature_Materials","dspart","82",0,0,0,0,1
"separate","Nature_Materials","dspart","83",0,0,0,0,1
"separate","Nature_Materials","dspart","84",0,0,0,0,1
"separate","Nature_Materials","dspart","85",0,0,0,0,1
"separate","Nature_Materials","dspart","86",0,0,0,0,1
"separate","Nature_Materials","dspart","87",0,0,0,0,1
"separate","Nature_Materials","dspart","88",0,0,0,0,1
"separate","Nature_Materials","dspart","89",0,0,0,0,1
"separate","Nature_Materials","dspart","90",0,0,0,0,1
"separate","Nature_Materials","dspart","91",0,0,0,0,1
"separate","Nature_Materials","dspart","92",0,0,0,0,1
"separate","Nature_Materials","dspart","93",0,0,0,0,1
"separate","Nature_Materials","dspart","94",0,0,0,0,1
"separate","Nature_Materials","dspart","95",0,0,0,0,1
"separate","Nature_Materials","dspart","96",0,0,0,0,1
"separate","Nature_Materials","dspart","97",0,0,0,0,1
"separate","Nature_Materials","dspart","98",0,0,0,0,1
"separate","Nature_Materials","dspart","99",0,0,0,0,1
"separate","Nature_Materials","dspart","100",0,0,0,0,1
"separate","Nature_Materials","dspart","101",0,0,0,0,1
"separate","Nature_Materials","dspart","102",0,0,0,0,1
"separate","Nature_Materials","dspart","103",0,0,0,0,1
"separate","Nature_Materials","dspart","104",0,0,0,0,1
"separate","Nature_Materials","dspart","105",0,0,0,0,1
"separate","Nature_Materials","dspart","106",0,0,0,0,1
"separate","Nature_Materials","dspart","107",0,0,0,0,1
"separate","Nature_Materials","dspart","108",0,0,0,0,1
"separate","Nature_Materials","dspart","109",0,0,0,0,1
"separate","Nature_Materials","dspart","110",0,0,0,0,1
"separate","Nature_Materials","dspart","111",0,0,0,0,1
"separate","Nature_Materials","dspart","112",0,0,0,0,1
"separate","Nature_Materials","dspart","113",0,0,0,0,1
"separate","Nature_Materials","dspart","114",0,0,0,0,1
"separate","Nature_Materials","dspart","115",0,0,0,0,1
"separate","Nature_Materials","dspart","116",0,0,0,0,1
"separate","Nature_Materials","dspart","117",0,0,0,0,1
"separate","Nature_Materials","dspart","118",0,0,0,0,1
"separate","Nature_Materials","dspart","119",0,0,0,0,1
"separate","Nature_Materials","dspart","120",0,0,0,0,1
"separate","Nature_Materials","dspart","121",0,0,0,0,1
"separate","Nature_Materials","dspart","122",0,0,0,0,1
"separate","Nature_Materials","dspart","123",0,0,0,0,1
"separate","Nature_Materials","dspart","124",0,0,0,0,1
"separate","Nature_Materials","dspart","125",0,0,0,0,1
"separate","Nature_Materials","dspart","126",0,0,0,0,1
"separate","Nature_Materials","dspart","127",0,0,0,0,1
"separate","Nature_Materials","dspart","128",0,0,0,0,1
"separate","Nature_Materials","dspart","129",0,0,0,0,1
"separate","Nature_Materials","dspart","130",0,0,0,0,1
"separate","Nature_Materials","dspart","131",0,0,0,0,1
"separate","Nature_Materials","dspart","132",0,0,0,0,1
"separate","Nature_Materials","dspart","133",0,0,0,0,1
"separate","Nature_Materials","dspart","134",0,0,0,0,1
"separate","Nature_Materials","dspart","135",0,0,0,0,1
"separate","Nature_Materials","dspart","136",0,0,0,0,1
"separate","Nature_Materials","dspart","137",0,0,0,0,1
"separate","Nature_Materials","dspart","138",0,0,0,0,1
"separate","Nature_Materials","dspart","139",0,0,0,0,1
"separate","Nature_Materials","dspart","140",0,0,0,0,1
"separate","Nature_Materials","dspart","141",0,0,0,0,1
"separate","Nature_Materials","dspart","142",0,0,0,0,1
"separate","Nature_Materials","dspart","143",0,0,0,0,1
"separate","Nature_Materials","dspart","144",0,0,0,0,1
"separate","Nature_Materials","dspart","145",0,0,0,0,1
"separate","Nature_Materials","dspart","146",0,0,0,0,1
"separate","Nature_Materials","dspart","147",0,0,0,0,1
"separate","Nature_Materials","dspart","148",0,0,0,0,1
"separate","Nature_Materials","dspart","149",0,0,0,0,1
"separate","Nature_Materials","dspart","150",0,0,0,0,1
"separate","Nature_Materials","dspart","151",0,0,0,0,1
"separate","Nature_Materials","dspart","152",0,0,0,0,1
"separate","Nature_Materials","dspart","153",0,0,0,0,1
"separate","Nature_Materials","dspart","154",0,0,0,0,1
"separate","Nature_Materials","dspart","155",0,0,0,0,1
"separate","Nature_Materials","dspart","156",0,0,0,0,1
"separate","Nature_Materials","dspart","157",0,0,0,0,1
"separate","Nature_Materials","dspart","158",0,0,0,0,1
"separate","Nature_Materials","dspart","159",0,0,0,0,1
"separate","Nature_Materials","dspart","160",0,0,0,0,1
"separate","Nature_Materials","dspart","161",0,0,0,0,1
"separate","Nature_Materials","dspart","162",0,0,0,0,1
"separate","Nature_Materials","dspart","163",0,0,0,0,1
"separate","Nature_Materials","dspart","164",0,0,0,0,1
"separate","Nature_Materials","dspart","165",0,0,0,0,1
"separate","Nature_Materials","dspart","166",0,0,0,0,1
"separate","Nature_Materials","dspart","167",0,0,0,0,1
"separate","Nature_Materials","dspart","168",0,0,0,0,1
"separate","Nature_Materials","dspart","169",0,0,0,0,1
"separate","Nature_Materials","dspart","170",0,0,0,0,1
"separate","Nature_Materials","dspart","171",0,0,0,0,1
"separate","Nature_Materials","dspart","172",0,0,0,0,1
"separate","Nature_Materials","dspart","173",0,0,0,0,1
"separate","Nature_Materials","dspart","174",0,0,0,0,1
"separate","Nature_Materials","dspart","175",0,0,0,0,1
"separate","Nature_Materials","dspart","176",0,0,0,0,1
"separate","Nature_Materials","dspart","177",0,0,0,0,1
"separate","Nature_Materials","dspart","178",0,0,0,0,1
"separate","Nature_Materials","dspart","179",0,0,0,0,1
"separate","Nature_Materials","dspart","180",0,0,0,0,1
"separate","Nature_Materials","dspart","181",0,0,0,0,1
"separate","Nature_Materials","dspart","182",0,0,0,0,1
"separate","Nature_Materials","dspart","183",0,0,0,0,1
"separate","Nature_Materials","dspart","184",0,0,0,0,1
"separate","Nature_Materials","dspart","185",0,0,0,0,1
"separate","Nature_Materials","dspart","186",0,0,0,0,1
"separate","Nature_Materials","dspart","187",0,0,0,0,1
"separate","Nature_Materials","dspart","188",0,0,0,0,1
"separate","Nature_Materials","dspart","189",0,0,0,0,1
"separate","Nature_Materials","dspart","190",0,0,0,0,1
"separate","Nature_Materials","dspart","191",0,0,0,0,1
"separate","Nature_Materials","dspart","192",0,0,0,0,1
"separate","Nature_Materials","dspart","193",0,0,0,0,1
"separate","Nature_Materials","dspart","194",0,0,0,0,1
"separate","Nature_Materials","dspart","195",0,0,0,0,1
"separate","Nature_Materials","dspart","196",0,0,0,0,1
"separate","Nature_Materials","dspart","197",0,0,0,0,1
"separate","Nature_Materials","dspart","198",0,0,0,0,1
"separate","Nature_Materials","dspart","199",0,0,0,0,1
"separate","Nature_Materials","dspart","200",0,0,0,0,1
"separate","Nature_Materials","dspart","201",0,0,0,0,1
"separate","Nature_Materials","dspart","202",0,0,0,0,1
"separate","Nature_Materials","dspart","203",0,0,0,0,1
"separate","Nature_Materials","dspart","204",0,0,0,0,1
"separate","Nature_Materials","dspart","205",0,0,0,0,1
"separate","Nature_Materials","dspart","206",0,0,0,0,1
"separate","Nature_Materials","dspart","207",0,0,0,0,1
"separate","Nature_Materials","dspart","208",0,0,0,0,1
"separate","Nature_Materials","dspart","209",0,0,0,0,1
"separate","Nature_Materials","dspart","210",0,0,0,0,1
"separate","Nature_Materials","dspart","211",0,0,0,0,1
"separate","Nature_Materials","dspart","212",0,0,0,0,1
"separate","Nature_Materials","dspart","213",0,0,0,0,1
"separate","Nature_Materials","dspart","214",0,0,0,0,1
"separate","Nature_Materials","dspart","215",0,0,0,0,1
"separate","Nature_Materials","dspart","216",0,0,0,0,1
"separate","Nature_Materials","dspart","217",0,0,0,0,1
"separate","Nature_Materials","dspart","218",0,0,0,0,1
"separate","Nature_Materials","dspart","219",0,0,0,0,1
"separate","Nature_Materials","dspart","220",0,0,0,0,1
"separate","Nature_Materials","dspart","221",0,0,0,0,1
"separate","Nature_Materials","dspart","222",0,0,0,0,1
"separate","Nature_Materials","dspart","223",0,0,0,0,1
"separate","Nature_Materials","dspart","224",0,0,0,0,1
"separate","Nature_Materials","dspart","225",0,0,0,0,1
"separate","Nature_Materials","dspart","226",0,0,0,0,1
"separate","Nature_Materials","dspart","227",0,0,0,0,1
"separate","Nature_Materials","dspart","228",0,0,0,0,1
"separate","Nature_Materials","dspart","229",0,0,0,0,1
"separate","Nature_Materials","dspart","230",0,0,0,0,1
"separate","Nature_Materials","dspart","231",0,0,0,0,1
"separate","Nature_Materials","dspart","232",0,0,0,0,1
"separate","Nature_Materials","dspart","233",0,0,0,0,1
"separate","Nature_Materials","dspart","234",0,0,0,0,1
"separate","Nature_Materials","dspart","235",0,0,0,0,1
"separate","Nature_Materials","dspart","236",0,0,0,0,1
"separate","Nature_Materials","dspart","237",0,0,0,0,1
"separate","Nature_Materials","dspart","238",0,0,0,0,1
"separate","Nature_Materials","espart","0",4,656,735.52,823,0
"separate","Nature_Materials","espart","1",5,495,556.72,627,0
"separate","Nature_Materials","espart","2",22,158,213.73,264,0
"separate","Nature_Materials","espart","3",1,34,58.15,85,0
"separate","Nature_Materials","espart","4",53,3,11.9,25,0
"separate","Nature_Materials","espart","5",42,0,2.27,7,0
"separate","Nature_Materials","espart","6",0,0,0.35,3,1
"separate","Nature_Materials","espart","7",36,0,0.03,1,0
"separate","Nature_Materials","espart","8",44,0,0,0,0
"separate","Nature_Materials","espart","9",0,0,0,0,1
"separate","Nature_Materials","espart","10",66,0,0,0,0
"separate","Nature_Materials","espart","11",0,0,0,0,1
"separate","Nature_Materials","espart","12",181,0,0,0,0
"separate","Nature_Materials","espart","13",210,0,0,0,0
"separate","Nature_Materials","espart","14",120,0,0,0,0
"separate","Nature_Materials","espart","15",0,0,0,0,1
"separate","Nature_Materials","espart","16",147,0,0,0,0
"separate","Nature_Materials","espart","17",0,0,0,0,1
"separate","Nature_Materials","espart","18",196,0,0,0,0
"separate","Nature_Materials","espart","19",210,0,0,0,0
"separate","Nature_Materials","espart","20",0,0,0,0,1
"separate","Nature_Materials","espart","21",253,0,0,0,0
"separate","Nature_Materials","espart","22",0,0,0,0,1
"separate","Nature_Materials","espart","23",0,0,0,0,1
"separate","Nature_Materials","espart","24",0,0,0,0,1
"separate","Nature_Materials","espart","25",0,0,0,0,1
"separate","Nature_Materials","espart","26",1,0,0,0,0
"separate","Nature_Materials","espart","27",0,0,0,0,1
"separate","Nature_Materials","espart","28",0,0,0,0,1
"separate","Nature_Materials","espart","29",0,0,0,0,1
"separate","Nature_Materials","espart","30",0,0,0,0,1
"separate","Nature_Materials","espart","31",0,0,0,0,1
"separate","Nature_Materials","espart","32",0,0,0,0,1
"separate","Nature_Materials","espart","33",0,0,0,0,1
"separate","Nature_Materials","espart","34",0,0,0,0,1
"separate","Nature_Materials","espart","35",0,0,0,0,1
"separate","Nature_Materials","espart","36",0,0,0,0,1
"separate","Nature_Materials","espart","37",0,0,0,0,1
"separate","Nature_Materials","espart","38",0,0,0,0,1
"separate","Nature_Materials","espart","39",0,0,0,0,1
"separate","Nature_Materials","espart","40",0,0,0,0,1
"separate","Nature_Materials","espart","41",0,0,0,0,1
"separate","Nature_Materials","espart","42",0,0,0,0,1
"separate","Nature_Materials","espart","43",0,0,0,0,1
"separate","Nature_Materials","espart","44",0,0,0,0,1
"separate","Nature_Materials","espart","45",0,0,0,0,1
"separate","Nature_Materials","espart","46",0,0,0,0,1
"separate","Nature_Materials","espart","47",0,0,0,0,1
"separate","Nature_Materials","espart","48",0,0,0,0,1
"separate","Nature_Materials","espart","49",0,0,0,0,1
"separate","Nature_Materials","espart","50",0,0,0,0,1
"separate","Nature_Materials","espart","51",0,0,0,0,1
"separate","Nature_Materials","espart","52",0,0,0,0,1
"separate","Nature_Materials","espart","53",0,0,0,0,1
"separate","Nature_Materials","espart","54",0,0,0,0,1
"separate","Nature_Materials","espart","55",0,0,0,0,1
"separate","Nature_Materials","espart","56",0,0,0,0,1
"separate","Nature_Materials","espart","57",0,0,0,0,1
"separate","Nature_Materials","espart","58",0,0,0,0,1
"separate","Nature_Materials","espart","59",0,0,0,0,1
"separate","Nature_Materials","espart","60",0,0,0,0,1
"separate","Nature_Materials","espart","61",0,0,0,0,1
"separate","Nature_Materials","espart","62",0,0,0,0,1
"separate","Nature_Materials","espart","63",0,0,0,0,1
"separate","Nature_Materials","espart","64",0,0,0,0,1
"separate","Nature_Materials","espart","65",0,0,0,0,1
"separate","Nature_Materials","espart","66",0,0,0,0,1
"separate","Nature_Materials","espart","67",0,0,0,0,1
"separate","Nature_Materials","espart","68",0,0,0,0,1
"separate","Nature_Materials","espart","69",0,0,0,0,1
"separate","Nature_Materials","espart","70",0,0,0,0,1
"separate","Nature_Materials","espart","71",0,0,0,0,1
"separate","Nature_Materials","espart","72",0,0,0,0,1
"separate","Nature_Materials","espart","73",0,0,0,0,1
"separate","Nature_Materials","espart","74",0,0,0,0,1
"separate","Nature_Materials","espart","75",0,0,0,0,1
"separate","Nature_Materials","espart","76",0,0,0,0,1
"separate","Nature_Materials","espart","77",0,0,0,0,1
"separate","Nature_Materials","espart","78",0,0,0,0,1
"separate","Nature_Materials","espart","79",0,0,0,0,1
"separate","Nature_Materials","espart","80",0,0,0,0,1
"separate","Nature_Materials","espart","81",0,0,0,0,1
"separate","Nature_Materials","espart","82",0,0,0,0,1
"separate","Nature_Materials","espart","83",0,0,0,0,1
"separate","Nature_Materials","espart","84",0,0,0,0,1
"separate","Nature_Materials","espart","85",0,0,0,0,1
"separate","Nature_Materials","espart","86",0,0,0,0,1
"separate","Nature_Materials","espart","87",0,0,0,0,1
"separate","Nature_Materials","espart","88",0,0,0,0,1
"separate","Nature_Materials","espart","89",0,0,0,0,1
"separate","Nature_Materials","espart","90",0,0,0,0,1
"separate","Nature_Materials","espart","91",0,0,0,0,1
"separate","Nature_Materials","espart","92",0,0,0,0,1
"separate","Nature_Materials","espart","93",0,0,0,0,1
"separate","Nature_Materials","espart","94",0,0,0,0,1
"separate","Nature_Materials","espart","95",0,0,0,0,1
"separate","Nature_Materials","espart","96",0,0,0,0,1
"separate","Nature_Materials","espart","97",0,0,0,0,1
"separate","Nature_Materials","espart","98",0,0,0,0,1
"separate","Nature_Materials","espart","99",0,0,0,0,1
"separate","Nature_Materials","espart","100",0,0,0,0,1
"separate","Nature_Materials","espart","101",0,0,0,0,1
"separate","Nature_Materials","espart","102",0,0,0,0,1
"separate","Nature_Materials","espart","103",0,0,0,0,1
"separate","Nature_Materials","espart","104",0,0,0,0,1
"separate","Nature_Materials","espart","105",0,0,0,0,1
"separate","Nature_Materials","espart","106",0,0,0,0,1
"separate","Nature_Materials","espart","107",0,0,0,0,1
"separate","Nature_Materials","espart","108",0,0,0,0,1
"separate","Nature_Materials","espart","109",0,0,0,0,1
"separate","Nature_Materials","espart","110",0,0,0,0,1
"separate","Nature_Materials","espart","111",0,0,0,0,1
"separate","Nature_Materials","espart","112",0,0,0,0,1
"separate","Nature_Materials","espart","113",0,0,0,0,1
"separate","Nature_Materials","espart","114",0,0,0,0,1
"separate","Nature_Materials","espart","115",0,0,0,0,1
"separate","Nature_Materials","espart","116",0,0,0,0,1
"separate","Nature_Materials","espart","117",0,0,0,0,1
"separate","Nature_Materials","espart","118",0,0,0,0,1
"separate","Nature_Materials","espart","119",0,0,0,0,1
"separate","Nature_Materials","espart","120",0,0,0,0,1
"separate","Nature_Materials","espart","121",0,0,0,0,1
"separate","Nature_Materials","espart","122",0,0,0,0,1
"separate","Nature_Materials","espart","123",0,0,0,0,1
"separate","Nature_Materials","espart","124",0,0,0,0,1
"separate","Nature_Materials","espart","125",0,0,0,0,1
"separate","Nature_Materials","espart","126",0,0,0,0,1
"separate","Nature_Materials","espart","127",0,0,0,0,1
"separate","Nature_Materials","espart","128",0,0,0,0,1
"separate","Nature_Materials","espart","129",0,0,0,0,1
"separate","Nature_Materials","espart","130",0,0,0,0,1
"separate","Nature_Materials","espart","131",0,0,0,0,1
"separate","Nature_Materials","espart","132",0,0,0,0,1
"separate","Nature_Materials","espart","133",0,0,0,0,1
"separate","Nature_Materials","espart","134",0,0,0,0,1
"separate","Nature_Materials","espart","135",0,0,0,0,1
"separate","Nature_Materials","espart","136",0,0,0,0,1
"separate","Nature_Materials","espart","137",0,0,0,0,1
"separate","Nature_Materials","espart","138",0,0,0,0,1
"separate","Nature_Materials","espart","139",0,0,0,0,1
"separate","Nature_Materials","espart","140",0,0,0,0,1
"separate","Nature_Materials","espart","141",0,0,0,0,1
"separate","Nature_Materials","espart","142",0,0,0,0,1
"separate","Nature_Materials","espart","143",0,0,0,0,1
"separate","Nature_Materials","espart","144",0,0,0,0,1
"separate","Nature_Materials","espart","145",0,0,0,0,1
"separate","Nature_Materials","espart","146",0,0,0,0,1
"separate","Nature_Materials","espart","147",0,0,0,0,1
"separate","Nature_Materials","espart","148",0,0,0,0,1
"separate","Nature_Materials","espart","149",0,0,0,0,1
"separate","Nature_Materials","espart","150",0,0,0,0,1
"separate","Nature_Materials","espart","151",0,0,0,0,1
"separate","Nature_Materials","espart","152",0,0,0,0,1
"separate","Nature_Materials","espart","153",0,0,0,0,1
"separate","Nature_Materials","espart","154",0,0,0,0,1
"separate","Nature_Materials","espart","155",0,0,0,0,1
"separate","Nature_Materials","espart","156",0,0,0,0,1
"separate","Nature_Materials","espart","157",0,0,0,0,1
"separate","Nature_Materials","espart","158",0,0,0,0,1
"separate","Nature_Materials","espart","159",0,0,0,0,1
"separate","Nature_Materials","espart","160",0,0,0,0,1
"separate","Nature_Materials","espart","161",0,0,0,0,1
"separate","Nature_Materials","espart","162",0,0,0,0,1
"separate","Nature_Materials","espart","163",0,0,0,0,1
"separate","Nature_Materials","espart","164",0,0,0,0,1
"separate","Nature_Materials","espart","165",0,0,0,0,1
"separate","Nature_Materials","espart","166",0,0,0,0,1
"separate","Nature_Materials","espart","167",0,0,0,0,1
"separate","Nature_Materials","espart","168",0,0,0,0,1
"separate","Nature_Materials","espart","169",0,0,0,0,1
"separate","Nature_Materials","espart","170",0,0,0,0,1
"separate","Nature_Materials","espart","171",0,0,0,0,1
"separate","Nature_Materials","espart","172",0,0,0,0,1
"separate","Nature_Materials","espart","173",0,0,0,0,1
"separate","Nature_Materials","espart","174",0,0,0,0,1
"separate","Nature_Materials","espart","175",0,0,0,0,1
"separate","Nature_Materials","espart","176",0,0,0,0,1
"separate","Nature_Materials","espart","177",0,0,0,0,1
"separate","Nature_Materials","espart","178",0,0,0,0,1
"separate","Nature_Materials","espart","179",0,0,0,0,1
"separate","Nature_Materials","espart","180",0,0,0,0,1
"separate","Nature_Materials","espart","181",0,0,0,0,1
"separate","Nature_Materials","espart","182",0,0,0,0,1
"separate","Nature_Materials","espart","183",0,0,0,0,1
"separate","Nature_Materials","espart","184",0,0,0,0,1
"separate","Nature_Materials","espart","185",0,0,0,0,1
"separate","Nature_Materials","espart","186",0,0,0,0,1
"separate","Nature_Materials","espart","187",0,0,0,0,1
"separate","Nature_Materials","espart","188",0,0,0,0,1
"separate","Nature_Materials","espart","189",0,0,0,0,1
"separate","Nature_Materials","espart","190",0,0,0,0,1
"separate","Nature_Materials","espart","191",0,0,0,0,1
"separate","Nature_Materials","espart","192",0,0,0,0,1
"separate","Nature_Materials","espart","193",0,0,0,0,1
"separate","Nature_Materials","espart","194",0,0,0,0,1
"separate","Nature_Materials","espart","195",0,0,0,0,1
"separate","Nature_Materials","espart","196",0,0,0,0,1
"separate","Nature_Materials","espart","197",0,0,0,0,1
"separate","Nature_Materials","espart","198",0,0,0,0,1
"separate","Nature_Materials","espart","199",0,0,0,0,1
"separate","Nature_Materials","espart","200",0,0,0,0,1
"separate","Nature_Materials","espart","201",0,0,0,0,1
"separate","Nature_Materials","espart","202",0,0,0,0,1
"separate","Nature_Materials","espart","203",0,0,0,0,1
"separate","Nature_Materials","espart","204",0,0,0,0,1
"separate","Nature_Materials","espart","205",0,0,0,0,1
"separate","Nature_Materials","espart","206",0,0,0,0,1
"separate","Nature_Materials","espart","207",0,0,0,0,1
"separate","Nature_Materials","espart","208",0,0,0,0,1
"separate","Nature_Materials","espart","209",0,0,0,0,1
"separate","Nature_Materials","espart","210",0,0,0,0,1
"separate","Nature_Materials","espart","211",0,0,0,0,1
"separate","Nature_Materials","espart","212",0,0,0,0,1
"separate","Nature_Materials","espart","213",0,0,0,0,1
"separate","Nature_Materials","espart","214",0,0,0,0,1
"separate","Nature_Materials","espart","215",0,0,0,0,1
"separate","Nature_Materials","espart","216",0,0,0,0,1
"separate","Nature_Materials","espart","217",0,0,0,0,1
"separate","Nature_Materials","espart","218",0,0,0,0,1
"separate","Nature_Materials","espart","219",0,0,0,0,1
"separate","Nature_Materials","espart","220",0,0,0,0,1
"separate","Nature_Materials","espart","221",0,0,0,0,1
"separate","Nature_Materials","espart","222",0,0,0,0,1
"separate","Nature_Materials","espart","223",0,0,0,0,1
"separate","Nature_Materials","espart","224",0,0,0,0,1
"separate","Nature_Materials","espart","225",0,0,0,0,1
"separate","Nature_Materials","espart","226",0,0,0,0,1
"separate","Nature_Materials","espart","227",0,0,0,0,1
"separate","Nature_Materials","espart","228",0,0,0,0,1
"separate","Nature_Materials","espart","229",0,0,0,0,1
"separate","Nature_Materials","espart","230",0,0,0,0,1
"separate","Nature_Materials","espart","231",0,0,0,0,1
"separate","Nature_Materials","espart","232",0,0,0,0,1
"separate","Nature_Materials","espart","233",0,0,0,0,1
"separate","Nature_Materials","espart","234",0,0,0,0,1
"separate","Nature_Materials","espart","235",0,0,0,0,1
"separate","Nature_Materials","espart","236",0,0,0,0,1
"separate","Nature_Materials","espart","237",0,0,0,0,1
"separate","Nature_Materials","espart","238",0,0,0,0,1
"separate","Nature_Materials","model","edges",1591,1490,1578.67,1676,0.66
"separate","Nature_Materials","model","edgecov.prior",75,70,75.63,83,0.96
"separate","Nature_Materials","model","nodecov.expertise_model_z",-57.8788780171414,-191.151307230027,-54.7076725495369,54.1531809740179,0.92
"separate","Nature_Materials","model","absdiff.expertise_model_z",1523.33268985098,1400.94600545047,1505.49168371119,1664.6741368224,0.72
"separate","Nature_Materials","model","nodecov.leadership_model_z",23.0634905684315,-161.10212026362,21.7869609250057,200.832377998353,0.98
"separate","Nature_Materials","model","absdiff.leadership_model_z",1691.98175379203,1556.36375871443,1674.44290709141,1792.29415852801,0.72
"separate","Psychological_Science","deg","0",0,1,4.26,9,0
"separate","Psychological_Science","deg","1",93,5,10.34,18,0
"separate","Psychological_Science","deg","2",118,7,14.22,21,0
"separate","Psychological_Science","deg","3",71,5,15.34,26,0
"separate","Psychological_Science","deg","4",119,7,15.92,24,0
"separate","Psychological_Science","deg","5",67,8,17.94,28,0
"separate","Psychological_Science","deg","6",29,11,19.23,29,0.02
"separate","Psychological_Science","deg","7",10,11,19.44,30,0
"separate","Psychological_Science","deg","8",1,11,19.84,30,0
"separate","Psychological_Science","deg","9",31,11,19.7,30,0
"separate","Psychological_Science","deg","10",0,10,18.72,28,0
"separate","Psychological_Science","deg","11",0,9,17.84,30,0
"separate","Psychological_Science","deg","12",1,7,18.35,32,0
"separate","Psychological_Science","deg","13",0,9,16.81,27,0
"separate","Psychological_Science","deg","14",0,8,16.4,27,0
"separate","Psychological_Science","deg","15",16,8,17.17,32,0.9
"separate","Psychological_Science","deg","16",0,6,16.91,28,0
"separate","Psychological_Science","deg","17",0,6,16.4,28,0
"separate","Psychological_Science","deg","18",0,6,15.6,26,0
"separate","Psychological_Science","deg","19",0,4,14.69,23,0
"separate","Psychological_Science","deg","20",0,5,14.21,28,0
"separate","Psychological_Science","deg","21",0,5,14.89,25,0
"separate","Psychological_Science","deg","22",0,9,14.66,25,0
"separate","Psychological_Science","deg","23",0,10,16.2,26,0
"separate","Psychological_Science","deg","24",0,5,16.7,28,0
"separate","Psychological_Science","deg","25",0,6,18.15,25,0
"separate","Psychological_Science","deg","26",0,10,19.21,30,0
"separate","Psychological_Science","deg","27",0,10,19.6,29,0
"separate","Psychological_Science","deg","28",29,9,21.22,33,0.16
"separate","Psychological_Science","deg","29",0,13,21.98,33,0
"separate","Psychological_Science","deg","30",0,11,21.44,30,0
"separate","Psychological_Science","deg","31",0,13,21.34,38,0
"separate","Psychological_Science","deg","32",0,12,21.61,29,0
"separate","Psychological_Science","deg","33",0,11,21.75,34,0
"separate","Psychological_Science","deg","34",0,10,21.33,33,0
"separate","Psychological_Science","deg","35",36,7,19.19,29,0
"separate","Psychological_Science","deg","36",0,10,17.12,26,0
"separate","Psychological_Science","deg","37",0,7,14.82,23,0
"separate","Psychological_Science","deg","38",0,5,13.7,24,0
"separate","Psychological_Science","deg","39",0,6,12.11,19,0
"separate","Psychological_Science","deg","40",0,2,9.79,18,0
"separate","Psychological_Science","deg","41",0,2,7.58,15,0
"separate","Psychological_Science","deg","42",0,1,6.73,16,0
"separate","Psychological_Science","deg","43",0,1,4.94,12,0
"separate","Psychological_Science","deg","44",0,0,3.85,11,0.02
"separate","Psychological_Science","deg","45",0,0,3.15,11,0.06
"separate","Psychological_Science","deg","46",0,0,2.05,7,0.22
"separate","Psychological_Science","deg","47",0,0,1.6,6,0.4
"separate","Psychological_Science","deg","48",0,0,0.99,5,0.8
"separate","Psychological_Science","deg","49",0,0,0.61,3,1
"separate","Psychological_Science","deg","50",0,0,0.58,3,1
"separate","Psychological_Science","deg","51",0,0,0.22,3,1
"separate","Psychological_Science","deg","52",0,0,0.17,2,1
"separate","Psychological_Science","deg","53",0,0,0.12,1,1
"separate","Psychological_Science","deg","54",0,0,0.09,1,1
"separate","Psychological_Science","deg","55",0,0,0.05,2,1
"separate","Psychological_Science","deg","56",0,0,0.06,2,1
"separate","Psychological_Science","deg","57",0,0,0.02,1,1
"separate","Psychological_Science","deg","58",0,0,0.01,1,1
"separate","Psychological_Science","deg","59",0,0,0.02,1,1
"separate","Psychological_Science","deg","60",0,0,0.00999999999999999,1,1
"separate","Psychological_Science","deg","61",0,0,0.00999999999999999,1,1
"separate","Psychological_Science","deg","62",0,0,0,0,1
"separate","Psychological_Science","deg","63",0,0,0,0,1
"separate","Psychological_Science","deg","64",0,0,0,0,1
"separate","Psychological_Science","deg","65",0,0,0,0,1
"separate","Psychological_Science","deg","66",0,0,0,0,1
"separate","Psychological_Science","deg","67",0,0,0,0,1
"separate","Psychological_Science","deg","68",0,0,0,0,1
"separate","Psychological_Science","deg","69",0,0,0,0,1
"separate","Psychological_Science","deg","70",0,0,0,0,1
"separate","Psychological_Science","deg","71",0,0,0,0,1
"separate","Psychological_Science","deg","72",0,0,0,0,1
"separate","Psychological_Science","deg","73",0,0,0,0,1
"separate","Psychological_Science","deg","74",0,0,0,0,1
"separate","Psychological_Science","deg","75",0,0,0,0,1
"separate","Psychological_Science","deg","76",0,0,0,0,1
"separate","Psychological_Science","deg","77",0,0,0,0,1
"separate","Psychological_Science","deg","78",0,0,0,0,1
"separate","Psychological_Science","deg","79",0,0,0,0,1
"separate","Psychological_Science","deg","80",0,0,0,0,1
"separate","Psychological_Science","deg","81",0,0,0,0,1
"separate","Psychological_Science","deg","82",0,0,0,0,1
"separate","Psychological_Science","deg","83",0,0,0,0,1
"separate","Psychological_Science","deg","84",0,0,0,0,1
"separate","Psychological_Science","deg","85",0,0,0,0,1
"separate","Psychological_Science","deg","86",0,0,0,0,1
"separate","Psychological_Science","deg","87",0,0,0,0,1
"separate","Psychological_Science","deg","88",0,0,0,0,1
"separate","Psychological_Science","deg","89",0,0,0,0,1
"separate","Psychological_Science","deg","90",0,0,0,0,1
"separate","Psychological_Science","deg","91",0,0,0,0,1
"separate","Psychological_Science","deg","92",0,0,0,0,1
"separate","Psychological_Science","deg","93",0,0,0,0,1
"separate","Psychological_Science","deg","94",0,0,0,0,1
"separate","Psychological_Science","deg","95",0,0,0,0,1
"separate","Psychological_Science","deg","96",0,0,0,0,1
"separate","Psychological_Science","deg","97",0,0,0,0,1
"separate","Psychological_Science","deg","98",0,0,0,0,1
"separate","Psychological_Science","deg","99",0,0,0,0,1
"separate","Psychological_Science","deg","100",0,0,0,0,1
"separate","Psychological_Science","deg","101",0,0,0,0,1
"separate","Psychological_Science","deg","102",0,0,0,0,1
"separate","Psychological_Science","deg","103",0,0,0,0,1
"separate","Psychological_Science","deg","104",0,0,0,0,1
"separate","Psychological_Science","deg","105",0,0,0,0,1
"separate","Psychological_Science","deg","106",0,0,0,0,1
"separate","Psychological_Science","deg","107",108,0,0,0,0
"separate","Psychological_Science","deg","108",0,0,0,0,1
"separate","Psychological_Science","deg","109",0,0,0,0,1
"separate","Psychological_Science","deg","110",0,0,0,0,1
"separate","Psychological_Science","deg","111",0,0,0,0,1
"separate","Psychological_Science","deg","112",0,0,0,0,1
"separate","Psychological_Science","deg","113",0,0,0,0,1
"separate","Psychological_Science","deg","114",0,0,0,0,1
"separate","Psychological_Science","deg","115",0,0,0,0,1
"separate","Psychological_Science","deg","116",0,0,0,0,1
"separate","Psychological_Science","deg","117",0,0,0,0,1
"separate","Psychological_Science","deg","118",0,0,0,0,1
"separate","Psychological_Science","deg","119",0,0,0,0,1
"separate","Psychological_Science","deg","120",0,0,0,0,1
"separate","Psychological_Science","deg","121",0,0,0,0,1
"separate","Psychological_Science","deg","122",0,0,0,0,1
"separate","Psychological_Science","deg","123",0,0,0,0,1
"separate","Psychological_Science","deg","124",0,0,0,0,1
"separate","Psychological_Science","deg","125",0,0,0,0,1
"separate","Psychological_Science","deg","126",0,0,0,0,1
"separate","Psychological_Science","deg","127",0,0,0,0,1
"separate","Psychological_Science","deg","128",0,0,0,0,1
"separate","Psychological_Science","deg","129",0,0,0,0,1
"separate","Psychological_Science","deg","130",0,0,0,0,1
"separate","Psychological_Science","deg","131",0,0,0,0,1
"separate","Psychological_Science","deg","132",0,0,0,0,1
"separate","Psychological_Science","deg","133",0,0,0,0,1
"separate","Psychological_Science","deg","134",0,0,0,0,1
"separate","Psychological_Science","deg","135",0,0,0,0,1
"separate","Psychological_Science","deg","136",0,0,0,0,1
"separate","Psychological_Science","deg","137",0,0,0,0,1
"separate","Psychological_Science","deg","138",0,0,0,0,1
"separate","Psychological_Science","deg","139",0,0,0,0,1
"separate","Psychological_Science","deg","140",0,0,0,0,1
"separate","Psychological_Science","deg","141",0,0,0,0,1
"separate","Psychological_Science","deg","142",0,0,0,0,1
"separate","Psychological_Science","deg","143",0,0,0,0,1
"separate","Psychological_Science","deg","144",0,0,0,0,1
"separate","Psychological_Science","deg","145",0,0,0,0,1
"separate","Psychological_Science","deg","146",0,0,0,0,1
"separate","Psychological_Science","deg","147",0,0,0,0,1
"separate","Psychological_Science","deg","148",0,0,0,0,1
"separate","Psychological_Science","deg","149",0,0,0,0,1
"separate","Psychological_Science","deg","150",0,0,0,0,1
"separate","Psychological_Science","deg","151",0,0,0,0,1
"separate","Psychological_Science","deg","152",0,0,0,0,1
"separate","Psychological_Science","deg","153",0,0,0,0,1
"separate","Psychological_Science","deg","154",0,0,0,0,1
"separate","Psychological_Science","deg","155",0,0,0,0,1
"separate","Psychological_Science","deg","156",0,0,0,0,1
"separate","Psychological_Science","deg","157",0,0,0,0,1
"separate","Psychological_Science","deg","158",0,0,0,0,1
"separate","Psychological_Science","deg","159",0,0,0,0,1
"separate","Psychological_Science","deg","160",0,0,0,0,1
"separate","Psychological_Science","deg","161",0,0,0,0,1
"separate","Psychological_Science","deg","162",0,0,0,0,1
"separate","Psychological_Science","deg","163",0,0,0,0,1
"separate","Psychological_Science","deg","164",0,0,0,0,1
"separate","Psychological_Science","deg","165",0,0,0,0,1
"separate","Psychological_Science","deg","166",0,0,0,0,1
"separate","Psychological_Science","deg","167",0,0,0,0,1
"separate","Psychological_Science","deg","168",0,0,0,0,1
"separate","Psychological_Science","deg","169",0,0,0,0,1
"separate","Psychological_Science","deg","170",0,0,0,0,1
"separate","Psychological_Science","deg","171",0,0,0,0,1
"separate","Psychological_Science","deg","172",0,0,0,0,1
"separate","Psychological_Science","deg","173",0,0,0,0,1
"separate","Psychological_Science","deg","174",0,0,0,0,1
"separate","Psychological_Science","deg","175",0,0,0,0,1
"separate","Psychological_Science","deg","176",0,0,0,0,1
"separate","Psychological_Science","deg","177",0,0,0,0,1
"separate","Psychological_Science","deg","178",0,0,0,0,1
"separate","Psychological_Science","deg","179",0,0,0,0,1
"separate","Psychological_Science","deg","180",0,0,0,0,1
"separate","Psychological_Science","deg","181",0,0,0,0,1
"separate","Psychological_Science","deg","182",0,0,0,0,1
"separate","Psychological_Science","deg","183",0,0,0,0,1
"separate","Psychological_Science","deg","184",0,0,0,0,1
"separate","Psychological_Science","deg","185",0,0,0,0,1
"separate","Psychological_Science","deg","186",0,0,0,0,1
"separate","Psychological_Science","deg","187",0,0,0,0,1
"separate","Psychological_Science","deg","188",0,0,0,0,1
"separate","Psychological_Science","deg","189",0,0,0,0,1
"separate","Psychological_Science","deg","190",0,0,0,0,1
"separate","Psychological_Science","deg","191",0,0,0,0,1
"separate","Psychological_Science","deg","192",0,0,0,0,1
"separate","Psychological_Science","deg","193",0,0,0,0,1
"separate","Psychological_Science","deg","194",0,0,0,0,1
"separate","Psychological_Science","deg","195",0,0,0,0,1
"separate","Psychological_Science","deg","196",0,0,0,0,1
"separate","Psychological_Science","deg","197",0,0,0,0,1
"separate","Psychological_Science","deg","198",0,0,0,0,1
"separate","Psychological_Science","deg","199",0,0,0,0,1
"separate","Psychological_Science","deg","200",0,0,0,0,1
"separate","Psychological_Science","deg","201",0,0,0,0,1
"separate","Psychological_Science","deg","202",0,0,0,0,1
"separate","Psychological_Science","deg","203",0,0,0,0,1
"separate","Psychological_Science","deg","204",0,0,0,0,1
"separate","Psychological_Science","deg","205",0,0,0,0,1
"separate","Psychological_Science","deg","206",0,0,0,0,1
"separate","Psychological_Science","deg","207",0,0,0,0,1
"separate","Psychological_Science","deg","208",0,0,0,0,1
"separate","Psychological_Science","deg","209",0,0,0,0,1
"separate","Psychological_Science","deg","210",0,0,0,0,1
"separate","Psychological_Science","deg","211",0,0,0,0,1
"separate","Psychological_Science","deg","212",0,0,0,0,1
"separate","Psychological_Science","deg","213",0,0,0,0,1
"separate","Psychological_Science","deg","214",0,0,0,0,1
"separate","Psychological_Science","deg","215",0,0,0,0,1
"separate","Psychological_Science","deg","216",0,0,0,0,1
"separate","Psychological_Science","deg","217",0,0,0,0,1
"separate","Psychological_Science","deg","218",0,0,0,0,1
"separate","Psychological_Science","deg","219",0,0,0,0,1
"separate","Psychological_Science","deg","220",0,0,0,0,1
"separate","Psychological_Science","deg","221",0,0,0,0,1
"separate","Psychological_Science","deg","222",0,0,0,0,1
"separate","Psychological_Science","deg","223",0,0,0,0,1
"separate","Psychological_Science","deg","224",0,0,0,0,1
"separate","Psychological_Science","deg","225",0,0,0,0,1
"separate","Psychological_Science","deg","226",0,0,0,0,1
"separate","Psychological_Science","deg","227",0,0,0,0,1
"separate","Psychological_Science","deg","228",0,0,0,0,1
"separate","Psychological_Science","deg","229",0,0,0,0,1
"separate","Psychological_Science","deg","230",0,0,0,0,1
"separate","Psychological_Science","deg","231",0,0,0,0,1
"separate","Psychological_Science","deg","232",0,0,0,0,1
"separate","Psychological_Science","deg","233",0,0,0,0,1
"separate","Psychological_Science","deg","234",0,0,0,0,1
"separate","Psychological_Science","deg","235",0,0,0,0,1
"separate","Psychological_Science","deg","236",0,0,0,0,1
"separate","Psychological_Science","deg","237",0,0,0,0,1
"separate","Psychological_Science","deg","238",0,0,0,0,1
"separate","Psychological_Science","deg","239",0,0,0,0,1
"separate","Psychological_Science","deg","240",0,0,0,0,1
"separate","Psychological_Science","deg","241",0,0,0,0,1
"separate","Psychological_Science","deg","242",0,0,0,0,1
"separate","Psychological_Science","deg","243",0,0,0,0,1
"separate","Psychological_Science","deg","244",0,0,0,0,1
"separate","Psychological_Science","deg","245",0,0,0,0,1
"separate","Psychological_Science","deg","246",0,0,0,0,1
"separate","Psychological_Science","deg","247",0,0,0,0,1
"separate","Psychological_Science","deg","248",0,0,0,0,1
"separate","Psychological_Science","deg","249",0,0,0,0,1
"separate","Psychological_Science","deg","250",0,0,0,0,1
"separate","Psychological_Science","deg","251",0,0,0,0,1
"separate","Psychological_Science","deg","252",0,0,0,0,1
"separate","Psychological_Science","deg","253",0,0,0,0,1
"separate","Psychological_Science","deg","254",0,0,0,0,1
"separate","Psychological_Science","deg","255",0,0,0,0,1
"separate","Psychological_Science","deg","256",0,0,0,0,1
"separate","Psychological_Science","deg","257",0,0,0,0,1
"separate","Psychological_Science","deg","258",0,0,0,0,1
"separate","Psychological_Science","deg","259",0,0,0,0,1
"separate","Psychological_Science","deg","260",0,0,0,0,1
"separate","Psychological_Science","deg","261",0,0,0,0,1
"separate","Psychological_Science","deg","262",0,0,0,0,1
"separate","Psychological_Science","deg","263",0,0,0,0,1
"separate","Psychological_Science","deg","264",0,0,0,0,1
"separate","Psychological_Science","deg","265",0,0,0,0,1
"separate","Psychological_Science","deg","266",0,0,0,0,1
"separate","Psychological_Science","deg","267",0,0,0,0,1
"separate","Psychological_Science","deg","268",0,0,0,0,1
"separate","Psychological_Science","deg","269",0,0,0,0,1
"separate","Psychological_Science","deg","270",0,0,0,0,1
"separate","Psychological_Science","deg","271",0,0,0,0,1
"separate","Psychological_Science","deg","272",0,0,0,0,1
"separate","Psychological_Science","deg","273",0,0,0,0,1
"separate","Psychological_Science","deg","274",0,0,0,0,1
"separate","Psychological_Science","deg","275",0,0,0,0,1
"separate","Psychological_Science","deg","276",0,0,0,0,1
"separate","Psychological_Science","deg","277",0,0,0,0,1
"separate","Psychological_Science","deg","278",0,0,0,0,1
"separate","Psychological_Science","deg","279",0,0,0,0,1
"separate","Psychological_Science","deg","280",0,0,0,0,1
"separate","Psychological_Science","deg","281",0,0,0,0,1
"separate","Psychological_Science","deg","282",0,0,0,0,1
"separate","Psychological_Science","deg","283",0,0,0,0,1
"separate","Psychological_Science","deg","284",0,0,0,0,1
"separate","Psychological_Science","deg","285",0,0,0,0,1
"separate","Psychological_Science","deg","286",0,0,0,0,1
"separate","Psychological_Science","deg","287",0,0,0,0,1
"separate","Psychological_Science","deg","288",0,0,0,0,1
"separate","Psychological_Science","deg","289",0,0,0,0,1
"separate","Psychological_Science","deg","290",0,0,0,0,1
"separate","Psychological_Science","deg","291",0,0,0,0,1
"separate","Psychological_Science","deg","292",0,0,0,0,1
"separate","Psychological_Science","deg","293",0,0,0,0,1
"separate","Psychological_Science","deg","294",0,0,0,0,1
"separate","Psychological_Science","deg","295",0,0,0,0,1
"separate","Psychological_Science","deg","296",0,0,0,0,1
"separate","Psychological_Science","deg","297",0,0,0,0,1
"separate","Psychological_Science","deg","298",0,0,0,0,1
"separate","Psychological_Science","deg","299",0,0,0,0,1
"separate","Psychological_Science","deg","300",0,0,0,0,1
"separate","Psychological_Science","deg","301",0,0,0,0,1
"separate","Psychological_Science","deg","302",0,0,0,0,1
"separate","Psychological_Science","deg","303",0,0,0,0,1
"separate","Psychological_Science","deg","304",0,0,0,0,1
"separate","Psychological_Science","deg","305",0,0,0,0,1
"separate","Psychological_Science","deg","306",0,0,0,0,1
"separate","Psychological_Science","deg","307",0,0,0,0,1
"separate","Psychological_Science","deg","308",0,0,0,0,1
"separate","Psychological_Science","deg","309",0,0,0,0,1
"separate","Psychological_Science","deg","310",0,0,0,0,1
"separate","Psychological_Science","deg","311",0,0,0,0,1
"separate","Psychological_Science","deg","312",0,0,0,0,1
"separate","Psychological_Science","deg","313",0,0,0,0,1
"separate","Psychological_Science","deg","314",0,0,0,0,1
"separate","Psychological_Science","deg","315",0,0,0,0,1
"separate","Psychological_Science","deg","316",0,0,0,0,1
"separate","Psychological_Science","deg","317",0,0,0,0,1
"separate","Psychological_Science","deg","318",0,0,0,0,1
"separate","Psychological_Science","deg","319",0,0,0,0,1
"separate","Psychological_Science","deg","320",0,0,0,0,1
"separate","Psychological_Science","deg","321",0,0,0,0,1
"separate","Psychological_Science","deg","322",0,0,0,0,1
"separate","Psychological_Science","deg","323",0,0,0,0,1
"separate","Psychological_Science","deg","324",0,0,0,0,1
"separate","Psychological_Science","deg","325",0,0,0,0,1
"separate","Psychological_Science","deg","326",0,0,0,0,1
"separate","Psychological_Science","deg","327",0,0,0,0,1
"separate","Psychological_Science","deg","328",0,0,0,0,1
"separate","Psychological_Science","deg","329",0,0,0,0,1
"separate","Psychological_Science","deg","330",0,0,0,0,1
"separate","Psychological_Science","deg","331",0,0,0,0,1
"separate","Psychological_Science","deg","332",0,0,0,0,1
"separate","Psychological_Science","deg","333",0,0,0,0,1
"separate","Psychological_Science","deg","334",0,0,0,0,1
"separate","Psychological_Science","deg","335",0,0,0,0,1
"separate","Psychological_Science","deg","336",0,0,0,0,1
"separate","Psychological_Science","deg","337",0,0,0,0,1
"separate","Psychological_Science","deg","338",0,0,0,0,1
"separate","Psychological_Science","deg","339",0,0,0,0,1
"separate","Psychological_Science","deg","340",0,0,0,0,1
"separate","Psychological_Science","deg","341",0,0,0,0,1
"separate","Psychological_Science","deg","342",0,0,0,0,1
"separate","Psychological_Science","deg","343",0,0,0,0,1
"separate","Psychological_Science","deg","344",0,0,0,0,1
"separate","Psychological_Science","deg","345",0,0,0,0,1
"separate","Psychological_Science","deg","346",0,0,0,0,1
"separate","Psychological_Science","deg","347",0,0,0,0,1
"separate","Psychological_Science","deg","348",0,0,0,0,1
"separate","Psychological_Science","deg","349",0,0,0,0,1
"separate","Psychological_Science","deg","350",0,0,0,0,1
"separate","Psychological_Science","deg","351",0,0,0,0,1
"separate","Psychological_Science","deg","352",0,0,0,0,1
"separate","Psychological_Science","deg","353",0,0,0,0,1
"separate","Psychological_Science","deg","354",0,0,0,0,1
"separate","Psychological_Science","deg","355",0,0,0,0,1
"separate","Psychological_Science","deg","356",0,0,0,0,1
"separate","Psychological_Science","deg","357",0,0,0,0,1
"separate","Psychological_Science","deg","358",0,0,0,0,1
"separate","Psychological_Science","deg","359",0,0,0,0,1
"separate","Psychological_Science","deg","360",0,0,0,0,1
"separate","Psychological_Science","deg","361",0,0,0,0,1
"separate","Psychological_Science","deg","362",0,0,0,0,1
"separate","Psychological_Science","deg","363",0,0,0,0,1
"separate","Psychological_Science","deg","364",0,0,0,0,1
"separate","Psychological_Science","deg","365",0,0,0,0,1
"separate","Psychological_Science","deg","366",0,0,0,0,1
"separate","Psychological_Science","deg","367",0,0,0,0,1
"separate","Psychological_Science","deg","368",0,0,0,0,1
"separate","Psychological_Science","deg","369",0,0,0,0,1
"separate","Psychological_Science","deg","370",0,0,0,0,1
"separate","Psychological_Science","deg","371",0,0,0,0,1
"separate","Psychological_Science","deg","372",0,0,0,0,1
"separate","Psychological_Science","deg","373",0,0,0,0,1
"separate","Psychological_Science","deg","374",0,0,0,0,1
"separate","Psychological_Science","deg","375",0,0,0,0,1
"separate","Psychological_Science","deg","376",0,0,0,0,1
"separate","Psychological_Science","deg","377",0,0,0,0,1
"separate","Psychological_Science","deg","378",0,0,0,0,1
"separate","Psychological_Science","deg","379",0,0,0,0,1
"separate","Psychological_Science","deg","380",0,0,0,0,1
"separate","Psychological_Science","deg","381",0,0,0,0,1
"separate","Psychological_Science","deg","382",0,0,0,0,1
"separate","Psychological_Science","deg","383",0,0,0,0,1
"separate","Psychological_Science","deg","384",0,0,0,0,1
"separate","Psychological_Science","deg","385",0,0,0,0,1
"separate","Psychological_Science","deg","386",0,0,0,0,1
"separate","Psychological_Science","deg","387",0,0,0,0,1
"separate","Psychological_Science","deg","388",0,0,0,0,1
"separate","Psychological_Science","deg","389",0,0,0,0,1
"separate","Psychological_Science","deg","390",0,0,0,0,1
"separate","Psychological_Science","deg","391",0,0,0,0,1
"separate","Psychological_Science","deg","392",0,0,0,0,1
"separate","Psychological_Science","deg","393",0,0,0,0,1
"separate","Psychological_Science","deg","394",0,0,0,0,1
"separate","Psychological_Science","deg","395",0,0,0,0,1
"separate","Psychological_Science","deg","396",0,0,0,0,1
"separate","Psychological_Science","deg","397",0,0,0,0,1
"separate","Psychological_Science","deg","398",0,0,0,0,1
"separate","Psychological_Science","deg","399",0,0,0,0,1
"separate","Psychological_Science","deg","400",0,0,0,0,1
"separate","Psychological_Science","deg","401",0,0,0,0,1
"separate","Psychological_Science","deg","402",0,0,0,0,1
"separate","Psychological_Science","deg","403",0,0,0,0,1
"separate","Psychological_Science","deg","404",0,0,0,0,1
"separate","Psychological_Science","deg","405",0,0,0,0,1
"separate","Psychological_Science","deg","406",0,0,0,0,1
"separate","Psychological_Science","deg","407",0,0,0,0,1
"separate","Psychological_Science","deg","408",0,0,0,0,1
"separate","Psychological_Science","deg","409",0,0,0,0,1
"separate","Psychological_Science","deg","410",0,0,0,0,1
"separate","Psychological_Science","deg","411",0,0,0,0,1
"separate","Psychological_Science","deg","412",0,0,0,0,1
"separate","Psychological_Science","deg","413",0,0,0,0,1
"separate","Psychological_Science","deg","414",0,0,0,0,1
"separate","Psychological_Science","deg","415",0,0,0,0,1
"separate","Psychological_Science","deg","416",0,0,0,0,1
"separate","Psychological_Science","deg","417",0,0,0,0,1
"separate","Psychological_Science","deg","418",0,0,0,0,1
"separate","Psychological_Science","deg","419",0,0,0,0,1
"separate","Psychological_Science","deg","420",0,0,0,0,1
"separate","Psychological_Science","deg","421",0,0,0,0,1
"separate","Psychological_Science","deg","422",0,0,0,0,1
"separate","Psychological_Science","deg","423",0,0,0,0,1
"separate","Psychological_Science","deg","424",0,0,0,0,1
"separate","Psychological_Science","deg","425",0,0,0,0,1
"separate","Psychological_Science","deg","426",0,0,0,0,1
"separate","Psychological_Science","deg","427",0,0,0,0,1
"separate","Psychological_Science","deg","428",0,0,0,0,1
"separate","Psychological_Science","deg","429",0,0,0,0,1
"separate","Psychological_Science","deg","430",0,0,0,0,1
"separate","Psychological_Science","deg","431",0,0,0,0,1
"separate","Psychological_Science","deg","432",0,0,0,0,1
"separate","Psychological_Science","deg","433",0,0,0,0,1
"separate","Psychological_Science","deg","434",0,0,0,0,1
"separate","Psychological_Science","deg","435",0,0,0,0,1
"separate","Psychological_Science","deg","436",0,0,0,0,1
"separate","Psychological_Science","deg","437",0,0,0,0,1
"separate","Psychological_Science","deg","438",0,0,0,0,1
"separate","Psychological_Science","deg","439",0,0,0,0,1
"separate","Psychological_Science","deg","440",0,0,0,0,1
"separate","Psychological_Science","deg","441",0,0,0,0,1
"separate","Psychological_Science","deg","442",0,0,0,0,1
"separate","Psychological_Science","deg","443",0,0,0,0,1
"separate","Psychological_Science","deg","444",0,0,0,0,1
"separate","Psychological_Science","deg","445",0,0,0,0,1
"separate","Psychological_Science","deg","446",0,0,0,0,1
"separate","Psychological_Science","deg","447",0,0,0,0,1
"separate","Psychological_Science","deg","448",0,0,0,0,1
"separate","Psychological_Science","deg","449",0,0,0,0,1
"separate","Psychological_Science","deg","450",0,0,0,0,1
"separate","Psychological_Science","deg","451",0,0,0,0,1
"separate","Psychological_Science","deg","452",0,0,0,0,1
"separate","Psychological_Science","deg","453",0,0,0,0,1
"separate","Psychological_Science","deg","454",0,0,0,0,1
"separate","Psychological_Science","deg","455",0,0,0,0,1
"separate","Psychological_Science","deg","456",0,0,0,0,1
"separate","Psychological_Science","deg","457",0,0,0,0,1
"separate","Psychological_Science","deg","458",0,0,0,0,1
"separate","Psychological_Science","deg","459",0,0,0,0,1
"separate","Psychological_Science","deg","460",0,0,0,0,1
"separate","Psychological_Science","deg","461",0,0,0,0,1
"separate","Psychological_Science","deg","462",0,0,0,0,1
"separate","Psychological_Science","deg","463",0,0,0,0,1
"separate","Psychological_Science","deg","464",0,0,0,0,1
"separate","Psychological_Science","deg","465",0,0,0,0,1
"separate","Psychological_Science","deg","466",0,0,0,0,1
"separate","Psychological_Science","deg","467",0,0,0,0,1
"separate","Psychological_Science","deg","468",0,0,0,0,1
"separate","Psychological_Science","deg","469",0,0,0,0,1
"separate","Psychological_Science","deg","470",0,0,0,0,1
"separate","Psychological_Science","deg","471",0,0,0,0,1
"separate","Psychological_Science","deg","472",0,0,0,0,1
"separate","Psychological_Science","deg","473",0,0,0,0,1
"separate","Psychological_Science","deg","474",0,0,0,0,1
"separate","Psychological_Science","deg","475",0,0,0,0,1
"separate","Psychological_Science","deg","476",0,0,0,0,1
"separate","Psychological_Science","deg","477",0,0,0,0,1
"separate","Psychological_Science","deg","478",0,0,0,0,1
"separate","Psychological_Science","deg","479",0,0,0,0,1
"separate","Psychological_Science","deg","480",0,0,0,0,1
"separate","Psychological_Science","deg","481",0,0,0,0,1
"separate","Psychological_Science","deg","482",0,0,0,0,1
"separate","Psychological_Science","deg","483",0,0,0,0,1
"separate","Psychological_Science","deg","484",0,0,0,0,1
"separate","Psychological_Science","deg","485",0,0,0,0,1
"separate","Psychological_Science","deg","486",0,0,0,0,1
"separate","Psychological_Science","deg","487",0,0,0,0,1
"separate","Psychological_Science","deg","488",0,0,0,0,1
"separate","Psychological_Science","deg","489",0,0,0,0,1
"separate","Psychological_Science","deg","490",0,0,0,0,1
"separate","Psychological_Science","deg","491",0,0,0,0,1
"separate","Psychological_Science","deg","492",0,0,0,0,1
"separate","Psychological_Science","deg","493",0,0,0,0,1
"separate","Psychological_Science","deg","494",0,0,0,0,1
"separate","Psychological_Science","deg","495",0,0,0,0,1
"separate","Psychological_Science","deg","496",0,0,0,0,1
"separate","Psychological_Science","deg","497",0,0,0,0,1
"separate","Psychological_Science","deg","498",0,0,0,0,1
"separate","Psychological_Science","deg","499",0,0,0,0,1
"separate","Psychological_Science","deg","500",0,0,0,0,1
"separate","Psychological_Science","deg","501",0,0,0,0,1
"separate","Psychological_Science","deg","502",0,0,0,0,1
"separate","Psychological_Science","deg","503",0,0,0,0,1
"separate","Psychological_Science","deg","504",0,0,0,0,1
"separate","Psychological_Science","deg","505",0,0,0,0,1
"separate","Psychological_Science","deg","506",0,0,0,0,1
"separate","Psychological_Science","deg","507",0,0,0,0,1
"separate","Psychological_Science","deg","508",0,0,0,0,1
"separate","Psychological_Science","deg","509",0,0,0,0,1
"separate","Psychological_Science","deg","510",0,0,0,0,1
"separate","Psychological_Science","deg","511",0,0,0,0,1
"separate","Psychological_Science","deg","512",0,0,0,0,1
"separate","Psychological_Science","deg","513",0,0,0,0,1
"separate","Psychological_Science","deg","514",0,0,0,0,1
"separate","Psychological_Science","deg","515",0,0,0,0,1
"separate","Psychological_Science","deg","516",0,0,0,0,1
"separate","Psychological_Science","deg","517",0,0,0,0,1
"separate","Psychological_Science","deg","518",0,0,0,0,1
"separate","Psychological_Science","deg","519",0,0,0,0,1
"separate","Psychological_Science","deg","520",0,0,0,0,1
"separate","Psychological_Science","deg","521",0,0,0,0,1
"separate","Psychological_Science","deg","522",0,0,0,0,1
"separate","Psychological_Science","deg","523",0,0,0,0,1
"separate","Psychological_Science","deg","524",0,0,0,0,1
"separate","Psychological_Science","deg","525",0,0,0,0,1
"separate","Psychological_Science","deg","526",0,0,0,0,1
"separate","Psychological_Science","deg","527",0,0,0,0,1
"separate","Psychological_Science","deg","528",0,0,0,0,1
"separate","Psychological_Science","deg","529",0,0,0,0,1
"separate","Psychological_Science","deg","530",0,0,0,0,1
"separate","Psychological_Science","deg","531",0,0,0,0,1
"separate","Psychological_Science","deg","532",0,0,0,0,1
"separate","Psychological_Science","deg","533",0,0,0,0,1
"separate","Psychological_Science","deg","534",0,0,0,0,1
"separate","Psychological_Science","deg","535",0,0,0,0,1
"separate","Psychological_Science","deg","536",0,0,0,0,1
"separate","Psychological_Science","deg","537",0,0,0,0,1
"separate","Psychological_Science","deg","538",0,0,0,0,1
"separate","Psychological_Science","deg","539",0,0,0,0,1
"separate","Psychological_Science","deg","540",0,0,0,0,1
"separate","Psychological_Science","deg","541",0,0,0,0,1
"separate","Psychological_Science","deg","542",0,0,0,0,1
"separate","Psychological_Science","deg","543",0,0,0,0,1
"separate","Psychological_Science","deg","544",0,0,0,0,1
"separate","Psychological_Science","deg","545",0,0,0,0,1
"separate","Psychological_Science","deg","546",0,0,0,0,1
"separate","Psychological_Science","deg","547",0,0,0,0,1
"separate","Psychological_Science","deg","548",0,0,0,0,1
"separate","Psychological_Science","deg","549",0,0,0,0,1
"separate","Psychological_Science","deg","550",0,0,0,0,1
"separate","Psychological_Science","deg","551",0,0,0,0,1
"separate","Psychological_Science","deg","552",0,0,0,0,1
"separate","Psychological_Science","deg","553",0,0,0,0,1
"separate","Psychological_Science","deg","554",0,0,0,0,1
"separate","Psychological_Science","deg","555",0,0,0,0,1
"separate","Psychological_Science","deg","556",0,0,0,0,1
"separate","Psychological_Science","deg","557",0,0,0,0,1
"separate","Psychological_Science","deg","558",0,0,0,0,1
"separate","Psychological_Science","deg","559",0,0,0,0,1
"separate","Psychological_Science","deg","560",0,0,0,0,1
"separate","Psychological_Science","deg","561",0,0,0,0,1
"separate","Psychological_Science","deg","562",0,0,0,0,1
"separate","Psychological_Science","deg","563",0,0,0,0,1
"separate","Psychological_Science","deg","564",0,0,0,0,1
"separate","Psychological_Science","deg","565",0,0,0,0,1
"separate","Psychological_Science","deg","566",0,0,0,0,1
"separate","Psychological_Science","deg","567",0,0,0,0,1
"separate","Psychological_Science","deg","568",0,0,0,0,1
"separate","Psychological_Science","deg","569",0,0,0,0,1
"separate","Psychological_Science","deg","570",0,0,0,0,1
"separate","Psychological_Science","deg","571",0,0,0,0,1
"separate","Psychological_Science","deg","572",0,0,0,0,1
"separate","Psychological_Science","deg","573",0,0,0,0,1
"separate","Psychological_Science","deg","574",0,0,0,0,1
"separate","Psychological_Science","deg","575",0,0,0,0,1
"separate","Psychological_Science","deg","576",0,0,0,0,1
"separate","Psychological_Science","deg","577",0,0,0,0,1
"separate","Psychological_Science","deg","578",0,0,0,0,1
"separate","Psychological_Science","deg","579",0,0,0,0,1
"separate","Psychological_Science","deg","580",0,0,0,0,1
"separate","Psychological_Science","deg","581",0,0,0,0,1
"separate","Psychological_Science","deg","582",0,0,0,0,1
"separate","Psychological_Science","deg","583",0,0,0,0,1
"separate","Psychological_Science","deg","584",0,0,0,0,1
"separate","Psychological_Science","deg","585",0,0,0,0,1
"separate","Psychological_Science","deg","586",0,0,0,0,1
"separate","Psychological_Science","deg","587",0,0,0,0,1
"separate","Psychological_Science","deg","588",0,0,0,0,1
"separate","Psychological_Science","deg","589",0,0,0,0,1
"separate","Psychological_Science","deg","590",0,0,0,0,1
"separate","Psychological_Science","deg","591",0,0,0,0,1
"separate","Psychological_Science","deg","592",0,0,0,0,1
"separate","Psychological_Science","deg","593",0,0,0,0,1
"separate","Psychological_Science","deg","594",0,0,0,0,1
"separate","Psychological_Science","deg","595",0,0,0,0,1
"separate","Psychological_Science","deg","596",0,0,0,0,1
"separate","Psychological_Science","deg","597",0,0,0,0,1
"separate","Psychological_Science","deg","598",0,0,0,0,1
"separate","Psychological_Science","deg","599",0,0,0,0,1
"separate","Psychological_Science","deg","600",0,0,0,0,1
"separate","Psychological_Science","deg","601",0,0,0,0,1
"separate","Psychological_Science","deg","602",0,0,0,0,1
"separate","Psychological_Science","deg","603",0,0,0,0,1
"separate","Psychological_Science","deg","604",0,0,0,0,1
"separate","Psychological_Science","deg","605",0,0,0,0,1
"separate","Psychological_Science","deg","606",0,0,0,0,1
"separate","Psychological_Science","deg","607",0,0,0,0,1
"separate","Psychological_Science","deg","608",0,0,0,0,1
"separate","Psychological_Science","deg","609",0,0,0,0,1
"separate","Psychological_Science","deg","610",0,0,0,0,1
"separate","Psychological_Science","deg","611",0,0,0,0,1
"separate","Psychological_Science","deg","612",0,0,0,0,1
"separate","Psychological_Science","deg","613",0,0,0,0,1
"separate","Psychological_Science","deg","614",0,0,0,0,1
"separate","Psychological_Science","deg","615",0,0,0,0,1
"separate","Psychological_Science","deg","616",0,0,0,0,1
"separate","Psychological_Science","deg","617",0,0,0,0,1
"separate","Psychological_Science","deg","618",0,0,0,0,1
"separate","Psychological_Science","deg","619",0,0,0,0,1
"separate","Psychological_Science","deg","620",0,0,0,0,1
"separate","Psychological_Science","deg","621",0,0,0,0,1
"separate","Psychological_Science","deg","622",0,0,0,0,1
"separate","Psychological_Science","deg","623",0,0,0,0,1
"separate","Psychological_Science","deg","624",0,0,0,0,1
"separate","Psychological_Science","deg","625",0,0,0,0,1
"separate","Psychological_Science","deg","626",0,0,0,0,1
"separate","Psychological_Science","deg","627",0,0,0,0,1
"separate","Psychological_Science","deg","628",0,0,0,0,1
"separate","Psychological_Science","deg","629",0,0,0,0,1
"separate","Psychological_Science","deg","630",0,0,0,0,1
"separate","Psychological_Science","deg","631",0,0,0,0,1
"separate","Psychological_Science","deg","632",0,0,0,0,1
"separate","Psychological_Science","deg","633",0,0,0,0,1
"separate","Psychological_Science","deg","634",0,0,0,0,1
"separate","Psychological_Science","deg","635",0,0,0,0,1
"separate","Psychological_Science","deg","636",0,0,0,0,1
"separate","Psychological_Science","deg","637",0,0,0,0,1
"separate","Psychological_Science","deg","638",0,0,0,0,1
"separate","Psychological_Science","deg","639",0,0,0,0,1
"separate","Psychological_Science","deg","640",0,0,0,0,1
"separate","Psychological_Science","deg","641",0,0,0,0,1
"separate","Psychological_Science","deg","642",0,0,0,0,1
"separate","Psychological_Science","deg","643",0,0,0,0,1
"separate","Psychological_Science","deg","644",0,0,0,0,1
"separate","Psychological_Science","deg","645",0,0,0,0,1
"separate","Psychological_Science","deg","646",0,0,0,0,1
"separate","Psychological_Science","deg","647",0,0,0,0,1
"separate","Psychological_Science","deg","648",0,0,0,0,1
"separate","Psychological_Science","deg","649",0,0,0,0,1
"separate","Psychological_Science","deg","650",0,0,0,0,1
"separate","Psychological_Science","deg","651",0,0,0,0,1
"separate","Psychological_Science","deg","652",0,0,0,0,1
"separate","Psychological_Science","deg","653",0,0,0,0,1
"separate","Psychological_Science","deg","654",0,0,0,0,1
"separate","Psychological_Science","deg","655",0,0,0,0,1
"separate","Psychological_Science","deg","656",0,0,0,0,1
"separate","Psychological_Science","deg","657",0,0,0,0,1
"separate","Psychological_Science","deg","658",0,0,0,0,1
"separate","Psychological_Science","deg","659",0,0,0,0,1
"separate","Psychological_Science","deg","660",0,0,0,0,1
"separate","Psychological_Science","deg","661",0,0,0,0,1
"separate","Psychological_Science","deg","662",0,0,0,0,1
"separate","Psychological_Science","deg","663",0,0,0,0,1
"separate","Psychological_Science","deg","664",0,0,0,0,1
"separate","Psychological_Science","deg","665",0,0,0,0,1
"separate","Psychological_Science","deg","666",0,0,0,0,1
"separate","Psychological_Science","deg","667",0,0,0,0,1
"separate","Psychological_Science","deg","668",0,0,0,0,1
"separate","Psychological_Science","deg","669",0,0,0,0,1
"separate","Psychological_Science","deg","670",0,0,0,0,1
"separate","Psychological_Science","deg","671",0,0,0,0,1
"separate","Psychological_Science","deg","672",0,0,0,0,1
"separate","Psychological_Science","deg","673",0,0,0,0,1
"separate","Psychological_Science","deg","674",0,0,0,0,1
"separate","Psychological_Science","deg","675",0,0,0,0,1
"separate","Psychological_Science","deg","676",0,0,0,0,1
"separate","Psychological_Science","deg","677",0,0,0,0,1
"separate","Psychological_Science","deg","678",0,0,0,0,1
"separate","Psychological_Science","deg","679",0,0,0,0,1
"separate","Psychological_Science","deg","680",0,0,0,0,1
"separate","Psychological_Science","deg","681",0,0,0,0,1
"separate","Psychological_Science","deg","682",0,0,0,0,1
"separate","Psychological_Science","deg","683",0,0,0,0,1
"separate","Psychological_Science","deg","684",0,0,0,0,1
"separate","Psychological_Science","deg","685",0,0,0,0,1
"separate","Psychological_Science","deg","686",0,0,0,0,1
"separate","Psychological_Science","deg","687",0,0,0,0,1
"separate","Psychological_Science","deg","688",0,0,0,0,1
"separate","Psychological_Science","deg","689",0,0,0,0,1
"separate","Psychological_Science","deg","690",0,0,0,0,1
"separate","Psychological_Science","deg","691",0,0,0,0,1
"separate","Psychological_Science","deg","692",0,0,0,0,1
"separate","Psychological_Science","deg","693",0,0,0,0,1
"separate","Psychological_Science","deg","694",0,0,0,0,1
"separate","Psychological_Science","deg","695",0,0,0,0,1
"separate","Psychological_Science","deg","696",0,0,0,0,1
"separate","Psychological_Science","deg","697",0,0,0,0,1
"separate","Psychological_Science","deg","698",0,0,0,0,1
"separate","Psychological_Science","deg","699",0,0,0,0,1
"separate","Psychological_Science","deg","700",0,0,0,0,1
"separate","Psychological_Science","deg","701",0,0,0,0,1
"separate","Psychological_Science","deg","702",0,0,0,0,1
"separate","Psychological_Science","deg","703",0,0,0,0,1
"separate","Psychological_Science","deg","704",0,0,0,0,1
"separate","Psychological_Science","deg","705",0,0,0,0,1
"separate","Psychological_Science","deg","706",0,0,0,0,1
"separate","Psychological_Science","deg","707",0,0,0,0,1
"separate","Psychological_Science","deg","708",0,0,0,0,1
"separate","Psychological_Science","deg","709",0,0,0,0,1
"separate","Psychological_Science","deg","710",0,0,0,0,1
"separate","Psychological_Science","deg","711",0,0,0,0,1
"separate","Psychological_Science","deg","712",0,0,0,0,1
"separate","Psychological_Science","deg","713",0,0,0,0,1
"separate","Psychological_Science","deg","714",0,0,0,0,1
"separate","Psychological_Science","deg","715",0,0,0,0,1
"separate","Psychological_Science","deg","716",0,0,0,0,1
"separate","Psychological_Science","deg","717",0,0,0,0,1
"separate","Psychological_Science","deg","718",0,0,0,0,1
"separate","Psychological_Science","deg","719",0,0,0,0,1
"separate","Psychological_Science","deg","720",0,0,0,0,1
"separate","Psychological_Science","deg","721",0,0,0,0,1
"separate","Psychological_Science","deg","722",0,0,0,0,1
"separate","Psychological_Science","deg","723",0,0,0,0,1
"separate","Psychological_Science","deg","724",0,0,0,0,1
"separate","Psychological_Science","deg","725",0,0,0,0,1
"separate","Psychological_Science","deg","726",0,0,0,0,1
"separate","Psychological_Science","deg","727",0,0,0,0,1
"separate","Psychological_Science","deg","728",0,0,0,0,1
"separate","Psychological_Science","dist","1",7882,7669,7872.75,8068,0.92
"separate","Psychological_Science","dist","2",129,112903,115830.16,118797,0
"separate","Psychological_Science","dist","3",43,121735,125754.9,129843,0
"separate","Psychological_Science","dist","4",11,9582,11691.62,13721,0
"separate","Psychological_Science","dist","5",0,127,571.93,1240,0
"separate","Psychological_Science","dist","6",0,0,20.47,91,0.22
"separate","Psychological_Science","dist","7",0,0,0.33,3,1
"separate","Psychological_Science","dist","8",0,0,0,0,1
"separate","Psychological_Science","dist","9",0,0,0,0,1
"separate","Psychological_Science","dist","10",0,0,0,0,1
"separate","Psychological_Science","dist","11",0,0,0,0,1
"separate","Psychological_Science","dist","12",0,0,0,0,1
"separate","Psychological_Science","dist","13",0,0,0,0,1
"separate","Psychological_Science","dist","14",0,0,0,0,1
"separate","Psychological_Science","dist","15",0,0,0,0,1
"separate","Psychological_Science","dist","16",0,0,0,0,1
"separate","Psychological_Science","dist","17",0,0,0,0,1
"separate","Psychological_Science","dist","18",0,0,0,0,1
"separate","Psychological_Science","dist","19",0,0,0,0,1
"separate","Psychological_Science","dist","20",0,0,0,0,1
"separate","Psychological_Science","dist","21",0,0,0,0,1
"separate","Psychological_Science","dist","22",0,0,0,0,1
"separate","Psychological_Science","dist","23",0,0,0,0,1
"separate","Psychological_Science","dist","24",0,0,0,0,1
"separate","Psychological_Science","dist","25",0,0,0,0,1
"separate","Psychological_Science","dist","26",0,0,0,0,1
"separate","Psychological_Science","dist","27",0,0,0,0,1
"separate","Psychological_Science","dist","28",0,0,0,0,1
"separate","Psychological_Science","dist","29",0,0,0,0,1
"separate","Psychological_Science","dist","30",0,0,0,0,1
"separate","Psychological_Science","dist","31",0,0,0,0,1
"separate","Psychological_Science","dist","32",0,0,0,0,1
"separate","Psychological_Science","dist","33",0,0,0,0,1
"separate","Psychological_Science","dist","34",0,0,0,0,1
"separate","Psychological_Science","dist","35",0,0,0,0,1
"separate","Psychological_Science","dist","36",0,0,0,0,1
"separate","Psychological_Science","dist","37",0,0,0,0,1
"separate","Psychological_Science","dist","38",0,0,0,0,1
"separate","Psychological_Science","dist","39",0,0,0,0,1
"separate","Psychological_Science","dist","40",0,0,0,0,1
"separate","Psychological_Science","dist","41",0,0,0,0,1
"separate","Psychological_Science","dist","42",0,0,0,0,1
"separate","Psychological_Science","dist","43",0,0,0,0,1
"separate","Psychological_Science","dist","44",0,0,0,0,1
"separate","Psychological_Science","dist","45",0,0,0,0,1
"separate","Psychological_Science","dist","46",0,0,0,0,1
"separate","Psychological_Science","dist","47",0,0,0,0,1
"separate","Psychological_Science","dist","48",0,0,0,0,1
"separate","Psychological_Science","dist","49",0,0,0,0,1
"separate","Psychological_Science","dist","50",0,0,0,0,1
"separate","Psychological_Science","dist","51",0,0,0,0,1
"separate","Psychological_Science","dist","52",0,0,0,0,1
"separate","Psychological_Science","dist","53",0,0,0,0,1
"separate","Psychological_Science","dist","54",0,0,0,0,1
"separate","Psychological_Science","dist","55",0,0,0,0,1
"separate","Psychological_Science","dist","56",0,0,0,0,1
"separate","Psychological_Science","dist","57",0,0,0,0,1
"separate","Psychological_Science","dist","58",0,0,0,0,1
"separate","Psychological_Science","dist","59",0,0,0,0,1
"separate","Psychological_Science","dist","60",0,0,0,0,1
"separate","Psychological_Science","dist","61",0,0,0,0,1
"separate","Psychological_Science","dist","62",0,0,0,0,1
"separate","Psychological_Science","dist","63",0,0,0,0,1
"separate","Psychological_Science","dist","64",0,0,0,0,1
"separate","Psychological_Science","dist","65",0,0,0,0,1
"separate","Psychological_Science","dist","66",0,0,0,0,1
"separate","Psychological_Science","dist","67",0,0,0,0,1
"separate","Psychological_Science","dist","68",0,0,0,0,1
"separate","Psychological_Science","dist","69",0,0,0,0,1
"separate","Psychological_Science","dist","70",0,0,0,0,1
"separate","Psychological_Science","dist","71",0,0,0,0,1
"separate","Psychological_Science","dist","72",0,0,0,0,1
"separate","Psychological_Science","dist","73",0,0,0,0,1
"separate","Psychological_Science","dist","74",0,0,0,0,1
"separate","Psychological_Science","dist","75",0,0,0,0,1
"separate","Psychological_Science","dist","76",0,0,0,0,1
"separate","Psychological_Science","dist","77",0,0,0,0,1
"separate","Psychological_Science","dist","78",0,0,0,0,1
"separate","Psychological_Science","dist","79",0,0,0,0,1
"separate","Psychological_Science","dist","80",0,0,0,0,1
"separate","Psychological_Science","dist","81",0,0,0,0,1
"separate","Psychological_Science","dist","82",0,0,0,0,1
"separate","Psychological_Science","dist","83",0,0,0,0,1
"separate","Psychological_Science","dist","84",0,0,0,0,1
"separate","Psychological_Science","dist","85",0,0,0,0,1
"separate","Psychological_Science","dist","86",0,0,0,0,1
"separate","Psychological_Science","dist","87",0,0,0,0,1
"separate","Psychological_Science","dist","88",0,0,0,0,1
"separate","Psychological_Science","dist","89",0,0,0,0,1
"separate","Psychological_Science","dist","90",0,0,0,0,1
"separate","Psychological_Science","dist","91",0,0,0,0,1
"separate","Psychological_Science","dist","92",0,0,0,0,1
"separate","Psychological_Science","dist","93",0,0,0,0,1
"separate","Psychological_Science","dist","94",0,0,0,0,1
"separate","Psychological_Science","dist","95",0,0,0,0,1
"separate","Psychological_Science","dist","96",0,0,0,0,1
"separate","Psychological_Science","dist","97",0,0,0,0,1
"separate","Psychological_Science","dist","98",0,0,0,0,1
"separate","Psychological_Science","dist","99",0,0,0,0,1
"separate","Psychological_Science","dist","100",0,0,0,0,1
"separate","Psychological_Science","dist","101",0,0,0,0,1
"separate","Psychological_Science","dist","102",0,0,0,0,1
"separate","Psychological_Science","dist","103",0,0,0,0,1
"separate","Psychological_Science","dist","104",0,0,0,0,1
"separate","Psychological_Science","dist","105",0,0,0,0,1
"separate","Psychological_Science","dist","106",0,0,0,0,1
"separate","Psychological_Science","dist","107",0,0,0,0,1
"separate","Psychological_Science","dist","108",0,0,0,0,1
"separate","Psychological_Science","dist","109",0,0,0,0,1
"separate","Psychological_Science","dist","110",0,0,0,0,1
"separate","Psychological_Science","dist","111",0,0,0,0,1
"separate","Psychological_Science","dist","112",0,0,0,0,1
"separate","Psychological_Science","dist","113",0,0,0,0,1
"separate","Psychological_Science","dist","114",0,0,0,0,1
"separate","Psychological_Science","dist","115",0,0,0,0,1
"separate","Psychological_Science","dist","116",0,0,0,0,1
"separate","Psychological_Science","dist","117",0,0,0,0,1
"separate","Psychological_Science","dist","118",0,0,0,0,1
"separate","Psychological_Science","dist","119",0,0,0,0,1
"separate","Psychological_Science","dist","120",0,0,0,0,1
"separate","Psychological_Science","dist","121",0,0,0,0,1
"separate","Psychological_Science","dist","122",0,0,0,0,1
"separate","Psychological_Science","dist","123",0,0,0,0,1
"separate","Psychological_Science","dist","124",0,0,0,0,1
"separate","Psychological_Science","dist","125",0,0,0,0,1
"separate","Psychological_Science","dist","126",0,0,0,0,1
"separate","Psychological_Science","dist","127",0,0,0,0,1
"separate","Psychological_Science","dist","128",0,0,0,0,1
"separate","Psychological_Science","dist","129",0,0,0,0,1
"separate","Psychological_Science","dist","130",0,0,0,0,1
"separate","Psychological_Science","dist","131",0,0,0,0,1
"separate","Psychological_Science","dist","132",0,0,0,0,1
"separate","Psychological_Science","dist","133",0,0,0,0,1
"separate","Psychological_Science","dist","134",0,0,0,0,1
"separate","Psychological_Science","dist","135",0,0,0,0,1
"separate","Psychological_Science","dist","136",0,0,0,0,1
"separate","Psychological_Science","dist","137",0,0,0,0,1
"separate","Psychological_Science","dist","138",0,0,0,0,1
"separate","Psychological_Science","dist","139",0,0,0,0,1
"separate","Psychological_Science","dist","140",0,0,0,0,1
"separate","Psychological_Science","dist","141",0,0,0,0,1
"separate","Psychological_Science","dist","142",0,0,0,0,1
"separate","Psychological_Science","dist","143",0,0,0,0,1
"separate","Psychological_Science","dist","144",0,0,0,0,1
"separate","Psychological_Science","dist","145",0,0,0,0,1
"separate","Psychological_Science","dist","146",0,0,0,0,1
"separate","Psychological_Science","dist","147",0,0,0,0,1
"separate","Psychological_Science","dist","148",0,0,0,0,1
"separate","Psychological_Science","dist","149",0,0,0,0,1
"separate","Psychological_Science","dist","150",0,0,0,0,1
"separate","Psychological_Science","dist","151",0,0,0,0,1
"separate","Psychological_Science","dist","152",0,0,0,0,1
"separate","Psychological_Science","dist","153",0,0,0,0,1
"separate","Psychological_Science","dist","154",0,0,0,0,1
"separate","Psychological_Science","dist","155",0,0,0,0,1
"separate","Psychological_Science","dist","156",0,0,0,0,1
"separate","Psychological_Science","dist","157",0,0,0,0,1
"separate","Psychological_Science","dist","158",0,0,0,0,1
"separate","Psychological_Science","dist","159",0,0,0,0,1
"separate","Psychological_Science","dist","160",0,0,0,0,1
"separate","Psychological_Science","dist","161",0,0,0,0,1
"separate","Psychological_Science","dist","162",0,0,0,0,1
"separate","Psychological_Science","dist","163",0,0,0,0,1
"separate","Psychological_Science","dist","164",0,0,0,0,1
"separate","Psychological_Science","dist","165",0,0,0,0,1
"separate","Psychological_Science","dist","166",0,0,0,0,1
"separate","Psychological_Science","dist","167",0,0,0,0,1
"separate","Psychological_Science","dist","168",0,0,0,0,1
"separate","Psychological_Science","dist","169",0,0,0,0,1
"separate","Psychological_Science","dist","170",0,0,0,0,1
"separate","Psychological_Science","dist","171",0,0,0,0,1
"separate","Psychological_Science","dist","172",0,0,0,0,1
"separate","Psychological_Science","dist","173",0,0,0,0,1
"separate","Psychological_Science","dist","174",0,0,0,0,1
"separate","Psychological_Science","dist","175",0,0,0,0,1
"separate","Psychological_Science","dist","176",0,0,0,0,1
"separate","Psychological_Science","dist","177",0,0,0,0,1
"separate","Psychological_Science","dist","178",0,0,0,0,1
"separate","Psychological_Science","dist","179",0,0,0,0,1
"separate","Psychological_Science","dist","180",0,0,0,0,1
"separate","Psychological_Science","dist","181",0,0,0,0,1
"separate","Psychological_Science","dist","182",0,0,0,0,1
"separate","Psychological_Science","dist","183",0,0,0,0,1
"separate","Psychological_Science","dist","184",0,0,0,0,1
"separate","Psychological_Science","dist","185",0,0,0,0,1
"separate","Psychological_Science","dist","186",0,0,0,0,1
"separate","Psychological_Science","dist","187",0,0,0,0,1
"separate","Psychological_Science","dist","188",0,0,0,0,1
"separate","Psychological_Science","dist","189",0,0,0,0,1
"separate","Psychological_Science","dist","190",0,0,0,0,1
"separate","Psychological_Science","dist","191",0,0,0,0,1
"separate","Psychological_Science","dist","192",0,0,0,0,1
"separate","Psychological_Science","dist","193",0,0,0,0,1
"separate","Psychological_Science","dist","194",0,0,0,0,1
"separate","Psychological_Science","dist","195",0,0,0,0,1
"separate","Psychological_Science","dist","196",0,0,0,0,1
"separate","Psychological_Science","dist","197",0,0,0,0,1
"separate","Psychological_Science","dist","198",0,0,0,0,1
"separate","Psychological_Science","dist","199",0,0,0,0,1
"separate","Psychological_Science","dist","200",0,0,0,0,1
"separate","Psychological_Science","dist","201",0,0,0,0,1
"separate","Psychological_Science","dist","202",0,0,0,0,1
"separate","Psychological_Science","dist","203",0,0,0,0,1
"separate","Psychological_Science","dist","204",0,0,0,0,1
"separate","Psychological_Science","dist","205",0,0,0,0,1
"separate","Psychological_Science","dist","206",0,0,0,0,1
"separate","Psychological_Science","dist","207",0,0,0,0,1
"separate","Psychological_Science","dist","208",0,0,0,0,1
"separate","Psychological_Science","dist","209",0,0,0,0,1
"separate","Psychological_Science","dist","210",0,0,0,0,1
"separate","Psychological_Science","dist","211",0,0,0,0,1
"separate","Psychological_Science","dist","212",0,0,0,0,1
"separate","Psychological_Science","dist","213",0,0,0,0,1
"separate","Psychological_Science","dist","214",0,0,0,0,1
"separate","Psychological_Science","dist","215",0,0,0,0,1
"separate","Psychological_Science","dist","216",0,0,0,0,1
"separate","Psychological_Science","dist","217",0,0,0,0,1
"separate","Psychological_Science","dist","218",0,0,0,0,1
"separate","Psychological_Science","dist","219",0,0,0,0,1
"separate","Psychological_Science","dist","220",0,0,0,0,1
"separate","Psychological_Science","dist","221",0,0,0,0,1
"separate","Psychological_Science","dist","222",0,0,0,0,1
"separate","Psychological_Science","dist","223",0,0,0,0,1
"separate","Psychological_Science","dist","224",0,0,0,0,1
"separate","Psychological_Science","dist","225",0,0,0,0,1
"separate","Psychological_Science","dist","226",0,0,0,0,1
"separate","Psychological_Science","dist","227",0,0,0,0,1
"separate","Psychological_Science","dist","228",0,0,0,0,1
"separate","Psychological_Science","dist","229",0,0,0,0,1
"separate","Psychological_Science","dist","230",0,0,0,0,1
"separate","Psychological_Science","dist","231",0,0,0,0,1
"separate","Psychological_Science","dist","232",0,0,0,0,1
"separate","Psychological_Science","dist","233",0,0,0,0,1
"separate","Psychological_Science","dist","234",0,0,0,0,1
"separate","Psychological_Science","dist","235",0,0,0,0,1
"separate","Psychological_Science","dist","236",0,0,0,0,1
"separate","Psychological_Science","dist","237",0,0,0,0,1
"separate","Psychological_Science","dist","238",0,0,0,0,1
"separate","Psychological_Science","dist","239",0,0,0,0,1
"separate","Psychological_Science","dist","240",0,0,0,0,1
"separate","Psychological_Science","dist","241",0,0,0,0,1
"separate","Psychological_Science","dist","242",0,0,0,0,1
"separate","Psychological_Science","dist","243",0,0,0,0,1
"separate","Psychological_Science","dist","244",0,0,0,0,1
"separate","Psychological_Science","dist","245",0,0,0,0,1
"separate","Psychological_Science","dist","246",0,0,0,0,1
"separate","Psychological_Science","dist","247",0,0,0,0,1
"separate","Psychological_Science","dist","248",0,0,0,0,1
"separate","Psychological_Science","dist","249",0,0,0,0,1
"separate","Psychological_Science","dist","250",0,0,0,0,1
"separate","Psychological_Science","dist","251",0,0,0,0,1
"separate","Psychological_Science","dist","252",0,0,0,0,1
"separate","Psychological_Science","dist","253",0,0,0,0,1
"separate","Psychological_Science","dist","254",0,0,0,0,1
"separate","Psychological_Science","dist","255",0,0,0,0,1
"separate","Psychological_Science","dist","256",0,0,0,0,1
"separate","Psychological_Science","dist","257",0,0,0,0,1
"separate","Psychological_Science","dist","258",0,0,0,0,1
"separate","Psychological_Science","dist","259",0,0,0,0,1
"separate","Psychological_Science","dist","260",0,0,0,0,1
"separate","Psychological_Science","dist","261",0,0,0,0,1
"separate","Psychological_Science","dist","262",0,0,0,0,1
"separate","Psychological_Science","dist","263",0,0,0,0,1
"separate","Psychological_Science","dist","264",0,0,0,0,1
"separate","Psychological_Science","dist","265",0,0,0,0,1
"separate","Psychological_Science","dist","266",0,0,0,0,1
"separate","Psychological_Science","dist","267",0,0,0,0,1
"separate","Psychological_Science","dist","268",0,0,0,0,1
"separate","Psychological_Science","dist","269",0,0,0,0,1
"separate","Psychological_Science","dist","270",0,0,0,0,1
"separate","Psychological_Science","dist","271",0,0,0,0,1
"separate","Psychological_Science","dist","272",0,0,0,0,1
"separate","Psychological_Science","dist","273",0,0,0,0,1
"separate","Psychological_Science","dist","274",0,0,0,0,1
"separate","Psychological_Science","dist","275",0,0,0,0,1
"separate","Psychological_Science","dist","276",0,0,0,0,1
"separate","Psychological_Science","dist","277",0,0,0,0,1
"separate","Psychological_Science","dist","278",0,0,0,0,1
"separate","Psychological_Science","dist","279",0,0,0,0,1
"separate","Psychological_Science","dist","280",0,0,0,0,1
"separate","Psychological_Science","dist","281",0,0,0,0,1
"separate","Psychological_Science","dist","282",0,0,0,0,1
"separate","Psychological_Science","dist","283",0,0,0,0,1
"separate","Psychological_Science","dist","284",0,0,0,0,1
"separate","Psychological_Science","dist","285",0,0,0,0,1
"separate","Psychological_Science","dist","286",0,0,0,0,1
"separate","Psychological_Science","dist","287",0,0,0,0,1
"separate","Psychological_Science","dist","288",0,0,0,0,1
"separate","Psychological_Science","dist","289",0,0,0,0,1
"separate","Psychological_Science","dist","290",0,0,0,0,1
"separate","Psychological_Science","dist","291",0,0,0,0,1
"separate","Psychological_Science","dist","292",0,0,0,0,1
"separate","Psychological_Science","dist","293",0,0,0,0,1
"separate","Psychological_Science","dist","294",0,0,0,0,1
"separate","Psychological_Science","dist","295",0,0,0,0,1
"separate","Psychological_Science","dist","296",0,0,0,0,1
"separate","Psychological_Science","dist","297",0,0,0,0,1
"separate","Psychological_Science","dist","298",0,0,0,0,1
"separate","Psychological_Science","dist","299",0,0,0,0,1
"separate","Psychological_Science","dist","300",0,0,0,0,1
"separate","Psychological_Science","dist","301",0,0,0,0,1
"separate","Psychological_Science","dist","302",0,0,0,0,1
"separate","Psychological_Science","dist","303",0,0,0,0,1
"separate","Psychological_Science","dist","304",0,0,0,0,1
"separate","Psychological_Science","dist","305",0,0,0,0,1
"separate","Psychological_Science","dist","306",0,0,0,0,1
"separate","Psychological_Science","dist","307",0,0,0,0,1
"separate","Psychological_Science","dist","308",0,0,0,0,1
"separate","Psychological_Science","dist","309",0,0,0,0,1
"separate","Psychological_Science","dist","310",0,0,0,0,1
"separate","Psychological_Science","dist","311",0,0,0,0,1
"separate","Psychological_Science","dist","312",0,0,0,0,1
"separate","Psychological_Science","dist","313",0,0,0,0,1
"separate","Psychological_Science","dist","314",0,0,0,0,1
"separate","Psychological_Science","dist","315",0,0,0,0,1
"separate","Psychological_Science","dist","316",0,0,0,0,1
"separate","Psychological_Science","dist","317",0,0,0,0,1
"separate","Psychological_Science","dist","318",0,0,0,0,1
"separate","Psychological_Science","dist","319",0,0,0,0,1
"separate","Psychological_Science","dist","320",0,0,0,0,1
"separate","Psychological_Science","dist","321",0,0,0,0,1
"separate","Psychological_Science","dist","322",0,0,0,0,1
"separate","Psychological_Science","dist","323",0,0,0,0,1
"separate","Psychological_Science","dist","324",0,0,0,0,1
"separate","Psychological_Science","dist","325",0,0,0,0,1
"separate","Psychological_Science","dist","326",0,0,0,0,1
"separate","Psychological_Science","dist","327",0,0,0,0,1
"separate","Psychological_Science","dist","328",0,0,0,0,1
"separate","Psychological_Science","dist","329",0,0,0,0,1
"separate","Psychological_Science","dist","330",0,0,0,0,1
"separate","Psychological_Science","dist","331",0,0,0,0,1
"separate","Psychological_Science","dist","332",0,0,0,0,1
"separate","Psychological_Science","dist","333",0,0,0,0,1
"separate","Psychological_Science","dist","334",0,0,0,0,1
"separate","Psychological_Science","dist","335",0,0,0,0,1
"separate","Psychological_Science","dist","336",0,0,0,0,1
"separate","Psychological_Science","dist","337",0,0,0,0,1
"separate","Psychological_Science","dist","338",0,0,0,0,1
"separate","Psychological_Science","dist","339",0,0,0,0,1
"separate","Psychological_Science","dist","340",0,0,0,0,1
"separate","Psychological_Science","dist","341",0,0,0,0,1
"separate","Psychological_Science","dist","342",0,0,0,0,1
"separate","Psychological_Science","dist","343",0,0,0,0,1
"separate","Psychological_Science","dist","344",0,0,0,0,1
"separate","Psychological_Science","dist","345",0,0,0,0,1
"separate","Psychological_Science","dist","346",0,0,0,0,1
"separate","Psychological_Science","dist","347",0,0,0,0,1
"separate","Psychological_Science","dist","348",0,0,0,0,1
"separate","Psychological_Science","dist","349",0,0,0,0,1
"separate","Psychological_Science","dist","350",0,0,0,0,1
"separate","Psychological_Science","dist","351",0,0,0,0,1
"separate","Psychological_Science","dist","352",0,0,0,0,1
"separate","Psychological_Science","dist","353",0,0,0,0,1
"separate","Psychological_Science","dist","354",0,0,0,0,1
"separate","Psychological_Science","dist","355",0,0,0,0,1
"separate","Psychological_Science","dist","356",0,0,0,0,1
"separate","Psychological_Science","dist","357",0,0,0,0,1
"separate","Psychological_Science","dist","358",0,0,0,0,1
"separate","Psychological_Science","dist","359",0,0,0,0,1
"separate","Psychological_Science","dist","360",0,0,0,0,1
"separate","Psychological_Science","dist","361",0,0,0,0,1
"separate","Psychological_Science","dist","362",0,0,0,0,1
"separate","Psychological_Science","dist","363",0,0,0,0,1
"separate","Psychological_Science","dist","364",0,0,0,0,1
"separate","Psychological_Science","dist","365",0,0,0,0,1
"separate","Psychological_Science","dist","366",0,0,0,0,1
"separate","Psychological_Science","dist","367",0,0,0,0,1
"separate","Psychological_Science","dist","368",0,0,0,0,1
"separate","Psychological_Science","dist","369",0,0,0,0,1
"separate","Psychological_Science","dist","370",0,0,0,0,1
"separate","Psychological_Science","dist","371",0,0,0,0,1
"separate","Psychological_Science","dist","372",0,0,0,0,1
"separate","Psychological_Science","dist","373",0,0,0,0,1
"separate","Psychological_Science","dist","374",0,0,0,0,1
"separate","Psychological_Science","dist","375",0,0,0,0,1
"separate","Psychological_Science","dist","376",0,0,0,0,1
"separate","Psychological_Science","dist","377",0,0,0,0,1
"separate","Psychological_Science","dist","378",0,0,0,0,1
"separate","Psychological_Science","dist","379",0,0,0,0,1
"separate","Psychological_Science","dist","380",0,0,0,0,1
"separate","Psychological_Science","dist","381",0,0,0,0,1
"separate","Psychological_Science","dist","382",0,0,0,0,1
"separate","Psychological_Science","dist","383",0,0,0,0,1
"separate","Psychological_Science","dist","384",0,0,0,0,1
"separate","Psychological_Science","dist","385",0,0,0,0,1
"separate","Psychological_Science","dist","386",0,0,0,0,1
"separate","Psychological_Science","dist","387",0,0,0,0,1
"separate","Psychological_Science","dist","388",0,0,0,0,1
"separate","Psychological_Science","dist","389",0,0,0,0,1
"separate","Psychological_Science","dist","390",0,0,0,0,1
"separate","Psychological_Science","dist","391",0,0,0,0,1
"separate","Psychological_Science","dist","392",0,0,0,0,1
"separate","Psychological_Science","dist","393",0,0,0,0,1
"separate","Psychological_Science","dist","394",0,0,0,0,1
"separate","Psychological_Science","dist","395",0,0,0,0,1
"separate","Psychological_Science","dist","396",0,0,0,0,1
"separate","Psychological_Science","dist","397",0,0,0,0,1
"separate","Psychological_Science","dist","398",0,0,0,0,1
"separate","Psychological_Science","dist","399",0,0,0,0,1
"separate","Psychological_Science","dist","400",0,0,0,0,1
"separate","Psychological_Science","dist","401",0,0,0,0,1
"separate","Psychological_Science","dist","402",0,0,0,0,1
"separate","Psychological_Science","dist","403",0,0,0,0,1
"separate","Psychological_Science","dist","404",0,0,0,0,1
"separate","Psychological_Science","dist","405",0,0,0,0,1
"separate","Psychological_Science","dist","406",0,0,0,0,1
"separate","Psychological_Science","dist","407",0,0,0,0,1
"separate","Psychological_Science","dist","408",0,0,0,0,1
"separate","Psychological_Science","dist","409",0,0,0,0,1
"separate","Psychological_Science","dist","410",0,0,0,0,1
"separate","Psychological_Science","dist","411",0,0,0,0,1
"separate","Psychological_Science","dist","412",0,0,0,0,1
"separate","Psychological_Science","dist","413",0,0,0,0,1
"separate","Psychological_Science","dist","414",0,0,0,0,1
"separate","Psychological_Science","dist","415",0,0,0,0,1
"separate","Psychological_Science","dist","416",0,0,0,0,1
"separate","Psychological_Science","dist","417",0,0,0,0,1
"separate","Psychological_Science","dist","418",0,0,0,0,1
"separate","Psychological_Science","dist","419",0,0,0,0,1
"separate","Psychological_Science","dist","420",0,0,0,0,1
"separate","Psychological_Science","dist","421",0,0,0,0,1
"separate","Psychological_Science","dist","422",0,0,0,0,1
"separate","Psychological_Science","dist","423",0,0,0,0,1
"separate","Psychological_Science","dist","424",0,0,0,0,1
"separate","Psychological_Science","dist","425",0,0,0,0,1
"separate","Psychological_Science","dist","426",0,0,0,0,1
"separate","Psychological_Science","dist","427",0,0,0,0,1
"separate","Psychological_Science","dist","428",0,0,0,0,1
"separate","Psychological_Science","dist","429",0,0,0,0,1
"separate","Psychological_Science","dist","430",0,0,0,0,1
"separate","Psychological_Science","dist","431",0,0,0,0,1
"separate","Psychological_Science","dist","432",0,0,0,0,1
"separate","Psychological_Science","dist","433",0,0,0,0,1
"separate","Psychological_Science","dist","434",0,0,0,0,1
"separate","Psychological_Science","dist","435",0,0,0,0,1
"separate","Psychological_Science","dist","436",0,0,0,0,1
"separate","Psychological_Science","dist","437",0,0,0,0,1
"separate","Psychological_Science","dist","438",0,0,0,0,1
"separate","Psychological_Science","dist","439",0,0,0,0,1
"separate","Psychological_Science","dist","440",0,0,0,0,1
"separate","Psychological_Science","dist","441",0,0,0,0,1
"separate","Psychological_Science","dist","442",0,0,0,0,1
"separate","Psychological_Science","dist","443",0,0,0,0,1
"separate","Psychological_Science","dist","444",0,0,0,0,1
"separate","Psychological_Science","dist","445",0,0,0,0,1
"separate","Psychological_Science","dist","446",0,0,0,0,1
"separate","Psychological_Science","dist","447",0,0,0,0,1
"separate","Psychological_Science","dist","448",0,0,0,0,1
"separate","Psychological_Science","dist","449",0,0,0,0,1
"separate","Psychological_Science","dist","450",0,0,0,0,1
"separate","Psychological_Science","dist","451",0,0,0,0,1
"separate","Psychological_Science","dist","452",0,0,0,0,1
"separate","Psychological_Science","dist","453",0,0,0,0,1
"separate","Psychological_Science","dist","454",0,0,0,0,1
"separate","Psychological_Science","dist","455",0,0,0,0,1
"separate","Psychological_Science","dist","456",0,0,0,0,1
"separate","Psychological_Science","dist","457",0,0,0,0,1
"separate","Psychological_Science","dist","458",0,0,0,0,1
"separate","Psychological_Science","dist","459",0,0,0,0,1
"separate","Psychological_Science","dist","460",0,0,0,0,1
"separate","Psychological_Science","dist","461",0,0,0,0,1
"separate","Psychological_Science","dist","462",0,0,0,0,1
"separate","Psychological_Science","dist","463",0,0,0,0,1
"separate","Psychological_Science","dist","464",0,0,0,0,1
"separate","Psychological_Science","dist","465",0,0,0,0,1
"separate","Psychological_Science","dist","466",0,0,0,0,1
"separate","Psychological_Science","dist","467",0,0,0,0,1
"separate","Psychological_Science","dist","468",0,0,0,0,1
"separate","Psychological_Science","dist","469",0,0,0,0,1
"separate","Psychological_Science","dist","470",0,0,0,0,1
"separate","Psychological_Science","dist","471",0,0,0,0,1
"separate","Psychological_Science","dist","472",0,0,0,0,1
"separate","Psychological_Science","dist","473",0,0,0,0,1
"separate","Psychological_Science","dist","474",0,0,0,0,1
"separate","Psychological_Science","dist","475",0,0,0,0,1
"separate","Psychological_Science","dist","476",0,0,0,0,1
"separate","Psychological_Science","dist","477",0,0,0,0,1
"separate","Psychological_Science","dist","478",0,0,0,0,1
"separate","Psychological_Science","dist","479",0,0,0,0,1
"separate","Psychological_Science","dist","480",0,0,0,0,1
"separate","Psychological_Science","dist","481",0,0,0,0,1
"separate","Psychological_Science","dist","482",0,0,0,0,1
"separate","Psychological_Science","dist","483",0,0,0,0,1
"separate","Psychological_Science","dist","484",0,0,0,0,1
"separate","Psychological_Science","dist","485",0,0,0,0,1
"separate","Psychological_Science","dist","486",0,0,0,0,1
"separate","Psychological_Science","dist","487",0,0,0,0,1
"separate","Psychological_Science","dist","488",0,0,0,0,1
"separate","Psychological_Science","dist","489",0,0,0,0,1
"separate","Psychological_Science","dist","490",0,0,0,0,1
"separate","Psychological_Science","dist","491",0,0,0,0,1
"separate","Psychological_Science","dist","492",0,0,0,0,1
"separate","Psychological_Science","dist","493",0,0,0,0,1
"separate","Psychological_Science","dist","494",0,0,0,0,1
"separate","Psychological_Science","dist","495",0,0,0,0,1
"separate","Psychological_Science","dist","496",0,0,0,0,1
"separate","Psychological_Science","dist","497",0,0,0,0,1
"separate","Psychological_Science","dist","498",0,0,0,0,1
"separate","Psychological_Science","dist","499",0,0,0,0,1
"separate","Psychological_Science","dist","500",0,0,0,0,1
"separate","Psychological_Science","dist","501",0,0,0,0,1
"separate","Psychological_Science","dist","502",0,0,0,0,1
"separate","Psychological_Science","dist","503",0,0,0,0,1
"separate","Psychological_Science","dist","504",0,0,0,0,1
"separate","Psychological_Science","dist","505",0,0,0,0,1
"separate","Psychological_Science","dist","506",0,0,0,0,1
"separate","Psychological_Science","dist","507",0,0,0,0,1
"separate","Psychological_Science","dist","508",0,0,0,0,1
"separate","Psychological_Science","dist","509",0,0,0,0,1
"separate","Psychological_Science","dist","510",0,0,0,0,1
"separate","Psychological_Science","dist","511",0,0,0,0,1
"separate","Psychological_Science","dist","512",0,0,0,0,1
"separate","Psychological_Science","dist","513",0,0,0,0,1
"separate","Psychological_Science","dist","514",0,0,0,0,1
"separate","Psychological_Science","dist","515",0,0,0,0,1
"separate","Psychological_Science","dist","516",0,0,0,0,1
"separate","Psychological_Science","dist","517",0,0,0,0,1
"separate","Psychological_Science","dist","518",0,0,0,0,1
"separate","Psychological_Science","dist","519",0,0,0,0,1
"separate","Psychological_Science","dist","520",0,0,0,0,1
"separate","Psychological_Science","dist","521",0,0,0,0,1
"separate","Psychological_Science","dist","522",0,0,0,0,1
"separate","Psychological_Science","dist","523",0,0,0,0,1
"separate","Psychological_Science","dist","524",0,0,0,0,1
"separate","Psychological_Science","dist","525",0,0,0,0,1
"separate","Psychological_Science","dist","526",0,0,0,0,1
"separate","Psychological_Science","dist","527",0,0,0,0,1
"separate","Psychological_Science","dist","528",0,0,0,0,1
"separate","Psychological_Science","dist","529",0,0,0,0,1
"separate","Psychological_Science","dist","530",0,0,0,0,1
"separate","Psychological_Science","dist","531",0,0,0,0,1
"separate","Psychological_Science","dist","532",0,0,0,0,1
"separate","Psychological_Science","dist","533",0,0,0,0,1
"separate","Psychological_Science","dist","534",0,0,0,0,1
"separate","Psychological_Science","dist","535",0,0,0,0,1
"separate","Psychological_Science","dist","536",0,0,0,0,1
"separate","Psychological_Science","dist","537",0,0,0,0,1
"separate","Psychological_Science","dist","538",0,0,0,0,1
"separate","Psychological_Science","dist","539",0,0,0,0,1
"separate","Psychological_Science","dist","540",0,0,0,0,1
"separate","Psychological_Science","dist","541",0,0,0,0,1
"separate","Psychological_Science","dist","542",0,0,0,0,1
"separate","Psychological_Science","dist","543",0,0,0,0,1
"separate","Psychological_Science","dist","544",0,0,0,0,1
"separate","Psychological_Science","dist","545",0,0,0,0,1
"separate","Psychological_Science","dist","546",0,0,0,0,1
"separate","Psychological_Science","dist","547",0,0,0,0,1
"separate","Psychological_Science","dist","548",0,0,0,0,1
"separate","Psychological_Science","dist","549",0,0,0,0,1
"separate","Psychological_Science","dist","550",0,0,0,0,1
"separate","Psychological_Science","dist","551",0,0,0,0,1
"separate","Psychological_Science","dist","552",0,0,0,0,1
"separate","Psychological_Science","dist","553",0,0,0,0,1
"separate","Psychological_Science","dist","554",0,0,0,0,1
"separate","Psychological_Science","dist","555",0,0,0,0,1
"separate","Psychological_Science","dist","556",0,0,0,0,1
"separate","Psychological_Science","dist","557",0,0,0,0,1
"separate","Psychological_Science","dist","558",0,0,0,0,1
"separate","Psychological_Science","dist","559",0,0,0,0,1
"separate","Psychological_Science","dist","560",0,0,0,0,1
"separate","Psychological_Science","dist","561",0,0,0,0,1
"separate","Psychological_Science","dist","562",0,0,0,0,1
"separate","Psychological_Science","dist","563",0,0,0,0,1
"separate","Psychological_Science","dist","564",0,0,0,0,1
"separate","Psychological_Science","dist","565",0,0,0,0,1
"separate","Psychological_Science","dist","566",0,0,0,0,1
"separate","Psychological_Science","dist","567",0,0,0,0,1
"separate","Psychological_Science","dist","568",0,0,0,0,1
"separate","Psychological_Science","dist","569",0,0,0,0,1
"separate","Psychological_Science","dist","570",0,0,0,0,1
"separate","Psychological_Science","dist","571",0,0,0,0,1
"separate","Psychological_Science","dist","572",0,0,0,0,1
"separate","Psychological_Science","dist","573",0,0,0,0,1
"separate","Psychological_Science","dist","574",0,0,0,0,1
"separate","Psychological_Science","dist","575",0,0,0,0,1
"separate","Psychological_Science","dist","576",0,0,0,0,1
"separate","Psychological_Science","dist","577",0,0,0,0,1
"separate","Psychological_Science","dist","578",0,0,0,0,1
"separate","Psychological_Science","dist","579",0,0,0,0,1
"separate","Psychological_Science","dist","580",0,0,0,0,1
"separate","Psychological_Science","dist","581",0,0,0,0,1
"separate","Psychological_Science","dist","582",0,0,0,0,1
"separate","Psychological_Science","dist","583",0,0,0,0,1
"separate","Psychological_Science","dist","584",0,0,0,0,1
"separate","Psychological_Science","dist","585",0,0,0,0,1
"separate","Psychological_Science","dist","586",0,0,0,0,1
"separate","Psychological_Science","dist","587",0,0,0,0,1
"separate","Psychological_Science","dist","588",0,0,0,0,1
"separate","Psychological_Science","dist","589",0,0,0,0,1
"separate","Psychological_Science","dist","590",0,0,0,0,1
"separate","Psychological_Science","dist","591",0,0,0,0,1
"separate","Psychological_Science","dist","592",0,0,0,0,1
"separate","Psychological_Science","dist","593",0,0,0,0,1
"separate","Psychological_Science","dist","594",0,0,0,0,1
"separate","Psychological_Science","dist","595",0,0,0,0,1
"separate","Psychological_Science","dist","596",0,0,0,0,1
"separate","Psychological_Science","dist","597",0,0,0,0,1
"separate","Psychological_Science","dist","598",0,0,0,0,1
"separate","Psychological_Science","dist","599",0,0,0,0,1
"separate","Psychological_Science","dist","600",0,0,0,0,1
"separate","Psychological_Science","dist","601",0,0,0,0,1
"separate","Psychological_Science","dist","602",0,0,0,0,1
"separate","Psychological_Science","dist","603",0,0,0,0,1
"separate","Psychological_Science","dist","604",0,0,0,0,1
"separate","Psychological_Science","dist","605",0,0,0,0,1
"separate","Psychological_Science","dist","606",0,0,0,0,1
"separate","Psychological_Science","dist","607",0,0,0,0,1
"separate","Psychological_Science","dist","608",0,0,0,0,1
"separate","Psychological_Science","dist","609",0,0,0,0,1
"separate","Psychological_Science","dist","610",0,0,0,0,1
"separate","Psychological_Science","dist","611",0,0,0,0,1
"separate","Psychological_Science","dist","612",0,0,0,0,1
"separate","Psychological_Science","dist","613",0,0,0,0,1
"separate","Psychological_Science","dist","614",0,0,0,0,1
"separate","Psychological_Science","dist","615",0,0,0,0,1
"separate","Psychological_Science","dist","616",0,0,0,0,1
"separate","Psychological_Science","dist","617",0,0,0,0,1
"separate","Psychological_Science","dist","618",0,0,0,0,1
"separate","Psychological_Science","dist","619",0,0,0,0,1
"separate","Psychological_Science","dist","620",0,0,0,0,1
"separate","Psychological_Science","dist","621",0,0,0,0,1
"separate","Psychological_Science","dist","622",0,0,0,0,1
"separate","Psychological_Science","dist","623",0,0,0,0,1
"separate","Psychological_Science","dist","624",0,0,0,0,1
"separate","Psychological_Science","dist","625",0,0,0,0,1
"separate","Psychological_Science","dist","626",0,0,0,0,1
"separate","Psychological_Science","dist","627",0,0,0,0,1
"separate","Psychological_Science","dist","628",0,0,0,0,1
"separate","Psychological_Science","dist","629",0,0,0,0,1
"separate","Psychological_Science","dist","630",0,0,0,0,1
"separate","Psychological_Science","dist","631",0,0,0,0,1
"separate","Psychological_Science","dist","632",0,0,0,0,1
"separate","Psychological_Science","dist","633",0,0,0,0,1
"separate","Psychological_Science","dist","634",0,0,0,0,1
"separate","Psychological_Science","dist","635",0,0,0,0,1
"separate","Psychological_Science","dist","636",0,0,0,0,1
"separate","Psychological_Science","dist","637",0,0,0,0,1
"separate","Psychological_Science","dist","638",0,0,0,0,1
"separate","Psychological_Science","dist","639",0,0,0,0,1
"separate","Psychological_Science","dist","640",0,0,0,0,1
"separate","Psychological_Science","dist","641",0,0,0,0,1
"separate","Psychological_Science","dist","642",0,0,0,0,1
"separate","Psychological_Science","dist","643",0,0,0,0,1
"separate","Psychological_Science","dist","644",0,0,0,0,1
"separate","Psychological_Science","dist","645",0,0,0,0,1
"separate","Psychological_Science","dist","646",0,0,0,0,1
"separate","Psychological_Science","dist","647",0,0,0,0,1
"separate","Psychological_Science","dist","648",0,0,0,0,1
"separate","Psychological_Science","dist","649",0,0,0,0,1
"separate","Psychological_Science","dist","650",0,0,0,0,1
"separate","Psychological_Science","dist","651",0,0,0,0,1
"separate","Psychological_Science","dist","652",0,0,0,0,1
"separate","Psychological_Science","dist","653",0,0,0,0,1
"separate","Psychological_Science","dist","654",0,0,0,0,1
"separate","Psychological_Science","dist","655",0,0,0,0,1
"separate","Psychological_Science","dist","656",0,0,0,0,1
"separate","Psychological_Science","dist","657",0,0,0,0,1
"separate","Psychological_Science","dist","658",0,0,0,0,1
"separate","Psychological_Science","dist","659",0,0,0,0,1
"separate","Psychological_Science","dist","660",0,0,0,0,1
"separate","Psychological_Science","dist","661",0,0,0,0,1
"separate","Psychological_Science","dist","662",0,0,0,0,1
"separate","Psychological_Science","dist","663",0,0,0,0,1
"separate","Psychological_Science","dist","664",0,0,0,0,1
"separate","Psychological_Science","dist","665",0,0,0,0,1
"separate","Psychological_Science","dist","666",0,0,0,0,1
"separate","Psychological_Science","dist","667",0,0,0,0,1
"separate","Psychological_Science","dist","668",0,0,0,0,1
"separate","Psychological_Science","dist","669",0,0,0,0,1
"separate","Psychological_Science","dist","670",0,0,0,0,1
"separate","Psychological_Science","dist","671",0,0,0,0,1
"separate","Psychological_Science","dist","672",0,0,0,0,1
"separate","Psychological_Science","dist","673",0,0,0,0,1
"separate","Psychological_Science","dist","674",0,0,0,0,1
"separate","Psychological_Science","dist","675",0,0,0,0,1
"separate","Psychological_Science","dist","676",0,0,0,0,1
"separate","Psychological_Science","dist","677",0,0,0,0,1
"separate","Psychological_Science","dist","678",0,0,0,0,1
"separate","Psychological_Science","dist","679",0,0,0,0,1
"separate","Psychological_Science","dist","680",0,0,0,0,1
"separate","Psychological_Science","dist","681",0,0,0,0,1
"separate","Psychological_Science","dist","682",0,0,0,0,1
"separate","Psychological_Science","dist","683",0,0,0,0,1
"separate","Psychological_Science","dist","684",0,0,0,0,1
"separate","Psychological_Science","dist","685",0,0,0,0,1
"separate","Psychological_Science","dist","686",0,0,0,0,1
"separate","Psychological_Science","dist","687",0,0,0,0,1
"separate","Psychological_Science","dist","688",0,0,0,0,1
"separate","Psychological_Science","dist","689",0,0,0,0,1
"separate","Psychological_Science","dist","690",0,0,0,0,1
"separate","Psychological_Science","dist","691",0,0,0,0,1
"separate","Psychological_Science","dist","692",0,0,0,0,1
"separate","Psychological_Science","dist","693",0,0,0,0,1
"separate","Psychological_Science","dist","694",0,0,0,0,1
"separate","Psychological_Science","dist","695",0,0,0,0,1
"separate","Psychological_Science","dist","696",0,0,0,0,1
"separate","Psychological_Science","dist","697",0,0,0,0,1
"separate","Psychological_Science","dist","698",0,0,0,0,1
"separate","Psychological_Science","dist","699",0,0,0,0,1
"separate","Psychological_Science","dist","700",0,0,0,0,1
"separate","Psychological_Science","dist","701",0,0,0,0,1
"separate","Psychological_Science","dist","702",0,0,0,0,1
"separate","Psychological_Science","dist","703",0,0,0,0,1
"separate","Psychological_Science","dist","704",0,0,0,0,1
"separate","Psychological_Science","dist","705",0,0,0,0,1
"separate","Psychological_Science","dist","706",0,0,0,0,1
"separate","Psychological_Science","dist","707",0,0,0,0,1
"separate","Psychological_Science","dist","708",0,0,0,0,1
"separate","Psychological_Science","dist","709",0,0,0,0,1
"separate","Psychological_Science","dist","710",0,0,0,0,1
"separate","Psychological_Science","dist","711",0,0,0,0,1
"separate","Psychological_Science","dist","712",0,0,0,0,1
"separate","Psychological_Science","dist","713",0,0,0,0,1
"separate","Psychological_Science","dist","714",0,0,0,0,1
"separate","Psychological_Science","dist","715",0,0,0,0,1
"separate","Psychological_Science","dist","716",0,0,0,0,1
"separate","Psychological_Science","dist","717",0,0,0,0,1
"separate","Psychological_Science","dist","718",0,0,0,0,1
"separate","Psychological_Science","dist","719",0,0,0,0,1
"separate","Psychological_Science","dist","720",0,0,0,0,1
"separate","Psychological_Science","dist","721",0,0,0,0,1
"separate","Psychological_Science","dist","722",0,0,0,0,1
"separate","Psychological_Science","dist","723",0,0,0,0,1
"separate","Psychological_Science","dist","724",0,0,0,0,1
"separate","Psychological_Science","dist","725",0,0,0,0,1
"separate","Psychological_Science","dist","726",0,0,0,0,1
"separate","Psychological_Science","dist","727",0,0,0,0,1
"separate","Psychological_Science","dist","728",0,0,0,0,1
"separate","Psychological_Science","dist","Inf",257291,728,3613.84,6516,0
"separate","Psychological_Science","dspart","0",257392,140678,144044.79,147172,0
"separate","Psychological_Science","dspart","1",246,64631,66156.81,67758,0
"separate","Psychological_Science","dspart","2",123,29680,31274.5,32549,0
"separate","Psychological_Science","dspart","3",248,13010,14358.38,15511,0
"separate","Psychological_Science","dspart","4",165,5276,6053.06,6743,0
"separate","Psychological_Science","dspart","5",84,1797,2317.69,2743,0
"separate","Psychological_Science","dspart","6",29,582,799.78,1100,0
"separate","Psychological_Science","dspart","7",0,153,250.53,526,0
"separate","Psychological_Science","dspart","8",135,34,73.29,230,0.08
"separate","Psychological_Science","dspart","9",0,3,19.27,103,0
"separate","Psychological_Science","dspart","10",0,0,5.92,55,0.04
"separate","Psychological_Science","dspart","11",0,0,1.33,15,0.98
"separate","Psychological_Science","dspart","12",0,0,0.43,10,1
"separate","Psychological_Science","dspart","13",0,0,0.18,7,1
"separate","Psychological_Science","dspart","14",120,0,0.03,2,0
"separate","Psychological_Science","dspart","15",0,0,0.00999999999999999,1,1
"separate","Psychological_Science","dspart","16",0,0,0,0,1
"separate","Psychological_Science","dspart","17",0,0,0,0,1
"separate","Psychological_Science","dspart","18",0,0,0,0,1
"separate","Psychological_Science","dspart","19",0,0,0,0,1
"separate","Psychological_Science","dspart","20",0,0,0,0,1
"separate","Psychological_Science","dspart","21",0,0,0,0,1
"separate","Psychological_Science","dspart","22",0,0,0,0,1
"separate","Psychological_Science","dspart","23",0,0,0,0,1
"separate","Psychological_Science","dspart","24",0,0,0,0,1
"separate","Psychological_Science","dspart","25",0,0,0,0,1
"separate","Psychological_Science","dspart","26",0,0,0,0,1
"separate","Psychological_Science","dspart","27",406,0,0,0,0
"separate","Psychological_Science","dspart","28",0,0,0,0,1
"separate","Psychological_Science","dspart","29",0,0,0,0,1
"separate","Psychological_Science","dspart","30",0,0,0,0,1
"separate","Psychological_Science","dspart","31",0,0,0,0,1
"separate","Psychological_Science","dspart","32",0,0,0,0,1
"separate","Psychological_Science","dspart","33",0,0,0,0,1
"separate","Psychological_Science","dspart","34",630,0,0,0,0
"separate","Psychological_Science","dspart","35",0,0,0,0,1
"separate","Psychological_Science","dspart","36",0,0,0,0,1
"separate","Psychological_Science","dspart","37",0,0,0,0,1
"separate","Psychological_Science","dspart","38",0,0,0,0,1
"separate","Psychological_Science","dspart","39",0,0,0,0,1
"separate","Psychological_Science","dspart","40",0,0,0,0,1
"separate","Psychological_Science","dspart","41",0,0,0,0,1
"separate","Psychological_Science","dspart","42",0,0,0,0,1
"separate","Psychological_Science","dspart","43",0,0,0,0,1
"separate","Psychological_Science","dspart","44",0,0,0,0,1
"separate","Psychological_Science","dspart","45",0,0,0,0,1
"separate","Psychological_Science","dspart","46",0,0,0,0,1
"separate","Psychological_Science","dspart","47",0,0,0,0,1
"separate","Psychological_Science","dspart","48",0,0,0,0,1
"separate","Psychological_Science","dspart","49",0,0,0,0,1
"separate","Psychological_Science","dspart","50",0,0,0,0,1
"separate","Psychological_Science","dspart","51",0,0,0,0,1
"separate","Psychological_Science","dspart","52",0,0,0,0,1
"separate","Psychological_Science","dspart","53",0,0,0,0,1
"separate","Psychological_Science","dspart","54",0,0,0,0,1
"separate","Psychological_Science","dspart","55",0,0,0,0,1
"separate","Psychological_Science","dspart","56",0,0,0,0,1
"separate","Psychological_Science","dspart","57",0,0,0,0,1
"separate","Psychological_Science","dspart","58",0,0,0,0,1
"separate","Psychological_Science","dspart","59",0,0,0,0,1
"separate","Psychological_Science","dspart","60",0,0,0,0,1
"separate","Psychological_Science","dspart","61",0,0,0,0,1
"separate","Psychological_Science","dspart","62",0,0,0,0,1
"separate","Psychological_Science","dspart","63",0,0,0,0,1
"separate","Psychological_Science","dspart","64",0,0,0,0,1
"separate","Psychological_Science","dspart","65",0,0,0,0,1
"separate","Psychological_Science","dspart","66",0,0,0,0,1
"separate","Psychological_Science","dspart","67",0,0,0,0,1
"separate","Psychological_Science","dspart","68",0,0,0,0,1
"separate","Psychological_Science","dspart","69",0,0,0,0,1
"separate","Psychological_Science","dspart","70",0,0,0,0,1
"separate","Psychological_Science","dspart","71",0,0,0,0,1
"separate","Psychological_Science","dspart","72",0,0,0,0,1
"separate","Psychological_Science","dspart","73",0,0,0,0,1
"separate","Psychological_Science","dspart","74",0,0,0,0,1
"separate","Psychological_Science","dspart","75",0,0,0,0,1
"separate","Psychological_Science","dspart","76",0,0,0,0,1
"separate","Psychological_Science","dspart","77",0,0,0,0,1
"separate","Psychological_Science","dspart","78",0,0,0,0,1
"separate","Psychological_Science","dspart","79",0,0,0,0,1
"separate","Psychological_Science","dspart","80",0,0,0,0,1
"separate","Psychological_Science","dspart","81",0,0,0,0,1
"separate","Psychological_Science","dspart","82",0,0,0,0,1
"separate","Psychological_Science","dspart","83",0,0,0,0,1
"separate","Psychological_Science","dspart","84",0,0,0,0,1
"separate","Psychological_Science","dspart","85",0,0,0,0,1
"separate","Psychological_Science","dspart","86",0,0,0,0,1
"separate","Psychological_Science","dspart","87",0,0,0,0,1
"separate","Psychological_Science","dspart","88",0,0,0,0,1
"separate","Psychological_Science","dspart","89",0,0,0,0,1
"separate","Psychological_Science","dspart","90",0,0,0,0,1
"separate","Psychological_Science","dspart","91",0,0,0,0,1
"separate","Psychological_Science","dspart","92",0,0,0,0,1
"separate","Psychological_Science","dspart","93",0,0,0,0,1
"separate","Psychological_Science","dspart","94",0,0,0,0,1
"separate","Psychological_Science","dspart","95",0,0,0,0,1
"separate","Psychological_Science","dspart","96",0,0,0,0,1
"separate","Psychological_Science","dspart","97",0,0,0,0,1
"separate","Psychological_Science","dspart","98",0,0,0,0,1
"separate","Psychological_Science","dspart","99",0,0,0,0,1
"separate","Psychological_Science","dspart","100",0,0,0,0,1
"separate","Psychological_Science","dspart","101",0,0,0,0,1
"separate","Psychological_Science","dspart","102",0,0,0,0,1
"separate","Psychological_Science","dspart","103",0,0,0,0,1
"separate","Psychological_Science","dspart","104",0,0,0,0,1
"separate","Psychological_Science","dspart","105",0,0,0,0,1
"separate","Psychological_Science","dspart","106",5778,0,0,0,0
"separate","Psychological_Science","dspart","107",0,0,0,0,1
"separate","Psychological_Science","dspart","108",0,0,0,0,1
"separate","Psychological_Science","dspart","109",0,0,0,0,1
"separate","Psychological_Science","dspart","110",0,0,0,0,1
"separate","Psychological_Science","dspart","111",0,0,0,0,1
"separate","Psychological_Science","dspart","112",0,0,0,0,1
"separate","Psychological_Science","dspart","113",0,0,0,0,1
"separate","Psychological_Science","dspart","114",0,0,0,0,1
"separate","Psychological_Science","dspart","115",0,0,0,0,1
"separate","Psychological_Science","dspart","116",0,0,0,0,1
"separate","Psychological_Science","dspart","117",0,0,0,0,1
"separate","Psychological_Science","dspart","118",0,0,0,0,1
"separate","Psychological_Science","dspart","119",0,0,0,0,1
"separate","Psychological_Science","dspart","120",0,0,0,0,1
"separate","Psychological_Science","dspart","121",0,0,0,0,1
"separate","Psychological_Science","dspart","122",0,0,0,0,1
"separate","Psychological_Science","dspart","123",0,0,0,0,1
"separate","Psychological_Science","dspart","124",0,0,0,0,1
"separate","Psychological_Science","dspart","125",0,0,0,0,1
"separate","Psychological_Science","dspart","126",0,0,0,0,1
"separate","Psychological_Science","dspart","127",0,0,0,0,1
"separate","Psychological_Science","dspart","128",0,0,0,0,1
"separate","Psychological_Science","dspart","129",0,0,0,0,1
"separate","Psychological_Science","dspart","130",0,0,0,0,1
"separate","Psychological_Science","dspart","131",0,0,0,0,1
"separate","Psychological_Science","dspart","132",0,0,0,0,1
"separate","Psychological_Science","dspart","133",0,0,0,0,1
"separate","Psychological_Science","dspart","134",0,0,0,0,1
"separate","Psychological_Science","dspart","135",0,0,0,0,1
"separate","Psychological_Science","dspart","136",0,0,0,0,1
"separate","Psychological_Science","dspart","137",0,0,0,0,1
"separate","Psychological_Science","dspart","138",0,0,0,0,1
"separate","Psychological_Science","dspart","139",0,0,0,0,1
"separate","Psychological_Science","dspart","140",0,0,0,0,1
"separate","Psychological_Science","dspart","141",0,0,0,0,1
"separate","Psychological_Science","dspart","142",0,0,0,0,1
"separate","Psychological_Science","dspart","143",0,0,0,0,1
"separate","Psychological_Science","dspart","144",0,0,0,0,1
"separate","Psychological_Science","dspart","145",0,0,0,0,1
"separate","Psychological_Science","dspart","146",0,0,0,0,1
"separate","Psychological_Science","dspart","147",0,0,0,0,1
"separate","Psychological_Science","dspart","148",0,0,0,0,1
"separate","Psychological_Science","dspart","149",0,0,0,0,1
"separate","Psychological_Science","dspart","150",0,0,0,0,1
"separate","Psychological_Science","dspart","151",0,0,0,0,1
"separate","Psychological_Science","dspart","152",0,0,0,0,1
"separate","Psychological_Science","dspart","153",0,0,0,0,1
"separate","Psychological_Science","dspart","154",0,0,0,0,1
"separate","Psychological_Science","dspart","155",0,0,0,0,1
"separate","Psychological_Science","dspart","156",0,0,0,0,1
"separate","Psychological_Science","dspart","157",0,0,0,0,1
"separate","Psychological_Science","dspart","158",0,0,0,0,1
"separate","Psychological_Science","dspart","159",0,0,0,0,1
"separate","Psychological_Science","dspart","160",0,0,0,0,1
"separate","Psychological_Science","dspart","161",0,0,0,0,1
"separate","Psychological_Science","dspart","162",0,0,0,0,1
"separate","Psychological_Science","dspart","163",0,0,0,0,1
"separate","Psychological_Science","dspart","164",0,0,0,0,1
"separate","Psychological_Science","dspart","165",0,0,0,0,1
"separate","Psychological_Science","dspart","166",0,0,0,0,1
"separate","Psychological_Science","dspart","167",0,0,0,0,1
"separate","Psychological_Science","dspart","168",0,0,0,0,1
"separate","Psychological_Science","dspart","169",0,0,0,0,1
"separate","Psychological_Science","dspart","170",0,0,0,0,1
"separate","Psychological_Science","dspart","171",0,0,0,0,1
"separate","Psychological_Science","dspart","172",0,0,0,0,1
"separate","Psychological_Science","dspart","173",0,0,0,0,1
"separate","Psychological_Science","dspart","174",0,0,0,0,1
"separate","Psychological_Science","dspart","175",0,0,0,0,1
"separate","Psychological_Science","dspart","176",0,0,0,0,1
"separate","Psychological_Science","dspart","177",0,0,0,0,1
"separate","Psychological_Science","dspart","178",0,0,0,0,1
"separate","Psychological_Science","dspart","179",0,0,0,0,1
"separate","Psychological_Science","dspart","180",0,0,0,0,1
"separate","Psychological_Science","dspart","181",0,0,0,0,1
"separate","Psychological_Science","dspart","182",0,0,0,0,1
"separate","Psychological_Science","dspart","183",0,0,0,0,1
"separate","Psychological_Science","dspart","184",0,0,0,0,1
"separate","Psychological_Science","dspart","185",0,0,0,0,1
"separate","Psychological_Science","dspart","186",0,0,0,0,1
"separate","Psychological_Science","dspart","187",0,0,0,0,1
"separate","Psychological_Science","dspart","188",0,0,0,0,1
"separate","Psychological_Science","dspart","189",0,0,0,0,1
"separate","Psychological_Science","dspart","190",0,0,0,0,1
"separate","Psychological_Science","dspart","191",0,0,0,0,1
"separate","Psychological_Science","dspart","192",0,0,0,0,1
"separate","Psychological_Science","dspart","193",0,0,0,0,1
"separate","Psychological_Science","dspart","194",0,0,0,0,1
"separate","Psychological_Science","dspart","195",0,0,0,0,1
"separate","Psychological_Science","dspart","196",0,0,0,0,1
"separate","Psychological_Science","dspart","197",0,0,0,0,1
"separate","Psychological_Science","dspart","198",0,0,0,0,1
"separate","Psychological_Science","dspart","199",0,0,0,0,1
"separate","Psychological_Science","dspart","200",0,0,0,0,1
"separate","Psychological_Science","dspart","201",0,0,0,0,1
"separate","Psychological_Science","dspart","202",0,0,0,0,1
"separate","Psychological_Science","dspart","203",0,0,0,0,1
"separate","Psychological_Science","dspart","204",0,0,0,0,1
"separate","Psychological_Science","dspart","205",0,0,0,0,1
"separate","Psychological_Science","dspart","206",0,0,0,0,1
"separate","Psychological_Science","dspart","207",0,0,0,0,1
"separate","Psychological_Science","dspart","208",0,0,0,0,1
"separate","Psychological_Science","dspart","209",0,0,0,0,1
"separate","Psychological_Science","dspart","210",0,0,0,0,1
"separate","Psychological_Science","dspart","211",0,0,0,0,1
"separate","Psychological_Science","dspart","212",0,0,0,0,1
"separate","Psychological_Science","dspart","213",0,0,0,0,1
"separate","Psychological_Science","dspart","214",0,0,0,0,1
"separate","Psychological_Science","dspart","215",0,0,0,0,1
"separate","Psychological_Science","dspart","216",0,0,0,0,1
"separate","Psychological_Science","dspart","217",0,0,0,0,1
"separate","Psychological_Science","dspart","218",0,0,0,0,1
"separate","Psychological_Science","dspart","219",0,0,0,0,1
"separate","Psychological_Science","dspart","220",0,0,0,0,1
"separate","Psychological_Science","dspart","221",0,0,0,0,1
"separate","Psychological_Science","dspart","222",0,0,0,0,1
"separate","Psychological_Science","dspart","223",0,0,0,0,1
"separate","Psychological_Science","dspart","224",0,0,0,0,1
"separate","Psychological_Science","dspart","225",0,0,0,0,1
"separate","Psychological_Science","dspart","226",0,0,0,0,1
"separate","Psychological_Science","dspart","227",0,0,0,0,1
"separate","Psychological_Science","dspart","228",0,0,0,0,1
"separate","Psychological_Science","dspart","229",0,0,0,0,1
"separate","Psychological_Science","dspart","230",0,0,0,0,1
"separate","Psychological_Science","dspart","231",0,0,0,0,1
"separate","Psychological_Science","dspart","232",0,0,0,0,1
"separate","Psychological_Science","dspart","233",0,0,0,0,1
"separate","Psychological_Science","dspart","234",0,0,0,0,1
"separate","Psychological_Science","dspart","235",0,0,0,0,1
"separate","Psychological_Science","dspart","236",0,0,0,0,1
"separate","Psychological_Science","dspart","237",0,0,0,0,1
"separate","Psychological_Science","dspart","238",0,0,0,0,1
"separate","Psychological_Science","dspart","239",0,0,0,0,1
"separate","Psychological_Science","dspart","240",0,0,0,0,1
"separate","Psychological_Science","dspart","241",0,0,0,0,1
"separate","Psychological_Science","dspart","242",0,0,0,0,1
"separate","Psychological_Science","dspart","243",0,0,0,0,1
"separate","Psychological_Science","dspart","244",0,0,0,0,1
"separate","Psychological_Science","dspart","245",0,0,0,0,1
"separate","Psychological_Science","dspart","246",0,0,0,0,1
"separate","Psychological_Science","dspart","247",0,0,0,0,1
"separate","Psychological_Science","dspart","248",0,0,0,0,1
"separate","Psychological_Science","dspart","249",0,0,0,0,1
"separate","Psychological_Science","dspart","250",0,0,0,0,1
"separate","Psychological_Science","dspart","251",0,0,0,0,1
"separate","Psychological_Science","dspart","252",0,0,0,0,1
"separate","Psychological_Science","dspart","253",0,0,0,0,1
"separate","Psychological_Science","dspart","254",0,0,0,0,1
"separate","Psychological_Science","dspart","255",0,0,0,0,1
"separate","Psychological_Science","dspart","256",0,0,0,0,1
"separate","Psychological_Science","dspart","257",0,0,0,0,1
"separate","Psychological_Science","dspart","258",0,0,0,0,1
"separate","Psychological_Science","dspart","259",0,0,0,0,1
"separate","Psychological_Science","dspart","260",0,0,0,0,1
"separate","Psychological_Science","dspart","261",0,0,0,0,1
"separate","Psychological_Science","dspart","262",0,0,0,0,1
"separate","Psychological_Science","dspart","263",0,0,0,0,1
"separate","Psychological_Science","dspart","264",0,0,0,0,1
"separate","Psychological_Science","dspart","265",0,0,0,0,1
"separate","Psychological_Science","dspart","266",0,0,0,0,1
"separate","Psychological_Science","dspart","267",0,0,0,0,1
"separate","Psychological_Science","dspart","268",0,0,0,0,1
"separate","Psychological_Science","dspart","269",0,0,0,0,1
"separate","Psychological_Science","dspart","270",0,0,0,0,1
"separate","Psychological_Science","dspart","271",0,0,0,0,1
"separate","Psychological_Science","dspart","272",0,0,0,0,1
"separate","Psychological_Science","dspart","273",0,0,0,0,1
"separate","Psychological_Science","dspart","274",0,0,0,0,1
"separate","Psychological_Science","dspart","275",0,0,0,0,1
"separate","Psychological_Science","dspart","276",0,0,0,0,1
"separate","Psychological_Science","dspart","277",0,0,0,0,1
"separate","Psychological_Science","dspart","278",0,0,0,0,1
"separate","Psychological_Science","dspart","279",0,0,0,0,1
"separate","Psychological_Science","dspart","280",0,0,0,0,1
"separate","Psychological_Science","dspart","281",0,0,0,0,1
"separate","Psychological_Science","dspart","282",0,0,0,0,1
"separate","Psychological_Science","dspart","283",0,0,0,0,1
"separate","Psychological_Science","dspart","284",0,0,0,0,1
"separate","Psychological_Science","dspart","285",0,0,0,0,1
"separate","Psychological_Science","dspart","286",0,0,0,0,1
"separate","Psychological_Science","dspart","287",0,0,0,0,1
"separate","Psychological_Science","dspart","288",0,0,0,0,1
"separate","Psychological_Science","dspart","289",0,0,0,0,1
"separate","Psychological_Science","dspart","290",0,0,0,0,1
"separate","Psychological_Science","dspart","291",0,0,0,0,1
"separate","Psychological_Science","dspart","292",0,0,0,0,1
"separate","Psychological_Science","dspart","293",0,0,0,0,1
"separate","Psychological_Science","dspart","294",0,0,0,0,1
"separate","Psychological_Science","dspart","295",0,0,0,0,1
"separate","Psychological_Science","dspart","296",0,0,0,0,1
"separate","Psychological_Science","dspart","297",0,0,0,0,1
"separate","Psychological_Science","dspart","298",0,0,0,0,1
"separate","Psychological_Science","dspart","299",0,0,0,0,1
"separate","Psychological_Science","dspart","300",0,0,0,0,1
"separate","Psychological_Science","dspart","301",0,0,0,0,1
"separate","Psychological_Science","dspart","302",0,0,0,0,1
"separate","Psychological_Science","dspart","303",0,0,0,0,1
"separate","Psychological_Science","dspart","304",0,0,0,0,1
"separate","Psychological_Science","dspart","305",0,0,0,0,1
"separate","Psychological_Science","dspart","306",0,0,0,0,1
"separate","Psychological_Science","dspart","307",0,0,0,0,1
"separate","Psychological_Science","dspart","308",0,0,0,0,1
"separate","Psychological_Science","dspart","309",0,0,0,0,1
"separate","Psychological_Science","dspart","310",0,0,0,0,1
"separate","Psychological_Science","dspart","311",0,0,0,0,1
"separate","Psychological_Science","dspart","312",0,0,0,0,1
"separate","Psychological_Science","dspart","313",0,0,0,0,1
"separate","Psychological_Science","dspart","314",0,0,0,0,1
"separate","Psychological_Science","dspart","315",0,0,0,0,1
"separate","Psychological_Science","dspart","316",0,0,0,0,1
"separate","Psychological_Science","dspart","317",0,0,0,0,1
"separate","Psychological_Science","dspart","318",0,0,0,0,1
"separate","Psychological_Science","dspart","319",0,0,0,0,1
"separate","Psychological_Science","dspart","320",0,0,0,0,1
"separate","Psychological_Science","dspart","321",0,0,0,0,1
"separate","Psychological_Science","dspart","322",0,0,0,0,1
"separate","Psychological_Science","dspart","323",0,0,0,0,1
"separate","Psychological_Science","dspart","324",0,0,0,0,1
"separate","Psychological_Science","dspart","325",0,0,0,0,1
"separate","Psychological_Science","dspart","326",0,0,0,0,1
"separate","Psychological_Science","dspart","327",0,0,0,0,1
"separate","Psychological_Science","dspart","328",0,0,0,0,1
"separate","Psychological_Science","dspart","329",0,0,0,0,1
"separate","Psychological_Science","dspart","330",0,0,0,0,1
"separate","Psychological_Science","dspart","331",0,0,0,0,1
"separate","Psychological_Science","dspart","332",0,0,0,0,1
"separate","Psychological_Science","dspart","333",0,0,0,0,1
"separate","Psychological_Science","dspart","334",0,0,0,0,1
"separate","Psychological_Science","dspart","335",0,0,0,0,1
"separate","Psychological_Science","dspart","336",0,0,0,0,1
"separate","Psychological_Science","dspart","337",0,0,0,0,1
"separate","Psychological_Science","dspart","338",0,0,0,0,1
"separate","Psychological_Science","dspart","339",0,0,0,0,1
"separate","Psychological_Science","dspart","340",0,0,0,0,1
"separate","Psychological_Science","dspart","341",0,0,0,0,1
"separate","Psychological_Science","dspart","342",0,0,0,0,1
"separate","Psychological_Science","dspart","343",0,0,0,0,1
"separate","Psychological_Science","dspart","344",0,0,0,0,1
"separate","Psychological_Science","dspart","345",0,0,0,0,1
"separate","Psychological_Science","dspart","346",0,0,0,0,1
"separate","Psychological_Science","dspart","347",0,0,0,0,1
"separate","Psychological_Science","dspart","348",0,0,0,0,1
"separate","Psychological_Science","dspart","349",0,0,0,0,1
"separate","Psychological_Science","dspart","350",0,0,0,0,1
"separate","Psychological_Science","dspart","351",0,0,0,0,1
"separate","Psychological_Science","dspart","352",0,0,0,0,1
"separate","Psychological_Science","dspart","353",0,0,0,0,1
"separate","Psychological_Science","dspart","354",0,0,0,0,1
"separate","Psychological_Science","dspart","355",0,0,0,0,1
"separate","Psychological_Science","dspart","356",0,0,0,0,1
"separate","Psychological_Science","dspart","357",0,0,0,0,1
"separate","Psychological_Science","dspart","358",0,0,0,0,1
"separate","Psychological_Science","dspart","359",0,0,0,0,1
"separate","Psychological_Science","dspart","360",0,0,0,0,1
"separate","Psychological_Science","dspart","361",0,0,0,0,1
"separate","Psychological_Science","dspart","362",0,0,0,0,1
"separate","Psychological_Science","dspart","363",0,0,0,0,1
"separate","Psychological_Science","dspart","364",0,0,0,0,1
"separate","Psychological_Science","dspart","365",0,0,0,0,1
"separate","Psychological_Science","dspart","366",0,0,0,0,1
"separate","Psychological_Science","dspart","367",0,0,0,0,1
"separate","Psychological_Science","dspart","368",0,0,0,0,1
"separate","Psychological_Science","dspart","369",0,0,0,0,1
"separate","Psychological_Science","dspart","370",0,0,0,0,1
"separate","Psychological_Science","dspart","371",0,0,0,0,1
"separate","Psychological_Science","dspart","372",0,0,0,0,1
"separate","Psychological_Science","dspart","373",0,0,0,0,1
"separate","Psychological_Science","dspart","374",0,0,0,0,1
"separate","Psychological_Science","dspart","375",0,0,0,0,1
"separate","Psychological_Science","dspart","376",0,0,0,0,1
"separate","Psychological_Science","dspart","377",0,0,0,0,1
"separate","Psychological_Science","dspart","378",0,0,0,0,1
"separate","Psychological_Science","dspart","379",0,0,0,0,1
"separate","Psychological_Science","dspart","380",0,0,0,0,1
"separate","Psychological_Science","dspart","381",0,0,0,0,1
"separate","Psychological_Science","dspart","382",0,0,0,0,1
"separate","Psychological_Science","dspart","383",0,0,0,0,1
"separate","Psychological_Science","dspart","384",0,0,0,0,1
"separate","Psychological_Science","dspart","385",0,0,0,0,1
"separate","Psychological_Science","dspart","386",0,0,0,0,1
"separate","Psychological_Science","dspart","387",0,0,0,0,1
"separate","Psychological_Science","dspart","388",0,0,0,0,1
"separate","Psychological_Science","dspart","389",0,0,0,0,1
"separate","Psychological_Science","dspart","390",0,0,0,0,1
"separate","Psychological_Science","dspart","391",0,0,0,0,1
"separate","Psychological_Science","dspart","392",0,0,0,0,1
"separate","Psychological_Science","dspart","393",0,0,0,0,1
"separate","Psychological_Science","dspart","394",0,0,0,0,1
"separate","Psychological_Science","dspart","395",0,0,0,0,1
"separate","Psychological_Science","dspart","396",0,0,0,0,1
"separate","Psychological_Science","dspart","397",0,0,0,0,1
"separate","Psychological_Science","dspart","398",0,0,0,0,1
"separate","Psychological_Science","dspart","399",0,0,0,0,1
"separate","Psychological_Science","dspart","400",0,0,0,0,1
"separate","Psychological_Science","dspart","401",0,0,0,0,1
"separate","Psychological_Science","dspart","402",0,0,0,0,1
"separate","Psychological_Science","dspart","403",0,0,0,0,1
"separate","Psychological_Science","dspart","404",0,0,0,0,1
"separate","Psychological_Science","dspart","405",0,0,0,0,1
"separate","Psychological_Science","dspart","406",0,0,0,0,1
"separate","Psychological_Science","dspart","407",0,0,0,0,1
"separate","Psychological_Science","dspart","408",0,0,0,0,1
"separate","Psychological_Science","dspart","409",0,0,0,0,1
"separate","Psychological_Science","dspart","410",0,0,0,0,1
"separate","Psychological_Science","dspart","411",0,0,0,0,1
"separate","Psychological_Science","dspart","412",0,0,0,0,1
"separate","Psychological_Science","dspart","413",0,0,0,0,1
"separate","Psychological_Science","dspart","414",0,0,0,0,1
"separate","Psychological_Science","dspart","415",0,0,0,0,1
"separate","Psychological_Science","dspart","416",0,0,0,0,1
"separate","Psychological_Science","dspart","417",0,0,0,0,1
"separate","Psychological_Science","dspart","418",0,0,0,0,1
"separate","Psychological_Science","dspart","419",0,0,0,0,1
"separate","Psychological_Science","dspart","420",0,0,0,0,1
"separate","Psychological_Science","dspart","421",0,0,0,0,1
"separate","Psychological_Science","dspart","422",0,0,0,0,1
"separate","Psychological_Science","dspart","423",0,0,0,0,1
"separate","Psychological_Science","dspart","424",0,0,0,0,1
"separate","Psychological_Science","dspart","425",0,0,0,0,1
"separate","Psychological_Science","dspart","426",0,0,0,0,1
"separate","Psychological_Science","dspart","427",0,0,0,0,1
"separate","Psychological_Science","dspart","428",0,0,0,0,1
"separate","Psychological_Science","dspart","429",0,0,0,0,1
"separate","Psychological_Science","dspart","430",0,0,0,0,1
"separate","Psychological_Science","dspart","431",0,0,0,0,1
"separate","Psychological_Science","dspart","432",0,0,0,0,1
"separate","Psychological_Science","dspart","433",0,0,0,0,1
"separate","Psychological_Science","dspart","434",0,0,0,0,1
"separate","Psychological_Science","dspart","435",0,0,0,0,1
"separate","Psychological_Science","dspart","436",0,0,0,0,1
"separate","Psychological_Science","dspart","437",0,0,0,0,1
"separate","Psychological_Science","dspart","438",0,0,0,0,1
"separate","Psychological_Science","dspart","439",0,0,0,0,1
"separate","Psychological_Science","dspart","440",0,0,0,0,1
"separate","Psychological_Science","dspart","441",0,0,0,0,1
"separate","Psychological_Science","dspart","442",0,0,0,0,1
"separate","Psychological_Science","dspart","443",0,0,0,0,1
"separate","Psychological_Science","dspart","444",0,0,0,0,1
"separate","Psychological_Science","dspart","445",0,0,0,0,1
"separate","Psychological_Science","dspart","446",0,0,0,0,1
"separate","Psychological_Science","dspart","447",0,0,0,0,1
"separate","Psychological_Science","dspart","448",0,0,0,0,1
"separate","Psychological_Science","dspart","449",0,0,0,0,1
"separate","Psychological_Science","dspart","450",0,0,0,0,1
"separate","Psychological_Science","dspart","451",0,0,0,0,1
"separate","Psychological_Science","dspart","452",0,0,0,0,1
"separate","Psychological_Science","dspart","453",0,0,0,0,1
"separate","Psychological_Science","dspart","454",0,0,0,0,1
"separate","Psychological_Science","dspart","455",0,0,0,0,1
"separate","Psychological_Science","dspart","456",0,0,0,0,1
"separate","Psychological_Science","dspart","457",0,0,0,0,1
"separate","Psychological_Science","dspart","458",0,0,0,0,1
"separate","Psychological_Science","dspart","459",0,0,0,0,1
"separate","Psychological_Science","dspart","460",0,0,0,0,1
"separate","Psychological_Science","dspart","461",0,0,0,0,1
"separate","Psychological_Science","dspart","462",0,0,0,0,1
"separate","Psychological_Science","dspart","463",0,0,0,0,1
"separate","Psychological_Science","dspart","464",0,0,0,0,1
"separate","Psychological_Science","dspart","465",0,0,0,0,1
"separate","Psychological_Science","dspart","466",0,0,0,0,1
"separate","Psychological_Science","dspart","467",0,0,0,0,1
"separate","Psychological_Science","dspart","468",0,0,0,0,1
"separate","Psychological_Science","dspart","469",0,0,0,0,1
"separate","Psychological_Science","dspart","470",0,0,0,0,1
"separate","Psychological_Science","dspart","471",0,0,0,0,1
"separate","Psychological_Science","dspart","472",0,0,0,0,1
"separate","Psychological_Science","dspart","473",0,0,0,0,1
"separate","Psychological_Science","dspart","474",0,0,0,0,1
"separate","Psychological_Science","dspart","475",0,0,0,0,1
"separate","Psychological_Science","dspart","476",0,0,0,0,1
"separate","Psychological_Science","dspart","477",0,0,0,0,1
"separate","Psychological_Science","dspart","478",0,0,0,0,1
"separate","Psychological_Science","dspart","479",0,0,0,0,1
"separate","Psychological_Science","dspart","480",0,0,0,0,1
"separate","Psychological_Science","dspart","481",0,0,0,0,1
"separate","Psychological_Science","dspart","482",0,0,0,0,1
"separate","Psychological_Science","dspart","483",0,0,0,0,1
"separate","Psychological_Science","dspart","484",0,0,0,0,1
"separate","Psychological_Science","dspart","485",0,0,0,0,1
"separate","Psychological_Science","dspart","486",0,0,0,0,1
"separate","Psychological_Science","dspart","487",0,0,0,0,1
"separate","Psychological_Science","dspart","488",0,0,0,0,1
"separate","Psychological_Science","dspart","489",0,0,0,0,1
"separate","Psychological_Science","dspart","490",0,0,0,0,1
"separate","Psychological_Science","dspart","491",0,0,0,0,1
"separate","Psychological_Science","dspart","492",0,0,0,0,1
"separate","Psychological_Science","dspart","493",0,0,0,0,1
"separate","Psychological_Science","dspart","494",0,0,0,0,1
"separate","Psychological_Science","dspart","495",0,0,0,0,1
"separate","Psychological_Science","dspart","496",0,0,0,0,1
"separate","Psychological_Science","dspart","497",0,0,0,0,1
"separate","Psychological_Science","dspart","498",0,0,0,0,1
"separate","Psychological_Science","dspart","499",0,0,0,0,1
"separate","Psychological_Science","dspart","500",0,0,0,0,1
"separate","Psychological_Science","dspart","501",0,0,0,0,1
"separate","Psychological_Science","dspart","502",0,0,0,0,1
"separate","Psychological_Science","dspart","503",0,0,0,0,1
"separate","Psychological_Science","dspart","504",0,0,0,0,1
"separate","Psychological_Science","dspart","505",0,0,0,0,1
"separate","Psychological_Science","dspart","506",0,0,0,0,1
"separate","Psychological_Science","dspart","507",0,0,0,0,1
"separate","Psychological_Science","dspart","508",0,0,0,0,1
"separate","Psychological_Science","dspart","509",0,0,0,0,1
"separate","Psychological_Science","dspart","510",0,0,0,0,1
"separate","Psychological_Science","dspart","511",0,0,0,0,1
"separate","Psychological_Science","dspart","512",0,0,0,0,1
"separate","Psychological_Science","dspart","513",0,0,0,0,1
"separate","Psychological_Science","dspart","514",0,0,0,0,1
"separate","Psychological_Science","dspart","515",0,0,0,0,1
"separate","Psychological_Science","dspart","516",0,0,0,0,1
"separate","Psychological_Science","dspart","517",0,0,0,0,1
"separate","Psychological_Science","dspart","518",0,0,0,0,1
"separate","Psychological_Science","dspart","519",0,0,0,0,1
"separate","Psychological_Science","dspart","520",0,0,0,0,1
"separate","Psychological_Science","dspart","521",0,0,0,0,1
"separate","Psychological_Science","dspart","522",0,0,0,0,1
"separate","Psychological_Science","dspart","523",0,0,0,0,1
"separate","Psychological_Science","dspart","524",0,0,0,0,1
"separate","Psychological_Science","dspart","525",0,0,0,0,1
"separate","Psychological_Science","dspart","526",0,0,0,0,1
"separate","Psychological_Science","dspart","527",0,0,0,0,1
"separate","Psychological_Science","dspart","528",0,0,0,0,1
"separate","Psychological_Science","dspart","529",0,0,0,0,1
"separate","Psychological_Science","dspart","530",0,0,0,0,1
"separate","Psychological_Science","dspart","531",0,0,0,0,1
"separate","Psychological_Science","dspart","532",0,0,0,0,1
"separate","Psychological_Science","dspart","533",0,0,0,0,1
"separate","Psychological_Science","dspart","534",0,0,0,0,1
"separate","Psychological_Science","dspart","535",0,0,0,0,1
"separate","Psychological_Science","dspart","536",0,0,0,0,1
"separate","Psychological_Science","dspart","537",0,0,0,0,1
"separate","Psychological_Science","dspart","538",0,0,0,0,1
"separate","Psychological_Science","dspart","539",0,0,0,0,1
"separate","Psychological_Science","dspart","540",0,0,0,0,1
"separate","Psychological_Science","dspart","541",0,0,0,0,1
"separate","Psychological_Science","dspart","542",0,0,0,0,1
"separate","Psychological_Science","dspart","543",0,0,0,0,1
"separate","Psychological_Science","dspart","544",0,0,0,0,1
"separate","Psychological_Science","dspart","545",0,0,0,0,1
"separate","Psychological_Science","dspart","546",0,0,0,0,1
"separate","Psychological_Science","dspart","547",0,0,0,0,1
"separate","Psychological_Science","dspart","548",0,0,0,0,1
"separate","Psychological_Science","dspart","549",0,0,0,0,1
"separate","Psychological_Science","dspart","550",0,0,0,0,1
"separate","Psychological_Science","dspart","551",0,0,0,0,1
"separate","Psychological_Science","dspart","552",0,0,0,0,1
"separate","Psychological_Science","dspart","553",0,0,0,0,1
"separate","Psychological_Science","dspart","554",0,0,0,0,1
"separate","Psychological_Science","dspart","555",0,0,0,0,1
"separate","Psychological_Science","dspart","556",0,0,0,0,1
"separate","Psychological_Science","dspart","557",0,0,0,0,1
"separate","Psychological_Science","dspart","558",0,0,0,0,1
"separate","Psychological_Science","dspart","559",0,0,0,0,1
"separate","Psychological_Science","dspart","560",0,0,0,0,1
"separate","Psychological_Science","dspart","561",0,0,0,0,1
"separate","Psychological_Science","dspart","562",0,0,0,0,1
"separate","Psychological_Science","dspart","563",0,0,0,0,1
"separate","Psychological_Science","dspart","564",0,0,0,0,1
"separate","Psychological_Science","dspart","565",0,0,0,0,1
"separate","Psychological_Science","dspart","566",0,0,0,0,1
"separate","Psychological_Science","dspart","567",0,0,0,0,1
"separate","Psychological_Science","dspart","568",0,0,0,0,1
"separate","Psychological_Science","dspart","569",0,0,0,0,1
"separate","Psychological_Science","dspart","570",0,0,0,0,1
"separate","Psychological_Science","dspart","571",0,0,0,0,1
"separate","Psychological_Science","dspart","572",0,0,0,0,1
"separate","Psychological_Science","dspart","573",0,0,0,0,1
"separate","Psychological_Science","dspart","574",0,0,0,0,1
"separate","Psychological_Science","dspart","575",0,0,0,0,1
"separate","Psychological_Science","dspart","576",0,0,0,0,1
"separate","Psychological_Science","dspart","577",0,0,0,0,1
"separate","Psychological_Science","dspart","578",0,0,0,0,1
"separate","Psychological_Science","dspart","579",0,0,0,0,1
"separate","Psychological_Science","dspart","580",0,0,0,0,1
"separate","Psychological_Science","dspart","581",0,0,0,0,1
"separate","Psychological_Science","dspart","582",0,0,0,0,1
"separate","Psychological_Science","dspart","583",0,0,0,0,1
"separate","Psychological_Science","dspart","584",0,0,0,0,1
"separate","Psychological_Science","dspart","585",0,0,0,0,1
"separate","Psychological_Science","dspart","586",0,0,0,0,1
"separate","Psychological_Science","dspart","587",0,0,0,0,1
"separate","Psychological_Science","dspart","588",0,0,0,0,1
"separate","Psychological_Science","dspart","589",0,0,0,0,1
"separate","Psychological_Science","dspart","590",0,0,0,0,1
"separate","Psychological_Science","dspart","591",0,0,0,0,1
"separate","Psychological_Science","dspart","592",0,0,0,0,1
"separate","Psychological_Science","dspart","593",0,0,0,0,1
"separate","Psychological_Science","dspart","594",0,0,0,0,1
"separate","Psychological_Science","dspart","595",0,0,0,0,1
"separate","Psychological_Science","dspart","596",0,0,0,0,1
"separate","Psychological_Science","dspart","597",0,0,0,0,1
"separate","Psychological_Science","dspart","598",0,0,0,0,1
"separate","Psychological_Science","dspart","599",0,0,0,0,1
"separate","Psychological_Science","dspart","600",0,0,0,0,1
"separate","Psychological_Science","dspart","601",0,0,0,0,1
"separate","Psychological_Science","dspart","602",0,0,0,0,1
"separate","Psychological_Science","dspart","603",0,0,0,0,1
"separate","Psychological_Science","dspart","604",0,0,0,0,1
"separate","Psychological_Science","dspart","605",0,0,0,0,1
"separate","Psychological_Science","dspart","606",0,0,0,0,1
"separate","Psychological_Science","dspart","607",0,0,0,0,1
"separate","Psychological_Science","dspart","608",0,0,0,0,1
"separate","Psychological_Science","dspart","609",0,0,0,0,1
"separate","Psychological_Science","dspart","610",0,0,0,0,1
"separate","Psychological_Science","dspart","611",0,0,0,0,1
"separate","Psychological_Science","dspart","612",0,0,0,0,1
"separate","Psychological_Science","dspart","613",0,0,0,0,1
"separate","Psychological_Science","dspart","614",0,0,0,0,1
"separate","Psychological_Science","dspart","615",0,0,0,0,1
"separate","Psychological_Science","dspart","616",0,0,0,0,1
"separate","Psychological_Science","dspart","617",0,0,0,0,1
"separate","Psychological_Science","dspart","618",0,0,0,0,1
"separate","Psychological_Science","dspart","619",0,0,0,0,1
"separate","Psychological_Science","dspart","620",0,0,0,0,1
"separate","Psychological_Science","dspart","621",0,0,0,0,1
"separate","Psychological_Science","dspart","622",0,0,0,0,1
"separate","Psychological_Science","dspart","623",0,0,0,0,1
"separate","Psychological_Science","dspart","624",0,0,0,0,1
"separate","Psychological_Science","dspart","625",0,0,0,0,1
"separate","Psychological_Science","dspart","626",0,0,0,0,1
"separate","Psychological_Science","dspart","627",0,0,0,0,1
"separate","Psychological_Science","dspart","628",0,0,0,0,1
"separate","Psychological_Science","dspart","629",0,0,0,0,1
"separate","Psychological_Science","dspart","630",0,0,0,0,1
"separate","Psychological_Science","dspart","631",0,0,0,0,1
"separate","Psychological_Science","dspart","632",0,0,0,0,1
"separate","Psychological_Science","dspart","633",0,0,0,0,1
"separate","Psychological_Science","dspart","634",0,0,0,0,1
"separate","Psychological_Science","dspart","635",0,0,0,0,1
"separate","Psychological_Science","dspart","636",0,0,0,0,1
"separate","Psychological_Science","dspart","637",0,0,0,0,1
"separate","Psychological_Science","dspart","638",0,0,0,0,1
"separate","Psychological_Science","dspart","639",0,0,0,0,1
"separate","Psychological_Science","dspart","640",0,0,0,0,1
"separate","Psychological_Science","dspart","641",0,0,0,0,1
"separate","Psychological_Science","dspart","642",0,0,0,0,1
"separate","Psychological_Science","dspart","643",0,0,0,0,1
"separate","Psychological_Science","dspart","644",0,0,0,0,1
"separate","Psychological_Science","dspart","645",0,0,0,0,1
"separate","Psychological_Science","dspart","646",0,0,0,0,1
"separate","Psychological_Science","dspart","647",0,0,0,0,1
"separate","Psychological_Science","dspart","648",0,0,0,0,1
"separate","Psychological_Science","dspart","649",0,0,0,0,1
"separate","Psychological_Science","dspart","650",0,0,0,0,1
"separate","Psychological_Science","dspart","651",0,0,0,0,1
"separate","Psychological_Science","dspart","652",0,0,0,0,1
"separate","Psychological_Science","dspart","653",0,0,0,0,1
"separate","Psychological_Science","dspart","654",0,0,0,0,1
"separate","Psychological_Science","dspart","655",0,0,0,0,1
"separate","Psychological_Science","dspart","656",0,0,0,0,1
"separate","Psychological_Science","dspart","657",0,0,0,0,1
"separate","Psychological_Science","dspart","658",0,0,0,0,1
"separate","Psychological_Science","dspart","659",0,0,0,0,1
"separate","Psychological_Science","dspart","660",0,0,0,0,1
"separate","Psychological_Science","dspart","661",0,0,0,0,1
"separate","Psychological_Science","dspart","662",0,0,0,0,1
"separate","Psychological_Science","dspart","663",0,0,0,0,1
"separate","Psychological_Science","dspart","664",0,0,0,0,1
"separate","Psychological_Science","dspart","665",0,0,0,0,1
"separate","Psychological_Science","dspart","666",0,0,0,0,1
"separate","Psychological_Science","dspart","667",0,0,0,0,1
"separate","Psychological_Science","dspart","668",0,0,0,0,1
"separate","Psychological_Science","dspart","669",0,0,0,0,1
"separate","Psychological_Science","dspart","670",0,0,0,0,1
"separate","Psychological_Science","dspart","671",0,0,0,0,1
"separate","Psychological_Science","dspart","672",0,0,0,0,1
"separate","Psychological_Science","dspart","673",0,0,0,0,1
"separate","Psychological_Science","dspart","674",0,0,0,0,1
"separate","Psychological_Science","dspart","675",0,0,0,0,1
"separate","Psychological_Science","dspart","676",0,0,0,0,1
"separate","Psychological_Science","dspart","677",0,0,0,0,1
"separate","Psychological_Science","dspart","678",0,0,0,0,1
"separate","Psychological_Science","dspart","679",0,0,0,0,1
"separate","Psychological_Science","dspart","680",0,0,0,0,1
"separate","Psychological_Science","dspart","681",0,0,0,0,1
"separate","Psychological_Science","dspart","682",0,0,0,0,1
"separate","Psychological_Science","dspart","683",0,0,0,0,1
"separate","Psychological_Science","dspart","684",0,0,0,0,1
"separate","Psychological_Science","dspart","685",0,0,0,0,1
"separate","Psychological_Science","dspart","686",0,0,0,0,1
"separate","Psychological_Science","dspart","687",0,0,0,0,1
"separate","Psychological_Science","dspart","688",0,0,0,0,1
"separate","Psychological_Science","dspart","689",0,0,0,0,1
"separate","Psychological_Science","dspart","690",0,0,0,0,1
"separate","Psychological_Science","dspart","691",0,0,0,0,1
"separate","Psychological_Science","dspart","692",0,0,0,0,1
"separate","Psychological_Science","dspart","693",0,0,0,0,1
"separate","Psychological_Science","dspart","694",0,0,0,0,1
"separate","Psychological_Science","dspart","695",0,0,0,0,1
"separate","Psychological_Science","dspart","696",0,0,0,0,1
"separate","Psychological_Science","dspart","697",0,0,0,0,1
"separate","Psychological_Science","dspart","698",0,0,0,0,1
"separate","Psychological_Science","dspart","699",0,0,0,0,1
"separate","Psychological_Science","dspart","700",0,0,0,0,1
"separate","Psychological_Science","dspart","701",0,0,0,0,1
"separate","Psychological_Science","dspart","702",0,0,0,0,1
"separate","Psychological_Science","dspart","703",0,0,0,0,1
"separate","Psychological_Science","dspart","704",0,0,0,0,1
"separate","Psychological_Science","dspart","705",0,0,0,0,1
"separate","Psychological_Science","dspart","706",0,0,0,0,1
"separate","Psychological_Science","dspart","707",0,0,0,0,1
"separate","Psychological_Science","dspart","708",0,0,0,0,1
"separate","Psychological_Science","dspart","709",0,0,0,0,1
"separate","Psychological_Science","dspart","710",0,0,0,0,1
"separate","Psychological_Science","dspart","711",0,0,0,0,1
"separate","Psychological_Science","dspart","712",0,0,0,0,1
"separate","Psychological_Science","dspart","713",0,0,0,0,1
"separate","Psychological_Science","dspart","714",0,0,0,0,1
"separate","Psychological_Science","dspart","715",0,0,0,0,1
"separate","Psychological_Science","dspart","716",0,0,0,0,1
"separate","Psychological_Science","dspart","717",0,0,0,0,1
"separate","Psychological_Science","dspart","718",0,0,0,0,1
"separate","Psychological_Science","dspart","719",0,0,0,0,1
"separate","Psychological_Science","dspart","720",0,0,0,0,1
"separate","Psychological_Science","dspart","721",0,0,0,0,1
"separate","Psychological_Science","dspart","722",0,0,0,0,1
"separate","Psychological_Science","dspart","723",0,0,0,0,1
"separate","Psychological_Science","dspart","724",0,0,0,0,1
"separate","Psychological_Science","dspart","725",0,0,0,0,1
"separate","Psychological_Science","dspart","726",0,0,0,0,1
"separate","Psychological_Science","dspart","727",0,0,0,0,1
"separate","Psychological_Science","espart","0",47,2187,2391.7,2527,0
"separate","Psychological_Science","espart","1",126,2137,2264.41,2433,0
"separate","Psychological_Science","espart","2",114,1416,1572.84,1702,0
"separate","Psychological_Science","espart","3",248,787,914.27,1022,0
"separate","Psychological_Science","espart","4",165,333,442.66,548,0
"separate","Psychological_Science","espart","5",84,120,185.14,262,0
"separate","Psychological_Science","espart","6",29,36,68.53,136,0
"separate","Psychological_Science","espart","7",0,7,22.61,76,0
"separate","Psychological_Science","espart","8",135,1,7.25,37,0
"separate","Psychological_Science","espart","9",0,0,2.19,23,0.46
"separate","Psychological_Science","espart","10",0,0,0.83,15,1
"separate","Psychological_Science","espart","11",0,0,0.19,5,1
"separate","Psychological_Science","espart","12",0,0,0.09,2,1
"separate","Psychological_Science","espart","13",0,0,0.04,3,1
"separate","Psychological_Science","espart","14",120,0,0,0,0
"separate","Psychological_Science","espart","15",0,0,0,0,1
"separate","Psychological_Science","espart","16",0,0,0,0,1
"separate","Psychological_Science","espart","17",0,0,0,0,1
"separate","Psychological_Science","espart","18",0,0,0,0,1
"separate","Psychological_Science","espart","19",0,0,0,0,1
"separate","Psychological_Science","espart","20",0,0,0,0,1
"separate","Psychological_Science","espart","21",0,0,0,0,1
"separate","Psychological_Science","espart","22",0,0,0,0,1
"separate","Psychological_Science","espart","23",0,0,0,0,1
"separate","Psychological_Science","espart","24",0,0,0,0,1
"separate","Psychological_Science","espart","25",0,0,0,0,1
"separate","Psychological_Science","espart","26",0,0,0,0,1
"separate","Psychological_Science","espart","27",406,0,0,0,0
"separate","Psychological_Science","espart","28",0,0,0,0,1
"separate","Psychological_Science","espart","29",0,0,0,0,1
"separate","Psychological_Science","espart","30",0,0,0,0,1
"separate","Psychological_Science","espart","31",0,0,0,0,1
"separate","Psychological_Science","espart","32",0,0,0,0,1
"separate","Psychological_Science","espart","33",0,0,0,0,1
"separate","Psychological_Science","espart","34",630,0,0,0,0
"separate","Psychological_Science","espart","35",0,0,0,0,1
"separate","Psychological_Science","espart","36",0,0,0,0,1
"separate","Psychological_Science","espart","37",0,0,0,0,1
"separate","Psychological_Science","espart","38",0,0,0,0,1
"separate","Psychological_Science","espart","39",0,0,0,0,1
"separate","Psychological_Science","espart","40",0,0,0,0,1
"separate","Psychological_Science","espart","41",0,0,0,0,1
"separate","Psychological_Science","espart","42",0,0,0,0,1
"separate","Psychological_Science","espart","43",0,0,0,0,1
"separate","Psychological_Science","espart","44",0,0,0,0,1
"separate","Psychological_Science","espart","45",0,0,0,0,1
"separate","Psychological_Science","espart","46",0,0,0,0,1
"separate","Psychological_Science","espart","47",0,0,0,0,1
"separate","Psychological_Science","espart","48",0,0,0,0,1
"separate","Psychological_Science","espart","49",0,0,0,0,1
"separate","Psychological_Science","espart","50",0,0,0,0,1
"separate","Psychological_Science","espart","51",0,0,0,0,1
"separate","Psychological_Science","espart","52",0,0,0,0,1
"separate","Psychological_Science","espart","53",0,0,0,0,1
"separate","Psychological_Science","espart","54",0,0,0,0,1
"separate","Psychological_Science","espart","55",0,0,0,0,1
"separate","Psychological_Science","espart","56",0,0,0,0,1
"separate","Psychological_Science","espart","57",0,0,0,0,1
"separate","Psychological_Science","espart","58",0,0,0,0,1
"separate","Psychological_Science","espart","59",0,0,0,0,1
"separate","Psychological_Science","espart","60",0,0,0,0,1
"separate","Psychological_Science","espart","61",0,0,0,0,1
"separate","Psychological_Science","espart","62",0,0,0,0,1
"separate","Psychological_Science","espart","63",0,0,0,0,1
"separate","Psychological_Science","espart","64",0,0,0,0,1
"separate","Psychological_Science","espart","65",0,0,0,0,1
"separate","Psychological_Science","espart","66",0,0,0,0,1
"separate","Psychological_Science","espart","67",0,0,0,0,1
"separate","Psychological_Science","espart","68",0,0,0,0,1
"separate","Psychological_Science","espart","69",0,0,0,0,1
"separate","Psychological_Science","espart","70",0,0,0,0,1
"separate","Psychological_Science","espart","71",0,0,0,0,1
"separate","Psychological_Science","espart","72",0,0,0,0,1
"separate","Psychological_Science","espart","73",0,0,0,0,1
"separate","Psychological_Science","espart","74",0,0,0,0,1
"separate","Psychological_Science","espart","75",0,0,0,0,1
"separate","Psychological_Science","espart","76",0,0,0,0,1
"separate","Psychological_Science","espart","77",0,0,0,0,1
"separate","Psychological_Science","espart","78",0,0,0,0,1
"separate","Psychological_Science","espart","79",0,0,0,0,1
"separate","Psychological_Science","espart","80",0,0,0,0,1
"separate","Psychological_Science","espart","81",0,0,0,0,1
"separate","Psychological_Science","espart","82",0,0,0,0,1
"separate","Psychological_Science","espart","83",0,0,0,0,1
"separate","Psychological_Science","espart","84",0,0,0,0,1
"separate","Psychological_Science","espart","85",0,0,0,0,1
"separate","Psychological_Science","espart","86",0,0,0,0,1
"separate","Psychological_Science","espart","87",0,0,0,0,1
"separate","Psychological_Science","espart","88",0,0,0,0,1
"separate","Psychological_Science","espart","89",0,0,0,0,1
"separate","Psychological_Science","espart","90",0,0,0,0,1
"separate","Psychological_Science","espart","91",0,0,0,0,1
"separate","Psychological_Science","espart","92",0,0,0,0,1
"separate","Psychological_Science","espart","93",0,0,0,0,1
"separate","Psychological_Science","espart","94",0,0,0,0,1
"separate","Psychological_Science","espart","95",0,0,0,0,1
"separate","Psychological_Science","espart","96",0,0,0,0,1
"separate","Psychological_Science","espart","97",0,0,0,0,1
"separate","Psychological_Science","espart","98",0,0,0,0,1
"separate","Psychological_Science","espart","99",0,0,0,0,1
"separate","Psychological_Science","espart","100",0,0,0,0,1
"separate","Psychological_Science","espart","101",0,0,0,0,1
"separate","Psychological_Science","espart","102",0,0,0,0,1
"separate","Psychological_Science","espart","103",0,0,0,0,1
"separate","Psychological_Science","espart","104",0,0,0,0,1
"separate","Psychological_Science","espart","105",0,0,0,0,1
"separate","Psychological_Science","espart","106",5778,0,0,0,0
"separate","Psychological_Science","espart","107",0,0,0,0,1
"separate","Psychological_Science","espart","108",0,0,0,0,1
"separate","Psychological_Science","espart","109",0,0,0,0,1
"separate","Psychological_Science","espart","110",0,0,0,0,1
"separate","Psychological_Science","espart","111",0,0,0,0,1
"separate","Psychological_Science","espart","112",0,0,0,0,1
"separate","Psychological_Science","espart","113",0,0,0,0,1
"separate","Psychological_Science","espart","114",0,0,0,0,1
"separate","Psychological_Science","espart","115",0,0,0,0,1
"separate","Psychological_Science","espart","116",0,0,0,0,1
"separate","Psychological_Science","espart","117",0,0,0,0,1
"separate","Psychological_Science","espart","118",0,0,0,0,1
"separate","Psychological_Science","espart","119",0,0,0,0,1
"separate","Psychological_Science","espart","120",0,0,0,0,1
"separate","Psychological_Science","espart","121",0,0,0,0,1
"separate","Psychological_Science","espart","122",0,0,0,0,1
"separate","Psychological_Science","espart","123",0,0,0,0,1
"separate","Psychological_Science","espart","124",0,0,0,0,1
"separate","Psychological_Science","espart","125",0,0,0,0,1
"separate","Psychological_Science","espart","126",0,0,0,0,1
"separate","Psychological_Science","espart","127",0,0,0,0,1
"separate","Psychological_Science","espart","128",0,0,0,0,1
"separate","Psychological_Science","espart","129",0,0,0,0,1
"separate","Psychological_Science","espart","130",0,0,0,0,1
"separate","Psychological_Science","espart","131",0,0,0,0,1
"separate","Psychological_Science","espart","132",0,0,0,0,1
"separate","Psychological_Science","espart","133",0,0,0,0,1
"separate","Psychological_Science","espart","134",0,0,0,0,1
"separate","Psychological_Science","espart","135",0,0,0,0,1
"separate","Psychological_Science","espart","136",0,0,0,0,1
"separate","Psychological_Science","espart","137",0,0,0,0,1
"separate","Psychological_Science","espart","138",0,0,0,0,1
"separate","Psychological_Science","espart","139",0,0,0,0,1
"separate","Psychological_Science","espart","140",0,0,0,0,1
"separate","Psychological_Science","espart","141",0,0,0,0,1
"separate","Psychological_Science","espart","142",0,0,0,0,1
"separate","Psychological_Science","espart","143",0,0,0,0,1
"separate","Psychological_Science","espart","144",0,0,0,0,1
"separate","Psychological_Science","espart","145",0,0,0,0,1
"separate","Psychological_Science","espart","146",0,0,0,0,1
"separate","Psychological_Science","espart","147",0,0,0,0,1
"separate","Psychological_Science","espart","148",0,0,0,0,1
"separate","Psychological_Science","espart","149",0,0,0,0,1
"separate","Psychological_Science","espart","150",0,0,0,0,1
"separate","Psychological_Science","espart","151",0,0,0,0,1
"separate","Psychological_Science","espart","152",0,0,0,0,1
"separate","Psychological_Science","espart","153",0,0,0,0,1
"separate","Psychological_Science","espart","154",0,0,0,0,1
"separate","Psychological_Science","espart","155",0,0,0,0,1
"separate","Psychological_Science","espart","156",0,0,0,0,1
"separate","Psychological_Science","espart","157",0,0,0,0,1
"separate","Psychological_Science","espart","158",0,0,0,0,1
"separate","Psychological_Science","espart","159",0,0,0,0,1
"separate","Psychological_Science","espart","160",0,0,0,0,1
"separate","Psychological_Science","espart","161",0,0,0,0,1
"separate","Psychological_Science","espart","162",0,0,0,0,1
"separate","Psychological_Science","espart","163",0,0,0,0,1
"separate","Psychological_Science","espart","164",0,0,0,0,1
"separate","Psychological_Science","espart","165",0,0,0,0,1
"separate","Psychological_Science","espart","166",0,0,0,0,1
"separate","Psychological_Science","espart","167",0,0,0,0,1
"separate","Psychological_Science","espart","168",0,0,0,0,1
"separate","Psychological_Science","espart","169",0,0,0,0,1
"separate","Psychological_Science","espart","170",0,0,0,0,1
"separate","Psychological_Science","espart","171",0,0,0,0,1
"separate","Psychological_Science","espart","172",0,0,0,0,1
"separate","Psychological_Science","espart","173",0,0,0,0,1
"separate","Psychological_Science","espart","174",0,0,0,0,1
"separate","Psychological_Science","espart","175",0,0,0,0,1
"separate","Psychological_Science","espart","176",0,0,0,0,1
"separate","Psychological_Science","espart","177",0,0,0,0,1
"separate","Psychological_Science","espart","178",0,0,0,0,1
"separate","Psychological_Science","espart","179",0,0,0,0,1
"separate","Psychological_Science","espart","180",0,0,0,0,1
"separate","Psychological_Science","espart","181",0,0,0,0,1
"separate","Psychological_Science","espart","182",0,0,0,0,1
"separate","Psychological_Science","espart","183",0,0,0,0,1
"separate","Psychological_Science","espart","184",0,0,0,0,1
"separate","Psychological_Science","espart","185",0,0,0,0,1
"separate","Psychological_Science","espart","186",0,0,0,0,1
"separate","Psychological_Science","espart","187",0,0,0,0,1
"separate","Psychological_Science","espart","188",0,0,0,0,1
"separate","Psychological_Science","espart","189",0,0,0,0,1
"separate","Psychological_Science","espart","190",0,0,0,0,1
"separate","Psychological_Science","espart","191",0,0,0,0,1
"separate","Psychological_Science","espart","192",0,0,0,0,1
"separate","Psychological_Science","espart","193",0,0,0,0,1
"separate","Psychological_Science","espart","194",0,0,0,0,1
"separate","Psychological_Science","espart","195",0,0,0,0,1
"separate","Psychological_Science","espart","196",0,0,0,0,1
"separate","Psychological_Science","espart","197",0,0,0,0,1
"separate","Psychological_Science","espart","198",0,0,0,0,1
"separate","Psychological_Science","espart","199",0,0,0,0,1
"separate","Psychological_Science","espart","200",0,0,0,0,1
"separate","Psychological_Science","espart","201",0,0,0,0,1
"separate","Psychological_Science","espart","202",0,0,0,0,1
"separate","Psychological_Science","espart","203",0,0,0,0,1
"separate","Psychological_Science","espart","204",0,0,0,0,1
"separate","Psychological_Science","espart","205",0,0,0,0,1
"separate","Psychological_Science","espart","206",0,0,0,0,1
"separate","Psychological_Science","espart","207",0,0,0,0,1
"separate","Psychological_Science","espart","208",0,0,0,0,1
"separate","Psychological_Science","espart","209",0,0,0,0,1
"separate","Psychological_Science","espart","210",0,0,0,0,1
"separate","Psychological_Science","espart","211",0,0,0,0,1
"separate","Psychological_Science","espart","212",0,0,0,0,1
"separate","Psychological_Science","espart","213",0,0,0,0,1
"separate","Psychological_Science","espart","214",0,0,0,0,1
"separate","Psychological_Science","espart","215",0,0,0,0,1
"separate","Psychological_Science","espart","216",0,0,0,0,1
"separate","Psychological_Science","espart","217",0,0,0,0,1
"separate","Psychological_Science","espart","218",0,0,0,0,1
"separate","Psychological_Science","espart","219",0,0,0,0,1
"separate","Psychological_Science","espart","220",0,0,0,0,1
"separate","Psychological_Science","espart","221",0,0,0,0,1
"separate","Psychological_Science","espart","222",0,0,0,0,1
"separate","Psychological_Science","espart","223",0,0,0,0,1
"separate","Psychological_Science","espart","224",0,0,0,0,1
"separate","Psychological_Science","espart","225",0,0,0,0,1
"separate","Psychological_Science","espart","226",0,0,0,0,1
"separate","Psychological_Science","espart","227",0,0,0,0,1
"separate","Psychological_Science","espart","228",0,0,0,0,1
"separate","Psychological_Science","espart","229",0,0,0,0,1
"separate","Psychological_Science","espart","230",0,0,0,0,1
"separate","Psychological_Science","espart","231",0,0,0,0,1
"separate","Psychological_Science","espart","232",0,0,0,0,1
"separate","Psychological_Science","espart","233",0,0,0,0,1
"separate","Psychological_Science","espart","234",0,0,0,0,1
"separate","Psychological_Science","espart","235",0,0,0,0,1
"separate","Psychological_Science","espart","236",0,0,0,0,1
"separate","Psychological_Science","espart","237",0,0,0,0,1
"separate","Psychological_Science","espart","238",0,0,0,0,1
"separate","Psychological_Science","espart","239",0,0,0,0,1
"separate","Psychological_Science","espart","240",0,0,0,0,1
"separate","Psychological_Science","espart","241",0,0,0,0,1
"separate","Psychological_Science","espart","242",0,0,0,0,1
"separate","Psychological_Science","espart","243",0,0,0,0,1
"separate","Psychological_Science","espart","244",0,0,0,0,1
"separate","Psychological_Science","espart","245",0,0,0,0,1
"separate","Psychological_Science","espart","246",0,0,0,0,1
"separate","Psychological_Science","espart","247",0,0,0,0,1
"separate","Psychological_Science","espart","248",0,0,0,0,1
"separate","Psychological_Science","espart","249",0,0,0,0,1
"separate","Psychological_Science","espart","250",0,0,0,0,1
"separate","Psychological_Science","espart","251",0,0,0,0,1
"separate","Psychological_Science","espart","252",0,0,0,0,1
"separate","Psychological_Science","espart","253",0,0,0,0,1
"separate","Psychological_Science","espart","254",0,0,0,0,1
"separate","Psychological_Science","espart","255",0,0,0,0,1
"separate","Psychological_Science","espart","256",0,0,0,0,1
"separate","Psychological_Science","espart","257",0,0,0,0,1
"separate","Psychological_Science","espart","258",0,0,0,0,1
"separate","Psychological_Science","espart","259",0,0,0,0,1
"separate","Psychological_Science","espart","260",0,0,0,0,1
"separate","Psychological_Science","espart","261",0,0,0,0,1
"separate","Psychological_Science","espart","262",0,0,0,0,1
"separate","Psychological_Science","espart","263",0,0,0,0,1
"separate","Psychological_Science","espart","264",0,0,0,0,1
"separate","Psychological_Science","espart","265",0,0,0,0,1
"separate","Psychological_Science","espart","266",0,0,0,0,1
"separate","Psychological_Science","espart","267",0,0,0,0,1
"separate","Psychological_Science","espart","268",0,0,0,0,1
"separate","Psychological_Science","espart","269",0,0,0,0,1
"separate","Psychological_Science","espart","270",0,0,0,0,1
"separate","Psychological_Science","espart","271",0,0,0,0,1
"separate","Psychological_Science","espart","272",0,0,0,0,1
"separate","Psychological_Science","espart","273",0,0,0,0,1
"separate","Psychological_Science","espart","274",0,0,0,0,1
"separate","Psychological_Science","espart","275",0,0,0,0,1
"separate","Psychological_Science","espart","276",0,0,0,0,1
"separate","Psychological_Science","espart","277",0,0,0,0,1
"separate","Psychological_Science","espart","278",0,0,0,0,1
"separate","Psychological_Science","espart","279",0,0,0,0,1
"separate","Psychological_Science","espart","280",0,0,0,0,1
"separate","Psychological_Science","espart","281",0,0,0,0,1
"separate","Psychological_Science","espart","282",0,0,0,0,1
"separate","Psychological_Science","espart","283",0,0,0,0,1
"separate","Psychological_Science","espart","284",0,0,0,0,1
"separate","Psychological_Science","espart","285",0,0,0,0,1
"separate","Psychological_Science","espart","286",0,0,0,0,1
"separate","Psychological_Science","espart","287",0,0,0,0,1
"separate","Psychological_Science","espart","288",0,0,0,0,1
"separate","Psychological_Science","espart","289",0,0,0,0,1
"separate","Psychological_Science","espart","290",0,0,0,0,1
"separate","Psychological_Science","espart","291",0,0,0,0,1
"separate","Psychological_Science","espart","292",0,0,0,0,1
"separate","Psychological_Science","espart","293",0,0,0,0,1
"separate","Psychological_Science","espart","294",0,0,0,0,1
"separate","Psychological_Science","espart","295",0,0,0,0,1
"separate","Psychological_Science","espart","296",0,0,0,0,1
"separate","Psychological_Science","espart","297",0,0,0,0,1
"separate","Psychological_Science","espart","298",0,0,0,0,1
"separate","Psychological_Science","espart","299",0,0,0,0,1
"separate","Psychological_Science","espart","300",0,0,0,0,1
"separate","Psychological_Science","espart","301",0,0,0,0,1
"separate","Psychological_Science","espart","302",0,0,0,0,1
"separate","Psychological_Science","espart","303",0,0,0,0,1
"separate","Psychological_Science","espart","304",0,0,0,0,1
"separate","Psychological_Science","espart","305",0,0,0,0,1
"separate","Psychological_Science","espart","306",0,0,0,0,1
"separate","Psychological_Science","espart","307",0,0,0,0,1
"separate","Psychological_Science","espart","308",0,0,0,0,1
"separate","Psychological_Science","espart","309",0,0,0,0,1
"separate","Psychological_Science","espart","310",0,0,0,0,1
"separate","Psychological_Science","espart","311",0,0,0,0,1
"separate","Psychological_Science","espart","312",0,0,0,0,1
"separate","Psychological_Science","espart","313",0,0,0,0,1
"separate","Psychological_Science","espart","314",0,0,0,0,1
"separate","Psychological_Science","espart","315",0,0,0,0,1
"separate","Psychological_Science","espart","316",0,0,0,0,1
"separate","Psychological_Science","espart","317",0,0,0,0,1
"separate","Psychological_Science","espart","318",0,0,0,0,1
"separate","Psychological_Science","espart","319",0,0,0,0,1
"separate","Psychological_Science","espart","320",0,0,0,0,1
"separate","Psychological_Science","espart","321",0,0,0,0,1
"separate","Psychological_Science","espart","322",0,0,0,0,1
"separate","Psychological_Science","espart","323",0,0,0,0,1
"separate","Psychological_Science","espart","324",0,0,0,0,1
"separate","Psychological_Science","espart","325",0,0,0,0,1
"separate","Psychological_Science","espart","326",0,0,0,0,1
"separate","Psychological_Science","espart","327",0,0,0,0,1
"separate","Psychological_Science","espart","328",0,0,0,0,1
"separate","Psychological_Science","espart","329",0,0,0,0,1
"separate","Psychological_Science","espart","330",0,0,0,0,1
"separate","Psychological_Science","espart","331",0,0,0,0,1
"separate","Psychological_Science","espart","332",0,0,0,0,1
"separate","Psychological_Science","espart","333",0,0,0,0,1
"separate","Psychological_Science","espart","334",0,0,0,0,1
"separate","Psychological_Science","espart","335",0,0,0,0,1
"separate","Psychological_Science","espart","336",0,0,0,0,1
"separate","Psychological_Science","espart","337",0,0,0,0,1
"separate","Psychological_Science","espart","338",0,0,0,0,1
"separate","Psychological_Science","espart","339",0,0,0,0,1
"separate","Psychological_Science","espart","340",0,0,0,0,1
"separate","Psychological_Science","espart","341",0,0,0,0,1
"separate","Psychological_Science","espart","342",0,0,0,0,1
"separate","Psychological_Science","espart","343",0,0,0,0,1
"separate","Psychological_Science","espart","344",0,0,0,0,1
"separate","Psychological_Science","espart","345",0,0,0,0,1
"separate","Psychological_Science","espart","346",0,0,0,0,1
"separate","Psychological_Science","espart","347",0,0,0,0,1
"separate","Psychological_Science","espart","348",0,0,0,0,1
"separate","Psychological_Science","espart","349",0,0,0,0,1
"separate","Psychological_Science","espart","350",0,0,0,0,1
"separate","Psychological_Science","espart","351",0,0,0,0,1
"separate","Psychological_Science","espart","352",0,0,0,0,1
"separate","Psychological_Science","espart","353",0,0,0,0,1
"separate","Psychological_Science","espart","354",0,0,0,0,1
"separate","Psychological_Science","espart","355",0,0,0,0,1
"separate","Psychological_Science","espart","356",0,0,0,0,1
"separate","Psychological_Science","espart","357",0,0,0,0,1
"separate","Psychological_Science","espart","358",0,0,0,0,1
"separate","Psychological_Science","espart","359",0,0,0,0,1
"separate","Psychological_Science","espart","360",0,0,0,0,1
"separate","Psychological_Science","espart","361",0,0,0,0,1
"separate","Psychological_Science","espart","362",0,0,0,0,1
"separate","Psychological_Science","espart","363",0,0,0,0,1
"separate","Psychological_Science","espart","364",0,0,0,0,1
"separate","Psychological_Science","espart","365",0,0,0,0,1
"separate","Psychological_Science","espart","366",0,0,0,0,1
"separate","Psychological_Science","espart","367",0,0,0,0,1
"separate","Psychological_Science","espart","368",0,0,0,0,1
"separate","Psychological_Science","espart","369",0,0,0,0,1
"separate","Psychological_Science","espart","370",0,0,0,0,1
"separate","Psychological_Science","espart","371",0,0,0,0,1
"separate","Psychological_Science","espart","372",0,0,0,0,1
"separate","Psychological_Science","espart","373",0,0,0,0,1
"separate","Psychological_Science","espart","374",0,0,0,0,1
"separate","Psychological_Science","espart","375",0,0,0,0,1
"separate","Psychological_Science","espart","376",0,0,0,0,1
"separate","Psychological_Science","espart","377",0,0,0,0,1
"separate","Psychological_Science","espart","378",0,0,0,0,1
"separate","Psychological_Science","espart","379",0,0,0,0,1
"separate","Psychological_Science","espart","380",0,0,0,0,1
"separate","Psychological_Science","espart","381",0,0,0,0,1
"separate","Psychological_Science","espart","382",0,0,0,0,1
"separate","Psychological_Science","espart","383",0,0,0,0,1
"separate","Psychological_Science","espart","384",0,0,0,0,1
"separate","Psychological_Science","espart","385",0,0,0,0,1
"separate","Psychological_Science","espart","386",0,0,0,0,1
"separate","Psychological_Science","espart","387",0,0,0,0,1
"separate","Psychological_Science","espart","388",0,0,0,0,1
"separate","Psychological_Science","espart","389",0,0,0,0,1
"separate","Psychological_Science","espart","390",0,0,0,0,1
"separate","Psychological_Science","espart","391",0,0,0,0,1
"separate","Psychological_Science","espart","392",0,0,0,0,1
"separate","Psychological_Science","espart","393",0,0,0,0,1
"separate","Psychological_Science","espart","394",0,0,0,0,1
"separate","Psychological_Science","espart","395",0,0,0,0,1
"separate","Psychological_Science","espart","396",0,0,0,0,1
"separate","Psychological_Science","espart","397",0,0,0,0,1
"separate","Psychological_Science","espart","398",0,0,0,0,1
"separate","Psychological_Science","espart","399",0,0,0,0,1
"separate","Psychological_Science","espart","400",0,0,0,0,1
"separate","Psychological_Science","espart","401",0,0,0,0,1
"separate","Psychological_Science","espart","402",0,0,0,0,1
"separate","Psychological_Science","espart","403",0,0,0,0,1
"separate","Psychological_Science","espart","404",0,0,0,0,1
"separate","Psychological_Science","espart","405",0,0,0,0,1
"separate","Psychological_Science","espart","406",0,0,0,0,1
"separate","Psychological_Science","espart","407",0,0,0,0,1
"separate","Psychological_Science","espart","408",0,0,0,0,1
"separate","Psychological_Science","espart","409",0,0,0,0,1
"separate","Psychological_Science","espart","410",0,0,0,0,1
"separate","Psychological_Science","espart","411",0,0,0,0,1
"separate","Psychological_Science","espart","412",0,0,0,0,1
"separate","Psychological_Science","espart","413",0,0,0,0,1
"separate","Psychological_Science","espart","414",0,0,0,0,1
"separate","Psychological_Science","espart","415",0,0,0,0,1
"separate","Psychological_Science","espart","416",0,0,0,0,1
"separate","Psychological_Science","espart","417",0,0,0,0,1
"separate","Psychological_Science","espart","418",0,0,0,0,1
"separate","Psychological_Science","espart","419",0,0,0,0,1
"separate","Psychological_Science","espart","420",0,0,0,0,1
"separate","Psychological_Science","espart","421",0,0,0,0,1
"separate","Psychological_Science","espart","422",0,0,0,0,1
"separate","Psychological_Science","espart","423",0,0,0,0,1
"separate","Psychological_Science","espart","424",0,0,0,0,1
"separate","Psychological_Science","espart","425",0,0,0,0,1
"separate","Psychological_Science","espart","426",0,0,0,0,1
"separate","Psychological_Science","espart","427",0,0,0,0,1
"separate","Psychological_Science","espart","428",0,0,0,0,1
"separate","Psychological_Science","espart","429",0,0,0,0,1
"separate","Psychological_Science","espart","430",0,0,0,0,1
"separate","Psychological_Science","espart","431",0,0,0,0,1
"separate","Psychological_Science","espart","432",0,0,0,0,1
"separate","Psychological_Science","espart","433",0,0,0,0,1
"separate","Psychological_Science","espart","434",0,0,0,0,1
"separate","Psychological_Science","espart","435",0,0,0,0,1
"separate","Psychological_Science","espart","436",0,0,0,0,1
"separate","Psychological_Science","espart","437",0,0,0,0,1
"separate","Psychological_Science","espart","438",0,0,0,0,1
"separate","Psychological_Science","espart","439",0,0,0,0,1
"separate","Psychological_Science","espart","440",0,0,0,0,1
"separate","Psychological_Science","espart","441",0,0,0,0,1
"separate","Psychological_Science","espart","442",0,0,0,0,1
"separate","Psychological_Science","espart","443",0,0,0,0,1
"separate","Psychological_Science","espart","444",0,0,0,0,1
"separate","Psychological_Science","espart","445",0,0,0,0,1
"separate","Psychological_Science","espart","446",0,0,0,0,1
"separate","Psychological_Science","espart","447",0,0,0,0,1
"separate","Psychological_Science","espart","448",0,0,0,0,1
"separate","Psychological_Science","espart","449",0,0,0,0,1
"separate","Psychological_Science","espart","450",0,0,0,0,1
"separate","Psychological_Science","espart","451",0,0,0,0,1
"separate","Psychological_Science","espart","452",0,0,0,0,1
"separate","Psychological_Science","espart","453",0,0,0,0,1
"separate","Psychological_Science","espart","454",0,0,0,0,1
"separate","Psychological_Science","espart","455",0,0,0,0,1
"separate","Psychological_Science","espart","456",0,0,0,0,1
"separate","Psychological_Science","espart","457",0,0,0,0,1
"separate","Psychological_Science","espart","458",0,0,0,0,1
"separate","Psychological_Science","espart","459",0,0,0,0,1
"separate","Psychological_Science","espart","460",0,0,0,0,1
"separate","Psychological_Science","espart","461",0,0,0,0,1
"separate","Psychological_Science","espart","462",0,0,0,0,1
"separate","Psychological_Science","espart","463",0,0,0,0,1
"separate","Psychological_Science","espart","464",0,0,0,0,1
"separate","Psychological_Science","espart","465",0,0,0,0,1
"separate","Psychological_Science","espart","466",0,0,0,0,1
"separate","Psychological_Science","espart","467",0,0,0,0,1
"separate","Psychological_Science","espart","468",0,0,0,0,1
"separate","Psychological_Science","espart","469",0,0,0,0,1
"separate","Psychological_Science","espart","470",0,0,0,0,1
"separate","Psychological_Science","espart","471",0,0,0,0,1
"separate","Psychological_Science","espart","472",0,0,0,0,1
"separate","Psychological_Science","espart","473",0,0,0,0,1
"separate","Psychological_Science","espart","474",0,0,0,0,1
"separate","Psychological_Science","espart","475",0,0,0,0,1
"separate","Psychological_Science","espart","476",0,0,0,0,1
"separate","Psychological_Science","espart","477",0,0,0,0,1
"separate","Psychological_Science","espart","478",0,0,0,0,1
"separate","Psychological_Science","espart","479",0,0,0,0,1
"separate","Psychological_Science","espart","480",0,0,0,0,1
"separate","Psychological_Science","espart","481",0,0,0,0,1
"separate","Psychological_Science","espart","482",0,0,0,0,1
"separate","Psychological_Science","espart","483",0,0,0,0,1
"separate","Psychological_Science","espart","484",0,0,0,0,1
"separate","Psychological_Science","espart","485",0,0,0,0,1
"separate","Psychological_Science","espart","486",0,0,0,0,1
"separate","Psychological_Science","espart","487",0,0,0,0,1
"separate","Psychological_Science","espart","488",0,0,0,0,1
"separate","Psychological_Science","espart","489",0,0,0,0,1
"separate","Psychological_Science","espart","490",0,0,0,0,1
"separate","Psychological_Science","espart","491",0,0,0,0,1
"separate","Psychological_Science","espart","492",0,0,0,0,1
"separate","Psychological_Science","espart","493",0,0,0,0,1
"separate","Psychological_Science","espart","494",0,0,0,0,1
"separate","Psychological_Science","espart","495",0,0,0,0,1
"separate","Psychological_Science","espart","496",0,0,0,0,1
"separate","Psychological_Science","espart","497",0,0,0,0,1
"separate","Psychological_Science","espart","498",0,0,0,0,1
"separate","Psychological_Science","espart","499",0,0,0,0,1
"separate","Psychological_Science","espart","500",0,0,0,0,1
"separate","Psychological_Science","espart","501",0,0,0,0,1
"separate","Psychological_Science","espart","502",0,0,0,0,1
"separate","Psychological_Science","espart","503",0,0,0,0,1
"separate","Psychological_Science","espart","504",0,0,0,0,1
"separate","Psychological_Science","espart","505",0,0,0,0,1
"separate","Psychological_Science","espart","506",0,0,0,0,1
"separate","Psychological_Science","espart","507",0,0,0,0,1
"separate","Psychological_Science","espart","508",0,0,0,0,1
"separate","Psychological_Science","espart","509",0,0,0,0,1
"separate","Psychological_Science","espart","510",0,0,0,0,1
"separate","Psychological_Science","espart","511",0,0,0,0,1
"separate","Psychological_Science","espart","512",0,0,0,0,1
"separate","Psychological_Science","espart","513",0,0,0,0,1
"separate","Psychological_Science","espart","514",0,0,0,0,1
"separate","Psychological_Science","espart","515",0,0,0,0,1
"separate","Psychological_Science","espart","516",0,0,0,0,1
"separate","Psychological_Science","espart","517",0,0,0,0,1
"separate","Psychological_Science","espart","518",0,0,0,0,1
"separate","Psychological_Science","espart","519",0,0,0,0,1
"separate","Psychological_Science","espart","520",0,0,0,0,1
"separate","Psychological_Science","espart","521",0,0,0,0,1
"separate","Psychological_Science","espart","522",0,0,0,0,1
"separate","Psychological_Science","espart","523",0,0,0,0,1
"separate","Psychological_Science","espart","524",0,0,0,0,1
"separate","Psychological_Science","espart","525",0,0,0,0,1
"separate","Psychological_Science","espart","526",0,0,0,0,1
"separate","Psychological_Science","espart","527",0,0,0,0,1
"separate","Psychological_Science","espart","528",0,0,0,0,1
"separate","Psychological_Science","espart","529",0,0,0,0,1
"separate","Psychological_Science","espart","530",0,0,0,0,1
"separate","Psychological_Science","espart","531",0,0,0,0,1
"separate","Psychological_Science","espart","532",0,0,0,0,1
"separate","Psychological_Science","espart","533",0,0,0,0,1
"separate","Psychological_Science","espart","534",0,0,0,0,1
"separate","Psychological_Science","espart","535",0,0,0,0,1
"separate","Psychological_Science","espart","536",0,0,0,0,1
"separate","Psychological_Science","espart","537",0,0,0,0,1
"separate","Psychological_Science","espart","538",0,0,0,0,1
"separate","Psychological_Science","espart","539",0,0,0,0,1
"separate","Psychological_Science","espart","540",0,0,0,0,1
"separate","Psychological_Science","espart","541",0,0,0,0,1
"separate","Psychological_Science","espart","542",0,0,0,0,1
"separate","Psychological_Science","espart","543",0,0,0,0,1
"separate","Psychological_Science","espart","544",0,0,0,0,1
"separate","Psychological_Science","espart","545",0,0,0,0,1
"separate","Psychological_Science","espart","546",0,0,0,0,1
"separate","Psychological_Science","espart","547",0,0,0,0,1
"separate","Psychological_Science","espart","548",0,0,0,0,1
"separate","Psychological_Science","espart","549",0,0,0,0,1
"separate","Psychological_Science","espart","550",0,0,0,0,1
"separate","Psychological_Science","espart","551",0,0,0,0,1
"separate","Psychological_Science","espart","552",0,0,0,0,1
"separate","Psychological_Science","espart","553",0,0,0,0,1
"separate","Psychological_Science","espart","554",0,0,0,0,1
"separate","Psychological_Science","espart","555",0,0,0,0,1
"separate","Psychological_Science","espart","556",0,0,0,0,1
"separate","Psychological_Science","espart","557",0,0,0,0,1
"separate","Psychological_Science","espart","558",0,0,0,0,1
"separate","Psychological_Science","espart","559",0,0,0,0,1
"separate","Psychological_Science","espart","560",0,0,0,0,1
"separate","Psychological_Science","espart","561",0,0,0,0,1
"separate","Psychological_Science","espart","562",0,0,0,0,1
"separate","Psychological_Science","espart","563",0,0,0,0,1
"separate","Psychological_Science","espart","564",0,0,0,0,1
"separate","Psychological_Science","espart","565",0,0,0,0,1
"separate","Psychological_Science","espart","566",0,0,0,0,1
"separate","Psychological_Science","espart","567",0,0,0,0,1
"separate","Psychological_Science","espart","568",0,0,0,0,1
"separate","Psychological_Science","espart","569",0,0,0,0,1
"separate","Psychological_Science","espart","570",0,0,0,0,1
"separate","Psychological_Science","espart","571",0,0,0,0,1
"separate","Psychological_Science","espart","572",0,0,0,0,1
"separate","Psychological_Science","espart","573",0,0,0,0,1
"separate","Psychological_Science","espart","574",0,0,0,0,1
"separate","Psychological_Science","espart","575",0,0,0,0,1
"separate","Psychological_Science","espart","576",0,0,0,0,1
"separate","Psychological_Science","espart","577",0,0,0,0,1
"separate","Psychological_Science","espart","578",0,0,0,0,1
"separate","Psychological_Science","espart","579",0,0,0,0,1
"separate","Psychological_Science","espart","580",0,0,0,0,1
"separate","Psychological_Science","espart","581",0,0,0,0,1
"separate","Psychological_Science","espart","582",0,0,0,0,1
"separate","Psychological_Science","espart","583",0,0,0,0,1
"separate","Psychological_Science","espart","584",0,0,0,0,1
"separate","Psychological_Science","espart","585",0,0,0,0,1
"separate","Psychological_Science","espart","586",0,0,0,0,1
"separate","Psychological_Science","espart","587",0,0,0,0,1
"separate","Psychological_Science","espart","588",0,0,0,0,1
"separate","Psychological_Science","espart","589",0,0,0,0,1
"separate","Psychological_Science","espart","590",0,0,0,0,1
"separate","Psychological_Science","espart","591",0,0,0,0,1
"separate","Psychological_Science","espart","592",0,0,0,0,1
"separate","Psychological_Science","espart","593",0,0,0,0,1
"separate","Psychological_Science","espart","594",0,0,0,0,1
"separate","Psychological_Science","espart","595",0,0,0,0,1
"separate","Psychological_Science","espart","596",0,0,0,0,1
"separate","Psychological_Science","espart","597",0,0,0,0,1
"separate","Psychological_Science","espart","598",0,0,0,0,1
"separate","Psychological_Science","espart","599",0,0,0,0,1
"separate","Psychological_Science","espart","600",0,0,0,0,1
"separate","Psychological_Science","espart","601",0,0,0,0,1
"separate","Psychological_Science","espart","602",0,0,0,0,1
"separate","Psychological_Science","espart","603",0,0,0,0,1
"separate","Psychological_Science","espart","604",0,0,0,0,1
"separate","Psychological_Science","espart","605",0,0,0,0,1
"separate","Psychological_Science","espart","606",0,0,0,0,1
"separate","Psychological_Science","espart","607",0,0,0,0,1
"separate","Psychological_Science","espart","608",0,0,0,0,1
"separate","Psychological_Science","espart","609",0,0,0,0,1
"separate","Psychological_Science","espart","610",0,0,0,0,1
"separate","Psychological_Science","espart","611",0,0,0,0,1
"separate","Psychological_Science","espart","612",0,0,0,0,1
"separate","Psychological_Science","espart","613",0,0,0,0,1
"separate","Psychological_Science","espart","614",0,0,0,0,1
"separate","Psychological_Science","espart","615",0,0,0,0,1
"separate","Psychological_Science","espart","616",0,0,0,0,1
"separate","Psychological_Science","espart","617",0,0,0,0,1
"separate","Psychological_Science","espart","618",0,0,0,0,1
"separate","Psychological_Science","espart","619",0,0,0,0,1
"separate","Psychological_Science","espart","620",0,0,0,0,1
"separate","Psychological_Science","espart","621",0,0,0,0,1
"separate","Psychological_Science","espart","622",0,0,0,0,1
"separate","Psychological_Science","espart","623",0,0,0,0,1
"separate","Psychological_Science","espart","624",0,0,0,0,1
"separate","Psychological_Science","espart","625",0,0,0,0,1
"separate","Psychological_Science","espart","626",0,0,0,0,1
"separate","Psychological_Science","espart","627",0,0,0,0,1
"separate","Psychological_Science","espart","628",0,0,0,0,1
"separate","Psychological_Science","espart","629",0,0,0,0,1
"separate","Psychological_Science","espart","630",0,0,0,0,1
"separate","Psychological_Science","espart","631",0,0,0,0,1
"separate","Psychological_Science","espart","632",0,0,0,0,1
"separate","Psychological_Science","espart","633",0,0,0,0,1
"separate","Psychological_Science","espart","634",0,0,0,0,1
"separate","Psychological_Science","espart","635",0,0,0,0,1
"separate","Psychological_Science","espart","636",0,0,0,0,1
"separate","Psychological_Science","espart","637",0,0,0,0,1
"separate","Psychological_Science","espart","638",0,0,0,0,1
"separate","Psychological_Science","espart","639",0,0,0,0,1
"separate","Psychological_Science","espart","640",0,0,0,0,1
"separate","Psychological_Science","espart","641",0,0,0,0,1
"separate","Psychological_Science","espart","642",0,0,0,0,1
"separate","Psychological_Science","espart","643",0,0,0,0,1
"separate","Psychological_Science","espart","644",0,0,0,0,1
"separate","Psychological_Science","espart","645",0,0,0,0,1
"separate","Psychological_Science","espart","646",0,0,0,0,1
"separate","Psychological_Science","espart","647",0,0,0,0,1
"separate","Psychological_Science","espart","648",0,0,0,0,1
"separate","Psychological_Science","espart","649",0,0,0,0,1
"separate","Psychological_Science","espart","650",0,0,0,0,1
"separate","Psychological_Science","espart","651",0,0,0,0,1
"separate","Psychological_Science","espart","652",0,0,0,0,1
"separate","Psychological_Science","espart","653",0,0,0,0,1
"separate","Psychological_Science","espart","654",0,0,0,0,1
"separate","Psychological_Science","espart","655",0,0,0,0,1
"separate","Psychological_Science","espart","656",0,0,0,0,1
"separate","Psychological_Science","espart","657",0,0,0,0,1
"separate","Psychological_Science","espart","658",0,0,0,0,1
"separate","Psychological_Science","espart","659",0,0,0,0,1
"separate","Psychological_Science","espart","660",0,0,0,0,1
"separate","Psychological_Science","espart","661",0,0,0,0,1
"separate","Psychological_Science","espart","662",0,0,0,0,1
"separate","Psychological_Science","espart","663",0,0,0,0,1
"separate","Psychological_Science","espart","664",0,0,0,0,1
"separate","Psychological_Science","espart","665",0,0,0,0,1
"separate","Psychological_Science","espart","666",0,0,0,0,1
"separate","Psychological_Science","espart","667",0,0,0,0,1
"separate","Psychological_Science","espart","668",0,0,0,0,1
"separate","Psychological_Science","espart","669",0,0,0,0,1
"separate","Psychological_Science","espart","670",0,0,0,0,1
"separate","Psychological_Science","espart","671",0,0,0,0,1
"separate","Psychological_Science","espart","672",0,0,0,0,1
"separate","Psychological_Science","espart","673",0,0,0,0,1
"separate","Psychological_Science","espart","674",0,0,0,0,1
"separate","Psychological_Science","espart","675",0,0,0,0,1
"separate","Psychological_Science","espart","676",0,0,0,0,1
"separate","Psychological_Science","espart","677",0,0,0,0,1
"separate","Psychological_Science","espart","678",0,0,0,0,1
"separate","Psychological_Science","espart","679",0,0,0,0,1
"separate","Psychological_Science","espart","680",0,0,0,0,1
"separate","Psychological_Science","espart","681",0,0,0,0,1
"separate","Psychological_Science","espart","682",0,0,0,0,1
"separate","Psychological_Science","espart","683",0,0,0,0,1
"separate","Psychological_Science","espart","684",0,0,0,0,1
"separate","Psychological_Science","espart","685",0,0,0,0,1
"separate","Psychological_Science","espart","686",0,0,0,0,1
"separate","Psychological_Science","espart","687",0,0,0,0,1
"separate","Psychological_Science","espart","688",0,0,0,0,1
"separate","Psychological_Science","espart","689",0,0,0,0,1
"separate","Psychological_Science","espart","690",0,0,0,0,1
"separate","Psychological_Science","espart","691",0,0,0,0,1
"separate","Psychological_Science","espart","692",0,0,0,0,1
"separate","Psychological_Science","espart","693",0,0,0,0,1
"separate","Psychological_Science","espart","694",0,0,0,0,1
"separate","Psychological_Science","espart","695",0,0,0,0,1
"separate","Psychological_Science","espart","696",0,0,0,0,1
"separate","Psychological_Science","espart","697",0,0,0,0,1
"separate","Psychological_Science","espart","698",0,0,0,0,1
"separate","Psychological_Science","espart","699",0,0,0,0,1
"separate","Psychological_Science","espart","700",0,0,0,0,1
"separate","Psychological_Science","espart","701",0,0,0,0,1
"separate","Psychological_Science","espart","702",0,0,0,0,1
"separate","Psychological_Science","espart","703",0,0,0,0,1
"separate","Psychological_Science","espart","704",0,0,0,0,1
"separate","Psychological_Science","espart","705",0,0,0,0,1
"separate","Psychological_Science","espart","706",0,0,0,0,1
"separate","Psychological_Science","espart","707",0,0,0,0,1
"separate","Psychological_Science","espart","708",0,0,0,0,1
"separate","Psychological_Science","espart","709",0,0,0,0,1
"separate","Psychological_Science","espart","710",0,0,0,0,1
"separate","Psychological_Science","espart","711",0,0,0,0,1
"separate","Psychological_Science","espart","712",0,0,0,0,1
"separate","Psychological_Science","espart","713",0,0,0,0,1
"separate","Psychological_Science","espart","714",0,0,0,0,1
"separate","Psychological_Science","espart","715",0,0,0,0,1
"separate","Psychological_Science","espart","716",0,0,0,0,1
"separate","Psychological_Science","espart","717",0,0,0,0,1
"separate","Psychological_Science","espart","718",0,0,0,0,1
"separate","Psychological_Science","espart","719",0,0,0,0,1
"separate","Psychological_Science","espart","720",0,0,0,0,1
"separate","Psychological_Science","espart","721",0,0,0,0,1
"separate","Psychological_Science","espart","722",0,0,0,0,1
"separate","Psychological_Science","espart","723",0,0,0,0,1
"separate","Psychological_Science","espart","724",0,0,0,0,1
"separate","Psychological_Science","espart","725",0,0,0,0,1
"separate","Psychological_Science","espart","726",0,0,0,0,1
"separate","Psychological_Science","espart","727",0,0,0,0,1
"separate","Psychological_Science","model","edges",7882,7669,7872.75,8068,0.92
"separate","Psychological_Science","model","edgecov.prior",88,72,77.83,85,0
"separate","Psychological_Science","model","nodecov.expertise_model_z",-5793.05915853372,-6078.3973485107,-5844.06356496454,-5550.2730761301,0.58
"separate","Psychological_Science","model","absdiff.expertise_model_z",2122.33100047769,2000.65152971415,2108.34648547797,2271.75632922772,0.64
"separate","Psychological_Science","model","nodecov.leadership_model_z",172.397320701569,-282.068968895898,143.900544843788,513.113461565709,0.7
"separate","Psychological_Science","model","absdiff.leadership_model_z",4932.1465633215,4814.38076894077,4950.33822165691,5088.71176363559,0.74
"separate","The_Economic_Journal","deg","0",0,22,34.38,56,0
"separate","The_Economic_Journal","deg","1",77,47,62.36,79,0.06
"separate","The_Economic_Journal","deg","2",106,42,60.44,82,0
"separate","The_Economic_Journal","deg","3",25,23,39.59,55,0.02
"separate","The_Economic_Journal","deg","4",20,9,19.94,32,1
"separate","The_Economic_Journal","deg","5",0,1,7.53,16,0
"separate","The_Economic_Journal","deg","6",0,0,2.68,7,0.18
"separate","The_Economic_Journal","deg","7",0,0,0.79,4,0.88
"separate","The_Economic_Journal","deg","8",0,0,0.25,2,1
"separate","The_Economic_Journal","deg","9",0,0,0.02,1,1
"separate","The_Economic_Journal","deg","10",0,0,0.00999999999999999,1,1
"separate","The_Economic_Journal","deg","11",0,0,0.01,1,1
"separate","The_Economic_Journal","deg","12",0,0,0,0,1
"separate","The_Economic_Journal","deg","13",0,0,0,0,1
"separate","The_Economic_Journal","deg","14",0,0,0,0,1
"separate","The_Economic_Journal","deg","15",0,0,0,0,1
"separate","The_Economic_Journal","deg","16",0,0,0,0,1
"separate","The_Economic_Journal","deg","17",0,0,0,0,1
"separate","The_Economic_Journal","deg","18",0,0,0,0,1
"separate","The_Economic_Journal","deg","19",0,0,0,0,1
"separate","The_Economic_Journal","deg","20",0,0,0,0,1
"separate","The_Economic_Journal","deg","21",0,0,0,0,1
"separate","The_Economic_Journal","deg","22",0,0,0,0,1
"separate","The_Economic_Journal","deg","23",0,0,0,0,1
"separate","The_Economic_Journal","deg","24",0,0,0,0,1
"separate","The_Economic_Journal","deg","25",0,0,0,0,1
"separate","The_Economic_Journal","deg","26",0,0,0,0,1
"separate","The_Economic_Journal","deg","27",0,0,0,0,1
"separate","The_Economic_Journal","deg","28",0,0,0,0,1
"separate","The_Economic_Journal","deg","29",0,0,0,0,1
"separate","The_Economic_Journal","deg","30",0,0,0,0,1
"separate","The_Economic_Journal","deg","31",0,0,0,0,1
"separate","The_Economic_Journal","deg","32",0,0,0,0,1
"separate","The_Economic_Journal","deg","33",0,0,0,0,1
"separate","The_Economic_Journal","deg","34",0,0,0,0,1
"separate","The_Economic_Journal","deg","35",0,0,0,0,1
"separate","The_Economic_Journal","deg","36",0,0,0,0,1
"separate","The_Economic_Journal","deg","37",0,0,0,0,1
"separate","The_Economic_Journal","deg","38",0,0,0,0,1
"separate","The_Economic_Journal","deg","39",0,0,0,0,1
"separate","The_Economic_Journal","deg","40",0,0,0,0,1
"separate","The_Economic_Journal","deg","41",0,0,0,0,1
"separate","The_Economic_Journal","deg","42",0,0,0,0,1
"separate","The_Economic_Journal","deg","43",0,0,0,0,1
"separate","The_Economic_Journal","deg","44",0,0,0,0,1
"separate","The_Economic_Journal","deg","45",0,0,0,0,1
"separate","The_Economic_Journal","deg","46",0,0,0,0,1
"separate","The_Economic_Journal","deg","47",0,0,0,0,1
"separate","The_Economic_Journal","deg","48",0,0,0,0,1
"separate","The_Economic_Journal","deg","49",0,0,0,0,1
"separate","The_Economic_Journal","deg","50",0,0,0,0,1
"separate","The_Economic_Journal","deg","51",0,0,0,0,1
"separate","The_Economic_Journal","deg","52",0,0,0,0,1
"separate","The_Economic_Journal","deg","53",0,0,0,0,1
"separate","The_Economic_Journal","deg","54",0,0,0,0,1
"separate","The_Economic_Journal","deg","55",0,0,0,0,1
"separate","The_Economic_Journal","deg","56",0,0,0,0,1
"separate","The_Economic_Journal","deg","57",0,0,0,0,1
"separate","The_Economic_Journal","deg","58",0,0,0,0,1
"separate","The_Economic_Journal","deg","59",0,0,0,0,1
"separate","The_Economic_Journal","deg","60",0,0,0,0,1
"separate","The_Economic_Journal","deg","61",0,0,0,0,1
"separate","The_Economic_Journal","deg","62",0,0,0,0,1
"separate","The_Economic_Journal","deg","63",0,0,0,0,1
"separate","The_Economic_Journal","deg","64",0,0,0,0,1
"separate","The_Economic_Journal","deg","65",0,0,0,0,1
"separate","The_Economic_Journal","deg","66",0,0,0,0,1
"separate","The_Economic_Journal","deg","67",0,0,0,0,1
"separate","The_Economic_Journal","deg","68",0,0,0,0,1
"separate","The_Economic_Journal","deg","69",0,0,0,0,1
"separate","The_Economic_Journal","deg","70",0,0,0,0,1
"separate","The_Economic_Journal","deg","71",0,0,0,0,1
"separate","The_Economic_Journal","deg","72",0,0,0,0,1
"separate","The_Economic_Journal","deg","73",0,0,0,0,1
"separate","The_Economic_Journal","deg","74",0,0,0,0,1
"separate","The_Economic_Journal","deg","75",0,0,0,0,1
"separate","The_Economic_Journal","deg","76",0,0,0,0,1
"separate","The_Economic_Journal","deg","77",0,0,0,0,1
"separate","The_Economic_Journal","deg","78",0,0,0,0,1
"separate","The_Economic_Journal","deg","79",0,0,0,0,1
"separate","The_Economic_Journal","deg","80",0,0,0,0,1
"separate","The_Economic_Journal","deg","81",0,0,0,0,1
"separate","The_Economic_Journal","deg","82",0,0,0,0,1
"separate","The_Economic_Journal","deg","83",0,0,0,0,1
"separate","The_Economic_Journal","deg","84",0,0,0,0,1
"separate","The_Economic_Journal","deg","85",0,0,0,0,1
"separate","The_Economic_Journal","deg","86",0,0,0,0,1
"separate","The_Economic_Journal","deg","87",0,0,0,0,1
"separate","The_Economic_Journal","deg","88",0,0,0,0,1
"separate","The_Economic_Journal","deg","89",0,0,0,0,1
"separate","The_Economic_Journal","deg","90",0,0,0,0,1
"separate","The_Economic_Journal","deg","91",0,0,0,0,1
"separate","The_Economic_Journal","deg","92",0,0,0,0,1
"separate","The_Economic_Journal","deg","93",0,0,0,0,1
"separate","The_Economic_Journal","deg","94",0,0,0,0,1
"separate","The_Economic_Journal","deg","95",0,0,0,0,1
"separate","The_Economic_Journal","deg","96",0,0,0,0,1
"separate","The_Economic_Journal","deg","97",0,0,0,0,1
"separate","The_Economic_Journal","deg","98",0,0,0,0,1
"separate","The_Economic_Journal","deg","99",0,0,0,0,1
"separate","The_Economic_Journal","deg","100",0,0,0,0,1
"separate","The_Economic_Journal","deg","101",0,0,0,0,1
"separate","The_Economic_Journal","deg","102",0,0,0,0,1
"separate","The_Economic_Journal","deg","103",0,0,0,0,1
"separate","The_Economic_Journal","deg","104",0,0,0,0,1
"separate","The_Economic_Journal","deg","105",0,0,0,0,1
"separate","The_Economic_Journal","deg","106",0,0,0,0,1
"separate","The_Economic_Journal","deg","107",0,0,0,0,1
"separate","The_Economic_Journal","deg","108",0,0,0,0,1
"separate","The_Economic_Journal","deg","109",0,0,0,0,1
"separate","The_Economic_Journal","deg","110",0,0,0,0,1
"separate","The_Economic_Journal","deg","111",0,0,0,0,1
"separate","The_Economic_Journal","deg","112",0,0,0,0,1
"separate","The_Economic_Journal","deg","113",0,0,0,0,1
"separate","The_Economic_Journal","deg","114",0,0,0,0,1
"separate","The_Economic_Journal","deg","115",0,0,0,0,1
"separate","The_Economic_Journal","deg","116",0,0,0,0,1
"separate","The_Economic_Journal","deg","117",0,0,0,0,1
"separate","The_Economic_Journal","deg","118",0,0,0,0,1
"separate","The_Economic_Journal","deg","119",0,0,0,0,1
"separate","The_Economic_Journal","deg","120",0,0,0,0,1
"separate","The_Economic_Journal","deg","121",0,0,0,0,1
"separate","The_Economic_Journal","deg","122",0,0,0,0,1
"separate","The_Economic_Journal","deg","123",0,0,0,0,1
"separate","The_Economic_Journal","deg","124",0,0,0,0,1
"separate","The_Economic_Journal","deg","125",0,0,0,0,1
"separate","The_Economic_Journal","deg","126",0,0,0,0,1
"separate","The_Economic_Journal","deg","127",0,0,0,0,1
"separate","The_Economic_Journal","deg","128",0,0,0,0,1
"separate","The_Economic_Journal","deg","129",0,0,0,0,1
"separate","The_Economic_Journal","deg","130",0,0,0,0,1
"separate","The_Economic_Journal","deg","131",0,0,0,0,1
"separate","The_Economic_Journal","deg","132",0,0,0,0,1
"separate","The_Economic_Journal","deg","133",0,0,0,0,1
"separate","The_Economic_Journal","deg","134",0,0,0,0,1
"separate","The_Economic_Journal","deg","135",0,0,0,0,1
"separate","The_Economic_Journal","deg","136",0,0,0,0,1
"separate","The_Economic_Journal","deg","137",0,0,0,0,1
"separate","The_Economic_Journal","deg","138",0,0,0,0,1
"separate","The_Economic_Journal","deg","139",0,0,0,0,1
"separate","The_Economic_Journal","deg","140",0,0,0,0,1
"separate","The_Economic_Journal","deg","141",0,0,0,0,1
"separate","The_Economic_Journal","deg","142",0,0,0,0,1
"separate","The_Economic_Journal","deg","143",0,0,0,0,1
"separate","The_Economic_Journal","deg","144",0,0,0,0,1
"separate","The_Economic_Journal","deg","145",0,0,0,0,1
"separate","The_Economic_Journal","deg","146",0,0,0,0,1
"separate","The_Economic_Journal","deg","147",0,0,0,0,1
"separate","The_Economic_Journal","deg","148",0,0,0,0,1
"separate","The_Economic_Journal","deg","149",0,0,0,0,1
"separate","The_Economic_Journal","deg","150",0,0,0,0,1
"separate","The_Economic_Journal","deg","151",0,0,0,0,1
"separate","The_Economic_Journal","deg","152",0,0,0,0,1
"separate","The_Economic_Journal","deg","153",0,0,0,0,1
"separate","The_Economic_Journal","deg","154",0,0,0,0,1
"separate","The_Economic_Journal","deg","155",0,0,0,0,1
"separate","The_Economic_Journal","deg","156",0,0,0,0,1
"separate","The_Economic_Journal","deg","157",0,0,0,0,1
"separate","The_Economic_Journal","deg","158",0,0,0,0,1
"separate","The_Economic_Journal","deg","159",0,0,0,0,1
"separate","The_Economic_Journal","deg","160",0,0,0,0,1
"separate","The_Economic_Journal","deg","161",0,0,0,0,1
"separate","The_Economic_Journal","deg","162",0,0,0,0,1
"separate","The_Economic_Journal","deg","163",0,0,0,0,1
"separate","The_Economic_Journal","deg","164",0,0,0,0,1
"separate","The_Economic_Journal","deg","165",0,0,0,0,1
"separate","The_Economic_Journal","deg","166",0,0,0,0,1
"separate","The_Economic_Journal","deg","167",0,0,0,0,1
"separate","The_Economic_Journal","deg","168",0,0,0,0,1
"separate","The_Economic_Journal","deg","169",0,0,0,0,1
"separate","The_Economic_Journal","deg","170",0,0,0,0,1
"separate","The_Economic_Journal","deg","171",0,0,0,0,1
"separate","The_Economic_Journal","deg","172",0,0,0,0,1
"separate","The_Economic_Journal","deg","173",0,0,0,0,1
"separate","The_Economic_Journal","deg","174",0,0,0,0,1
"separate","The_Economic_Journal","deg","175",0,0,0,0,1
"separate","The_Economic_Journal","deg","176",0,0,0,0,1
"separate","The_Economic_Journal","deg","177",0,0,0,0,1
"separate","The_Economic_Journal","deg","178",0,0,0,0,1
"separate","The_Economic_Journal","deg","179",0,0,0,0,1
"separate","The_Economic_Journal","deg","180",0,0,0,0,1
"separate","The_Economic_Journal","deg","181",0,0,0,0,1
"separate","The_Economic_Journal","deg","182",0,0,0,0,1
"separate","The_Economic_Journal","deg","183",0,0,0,0,1
"separate","The_Economic_Journal","deg","184",0,0,0,0,1
"separate","The_Economic_Journal","deg","185",0,0,0,0,1
"separate","The_Economic_Journal","deg","186",0,0,0,0,1
"separate","The_Economic_Journal","deg","187",0,0,0,0,1
"separate","The_Economic_Journal","deg","188",0,0,0,0,1
"separate","The_Economic_Journal","deg","189",0,0,0,0,1
"separate","The_Economic_Journal","deg","190",0,0,0,0,1
"separate","The_Economic_Journal","deg","191",0,0,0,0,1
"separate","The_Economic_Journal","deg","192",0,0,0,0,1
"separate","The_Economic_Journal","deg","193",0,0,0,0,1
"separate","The_Economic_Journal","deg","194",0,0,0,0,1
"separate","The_Economic_Journal","deg","195",0,0,0,0,1
"separate","The_Economic_Journal","deg","196",0,0,0,0,1
"separate","The_Economic_Journal","deg","197",0,0,0,0,1
"separate","The_Economic_Journal","deg","198",0,0,0,0,1
"separate","The_Economic_Journal","deg","199",0,0,0,0,1
"separate","The_Economic_Journal","deg","200",0,0,0,0,1
"separate","The_Economic_Journal","deg","201",0,0,0,0,1
"separate","The_Economic_Journal","deg","202",0,0,0,0,1
"separate","The_Economic_Journal","deg","203",0,0,0,0,1
"separate","The_Economic_Journal","deg","204",0,0,0,0,1
"separate","The_Economic_Journal","deg","205",0,0,0,0,1
"separate","The_Economic_Journal","deg","206",0,0,0,0,1
"separate","The_Economic_Journal","deg","207",0,0,0,0,1
"separate","The_Economic_Journal","deg","208",0,0,0,0,1
"separate","The_Economic_Journal","deg","209",0,0,0,0,1
"separate","The_Economic_Journal","deg","210",0,0,0,0,1
"separate","The_Economic_Journal","deg","211",0,0,0,0,1
"separate","The_Economic_Journal","deg","212",0,0,0,0,1
"separate","The_Economic_Journal","deg","213",0,0,0,0,1
"separate","The_Economic_Journal","deg","214",0,0,0,0,1
"separate","The_Economic_Journal","deg","215",0,0,0,0,1
"separate","The_Economic_Journal","deg","216",0,0,0,0,1
"separate","The_Economic_Journal","deg","217",0,0,0,0,1
"separate","The_Economic_Journal","deg","218",0,0,0,0,1
"separate","The_Economic_Journal","deg","219",0,0,0,0,1
"separate","The_Economic_Journal","deg","220",0,0,0,0,1
"separate","The_Economic_Journal","deg","221",0,0,0,0,1
"separate","The_Economic_Journal","deg","222",0,0,0,0,1
"separate","The_Economic_Journal","deg","223",0,0,0,0,1
"separate","The_Economic_Journal","deg","224",0,0,0,0,1
"separate","The_Economic_Journal","deg","225",0,0,0,0,1
"separate","The_Economic_Journal","deg","226",0,0,0,0,1
"separate","The_Economic_Journal","deg","227",0,0,0,0,1
"separate","The_Economic_Journal","dist","1",222,190,221.71,248,0.98
"separate","The_Economic_Journal","dist","2",4,325,425.01,569,0
"separate","The_Economic_Journal","dist","3",0,501,778.21,1228,0
"separate","The_Economic_Journal","dist","4",0,692,1302.48,2240,0
"separate","The_Economic_Journal","dist","5",0,907,1908,3158,0
"separate","The_Economic_Journal","dist","6",0,1148,2345.09,3505,0
"separate","The_Economic_Journal","dist","7",0,1390,2400.41,3293,0
"separate","The_Economic_Journal","dist","8",0,1275,2069.1,2750,0
"separate","The_Economic_Journal","dist","9",0,567,1543.29,2344,0
"separate","The_Economic_Journal","dist","10",0,228,1041.58,1759,0
"separate","The_Economic_Journal","dist","11",0,95,654.44,1554,0
"separate","The_Economic_Journal","dist","12",0,20,392.54,1338,0
"separate","The_Economic_Journal","dist","13",0,0,229.88,1101,0.02
"separate","The_Economic_Journal","dist","14",0,0,130.75,850,0.1
"separate","The_Economic_Journal","dist","15",0,0,72.71,630,0.26
"separate","The_Economic_Journal","dist","16",0,0,39.89,430,0.54
"separate","The_Economic_Journal","dist","17",0,0,21.7,280,0.84
"separate","The_Economic_Journal","dist","18",0,0,11.7,177,1
"separate","The_Economic_Journal","dist","19",0,0,5.93,110,1
"separate","The_Economic_Journal","dist","20",0,0,2.82,63,1
"separate","The_Economic_Journal","dist","21",0,0,1.25,34,1
"separate","The_Economic_Journal","dist","22",0,0,0.38,12,1
"separate","The_Economic_Journal","dist","23",0,0,0.12,4,1
"separate","The_Economic_Journal","dist","24",0,0,0.03,3,1
"separate","The_Economic_Journal","dist","25",0,0,0.02,2,1
"separate","The_Economic_Journal","dist","26",0,0,0,0,1
"separate","The_Economic_Journal","dist","27",0,0,0,0,1
"separate","The_Economic_Journal","dist","28",0,0,0,0,1
"separate","The_Economic_Journal","dist","29",0,0,0,0,1
"separate","The_Economic_Journal","dist","30",0,0,0,0,1
"separate","The_Economic_Journal","dist","31",0,0,0,0,1
"separate","The_Economic_Journal","dist","32",0,0,0,0,1
"separate","The_Economic_Journal","dist","33",0,0,0,0,1
"separate","The_Economic_Journal","dist","34",0,0,0,0,1
"separate","The_Economic_Journal","dist","35",0,0,0,0,1
"separate","The_Economic_Journal","dist","36",0,0,0,0,1
"separate","The_Economic_Journal","dist","37",0,0,0,0,1
"separate","The_Economic_Journal","dist","38",0,0,0,0,1
"separate","The_Economic_Journal","dist","39",0,0,0,0,1
"separate","The_Economic_Journal","dist","40",0,0,0,0,1
"separate","The_Economic_Journal","dist","41",0,0,0,0,1
"separate","The_Economic_Journal","dist","42",0,0,0,0,1
"separate","The_Economic_Journal","dist","43",0,0,0,0,1
"separate","The_Economic_Journal","dist","44",0,0,0,0,1
"separate","The_Economic_Journal","dist","45",0,0,0,0,1
"separate","The_Economic_Journal","dist","46",0,0,0,0,1
"separate","The_Economic_Journal","dist","47",0,0,0,0,1
"separate","The_Economic_Journal","dist","48",0,0,0,0,1
"separate","The_Economic_Journal","dist","49",0,0,0,0,1
"separate","The_Economic_Journal","dist","50",0,0,0,0,1
"separate","The_Economic_Journal","dist","51",0,0,0,0,1
"separate","The_Economic_Journal","dist","52",0,0,0,0,1
"separate","The_Economic_Journal","dist","53",0,0,0,0,1
"separate","The_Economic_Journal","dist","54",0,0,0,0,1
"separate","The_Economic_Journal","dist","55",0,0,0,0,1
"separate","The_Economic_Journal","dist","56",0,0,0,0,1
"separate","The_Economic_Journal","dist","57",0,0,0,0,1
"separate","The_Economic_Journal","dist","58",0,0,0,0,1
"separate","The_Economic_Journal","dist","59",0,0,0,0,1
"separate","The_Economic_Journal","dist","60",0,0,0,0,1
"separate","The_Economic_Journal","dist","61",0,0,0,0,1
"separate","The_Economic_Journal","dist","62",0,0,0,0,1
"separate","The_Economic_Journal","dist","63",0,0,0,0,1
"separate","The_Economic_Journal","dist","64",0,0,0,0,1
"separate","The_Economic_Journal","dist","65",0,0,0,0,1
"separate","The_Economic_Journal","dist","66",0,0,0,0,1
"separate","The_Economic_Journal","dist","67",0,0,0,0,1
"separate","The_Economic_Journal","dist","68",0,0,0,0,1
"separate","The_Economic_Journal","dist","69",0,0,0,0,1
"separate","The_Economic_Journal","dist","70",0,0,0,0,1
"separate","The_Economic_Journal","dist","71",0,0,0,0,1
"separate","The_Economic_Journal","dist","72",0,0,0,0,1
"separate","The_Economic_Journal","dist","73",0,0,0,0,1
"separate","The_Economic_Journal","dist","74",0,0,0,0,1
"separate","The_Economic_Journal","dist","75",0,0,0,0,1
"separate","The_Economic_Journal","dist","76",0,0,0,0,1
"separate","The_Economic_Journal","dist","77",0,0,0,0,1
"separate","The_Economic_Journal","dist","78",0,0,0,0,1
"separate","The_Economic_Journal","dist","79",0,0,0,0,1
"separate","The_Economic_Journal","dist","80",0,0,0,0,1
"separate","The_Economic_Journal","dist","81",0,0,0,0,1
"separate","The_Economic_Journal","dist","82",0,0,0,0,1
"separate","The_Economic_Journal","dist","83",0,0,0,0,1
"separate","The_Economic_Journal","dist","84",0,0,0,0,1
"separate","The_Economic_Journal","dist","85",0,0,0,0,1
"separate","The_Economic_Journal","dist","86",0,0,0,0,1
"separate","The_Economic_Journal","dist","87",0,0,0,0,1
"separate","The_Economic_Journal","dist","88",0,0,0,0,1
"separate","The_Economic_Journal","dist","89",0,0,0,0,1
"separate","The_Economic_Journal","dist","90",0,0,0,0,1
"separate","The_Economic_Journal","dist","91",0,0,0,0,1
"separate","The_Economic_Journal","dist","92",0,0,0,0,1
"separate","The_Economic_Journal","dist","93",0,0,0,0,1
"separate","The_Economic_Journal","dist","94",0,0,0,0,1
"separate","The_Economic_Journal","dist","95",0,0,0,0,1
"separate","The_Economic_Journal","dist","96",0,0,0,0,1
"separate","The_Economic_Journal","dist","97",0,0,0,0,1
"separate","The_Economic_Journal","dist","98",0,0,0,0,1
"separate","The_Economic_Journal","dist","99",0,0,0,0,1
"separate","The_Economic_Journal","dist","100",0,0,0,0,1
"separate","The_Economic_Journal","dist","101",0,0,0,0,1
"separate","The_Economic_Journal","dist","102",0,0,0,0,1
"separate","The_Economic_Journal","dist","103",0,0,0,0,1
"separate","The_Economic_Journal","dist","104",0,0,0,0,1
"separate","The_Economic_Journal","dist","105",0,0,0,0,1
"separate","The_Economic_Journal","dist","106",0,0,0,0,1
"separate","The_Economic_Journal","dist","107",0,0,0,0,1
"separate","The_Economic_Journal","dist","108",0,0,0,0,1
"separate","The_Economic_Journal","dist","109",0,0,0,0,1
"separate","The_Economic_Journal","dist","110",0,0,0,0,1
"separate","The_Economic_Journal","dist","111",0,0,0,0,1
"separate","The_Economic_Journal","dist","112",0,0,0,0,1
"separate","The_Economic_Journal","dist","113",0,0,0,0,1
"separate","The_Economic_Journal","dist","114",0,0,0,0,1
"separate","The_Economic_Journal","dist","115",0,0,0,0,1
"separate","The_Economic_Journal","dist","116",0,0,0,0,1
"separate","The_Economic_Journal","dist","117",0,0,0,0,1
"separate","The_Economic_Journal","dist","118",0,0,0,0,1
"separate","The_Economic_Journal","dist","119",0,0,0,0,1
"separate","The_Economic_Journal","dist","120",0,0,0,0,1
"separate","The_Economic_Journal","dist","121",0,0,0,0,1
"separate","The_Economic_Journal","dist","122",0,0,0,0,1
"separate","The_Economic_Journal","dist","123",0,0,0,0,1
"separate","The_Economic_Journal","dist","124",0,0,0,0,1
"separate","The_Economic_Journal","dist","125",0,0,0,0,1
"separate","The_Economic_Journal","dist","126",0,0,0,0,1
"separate","The_Economic_Journal","dist","127",0,0,0,0,1
"separate","The_Economic_Journal","dist","128",0,0,0,0,1
"separate","The_Economic_Journal","dist","129",0,0,0,0,1
"separate","The_Economic_Journal","dist","130",0,0,0,0,1
"separate","The_Economic_Journal","dist","131",0,0,0,0,1
"separate","The_Economic_Journal","dist","132",0,0,0,0,1
"separate","The_Economic_Journal","dist","133",0,0,0,0,1
"separate","The_Economic_Journal","dist","134",0,0,0,0,1
"separate","The_Economic_Journal","dist","135",0,0,0,0,1
"separate","The_Economic_Journal","dist","136",0,0,0,0,1
"separate","The_Economic_Journal","dist","137",0,0,0,0,1
"separate","The_Economic_Journal","dist","138",0,0,0,0,1
"separate","The_Economic_Journal","dist","139",0,0,0,0,1
"separate","The_Economic_Journal","dist","140",0,0,0,0,1
"separate","The_Economic_Journal","dist","141",0,0,0,0,1
"separate","The_Economic_Journal","dist","142",0,0,0,0,1
"separate","The_Economic_Journal","dist","143",0,0,0,0,1
"separate","The_Economic_Journal","dist","144",0,0,0,0,1
"separate","The_Economic_Journal","dist","145",0,0,0,0,1
"separate","The_Economic_Journal","dist","146",0,0,0,0,1
"separate","The_Economic_Journal","dist","147",0,0,0,0,1
"separate","The_Economic_Journal","dist","148",0,0,0,0,1
"separate","The_Economic_Journal","dist","149",0,0,0,0,1
"separate","The_Economic_Journal","dist","150",0,0,0,0,1
"separate","The_Economic_Journal","dist","151",0,0,0,0,1
"separate","The_Economic_Journal","dist","152",0,0,0,0,1
"separate","The_Economic_Journal","dist","153",0,0,0,0,1
"separate","The_Economic_Journal","dist","154",0,0,0,0,1
"separate","The_Economic_Journal","dist","155",0,0,0,0,1
"separate","The_Economic_Journal","dist","156",0,0,0,0,1
"separate","The_Economic_Journal","dist","157",0,0,0,0,1
"separate","The_Economic_Journal","dist","158",0,0,0,0,1
"separate","The_Economic_Journal","dist","159",0,0,0,0,1
"separate","The_Economic_Journal","dist","160",0,0,0,0,1
"separate","The_Economic_Journal","dist","161",0,0,0,0,1
"separate","The_Economic_Journal","dist","162",0,0,0,0,1
"separate","The_Economic_Journal","dist","163",0,0,0,0,1
"separate","The_Economic_Journal","dist","164",0,0,0,0,1
"separate","The_Economic_Journal","dist","165",0,0,0,0,1
"separate","The_Economic_Journal","dist","166",0,0,0,0,1
"separate","The_Economic_Journal","dist","167",0,0,0,0,1
"separate","The_Economic_Journal","dist","168",0,0,0,0,1
"separate","The_Economic_Journal","dist","169",0,0,0,0,1
"separate","The_Economic_Journal","dist","170",0,0,0,0,1
"separate","The_Economic_Journal","dist","171",0,0,0,0,1
"separate","The_Economic_Journal","dist","172",0,0,0,0,1
"separate","The_Economic_Journal","dist","173",0,0,0,0,1
"separate","The_Economic_Journal","dist","174",0,0,0,0,1
"separate","The_Economic_Journal","dist","175",0,0,0,0,1
"separate","The_Economic_Journal","dist","176",0,0,0,0,1
"separate","The_Economic_Journal","dist","177",0,0,0,0,1
"separate","The_Economic_Journal","dist","178",0,0,0,0,1
"separate","The_Economic_Journal","dist","179",0,0,0,0,1
"separate","The_Economic_Journal","dist","180",0,0,0,0,1
"separate","The_Economic_Journal","dist","181",0,0,0,0,1
"separate","The_Economic_Journal","dist","182",0,0,0,0,1
"separate","The_Economic_Journal","dist","183",0,0,0,0,1
"separate","The_Economic_Journal","dist","184",0,0,0,0,1
"separate","The_Economic_Journal","dist","185",0,0,0,0,1
"separate","The_Economic_Journal","dist","186",0,0,0,0,1
"separate","The_Economic_Journal","dist","187",0,0,0,0,1
"separate","The_Economic_Journal","dist","188",0,0,0,0,1
"separate","The_Economic_Journal","dist","189",0,0,0,0,1
"separate","The_Economic_Journal","dist","190",0,0,0,0,1
"separate","The_Economic_Journal","dist","191",0,0,0,0,1
"separate","The_Economic_Journal","dist","192",0,0,0,0,1
"separate","The_Economic_Journal","dist","193",0,0,0,0,1
"separate","The_Economic_Journal","dist","194",0,0,0,0,1
"separate","The_Economic_Journal","dist","195",0,0,0,0,1
"separate","The_Economic_Journal","dist","196",0,0,0,0,1
"separate","The_Economic_Journal","dist","197",0,0,0,0,1
"separate","The_Economic_Journal","dist","198",0,0,0,0,1
"separate","The_Economic_Journal","dist","199",0,0,0,0,1
"separate","The_Economic_Journal","dist","200",0,0,0,0,1
"separate","The_Economic_Journal","dist","201",0,0,0,0,1
"separate","The_Economic_Journal","dist","202",0,0,0,0,1
"separate","The_Economic_Journal","dist","203",0,0,0,0,1
"separate","The_Economic_Journal","dist","204",0,0,0,0,1
"separate","The_Economic_Journal","dist","205",0,0,0,0,1
"separate","The_Economic_Journal","dist","206",0,0,0,0,1
"separate","The_Economic_Journal","dist","207",0,0,0,0,1
"separate","The_Economic_Journal","dist","208",0,0,0,0,1
"separate","The_Economic_Journal","dist","209",0,0,0,0,1
"separate","The_Economic_Journal","dist","210",0,0,0,0,1
"separate","The_Economic_Journal","dist","211",0,0,0,0,1
"separate","The_Economic_Journal","dist","212",0,0,0,0,1
"separate","The_Economic_Journal","dist","213",0,0,0,0,1
"separate","The_Economic_Journal","dist","214",0,0,0,0,1
"separate","The_Economic_Journal","dist","215",0,0,0,0,1
"separate","The_Economic_Journal","dist","216",0,0,0,0,1
"separate","The_Economic_Journal","dist","217",0,0,0,0,1
"separate","The_Economic_Journal","dist","218",0,0,0,0,1
"separate","The_Economic_Journal","dist","219",0,0,0,0,1
"separate","The_Economic_Journal","dist","220",0,0,0,0,1
"separate","The_Economic_Journal","dist","221",0,0,0,0,1
"separate","The_Economic_Journal","dist","222",0,0,0,0,1
"separate","The_Economic_Journal","dist","223",0,0,0,0,1
"separate","The_Economic_Journal","dist","224",0,0,0,0,1
"separate","The_Economic_Journal","dist","225",0,0,0,0,1
"separate","The_Economic_Journal","dist","226",0,0,0,0,1
"separate","The_Economic_Journal","dist","227",0,0,0,0,1
"separate","The_Economic_Journal","dist","Inf",25652,6959,10278.96,14661,0
"separate","The_Economic_Journal","dspart","0",25693,25301,25443.42,25550,0
"separate","The_Economic_Journal","dspart","1",109,328,429.54,569,0
"separate","The_Economic_Journal","dspart","2",36,0,5,14,0
"separate","The_Economic_Journal","dspart","3",40,0,0.04,2,0
"separate","The_Economic_Journal","dspart","4",0,0,0,0,1
"separate","The_Economic_Journal","dspart","5",0,0,0,0,1
"separate","The_Economic_Journal","dspart","6",0,0,0,0,1
"separate","The_Economic_Journal","dspart","7",0,0,0,0,1
"separate","The_Economic_Journal","dspart","8",0,0,0,0,1
"separate","The_Economic_Journal","dspart","9",0,0,0,0,1
"separate","The_Economic_Journal","dspart","10",0,0,0,0,1
"separate","The_Economic_Journal","dspart","11",0,0,0,0,1
"separate","The_Economic_Journal","dspart","12",0,0,0,0,1
"separate","The_Economic_Journal","dspart","13",0,0,0,0,1
"separate","The_Economic_Journal","dspart","14",0,0,0,0,1
"separate","The_Economic_Journal","dspart","15",0,0,0,0,1
"separate","The_Economic_Journal","dspart","16",0,0,0,0,1
"separate","The_Economic_Journal","dspart","17",0,0,0,0,1
"separate","The_Economic_Journal","dspart","18",0,0,0,0,1
"separate","The_Economic_Journal","dspart","19",0,0,0,0,1
"separate","The_Economic_Journal","dspart","20",0,0,0,0,1
"separate","The_Economic_Journal","dspart","21",0,0,0,0,1
"separate","The_Economic_Journal","dspart","22",0,0,0,0,1
"separate","The_Economic_Journal","dspart","23",0,0,0,0,1
"separate","The_Economic_Journal","dspart","24",0,0,0,0,1
"separate","The_Economic_Journal","dspart","25",0,0,0,0,1
"separate","The_Economic_Journal","dspart","26",0,0,0,0,1
"separate","The_Economic_Journal","dspart","27",0,0,0,0,1
"separate","The_Economic_Journal","dspart","28",0,0,0,0,1
"separate","The_Economic_Journal","dspart","29",0,0,0,0,1
"separate","The_Economic_Journal","dspart","30",0,0,0,0,1
"separate","The_Economic_Journal","dspart","31",0,0,0,0,1
"separate","The_Economic_Journal","dspart","32",0,0,0,0,1
"separate","The_Economic_Journal","dspart","33",0,0,0,0,1
"separate","The_Economic_Journal","dspart","34",0,0,0,0,1
"separate","The_Economic_Journal","dspart","35",0,0,0,0,1
"separate","The_Economic_Journal","dspart","36",0,0,0,0,1
"separate","The_Economic_Journal","dspart","37",0,0,0,0,1
"separate","The_Economic_Journal","dspart","38",0,0,0,0,1
"separate","The_Economic_Journal","dspart","39",0,0,0,0,1
"separate","The_Economic_Journal","dspart","40",0,0,0,0,1
"separate","The_Economic_Journal","dspart","41",0,0,0,0,1
"separate","The_Economic_Journal","dspart","42",0,0,0,0,1
"separate","The_Economic_Journal","dspart","43",0,0,0,0,1
"separate","The_Economic_Journal","dspart","44",0,0,0,0,1
"separate","The_Economic_Journal","dspart","45",0,0,0,0,1
"separate","The_Economic_Journal","dspart","46",0,0,0,0,1
"separate","The_Economic_Journal","dspart","47",0,0,0,0,1
"separate","The_Economic_Journal","dspart","48",0,0,0,0,1
"separate","The_Economic_Journal","dspart","49",0,0,0,0,1
"separate","The_Economic_Journal","dspart","50",0,0,0,0,1
"separate","The_Economic_Journal","dspart","51",0,0,0,0,1
"separate","The_Economic_Journal","dspart","52",0,0,0,0,1
"separate","The_Economic_Journal","dspart","53",0,0,0,0,1
"separate","The_Economic_Journal","dspart","54",0,0,0,0,1
"separate","The_Economic_Journal","dspart","55",0,0,0,0,1
"separate","The_Economic_Journal","dspart","56",0,0,0,0,1
"separate","The_Economic_Journal","dspart","57",0,0,0,0,1
"separate","The_Economic_Journal","dspart","58",0,0,0,0,1
"separate","The_Economic_Journal","dspart","59",0,0,0,0,1
"separate","The_Economic_Journal","dspart","60",0,0,0,0,1
"separate","The_Economic_Journal","dspart","61",0,0,0,0,1
"separate","The_Economic_Journal","dspart","62",0,0,0,0,1
"separate","The_Economic_Journal","dspart","63",0,0,0,0,1
"separate","The_Economic_Journal","dspart","64",0,0,0,0,1
"separate","The_Economic_Journal","dspart","65",0,0,0,0,1
"separate","The_Economic_Journal","dspart","66",0,0,0,0,1
"separate","The_Economic_Journal","dspart","67",0,0,0,0,1
"separate","The_Economic_Journal","dspart","68",0,0,0,0,1
"separate","The_Economic_Journal","dspart","69",0,0,0,0,1
"separate","The_Economic_Journal","dspart","70",0,0,0,0,1
"separate","The_Economic_Journal","dspart","71",0,0,0,0,1
"separate","The_Economic_Journal","dspart","72",0,0,0,0,1
"separate","The_Economic_Journal","dspart","73",0,0,0,0,1
"separate","The_Economic_Journal","dspart","74",0,0,0,0,1
"separate","The_Economic_Journal","dspart","75",0,0,0,0,1
"separate","The_Economic_Journal","dspart","76",0,0,0,0,1
"separate","The_Economic_Journal","dspart","77",0,0,0,0,1
"separate","The_Economic_Journal","dspart","78",0,0,0,0,1
"separate","The_Economic_Journal","dspart","79",0,0,0,0,1
"separate","The_Economic_Journal","dspart","80",0,0,0,0,1
"separate","The_Economic_Journal","dspart","81",0,0,0,0,1
"separate","The_Economic_Journal","dspart","82",0,0,0,0,1
"separate","The_Economic_Journal","dspart","83",0,0,0,0,1
"separate","The_Economic_Journal","dspart","84",0,0,0,0,1
"separate","The_Economic_Journal","dspart","85",0,0,0,0,1
"separate","The_Economic_Journal","dspart","86",0,0,0,0,1
"separate","The_Economic_Journal","dspart","87",0,0,0,0,1
"separate","The_Economic_Journal","dspart","88",0,0,0,0,1
"separate","The_Economic_Journal","dspart","89",0,0,0,0,1
"separate","The_Economic_Journal","dspart","90",0,0,0,0,1
"separate","The_Economic_Journal","dspart","91",0,0,0,0,1
"separate","The_Economic_Journal","dspart","92",0,0,0,0,1
"separate","The_Economic_Journal","dspart","93",0,0,0,0,1
"separate","The_Economic_Journal","dspart","94",0,0,0,0,1
"separate","The_Economic_Journal","dspart","95",0,0,0,0,1
"separate","The_Economic_Journal","dspart","96",0,0,0,0,1
"separate","The_Economic_Journal","dspart","97",0,0,0,0,1
"separate","The_Economic_Journal","dspart","98",0,0,0,0,1
"separate","The_Economic_Journal","dspart","99",0,0,0,0,1
"separate","The_Economic_Journal","dspart","100",0,0,0,0,1
"separate","The_Economic_Journal","dspart","101",0,0,0,0,1
"separate","The_Economic_Journal","dspart","102",0,0,0,0,1
"separate","The_Economic_Journal","dspart","103",0,0,0,0,1
"separate","The_Economic_Journal","dspart","104",0,0,0,0,1
"separate","The_Economic_Journal","dspart","105",0,0,0,0,1
"separate","The_Economic_Journal","dspart","106",0,0,0,0,1
"separate","The_Economic_Journal","dspart","107",0,0,0,0,1
"separate","The_Economic_Journal","dspart","108",0,0,0,0,1
"separate","The_Economic_Journal","dspart","109",0,0,0,0,1
"separate","The_Economic_Journal","dspart","110",0,0,0,0,1
"separate","The_Economic_Journal","dspart","111",0,0,0,0,1
"separate","The_Economic_Journal","dspart","112",0,0,0,0,1
"separate","The_Economic_Journal","dspart","113",0,0,0,0,1
"separate","The_Economic_Journal","dspart","114",0,0,0,0,1
"separate","The_Economic_Journal","dspart","115",0,0,0,0,1
"separate","The_Economic_Journal","dspart","116",0,0,0,0,1
"separate","The_Economic_Journal","dspart","117",0,0,0,0,1
"separate","The_Economic_Journal","dspart","118",0,0,0,0,1
"separate","The_Economic_Journal","dspart","119",0,0,0,0,1
"separate","The_Economic_Journal","dspart","120",0,0,0,0,1
"separate","The_Economic_Journal","dspart","121",0,0,0,0,1
"separate","The_Economic_Journal","dspart","122",0,0,0,0,1
"separate","The_Economic_Journal","dspart","123",0,0,0,0,1
"separate","The_Economic_Journal","dspart","124",0,0,0,0,1
"separate","The_Economic_Journal","dspart","125",0,0,0,0,1
"separate","The_Economic_Journal","dspart","126",0,0,0,0,1
"separate","The_Economic_Journal","dspart","127",0,0,0,0,1
"separate","The_Economic_Journal","dspart","128",0,0,0,0,1
"separate","The_Economic_Journal","dspart","129",0,0,0,0,1
"separate","The_Economic_Journal","dspart","130",0,0,0,0,1
"separate","The_Economic_Journal","dspart","131",0,0,0,0,1
"separate","The_Economic_Journal","dspart","132",0,0,0,0,1
"separate","The_Economic_Journal","dspart","133",0,0,0,0,1
"separate","The_Economic_Journal","dspart","134",0,0,0,0,1
"separate","The_Economic_Journal","dspart","135",0,0,0,0,1
"separate","The_Economic_Journal","dspart","136",0,0,0,0,1
"separate","The_Economic_Journal","dspart","137",0,0,0,0,1
"separate","The_Economic_Journal","dspart","138",0,0,0,0,1
"separate","The_Economic_Journal","dspart","139",0,0,0,0,1
"separate","The_Economic_Journal","dspart","140",0,0,0,0,1
"separate","The_Economic_Journal","dspart","141",0,0,0,0,1
"separate","The_Economic_Journal","dspart","142",0,0,0,0,1
"separate","The_Economic_Journal","dspart","143",0,0,0,0,1
"separate","The_Economic_Journal","dspart","144",0,0,0,0,1
"separate","The_Economic_Journal","dspart","145",0,0,0,0,1
"separate","The_Economic_Journal","dspart","146",0,0,0,0,1
"separate","The_Economic_Journal","dspart","147",0,0,0,0,1
"separate","The_Economic_Journal","dspart","148",0,0,0,0,1
"separate","The_Economic_Journal","dspart","149",0,0,0,0,1
"separate","The_Economic_Journal","dspart","150",0,0,0,0,1
"separate","The_Economic_Journal","dspart","151",0,0,0,0,1
"separate","The_Economic_Journal","dspart","152",0,0,0,0,1
"separate","The_Economic_Journal","dspart","153",0,0,0,0,1
"separate","The_Economic_Journal","dspart","154",0,0,0,0,1
"separate","The_Economic_Journal","dspart","155",0,0,0,0,1
"separate","The_Economic_Journal","dspart","156",0,0,0,0,1
"separate","The_Economic_Journal","dspart","157",0,0,0,0,1
"separate","The_Economic_Journal","dspart","158",0,0,0,0,1
"separate","The_Economic_Journal","dspart","159",0,0,0,0,1
"separate","The_Economic_Journal","dspart","160",0,0,0,0,1
"separate","The_Economic_Journal","dspart","161",0,0,0,0,1
"separate","The_Economic_Journal","dspart","162",0,0,0,0,1
"separate","The_Economic_Journal","dspart","163",0,0,0,0,1
"separate","The_Economic_Journal","dspart","164",0,0,0,0,1
"separate","The_Economic_Journal","dspart","165",0,0,0,0,1
"separate","The_Economic_Journal","dspart","166",0,0,0,0,1
"separate","The_Economic_Journal","dspart","167",0,0,0,0,1
"separate","The_Economic_Journal","dspart","168",0,0,0,0,1
"separate","The_Economic_Journal","dspart","169",0,0,0,0,1
"separate","The_Economic_Journal","dspart","170",0,0,0,0,1
"separate","The_Economic_Journal","dspart","171",0,0,0,0,1
"separate","The_Economic_Journal","dspart","172",0,0,0,0,1
"separate","The_Economic_Journal","dspart","173",0,0,0,0,1
"separate","The_Economic_Journal","dspart","174",0,0,0,0,1
"separate","The_Economic_Journal","dspart","175",0,0,0,0,1
"separate","The_Economic_Journal","dspart","176",0,0,0,0,1
"separate","The_Economic_Journal","dspart","177",0,0,0,0,1
"separate","The_Economic_Journal","dspart","178",0,0,0,0,1
"separate","The_Economic_Journal","dspart","179",0,0,0,0,1
"separate","The_Economic_Journal","dspart","180",0,0,0,0,1
"separate","The_Economic_Journal","dspart","181",0,0,0,0,1
"separate","The_Economic_Journal","dspart","182",0,0,0,0,1
"separate","The_Economic_Journal","dspart","183",0,0,0,0,1
"separate","The_Economic_Journal","dspart","184",0,0,0,0,1
"separate","The_Economic_Journal","dspart","185",0,0,0,0,1
"separate","The_Economic_Journal","dspart","186",0,0,0,0,1
"separate","The_Economic_Journal","dspart","187",0,0,0,0,1
"separate","The_Economic_Journal","dspart","188",0,0,0,0,1
"separate","The_Economic_Journal","dspart","189",0,0,0,0,1
"separate","The_Economic_Journal","dspart","190",0,0,0,0,1
"separate","The_Economic_Journal","dspart","191",0,0,0,0,1
"separate","The_Economic_Journal","dspart","192",0,0,0,0,1
"separate","The_Economic_Journal","dspart","193",0,0,0,0,1
"separate","The_Economic_Journal","dspart","194",0,0,0,0,1
"separate","The_Economic_Journal","dspart","195",0,0,0,0,1
"separate","The_Economic_Journal","dspart","196",0,0,0,0,1
"separate","The_Economic_Journal","dspart","197",0,0,0,0,1
"separate","The_Economic_Journal","dspart","198",0,0,0,0,1
"separate","The_Economic_Journal","dspart","199",0,0,0,0,1
"separate","The_Economic_Journal","dspart","200",0,0,0,0,1
"separate","The_Economic_Journal","dspart","201",0,0,0,0,1
"separate","The_Economic_Journal","dspart","202",0,0,0,0,1
"separate","The_Economic_Journal","dspart","203",0,0,0,0,1
"separate","The_Economic_Journal","dspart","204",0,0,0,0,1
"separate","The_Economic_Journal","dspart","205",0,0,0,0,1
"separate","The_Economic_Journal","dspart","206",0,0,0,0,1
"separate","The_Economic_Journal","dspart","207",0,0,0,0,1
"separate","The_Economic_Journal","dspart","208",0,0,0,0,1
"separate","The_Economic_Journal","dspart","209",0,0,0,0,1
"separate","The_Economic_Journal","dspart","210",0,0,0,0,1
"separate","The_Economic_Journal","dspart","211",0,0,0,0,1
"separate","The_Economic_Journal","dspart","212",0,0,0,0,1
"separate","The_Economic_Journal","dspart","213",0,0,0,0,1
"separate","The_Economic_Journal","dspart","214",0,0,0,0,1
"separate","The_Economic_Journal","dspart","215",0,0,0,0,1
"separate","The_Economic_Journal","dspart","216",0,0,0,0,1
"separate","The_Economic_Journal","dspart","217",0,0,0,0,1
"separate","The_Economic_Journal","dspart","218",0,0,0,0,1
"separate","The_Economic_Journal","dspart","219",0,0,0,0,1
"separate","The_Economic_Journal","dspart","220",0,0,0,0,1
"separate","The_Economic_Journal","dspart","221",0,0,0,0,1
"separate","The_Economic_Journal","dspart","222",0,0,0,0,1
"separate","The_Economic_Journal","dspart","223",0,0,0,0,1
"separate","The_Economic_Journal","dspart","224",0,0,0,0,1
"separate","The_Economic_Journal","dspart","225",0,0,0,0,1
"separate","The_Economic_Journal","dspart","226",0,0,0,0,1
"separate","The_Economic_Journal","espart","0",41,181,212.14,242,0
"separate","The_Economic_Journal","espart","1",105,0,8.49,20,0
"separate","The_Economic_Journal","espart","2",36,0,1.08,6,0
"separate","The_Economic_Journal","espart","3",40,0,0,0,0
"separate","The_Economic_Journal","espart","4",0,0,0,0,1
"separate","The_Economic_Journal","espart","5",0,0,0,0,1
"separate","The_Economic_Journal","espart","6",0,0,0,0,1
"separate","The_Economic_Journal","espart","7",0,0,0,0,1
"separate","The_Economic_Journal","espart","8",0,0,0,0,1
"separate","The_Economic_Journal","espart","9",0,0,0,0,1
"separate","The_Economic_Journal","espart","10",0,0,0,0,1
"separate","The_Economic_Journal","espart","11",0,0,0,0,1
"separate","The_Economic_Journal","espart","12",0,0,0,0,1
"separate","The_Economic_Journal","espart","13",0,0,0,0,1
"separate","The_Economic_Journal","espart","14",0,0,0,0,1
"separate","The_Economic_Journal","espart","15",0,0,0,0,1
"separate","The_Economic_Journal","espart","16",0,0,0,0,1
"separate","The_Economic_Journal","espart","17",0,0,0,0,1
"separate","The_Economic_Journal","espart","18",0,0,0,0,1
"separate","The_Economic_Journal","espart","19",0,0,0,0,1
"separate","The_Economic_Journal","espart","20",0,0,0,0,1
"separate","The_Economic_Journal","espart","21",0,0,0,0,1
"separate","The_Economic_Journal","espart","22",0,0,0,0,1
"separate","The_Economic_Journal","espart","23",0,0,0,0,1
"separate","The_Economic_Journal","espart","24",0,0,0,0,1
"separate","The_Economic_Journal","espart","25",0,0,0,0,1
"separate","The_Economic_Journal","espart","26",0,0,0,0,1
"separate","The_Economic_Journal","espart","27",0,0,0,0,1
"separate","The_Economic_Journal","espart","28",0,0,0,0,1
"separate","The_Economic_Journal","espart","29",0,0,0,0,1
"separate","The_Economic_Journal","espart","30",0,0,0,0,1
"separate","The_Economic_Journal","espart","31",0,0,0,0,1
"separate","The_Economic_Journal","espart","32",0,0,0,0,1
"separate","The_Economic_Journal","espart","33",0,0,0,0,1
"separate","The_Economic_Journal","espart","34",0,0,0,0,1
"separate","The_Economic_Journal","espart","35",0,0,0,0,1
"separate","The_Economic_Journal","espart","36",0,0,0,0,1
"separate","The_Economic_Journal","espart","37",0,0,0,0,1
"separate","The_Economic_Journal","espart","38",0,0,0,0,1
"separate","The_Economic_Journal","espart","39",0,0,0,0,1
"separate","The_Economic_Journal","espart","40",0,0,0,0,1
"separate","The_Economic_Journal","espart","41",0,0,0,0,1
"separate","The_Economic_Journal","espart","42",0,0,0,0,1
"separate","The_Economic_Journal","espart","43",0,0,0,0,1
"separate","The_Economic_Journal","espart","44",0,0,0,0,1
"separate","The_Economic_Journal","espart","45",0,0,0,0,1
"separate","The_Economic_Journal","espart","46",0,0,0,0,1
"separate","The_Economic_Journal","espart","47",0,0,0,0,1
"separate","The_Economic_Journal","espart","48",0,0,0,0,1
"separate","The_Economic_Journal","espart","49",0,0,0,0,1
"separate","The_Economic_Journal","espart","50",0,0,0,0,1
"separate","The_Economic_Journal","espart","51",0,0,0,0,1
"separate","The_Economic_Journal","espart","52",0,0,0,0,1
"separate","The_Economic_Journal","espart","53",0,0,0,0,1
"separate","The_Economic_Journal","espart","54",0,0,0,0,1
"separate","The_Economic_Journal","espart","55",0,0,0,0,1
"separate","The_Economic_Journal","espart","56",0,0,0,0,1
"separate","The_Economic_Journal","espart","57",0,0,0,0,1
"separate","The_Economic_Journal","espart","58",0,0,0,0,1
"separate","The_Economic_Journal","espart","59",0,0,0,0,1
"separate","The_Economic_Journal","espart","60",0,0,0,0,1
"separate","The_Economic_Journal","espart","61",0,0,0,0,1
"separate","The_Economic_Journal","espart","62",0,0,0,0,1
"separate","The_Economic_Journal","espart","63",0,0,0,0,1
"separate","The_Economic_Journal","espart","64",0,0,0,0,1
"separate","The_Economic_Journal","espart","65",0,0,0,0,1
"separate","The_Economic_Journal","espart","66",0,0,0,0,1
"separate","The_Economic_Journal","espart","67",0,0,0,0,1
"separate","The_Economic_Journal","espart","68",0,0,0,0,1
"separate","The_Economic_Journal","espart","69",0,0,0,0,1
"separate","The_Economic_Journal","espart","70",0,0,0,0,1
"separate","The_Economic_Journal","espart","71",0,0,0,0,1
"separate","The_Economic_Journal","espart","72",0,0,0,0,1
"separate","The_Economic_Journal","espart","73",0,0,0,0,1
"separate","The_Economic_Journal","espart","74",0,0,0,0,1
"separate","The_Economic_Journal","espart","75",0,0,0,0,1
"separate","The_Economic_Journal","espart","76",0,0,0,0,1
"separate","The_Economic_Journal","espart","77",0,0,0,0,1
"separate","The_Economic_Journal","espart","78",0,0,0,0,1
"separate","The_Economic_Journal","espart","79",0,0,0,0,1
"separate","The_Economic_Journal","espart","80",0,0,0,0,1
"separate","The_Economic_Journal","espart","81",0,0,0,0,1
"separate","The_Economic_Journal","espart","82",0,0,0,0,1
"separate","The_Economic_Journal","espart","83",0,0,0,0,1
"separate","The_Economic_Journal","espart","84",0,0,0,0,1
"separate","The_Economic_Journal","espart","85",0,0,0,0,1
"separate","The_Economic_Journal","espart","86",0,0,0,0,1
"separate","The_Economic_Journal","espart","87",0,0,0,0,1
"separate","The_Economic_Journal","espart","88",0,0,0,0,1
"separate","The_Economic_Journal","espart","89",0,0,0,0,1
"separate","The_Economic_Journal","espart","90",0,0,0,0,1
"separate","The_Economic_Journal","espart","91",0,0,0,0,1
"separate","The_Economic_Journal","espart","92",0,0,0,0,1
"separate","The_Economic_Journal","espart","93",0,0,0,0,1
"separate","The_Economic_Journal","espart","94",0,0,0,0,1
"separate","The_Economic_Journal","espart","95",0,0,0,0,1
"separate","The_Economic_Journal","espart","96",0,0,0,0,1
"separate","The_Economic_Journal","espart","97",0,0,0,0,1
"separate","The_Economic_Journal","espart","98",0,0,0,0,1
"separate","The_Economic_Journal","espart","99",0,0,0,0,1
"separate","The_Economic_Journal","espart","100",0,0,0,0,1
"separate","The_Economic_Journal","espart","101",0,0,0,0,1
"separate","The_Economic_Journal","espart","102",0,0,0,0,1
"separate","The_Economic_Journal","espart","103",0,0,0,0,1
"separate","The_Economic_Journal","espart","104",0,0,0,0,1
"separate","The_Economic_Journal","espart","105",0,0,0,0,1
"separate","The_Economic_Journal","espart","106",0,0,0,0,1
"separate","The_Economic_Journal","espart","107",0,0,0,0,1
"separate","The_Economic_Journal","espart","108",0,0,0,0,1
"separate","The_Economic_Journal","espart","109",0,0,0,0,1
"separate","The_Economic_Journal","espart","110",0,0,0,0,1
"separate","The_Economic_Journal","espart","111",0,0,0,0,1
"separate","The_Economic_Journal","espart","112",0,0,0,0,1
"separate","The_Economic_Journal","espart","113",0,0,0,0,1
"separate","The_Economic_Journal","espart","114",0,0,0,0,1
"separate","The_Economic_Journal","espart","115",0,0,0,0,1
"separate","The_Economic_Journal","espart","116",0,0,0,0,1
"separate","The_Economic_Journal","espart","117",0,0,0,0,1
"separate","The_Economic_Journal","espart","118",0,0,0,0,1
"separate","The_Economic_Journal","espart","119",0,0,0,0,1
"separate","The_Economic_Journal","espart","120",0,0,0,0,1
"separate","The_Economic_Journal","espart","121",0,0,0,0,1
"separate","The_Economic_Journal","espart","122",0,0,0,0,1
"separate","The_Economic_Journal","espart","123",0,0,0,0,1
"separate","The_Economic_Journal","espart","124",0,0,0,0,1
"separate","The_Economic_Journal","espart","125",0,0,0,0,1
"separate","The_Economic_Journal","espart","126",0,0,0,0,1
"separate","The_Economic_Journal","espart","127",0,0,0,0,1
"separate","The_Economic_Journal","espart","128",0,0,0,0,1
"separate","The_Economic_Journal","espart","129",0,0,0,0,1
"separate","The_Economic_Journal","espart","130",0,0,0,0,1
"separate","The_Economic_Journal","espart","131",0,0,0,0,1
"separate","The_Economic_Journal","espart","132",0,0,0,0,1
"separate","The_Economic_Journal","espart","133",0,0,0,0,1
"separate","The_Economic_Journal","espart","134",0,0,0,0,1
"separate","The_Economic_Journal","espart","135",0,0,0,0,1
"separate","The_Economic_Journal","espart","136",0,0,0,0,1
"separate","The_Economic_Journal","espart","137",0,0,0,0,1
"separate","The_Economic_Journal","espart","138",0,0,0,0,1
"separate","The_Economic_Journal","espart","139",0,0,0,0,1
"separate","The_Economic_Journal","espart","140",0,0,0,0,1
"separate","The_Economic_Journal","espart","141",0,0,0,0,1
"separate","The_Economic_Journal","espart","142",0,0,0,0,1
"separate","The_Economic_Journal","espart","143",0,0,0,0,1
"separate","The_Economic_Journal","espart","144",0,0,0,0,1
"separate","The_Economic_Journal","espart","145",0,0,0,0,1
"separate","The_Economic_Journal","espart","146",0,0,0,0,1
"separate","The_Economic_Journal","espart","147",0,0,0,0,1
"separate","The_Economic_Journal","espart","148",0,0,0,0,1
"separate","The_Economic_Journal","espart","149",0,0,0,0,1
"separate","The_Economic_Journal","espart","150",0,0,0,0,1
"separate","The_Economic_Journal","espart","151",0,0,0,0,1
"separate","The_Economic_Journal","espart","152",0,0,0,0,1
"separate","The_Economic_Journal","espart","153",0,0,0,0,1
"separate","The_Economic_Journal","espart","154",0,0,0,0,1
"separate","The_Economic_Journal","espart","155",0,0,0,0,1
"separate","The_Economic_Journal","espart","156",0,0,0,0,1
"separate","The_Economic_Journal","espart","157",0,0,0,0,1
"separate","The_Economic_Journal","espart","158",0,0,0,0,1
"separate","The_Economic_Journal","espart","159",0,0,0,0,1
"separate","The_Economic_Journal","espart","160",0,0,0,0,1
"separate","The_Economic_Journal","espart","161",0,0,0,0,1
"separate","The_Economic_Journal","espart","162",0,0,0,0,1
"separate","The_Economic_Journal","espart","163",0,0,0,0,1
"separate","The_Economic_Journal","espart","164",0,0,0,0,1
"separate","The_Economic_Journal","espart","165",0,0,0,0,1
"separate","The_Economic_Journal","espart","166",0,0,0,0,1
"separate","The_Economic_Journal","espart","167",0,0,0,0,1
"separate","The_Economic_Journal","espart","168",0,0,0,0,1
"separate","The_Economic_Journal","espart","169",0,0,0,0,1
"separate","The_Economic_Journal","espart","170",0,0,0,0,1
"separate","The_Economic_Journal","espart","171",0,0,0,0,1
"separate","The_Economic_Journal","espart","172",0,0,0,0,1
"separate","The_Economic_Journal","espart","173",0,0,0,0,1
"separate","The_Economic_Journal","espart","174",0,0,0,0,1
"separate","The_Economic_Journal","espart","175",0,0,0,0,1
"separate","The_Economic_Journal","espart","176",0,0,0,0,1
"separate","The_Economic_Journal","espart","177",0,0,0,0,1
"separate","The_Economic_Journal","espart","178",0,0,0,0,1
"separate","The_Economic_Journal","espart","179",0,0,0,0,1
"separate","The_Economic_Journal","espart","180",0,0,0,0,1
"separate","The_Economic_Journal","espart","181",0,0,0,0,1
"separate","The_Economic_Journal","espart","182",0,0,0,0,1
"separate","The_Economic_Journal","espart","183",0,0,0,0,1
"separate","The_Economic_Journal","espart","184",0,0,0,0,1
"separate","The_Economic_Journal","espart","185",0,0,0,0,1
"separate","The_Economic_Journal","espart","186",0,0,0,0,1
"separate","The_Economic_Journal","espart","187",0,0,0,0,1
"separate","The_Economic_Journal","espart","188",0,0,0,0,1
"separate","The_Economic_Journal","espart","189",0,0,0,0,1
"separate","The_Economic_Journal","espart","190",0,0,0,0,1
"separate","The_Economic_Journal","espart","191",0,0,0,0,1
"separate","The_Economic_Journal","espart","192",0,0,0,0,1
"separate","The_Economic_Journal","espart","193",0,0,0,0,1
"separate","The_Economic_Journal","espart","194",0,0,0,0,1
"separate","The_Economic_Journal","espart","195",0,0,0,0,1
"separate","The_Economic_Journal","espart","196",0,0,0,0,1
"separate","The_Economic_Journal","espart","197",0,0,0,0,1
"separate","The_Economic_Journal","espart","198",0,0,0,0,1
"separate","The_Economic_Journal","espart","199",0,0,0,0,1
"separate","The_Economic_Journal","espart","200",0,0,0,0,1
"separate","The_Economic_Journal","espart","201",0,0,0,0,1
"separate","The_Economic_Journal","espart","202",0,0,0,0,1
"separate","The_Economic_Journal","espart","203",0,0,0,0,1
"separate","The_Economic_Journal","espart","204",0,0,0,0,1
"separate","The_Economic_Journal","espart","205",0,0,0,0,1
"separate","The_Economic_Journal","espart","206",0,0,0,0,1
"separate","The_Economic_Journal","espart","207",0,0,0,0,1
"separate","The_Economic_Journal","espart","208",0,0,0,0,1
"separate","The_Economic_Journal","espart","209",0,0,0,0,1
"separate","The_Economic_Journal","espart","210",0,0,0,0,1
"separate","The_Economic_Journal","espart","211",0,0,0,0,1
"separate","The_Economic_Journal","espart","212",0,0,0,0,1
"separate","The_Economic_Journal","espart","213",0,0,0,0,1
"separate","The_Economic_Journal","espart","214",0,0,0,0,1
"separate","The_Economic_Journal","espart","215",0,0,0,0,1
"separate","The_Economic_Journal","espart","216",0,0,0,0,1
"separate","The_Economic_Journal","espart","217",0,0,0,0,1
"separate","The_Economic_Journal","espart","218",0,0,0,0,1
"separate","The_Economic_Journal","espart","219",0,0,0,0,1
"separate","The_Economic_Journal","espart","220",0,0,0,0,1
"separate","The_Economic_Journal","espart","221",0,0,0,0,1
"separate","The_Economic_Journal","espart","222",0,0,0,0,1
"separate","The_Economic_Journal","espart","223",0,0,0,0,1
"separate","The_Economic_Journal","espart","224",0,0,0,0,1
"separate","The_Economic_Journal","espart","225",0,0,0,0,1
"separate","The_Economic_Journal","espart","226",0,0,0,0,1
"separate","The_Economic_Journal","model","edges",222,190,221.71,248,0.98
"separate","The_Economic_Journal","model","edgecov.prior",13,10,13.11,16,1
"separate","The_Economic_Journal","model","nodecov.expertise_model_z",6.6879858066263,-50.5081332695225,7.06500811179569,64.477490144775,0.92
"separate","The_Economic_Journal","model","absdiff.expertise_model_z",167.946423055803,123.713557491223,167.870845257514,208.774033529141,0.98
"separate","The_Economic_Journal","model","nodecov.leadership_model_z",6.1539210265993,-48.3140637107279,6.21011821121229,66.3139847965606,0.9
"separate","The_Economic_Journal","model","absdiff.leadership_model_z",234.985242603699,195.062448235082,236.524289505699,280.501728287074,0.94
"separate","The_New_England_Journal_of_Medicine","deg","0",0,0,0.02,1,1
"separate","The_New_England_Journal_of_Medicine","deg","1",47,0,0.57,3,0
"separate","The_New_England_Journal_of_Medicine","deg","2",48,0,1.74,6,0
"separate","The_New_England_Journal_of_Medicine","deg","3",47,1,4.88,9,0
"separate","The_New_England_Journal_of_Medicine","deg","4",17,2,9.21,17,0.02
"separate","The_New_England_Journal_of_Medicine","deg","5",25,6,12.88,21,0
"separate","The_New_England_Journal_of_Medicine","deg","6",24,8,16.65,28,0.1
"separate","The_New_England_Journal_of_Medicine","deg","7",32,12,21.2,32,0.02
"separate","The_New_England_Journal_of_Medicine","deg","8",26,12,24.56,37,0.82
"separate","The_New_England_Journal_of_Medicine","deg","9",19,16,27.89,37,0.12
"separate","The_New_England_Journal_of_Medicine","deg","10",3,18,31.54,45,0
"separate","The_New_England_Journal_of_Medicine","deg","11",9,22,34.7,51,0
"separate","The_New_England_Journal_of_Medicine","deg","12",16,21,38.42,54,0
"separate","The_New_England_Journal_of_Medicine","deg","13",10,26,39.17,52,0
"separate","The_New_England_Journal_of_Medicine","deg","14",3,27,40.26,54,0
"separate","The_New_England_Journal_of_Medicine","deg","15",16,26,39.24,57,0
"separate","The_New_England_Journal_of_Medicine","deg","16",3,25,38.05,54,0
"separate","The_New_England_Journal_of_Medicine","deg","17",1,23,35.58,50,0
"separate","The_New_England_Journal_of_Medicine","deg","18",19,18,32.14,47,0.04
"separate","The_New_England_Journal_of_Medicine","deg","19",2,16,26.66,38,0
"separate","The_New_England_Journal_of_Medicine","deg","20",17,11,22.03,34,0.3
"separate","The_New_England_Journal_of_Medicine","deg","21",16,7,17.83,29,0.74
"separate","The_New_England_Journal_of_Medicine","deg","22",10,5,13.1,22,0.54
"separate","The_New_England_Journal_of_Medicine","deg","23",24,3,9.73,17,0
"separate","The_New_England_Journal_of_Medicine","deg","24",6,2,6.68,14,1
"separate","The_New_England_Journal_of_Medicine","deg","25",9,0,4.31,10,0.06
"separate","The_New_England_Journal_of_Medicine","deg","26",2,0,2.9,10,0.92
"separate","The_New_England_Journal_of_Medicine","deg","27",4,0,1.85,6,0.3
"separate","The_New_England_Journal_of_Medicine","deg","28",31,0,1.16,5,0
"separate","The_New_England_Journal_of_Medicine","deg","29",0,0,0.43,3,1
"separate","The_New_England_Journal_of_Medicine","deg","30",17,0,0.31,2,0
"separate","The_New_England_Journal_of_Medicine","deg","31",5,0,0.16,2,0
"separate","The_New_England_Journal_of_Medicine","deg","32",8,0,0.07,1,0
"separate","The_New_England_Journal_of_Medicine","deg","33",0,0,0.04,1,1
"separate","The_New_England_Journal_of_Medicine","deg","34",0,0,0.02,1,1
"separate","The_New_England_Journal_of_Medicine","deg","35",0,0,0,0,1
"separate","The_New_England_Journal_of_Medicine","deg","36",0,0,0.02,1,1
"separate","The_New_England_Journal_of_Medicine","deg","37",0,0,0,0,1
"separate","The_New_England_Journal_of_Medicine","deg","38",39,0,0,0,0
"separate","The_New_England_Journal_of_Medicine","deg","39",0,0,0,0,1
"separate","The_New_England_Journal_of_Medicine","deg","40",0,0,0,0,1
"separate","The_New_England_Journal_of_Medicine","deg","41",0,0,0,0,1
"separate","The_New_England_Journal_of_Medicine","deg","42",1,0,0,0,0
"separate","The_New_England_Journal_of_Medicine","deg","43",0,0,0,0,1
"separate","The_New_England_Journal_of_Medicine","deg","44",0,0,0,0,1
"separate","The_New_England_Journal_of_Medicine","deg","45",0,0,0,0,1
"separate","The_New_England_Journal_of_Medicine","deg","46",0,0,0,0,1
"separate","The_New_England_Journal_of_Medicine","deg","47",0,0,0,0,1
"separate","The_New_England_Journal_of_Medicine","deg","48",0,0,0,0,1
"separate","The_New_England_Journal_of_Medicine","deg","49",0,0,0,0,1
"separate","The_New_England_Journal_of_Medicine","deg","50",0,0,0,0,1
"separate","The_New_England_Journal_of_Medicine","deg","51",0,0,0,0,1
"separate","The_New_England_Journal_of_Medicine","deg","52",0,0,0,0,1
"separate","The_New_England_Journal_of_Medicine","deg","53",0,0,0,0,1
"separate","The_New_England_Journal_of_Medicine","deg","54",0,0,0,0,1
"separate","The_New_England_Journal_of_Medicine","deg","55",0,0,0,0,1
"separate","The_New_England_Journal_of_Medicine","deg","56",0,0,0,0,1
"separate","The_New_England_Journal_of_Medicine","deg","57",0,0,0,0,1
"separate","The_New_England_Journal_of_Medicine","deg","58",0,0,0,0,1
"separate","The_New_England_Journal_of_Medicine","deg","59",0,0,0,0,1
"separate","The_New_England_Journal_of_Medicine","deg","60",0,0,0,0,1
"separate","The_New_England_Journal_of_Medicine","deg","61",0,0,0,0,1
"separate","The_New_England_Journal_of_Medicine","deg","62",0,0,0,0,1
"separate","The_New_England_Journal_of_Medicine","deg","63",0,0,0,0,1
"separate","The_New_England_Journal_of_Medicine","deg","64",0,0,0,0,1
"separate","The_New_England_Journal_of_Medicine","deg","65",0,0,0,0,1
"separate","The_New_England_Journal_of_Medicine","deg","66",0,0,0,0,1
"separate","The_New_England_Journal_of_Medicine","deg","67",0,0,0,0,1
"separate","The_New_England_Journal_of_Medicine","deg","68",0,0,0,0,1
"separate","The_New_England_Journal_of_Medicine","deg","69",0,0,0,0,1
"separate","The_New_England_Journal_of_Medicine","deg","70",0,0,0,0,1
"separate","The_New_England_Journal_of_Medicine","deg","71",0,0,0,0,1
"separate","The_New_England_Journal_of_Medicine","deg","72",0,0,0,0,1
"separate","The_New_England_Journal_of_Medicine","deg","73",0,0,0,0,1
"separate","The_New_England_Journal_of_Medicine","deg","74",0,0,0,0,1
"separate","The_New_England_Journal_of_Medicine","deg","75",0,0,0,0,1
"separate","The_New_England_Journal_of_Medicine","deg","76",0,0,0,0,1
"separate","The_New_England_Journal_of_Medicine","deg","77",0,0,0,0,1
"separate","The_New_England_Journal_of_Medicine","deg","78",0,0,0,0,1
"separate","The_New_England_Journal_of_Medicine","deg","79",0,0,0,0,1
"separate","The_New_England_Journal_of_Medicine","deg","80",0,0,0,0,1
"separate","The_New_England_Journal_of_Medicine","deg","81",0,0,0,0,1
"separate","The_New_England_Journal_of_Medicine","deg","82",0,0,0,0,1
"separate","The_New_England_Journal_of_Medicine","deg","83",0,0,0,0,1
"separate","The_New_England_Journal_of_Medicine","deg","84",0,0,0,0,1
"separate","The_New_England_Journal_of_Medicine","deg","85",0,0,0,0,1
"separate","The_New_England_Journal_of_Medicine","deg","86",0,0,0,0,1
"separate","The_New_England_Journal_of_Medicine","deg","87",0,0,0,0,1
"separate","The_New_England_Journal_of_Medicine","deg","88",0,0,0,0,1
"separate","The_New_England_Journal_of_Medicine","deg","89",0,0,0,0,1
"separate","The_New_England_Journal_of_Medicine","deg","90",0,0,0,0,1
"separate","The_New_England_Journal_of_Medicine","deg","91",0,0,0,0,1
"separate","The_New_England_Journal_of_Medicine","deg","92",0,0,0,0,1
"separate","The_New_England_Journal_of_Medicine","deg","93",0,0,0,0,1
"separate","The_New_England_Journal_of_Medicine","deg","94",0,0,0,0,1
"separate","The_New_England_Journal_of_Medicine","deg","95",0,0,0,0,1
"separate","The_New_England_Journal_of_Medicine","deg","96",0,0,0,0,1
"separate","The_New_England_Journal_of_Medicine","deg","97",0,0,0,0,1
"separate","The_New_England_Journal_of_Medicine","deg","98",0,0,0,0,1
"separate","The_New_England_Journal_of_Medicine","deg","99",0,0,0,0,1
"separate","The_New_England_Journal_of_Medicine","deg","100",0,0,0,0,1
"separate","The_New_England_Journal_of_Medicine","deg","101",0,0,0,0,1
"separate","The_New_England_Journal_of_Medicine","deg","102",0,0,0,0,1
"separate","The_New_England_Journal_of_Medicine","deg","103",0,0,0,0,1
"separate","The_New_England_Journal_of_Medicine","deg","104",0,0,0,0,1
"separate","The_New_England_Journal_of_Medicine","deg","105",0,0,0,0,1
"separate","The_New_England_Journal_of_Medicine","deg","106",0,0,0,0,1
"separate","The_New_England_Journal_of_Medicine","deg","107",0,0,0,0,1
"separate","The_New_England_Journal_of_Medicine","deg","108",0,0,0,0,1
"separate","The_New_England_Journal_of_Medicine","deg","109",0,0,0,0,1
"separate","The_New_England_Journal_of_Medicine","deg","110",0,0,0,0,1
"separate","The_New_England_Journal_of_Medicine","deg","111",0,0,0,0,1
"separate","The_New_England_Journal_of_Medicine","deg","112",0,0,0,0,1
"separate","The_New_England_Journal_of_Medicine","deg","113",0,0,0,0,1
"separate","The_New_England_Journal_of_Medicine","deg","114",0,0,0,0,1
"separate","The_New_England_Journal_of_Medicine","deg","115",0,0,0,0,1
"separate","The_New_England_Journal_of_Medicine","deg","116",0,0,0,0,1
"separate","The_New_England_Journal_of_Medicine","deg","117",0,0,0,0,1
"separate","The_New_England_Journal_of_Medicine","deg","118",0,0,0,0,1
"separate","The_New_England_Journal_of_Medicine","deg","119",0,0,0,0,1
"separate","The_New_England_Journal_of_Medicine","deg","120",0,0,0,0,1
"separate","The_New_England_Journal_of_Medicine","deg","121",0,0,0,0,1
"separate","The_New_England_Journal_of_Medicine","deg","122",0,0,0,0,1
"separate","The_New_England_Journal_of_Medicine","deg","123",0,0,0,0,1
"separate","The_New_England_Journal_of_Medicine","deg","124",0,0,0,0,1
"separate","The_New_England_Journal_of_Medicine","deg","125",0,0,0,0,1
"separate","The_New_England_Journal_of_Medicine","deg","126",0,0,0,0,1
"separate","The_New_England_Journal_of_Medicine","deg","127",0,0,0,0,1
"separate","The_New_England_Journal_of_Medicine","deg","128",0,0,0,0,1
"separate","The_New_England_Journal_of_Medicine","deg","129",0,0,0,0,1
"separate","The_New_England_Journal_of_Medicine","deg","130",0,0,0,0,1
"separate","The_New_England_Journal_of_Medicine","deg","131",0,0,0,0,1
"separate","The_New_England_Journal_of_Medicine","deg","132",0,0,0,0,1
"separate","The_New_England_Journal_of_Medicine","deg","133",0,0,0,0,1
"separate","The_New_England_Journal_of_Medicine","deg","134",0,0,0,0,1
"separate","The_New_England_Journal_of_Medicine","deg","135",0,0,0,0,1
"separate","The_New_England_Journal_of_Medicine","deg","136",0,0,0,0,1
"separate","The_New_England_Journal_of_Medicine","deg","137",0,0,0,0,1
"separate","The_New_England_Journal_of_Medicine","deg","138",0,0,0,0,1
"separate","The_New_England_Journal_of_Medicine","deg","139",0,0,0,0,1
"separate","The_New_England_Journal_of_Medicine","deg","140",0,0,0,0,1
"separate","The_New_England_Journal_of_Medicine","deg","141",0,0,0,0,1
"separate","The_New_England_Journal_of_Medicine","deg","142",0,0,0,0,1
"separate","The_New_England_Journal_of_Medicine","deg","143",0,0,0,0,1
"separate","The_New_England_Journal_of_Medicine","deg","144",0,0,0,0,1
"separate","The_New_England_Journal_of_Medicine","deg","145",0,0,0,0,1
"separate","The_New_England_Journal_of_Medicine","deg","146",0,0,0,0,1
"separate","The_New_England_Journal_of_Medicine","deg","147",0,0,0,0,1
"separate","The_New_England_Journal_of_Medicine","deg","148",0,0,0,0,1
"separate","The_New_England_Journal_of_Medicine","deg","149",0,0,0,0,1
"separate","The_New_England_Journal_of_Medicine","deg","150",0,0,0,0,1
"separate","The_New_England_Journal_of_Medicine","deg","151",0,0,0,0,1
"separate","The_New_England_Journal_of_Medicine","deg","152",0,0,0,0,1
"separate","The_New_England_Journal_of_Medicine","deg","153",0,0,0,0,1
"separate","The_New_England_Journal_of_Medicine","deg","154",0,0,0,0,1
"separate","The_New_England_Journal_of_Medicine","deg","155",0,0,0,0,1
"separate","The_New_England_Journal_of_Medicine","deg","156",0,0,0,0,1
"separate","The_New_England_Journal_of_Medicine","deg","157",0,0,0,0,1
"separate","The_New_England_Journal_of_Medicine","deg","158",0,0,0,0,1
"separate","The_New_England_Journal_of_Medicine","deg","159",0,0,0,0,1
"separate","The_New_England_Journal_of_Medicine","deg","160",0,0,0,0,1
"separate","The_New_England_Journal_of_Medicine","deg","161",0,0,0,0,1
"separate","The_New_England_Journal_of_Medicine","deg","162",0,0,0,0,1
"separate","The_New_England_Journal_of_Medicine","deg","163",0,0,0,0,1
"separate","The_New_England_Journal_of_Medicine","deg","164",0,0,0,0,1
"separate","The_New_England_Journal_of_Medicine","deg","165",0,0,0,0,1
"separate","The_New_England_Journal_of_Medicine","deg","166",0,0,0,0,1
"separate","The_New_England_Journal_of_Medicine","deg","167",0,0,0,0,1
"separate","The_New_England_Journal_of_Medicine","deg","168",0,0,0,0,1
"separate","The_New_England_Journal_of_Medicine","deg","169",0,0,0,0,1
"separate","The_New_England_Journal_of_Medicine","deg","170",0,0,0,0,1
"separate","The_New_England_Journal_of_Medicine","deg","171",0,0,0,0,1
"separate","The_New_England_Journal_of_Medicine","deg","172",0,0,0,0,1
"separate","The_New_England_Journal_of_Medicine","deg","173",0,0,0,0,1
"separate","The_New_England_Journal_of_Medicine","deg","174",0,0,0,0,1
"separate","The_New_England_Journal_of_Medicine","deg","175",0,0,0,0,1
"separate","The_New_England_Journal_of_Medicine","deg","176",0,0,0,0,1
"separate","The_New_England_Journal_of_Medicine","deg","177",0,0,0,0,1
"separate","The_New_England_Journal_of_Medicine","deg","178",0,0,0,0,1
"separate","The_New_England_Journal_of_Medicine","deg","179",0,0,0,0,1
"separate","The_New_England_Journal_of_Medicine","deg","180",0,0,0,0,1
"separate","The_New_England_Journal_of_Medicine","deg","181",0,0,0,0,1
"separate","The_New_England_Journal_of_Medicine","deg","182",0,0,0,0,1
"separate","The_New_England_Journal_of_Medicine","deg","183",0,0,0,0,1
"separate","The_New_England_Journal_of_Medicine","deg","184",0,0,0,0,1
"separate","The_New_England_Journal_of_Medicine","deg","185",0,0,0,0,1
"separate","The_New_England_Journal_of_Medicine","deg","186",0,0,0,0,1
"separate","The_New_England_Journal_of_Medicine","deg","187",0,0,0,0,1
"separate","The_New_England_Journal_of_Medicine","deg","188",0,0,0,0,1
"separate","The_New_England_Journal_of_Medicine","deg","189",0,0,0,0,1
"separate","The_New_England_Journal_of_Medicine","deg","190",0,0,0,0,1
"separate","The_New_England_Journal_of_Medicine","deg","191",0,0,0,0,1
"separate","The_New_England_Journal_of_Medicine","deg","192",0,0,0,0,1
"separate","The_New_England_Journal_of_Medicine","deg","193",0,0,0,0,1
"separate","The_New_England_Journal_of_Medicine","deg","194",0,0,0,0,1
"separate","The_New_England_Journal_of_Medicine","deg","195",0,0,0,0,1
"separate","The_New_England_Journal_of_Medicine","deg","196",0,0,0,0,1
"separate","The_New_England_Journal_of_Medicine","deg","197",0,0,0,0,1
"separate","The_New_England_Journal_of_Medicine","deg","198",0,0,0,0,1
"separate","The_New_England_Journal_of_Medicine","deg","199",0,0,0,0,1
"separate","The_New_England_Journal_of_Medicine","deg","200",0,0,0,0,1
"separate","The_New_England_Journal_of_Medicine","deg","201",0,0,0,0,1
"separate","The_New_England_Journal_of_Medicine","deg","202",0,0,0,0,1
"separate","The_New_England_Journal_of_Medicine","deg","203",0,0,0,0,1
"separate","The_New_England_Journal_of_Medicine","deg","204",0,0,0,0,1
"separate","The_New_England_Journal_of_Medicine","deg","205",0,0,0,0,1
"separate","The_New_England_Journal_of_Medicine","deg","206",0,0,0,0,1
"separate","The_New_England_Journal_of_Medicine","deg","207",0,0,0,0,1
"separate","The_New_England_Journal_of_Medicine","deg","208",0,0,0,0,1
"separate","The_New_England_Journal_of_Medicine","deg","209",0,0,0,0,1
"separate","The_New_England_Journal_of_Medicine","deg","210",0,0,0,0,1
"separate","The_New_England_Journal_of_Medicine","deg","211",0,0,0,0,1
"separate","The_New_England_Journal_of_Medicine","deg","212",0,0,0,0,1
"separate","The_New_England_Journal_of_Medicine","deg","213",0,0,0,0,1
"separate","The_New_England_Journal_of_Medicine","deg","214",0,0,0,0,1
"separate","The_New_England_Journal_of_Medicine","deg","215",0,0,0,0,1
"separate","The_New_England_Journal_of_Medicine","deg","216",0,0,0,0,1
"separate","The_New_England_Journal_of_Medicine","deg","217",0,0,0,0,1
"separate","The_New_England_Journal_of_Medicine","deg","218",0,0,0,0,1
"separate","The_New_England_Journal_of_Medicine","deg","219",0,0,0,0,1
"separate","The_New_England_Journal_of_Medicine","deg","220",0,0,0,0,1
"separate","The_New_England_Journal_of_Medicine","deg","221",0,0,0,0,1
"separate","The_New_England_Journal_of_Medicine","deg","222",0,0,0,0,1
"separate","The_New_England_Journal_of_Medicine","deg","223",0,0,0,0,1
"separate","The_New_England_Journal_of_Medicine","deg","224",0,0,0,0,1
"separate","The_New_England_Journal_of_Medicine","deg","225",0,0,0,0,1
"separate","The_New_England_Journal_of_Medicine","deg","226",0,0,0,0,1
"separate","The_New_England_Journal_of_Medicine","deg","227",0,0,0,0,1
"separate","The_New_England_Journal_of_Medicine","deg","228",0,0,0,0,1
"separate","The_New_England_Journal_of_Medicine","deg","229",0,0,0,0,1
"separate","The_New_England_Journal_of_Medicine","deg","230",0,0,0,0,1
"separate","The_New_England_Journal_of_Medicine","deg","231",0,0,0,0,1
"separate","The_New_England_Journal_of_Medicine","deg","232",0,0,0,0,1
"separate","The_New_England_Journal_of_Medicine","deg","233",0,0,0,0,1
"separate","The_New_England_Journal_of_Medicine","deg","234",0,0,0,0,1
"separate","The_New_England_Journal_of_Medicine","deg","235",0,0,0,0,1
"separate","The_New_England_Journal_of_Medicine","deg","236",0,0,0,0,1
"separate","The_New_England_Journal_of_Medicine","deg","237",0,0,0,0,1
"separate","The_New_England_Journal_of_Medicine","deg","238",0,0,0,0,1
"separate","The_New_England_Journal_of_Medicine","deg","239",0,0,0,0,1
"separate","The_New_England_Journal_of_Medicine","deg","240",0,0,0,0,1
"separate","The_New_England_Journal_of_Medicine","deg","241",0,0,0,0,1
"separate","The_New_England_Journal_of_Medicine","deg","242",0,0,0,0,1
"separate","The_New_England_Journal_of_Medicine","deg","243",0,0,0,0,1
"separate","The_New_England_Journal_of_Medicine","deg","244",0,0,0,0,1
"separate","The_New_England_Journal_of_Medicine","deg","245",0,0,0,0,1
"separate","The_New_England_Journal_of_Medicine","deg","246",0,0,0,0,1
"separate","The_New_England_Journal_of_Medicine","deg","247",0,0,0,0,1
"separate","The_New_England_Journal_of_Medicine","deg","248",0,0,0,0,1
"separate","The_New_England_Journal_of_Medicine","deg","249",0,0,0,0,1
"separate","The_New_England_Journal_of_Medicine","deg","250",0,0,0,0,1
"separate","The_New_England_Journal_of_Medicine","deg","251",0,0,0,0,1
"separate","The_New_England_Journal_of_Medicine","deg","252",0,0,0,0,1
"separate","The_New_England_Journal_of_Medicine","deg","253",0,0,0,0,1
"separate","The_New_England_Journal_of_Medicine","deg","254",0,0,0,0,1
"separate","The_New_England_Journal_of_Medicine","deg","255",0,0,0,0,1
"separate","The_New_England_Journal_of_Medicine","deg","256",0,0,0,0,1
"separate","The_New_England_Journal_of_Medicine","deg","257",0,0,0,0,1
"separate","The_New_England_Journal_of_Medicine","deg","258",0,0,0,0,1
"separate","The_New_England_Journal_of_Medicine","deg","259",0,0,0,0,1
"separate","The_New_England_Journal_of_Medicine","deg","260",0,0,0,0,1
"separate","The_New_England_Journal_of_Medicine","deg","261",0,0,0,0,1
"separate","The_New_England_Journal_of_Medicine","deg","262",0,0,0,0,1
"separate","The_New_England_Journal_of_Medicine","deg","263",0,0,0,0,1
"separate","The_New_England_Journal_of_Medicine","deg","264",0,0,0,0,1
"separate","The_New_England_Journal_of_Medicine","deg","265",0,0,0,0,1
"separate","The_New_England_Journal_of_Medicine","deg","266",0,0,0,0,1
"separate","The_New_England_Journal_of_Medicine","deg","267",0,0,0,0,1
"separate","The_New_England_Journal_of_Medicine","deg","268",0,0,0,0,1
"separate","The_New_England_Journal_of_Medicine","deg","269",0,0,0,0,1
"separate","The_New_England_Journal_of_Medicine","deg","270",0,0,0,0,1
"separate","The_New_England_Journal_of_Medicine","deg","271",0,0,0,0,1
"separate","The_New_England_Journal_of_Medicine","deg","272",0,0,0,0,1
"separate","The_New_England_Journal_of_Medicine","deg","273",0,0,0,0,1
"separate","The_New_England_Journal_of_Medicine","deg","274",0,0,0,0,1
"separate","The_New_England_Journal_of_Medicine","deg","275",0,0,0,0,1
"separate","The_New_England_Journal_of_Medicine","deg","276",0,0,0,0,1
"separate","The_New_England_Journal_of_Medicine","deg","277",0,0,0,0,1
"separate","The_New_England_Journal_of_Medicine","deg","278",0,0,0,0,1
"separate","The_New_England_Journal_of_Medicine","deg","279",0,0,0,0,1
"separate","The_New_England_Journal_of_Medicine","deg","280",0,0,0,0,1
"separate","The_New_England_Journal_of_Medicine","deg","281",0,0,0,0,1
"separate","The_New_England_Journal_of_Medicine","deg","282",0,0,0,0,1
"separate","The_New_England_Journal_of_Medicine","deg","283",0,0,0,0,1
"separate","The_New_England_Journal_of_Medicine","deg","284",0,0,0,0,1
"separate","The_New_England_Journal_of_Medicine","deg","285",0,0,0,0,1
"separate","The_New_England_Journal_of_Medicine","deg","286",0,0,0,0,1
"separate","The_New_England_Journal_of_Medicine","deg","287",0,0,0,0,1
"separate","The_New_England_Journal_of_Medicine","deg","288",0,0,0,0,1
"separate","The_New_England_Journal_of_Medicine","deg","289",0,0,0,0,1
"separate","The_New_England_Journal_of_Medicine","deg","290",0,0,0,0,1
"separate","The_New_England_Journal_of_Medicine","deg","291",0,0,0,0,1
"separate","The_New_England_Journal_of_Medicine","deg","292",0,0,0,0,1
"separate","The_New_England_Journal_of_Medicine","deg","293",0,0,0,0,1
"separate","The_New_England_Journal_of_Medicine","deg","294",0,0,0,0,1
"separate","The_New_England_Journal_of_Medicine","deg","295",0,0,0,0,1
"separate","The_New_England_Journal_of_Medicine","deg","296",0,0,0,0,1
"separate","The_New_England_Journal_of_Medicine","deg","297",0,0,0,0,1
"separate","The_New_England_Journal_of_Medicine","deg","298",0,0,0,0,1
"separate","The_New_England_Journal_of_Medicine","deg","299",0,0,0,0,1
"separate","The_New_England_Journal_of_Medicine","deg","300",0,0,0,0,1
"separate","The_New_England_Journal_of_Medicine","deg","301",0,0,0,0,1
"separate","The_New_England_Journal_of_Medicine","deg","302",0,0,0,0,1
"separate","The_New_England_Journal_of_Medicine","deg","303",0,0,0,0,1
"separate","The_New_England_Journal_of_Medicine","deg","304",0,0,0,0,1
"separate","The_New_England_Journal_of_Medicine","deg","305",0,0,0,0,1
"separate","The_New_England_Journal_of_Medicine","deg","306",0,0,0,0,1
"separate","The_New_England_Journal_of_Medicine","deg","307",0,0,0,0,1
"separate","The_New_England_Journal_of_Medicine","deg","308",0,0,0,0,1
"separate","The_New_England_Journal_of_Medicine","deg","309",0,0,0,0,1
"separate","The_New_England_Journal_of_Medicine","deg","310",0,0,0,0,1
"separate","The_New_England_Journal_of_Medicine","deg","311",0,0,0,0,1
"separate","The_New_England_Journal_of_Medicine","deg","312",0,0,0,0,1
"separate","The_New_England_Journal_of_Medicine","deg","313",0,0,0,0,1
"separate","The_New_England_Journal_of_Medicine","deg","314",0,0,0,0,1
"separate","The_New_England_Journal_of_Medicine","deg","315",0,0,0,0,1
"separate","The_New_England_Journal_of_Medicine","deg","316",0,0,0,0,1
"separate","The_New_England_Journal_of_Medicine","deg","317",0,0,0,0,1
"separate","The_New_England_Journal_of_Medicine","deg","318",0,0,0,0,1
"separate","The_New_England_Journal_of_Medicine","deg","319",0,0,0,0,1
"separate","The_New_England_Journal_of_Medicine","deg","320",0,0,0,0,1
"separate","The_New_England_Journal_of_Medicine","deg","321",0,0,0,0,1
"separate","The_New_England_Journal_of_Medicine","deg","322",0,0,0,0,1
"separate","The_New_England_Journal_of_Medicine","deg","323",0,0,0,0,1
"separate","The_New_England_Journal_of_Medicine","deg","324",0,0,0,0,1
"separate","The_New_England_Journal_of_Medicine","deg","325",0,0,0,0,1
"separate","The_New_England_Journal_of_Medicine","deg","326",0,0,0,0,1
"separate","The_New_England_Journal_of_Medicine","deg","327",0,0,0,0,1
"separate","The_New_England_Journal_of_Medicine","deg","328",0,0,0,0,1
"separate","The_New_England_Journal_of_Medicine","deg","329",0,0,0,0,1
"separate","The_New_England_Journal_of_Medicine","deg","330",0,0,0,0,1
"separate","The_New_England_Journal_of_Medicine","deg","331",0,0,0,0,1
"separate","The_New_England_Journal_of_Medicine","deg","332",0,0,0,0,1
"separate","The_New_England_Journal_of_Medicine","deg","333",0,0,0,0,1
"separate","The_New_England_Journal_of_Medicine","deg","334",0,0,0,0,1
"separate","The_New_England_Journal_of_Medicine","deg","335",0,0,0,0,1
"separate","The_New_England_Journal_of_Medicine","deg","336",0,0,0,0,1
"separate","The_New_England_Journal_of_Medicine","deg","337",0,0,0,0,1
"separate","The_New_England_Journal_of_Medicine","deg","338",0,0,0,0,1
"separate","The_New_England_Journal_of_Medicine","deg","339",0,0,0,0,1
"separate","The_New_England_Journal_of_Medicine","deg","340",0,0,0,0,1
"separate","The_New_England_Journal_of_Medicine","deg","341",0,0,0,0,1
"separate","The_New_England_Journal_of_Medicine","deg","342",0,0,0,0,1
"separate","The_New_England_Journal_of_Medicine","deg","343",0,0,0,0,1
"separate","The_New_England_Journal_of_Medicine","deg","344",0,0,0,0,1
"separate","The_New_England_Journal_of_Medicine","deg","345",0,0,0,0,1
"separate","The_New_England_Journal_of_Medicine","deg","346",0,0,0,0,1
"separate","The_New_England_Journal_of_Medicine","deg","347",0,0,0,0,1
"separate","The_New_England_Journal_of_Medicine","deg","348",0,0,0,0,1
"separate","The_New_England_Journal_of_Medicine","deg","349",0,0,0,0,1
"separate","The_New_England_Journal_of_Medicine","deg","350",0,0,0,0,1
"separate","The_New_England_Journal_of_Medicine","deg","351",0,0,0,0,1
"separate","The_New_England_Journal_of_Medicine","deg","352",0,0,0,0,1
"separate","The_New_England_Journal_of_Medicine","deg","353",0,0,0,0,1
"separate","The_New_England_Journal_of_Medicine","deg","354",0,0,0,0,1
"separate","The_New_England_Journal_of_Medicine","deg","355",0,0,0,0,1
"separate","The_New_England_Journal_of_Medicine","deg","356",0,0,0,0,1
"separate","The_New_England_Journal_of_Medicine","deg","357",0,0,0,0,1
"separate","The_New_England_Journal_of_Medicine","deg","358",0,0,0,0,1
"separate","The_New_England_Journal_of_Medicine","deg","359",0,0,0,0,1
"separate","The_New_England_Journal_of_Medicine","deg","360",0,0,0,0,1
"separate","The_New_England_Journal_of_Medicine","deg","361",0,0,0,0,1
"separate","The_New_England_Journal_of_Medicine","deg","362",0,0,0,0,1
"separate","The_New_England_Journal_of_Medicine","deg","363",0,0,0,0,1
"separate","The_New_England_Journal_of_Medicine","deg","364",0,0,0,0,1
"separate","The_New_England_Journal_of_Medicine","deg","365",0,0,0,0,1
"separate","The_New_England_Journal_of_Medicine","deg","366",0,0,0,0,1
"separate","The_New_England_Journal_of_Medicine","deg","367",0,0,0,0,1
"separate","The_New_England_Journal_of_Medicine","deg","368",0,0,0,0,1
"separate","The_New_England_Journal_of_Medicine","deg","369",0,0,0,0,1
"separate","The_New_England_Journal_of_Medicine","deg","370",0,0,0,0,1
"separate","The_New_England_Journal_of_Medicine","deg","371",0,0,0,0,1
"separate","The_New_England_Journal_of_Medicine","deg","372",0,0,0,0,1
"separate","The_New_England_Journal_of_Medicine","deg","373",0,0,0,0,1
"separate","The_New_England_Journal_of_Medicine","deg","374",0,0,0,0,1
"separate","The_New_England_Journal_of_Medicine","deg","375",0,0,0,0,1
"separate","The_New_England_Journal_of_Medicine","deg","376",0,0,0,0,1
"separate","The_New_England_Journal_of_Medicine","deg","377",0,0,0,0,1
"separate","The_New_England_Journal_of_Medicine","deg","378",0,0,0,0,1
"separate","The_New_England_Journal_of_Medicine","deg","379",0,0,0,0,1
"separate","The_New_England_Journal_of_Medicine","deg","380",0,0,0,0,1
"separate","The_New_England_Journal_of_Medicine","deg","381",0,0,0,0,1
"separate","The_New_England_Journal_of_Medicine","deg","382",0,0,0,0,1
"separate","The_New_England_Journal_of_Medicine","deg","383",0,0,0,0,1
"separate","The_New_England_Journal_of_Medicine","deg","384",0,0,0,0,1
"separate","The_New_England_Journal_of_Medicine","deg","385",0,0,0,0,1
"separate","The_New_England_Journal_of_Medicine","deg","386",0,0,0,0,1
"separate","The_New_England_Journal_of_Medicine","deg","387",0,0,0,0,1
"separate","The_New_England_Journal_of_Medicine","deg","388",0,0,0,0,1
"separate","The_New_England_Journal_of_Medicine","deg","389",0,0,0,0,1
"separate","The_New_England_Journal_of_Medicine","deg","390",0,0,0,0,1
"separate","The_New_England_Journal_of_Medicine","deg","391",0,0,0,0,1
"separate","The_New_England_Journal_of_Medicine","deg","392",0,0,0,0,1
"separate","The_New_England_Journal_of_Medicine","deg","393",0,0,0,0,1
"separate","The_New_England_Journal_of_Medicine","deg","394",0,0,0,0,1
"separate","The_New_England_Journal_of_Medicine","deg","395",0,0,0,0,1
"separate","The_New_England_Journal_of_Medicine","deg","396",0,0,0,0,1
"separate","The_New_England_Journal_of_Medicine","deg","397",0,0,0,0,1
"separate","The_New_England_Journal_of_Medicine","deg","398",0,0,0,0,1
"separate","The_New_England_Journal_of_Medicine","deg","399",0,0,0,0,1
"separate","The_New_England_Journal_of_Medicine","deg","400",0,0,0,0,1
"separate","The_New_England_Journal_of_Medicine","deg","401",0,0,0,0,1
"separate","The_New_England_Journal_of_Medicine","deg","402",0,0,0,0,1
"separate","The_New_England_Journal_of_Medicine","deg","403",0,0,0,0,1
"separate","The_New_England_Journal_of_Medicine","deg","404",0,0,0,0,1
"separate","The_New_England_Journal_of_Medicine","deg","405",0,0,0,0,1
"separate","The_New_England_Journal_of_Medicine","deg","406",0,0,0,0,1
"separate","The_New_England_Journal_of_Medicine","deg","407",0,0,0,0,1
"separate","The_New_England_Journal_of_Medicine","deg","408",0,0,0,0,1
"separate","The_New_England_Journal_of_Medicine","deg","409",0,0,0,0,1
"separate","The_New_England_Journal_of_Medicine","deg","410",0,0,0,0,1
"separate","The_New_England_Journal_of_Medicine","deg","411",0,0,0,0,1
"separate","The_New_England_Journal_of_Medicine","deg","412",0,0,0,0,1
"separate","The_New_England_Journal_of_Medicine","deg","413",0,0,0,0,1
"separate","The_New_England_Journal_of_Medicine","deg","414",0,0,0,0,1
"separate","The_New_England_Journal_of_Medicine","deg","415",0,0,0,0,1
"separate","The_New_England_Journal_of_Medicine","deg","416",0,0,0,0,1
"separate","The_New_England_Journal_of_Medicine","deg","417",0,0,0,0,1
"separate","The_New_England_Journal_of_Medicine","deg","418",0,0,0,0,1
"separate","The_New_England_Journal_of_Medicine","deg","419",0,0,0,0,1
"separate","The_New_England_Journal_of_Medicine","deg","420",0,0,0,0,1
"separate","The_New_England_Journal_of_Medicine","deg","421",0,0,0,0,1
"separate","The_New_England_Journal_of_Medicine","deg","422",0,0,0,0,1
"separate","The_New_England_Journal_of_Medicine","deg","423",0,0,0,0,1
"separate","The_New_England_Journal_of_Medicine","deg","424",0,0,0,0,1
"separate","The_New_England_Journal_of_Medicine","deg","425",0,0,0,0,1
"separate","The_New_England_Journal_of_Medicine","deg","426",0,0,0,0,1
"separate","The_New_England_Journal_of_Medicine","deg","427",0,0,0,0,1
"separate","The_New_England_Journal_of_Medicine","deg","428",0,0,0,0,1
"separate","The_New_England_Journal_of_Medicine","deg","429",0,0,0,0,1
"separate","The_New_England_Journal_of_Medicine","deg","430",0,0,0,0,1
"separate","The_New_England_Journal_of_Medicine","deg","431",0,0,0,0,1
"separate","The_New_England_Journal_of_Medicine","deg","432",0,0,0,0,1
"separate","The_New_England_Journal_of_Medicine","deg","433",0,0,0,0,1
"separate","The_New_England_Journal_of_Medicine","deg","434",0,0,0,0,1
"separate","The_New_England_Journal_of_Medicine","deg","435",0,0,0,0,1
"separate","The_New_England_Journal_of_Medicine","deg","436",0,0,0,0,1
"separate","The_New_England_Journal_of_Medicine","deg","437",0,0,0,0,1
"separate","The_New_England_Journal_of_Medicine","deg","438",0,0,0,0,1
"separate","The_New_England_Journal_of_Medicine","deg","439",0,0,0,0,1
"separate","The_New_England_Journal_of_Medicine","deg","440",0,0,0,0,1
"separate","The_New_England_Journal_of_Medicine","deg","441",0,0,0,0,1
"separate","The_New_England_Journal_of_Medicine","deg","442",0,0,0,0,1
"separate","The_New_England_Journal_of_Medicine","deg","443",0,0,0,0,1
"separate","The_New_England_Journal_of_Medicine","deg","444",0,0,0,0,1
"separate","The_New_England_Journal_of_Medicine","deg","445",0,0,0,0,1
"separate","The_New_England_Journal_of_Medicine","deg","446",0,0,0,0,1
"separate","The_New_England_Journal_of_Medicine","deg","447",0,0,0,0,1
"separate","The_New_England_Journal_of_Medicine","deg","448",0,0,0,0,1
"separate","The_New_England_Journal_of_Medicine","deg","449",0,0,0,0,1
"separate","The_New_England_Journal_of_Medicine","deg","450",0,0,0,0,1
"separate","The_New_England_Journal_of_Medicine","deg","451",0,0,0,0,1
"separate","The_New_England_Journal_of_Medicine","deg","452",0,0,0,0,1
"separate","The_New_England_Journal_of_Medicine","deg","453",0,0,0,0,1
"separate","The_New_England_Journal_of_Medicine","deg","454",0,0,0,0,1
"separate","The_New_England_Journal_of_Medicine","deg","455",0,0,0,0,1
"separate","The_New_England_Journal_of_Medicine","deg","456",0,0,0,0,1
"separate","The_New_England_Journal_of_Medicine","deg","457",0,0,0,0,1
"separate","The_New_England_Journal_of_Medicine","deg","458",0,0,0,0,1
"separate","The_New_England_Journal_of_Medicine","deg","459",0,0,0,0,1
"separate","The_New_England_Journal_of_Medicine","deg","460",0,0,0,0,1
"separate","The_New_England_Journal_of_Medicine","deg","461",0,0,0,0,1
"separate","The_New_England_Journal_of_Medicine","deg","462",0,0,0,0,1
"separate","The_New_England_Journal_of_Medicine","deg","463",0,0,0,0,1
"separate","The_New_England_Journal_of_Medicine","deg","464",0,0,0,0,1
"separate","The_New_England_Journal_of_Medicine","deg","465",0,0,0,0,1
"separate","The_New_England_Journal_of_Medicine","deg","466",0,0,0,0,1
"separate","The_New_England_Journal_of_Medicine","deg","467",0,0,0,0,1
"separate","The_New_England_Journal_of_Medicine","deg","468",0,0,0,0,1
"separate","The_New_England_Journal_of_Medicine","deg","469",0,0,0,0,1
"separate","The_New_England_Journal_of_Medicine","deg","470",0,0,0,0,1
"separate","The_New_England_Journal_of_Medicine","deg","471",0,0,0,0,1
"separate","The_New_England_Journal_of_Medicine","deg","472",0,0,0,0,1
"separate","The_New_England_Journal_of_Medicine","deg","473",0,0,0,0,1
"separate","The_New_England_Journal_of_Medicine","deg","474",0,0,0,0,1
"separate","The_New_England_Journal_of_Medicine","deg","475",0,0,0,0,1
"separate","The_New_England_Journal_of_Medicine","deg","476",0,0,0,0,1
"separate","The_New_England_Journal_of_Medicine","deg","477",0,0,0,0,1
"separate","The_New_England_Journal_of_Medicine","deg","478",0,0,0,0,1
"separate","The_New_England_Journal_of_Medicine","deg","479",0,0,0,0,1
"separate","The_New_England_Journal_of_Medicine","deg","480",0,0,0,0,1
"separate","The_New_England_Journal_of_Medicine","deg","481",0,0,0,0,1
"separate","The_New_England_Journal_of_Medicine","deg","482",0,0,0,0,1
"separate","The_New_England_Journal_of_Medicine","deg","483",0,0,0,0,1
"separate","The_New_England_Journal_of_Medicine","deg","484",0,0,0,0,1
"separate","The_New_England_Journal_of_Medicine","deg","485",0,0,0,0,1
"separate","The_New_England_Journal_of_Medicine","deg","486",0,0,0,0,1
"separate","The_New_England_Journal_of_Medicine","deg","487",0,0,0,0,1
"separate","The_New_England_Journal_of_Medicine","deg","488",0,0,0,0,1
"separate","The_New_England_Journal_of_Medicine","deg","489",0,0,0,0,1
"separate","The_New_England_Journal_of_Medicine","deg","490",0,0,0,0,1
"separate","The_New_England_Journal_of_Medicine","deg","491",0,0,0,0,1
"separate","The_New_England_Journal_of_Medicine","deg","492",0,0,0,0,1
"separate","The_New_England_Journal_of_Medicine","deg","493",0,0,0,0,1
"separate","The_New_England_Journal_of_Medicine","deg","494",0,0,0,0,1
"separate","The_New_England_Journal_of_Medicine","deg","495",0,0,0,0,1
"separate","The_New_England_Journal_of_Medicine","deg","496",0,0,0,0,1
"separate","The_New_England_Journal_of_Medicine","deg","497",0,0,0,0,1
"separate","The_New_England_Journal_of_Medicine","deg","498",0,0,0,0,1
"separate","The_New_England_Journal_of_Medicine","deg","499",0,0,0,0,1
"separate","The_New_England_Journal_of_Medicine","deg","500",0,0,0,0,1
"separate","The_New_England_Journal_of_Medicine","deg","501",0,0,0,0,1
"separate","The_New_England_Journal_of_Medicine","deg","502",0,0,0,0,1
"separate","The_New_England_Journal_of_Medicine","deg","503",0,0,0,0,1
"separate","The_New_England_Journal_of_Medicine","deg","504",0,0,0,0,1
"separate","The_New_England_Journal_of_Medicine","deg","505",0,0,0,0,1
"separate","The_New_England_Journal_of_Medicine","deg","506",0,0,0,0,1
"separate","The_New_England_Journal_of_Medicine","deg","507",0,0,0,0,1
"separate","The_New_England_Journal_of_Medicine","deg","508",0,0,0,0,1
"separate","The_New_England_Journal_of_Medicine","deg","509",0,0,0,0,1
"separate","The_New_England_Journal_of_Medicine","deg","510",0,0,0,0,1
"separate","The_New_England_Journal_of_Medicine","deg","511",0,0,0,0,1
"separate","The_New_England_Journal_of_Medicine","deg","512",0,0,0,0,1
"separate","The_New_England_Journal_of_Medicine","deg","513",0,0,0,0,1
"separate","The_New_England_Journal_of_Medicine","deg","514",0,0,0,0,1
"separate","The_New_England_Journal_of_Medicine","deg","515",0,0,0,0,1
"separate","The_New_England_Journal_of_Medicine","deg","516",0,0,0,0,1
"separate","The_New_England_Journal_of_Medicine","deg","517",0,0,0,0,1
"separate","The_New_England_Journal_of_Medicine","deg","518",0,0,0,0,1
"separate","The_New_England_Journal_of_Medicine","deg","519",0,0,0,0,1
"separate","The_New_England_Journal_of_Medicine","deg","520",0,0,0,0,1
"separate","The_New_England_Journal_of_Medicine","deg","521",0,0,0,0,1
"separate","The_New_England_Journal_of_Medicine","deg","522",0,0,0,0,1
"separate","The_New_England_Journal_of_Medicine","deg","523",0,0,0,0,1
"separate","The_New_England_Journal_of_Medicine","deg","524",0,0,0,0,1
"separate","The_New_England_Journal_of_Medicine","deg","525",0,0,0,0,1
"separate","The_New_England_Journal_of_Medicine","deg","526",0,0,0,0,1
"separate","The_New_England_Journal_of_Medicine","deg","527",0,0,0,0,1
"separate","The_New_England_Journal_of_Medicine","deg","528",0,0,0,0,1
"separate","The_New_England_Journal_of_Medicine","deg","529",0,0,0,0,1
"separate","The_New_England_Journal_of_Medicine","deg","530",0,0,0,0,1
"separate","The_New_England_Journal_of_Medicine","deg","531",0,0,0,0,1
"separate","The_New_England_Journal_of_Medicine","deg","532",0,0,0,0,1
"separate","The_New_England_Journal_of_Medicine","deg","533",0,0,0,0,1
"separate","The_New_England_Journal_of_Medicine","deg","534",0,0,0,0,1
"separate","The_New_England_Journal_of_Medicine","deg","535",0,0,0,0,1
"separate","The_New_England_Journal_of_Medicine","deg","536",0,0,0,0,1
"separate","The_New_England_Journal_of_Medicine","deg","537",0,0,0,0,1
"separate","The_New_England_Journal_of_Medicine","deg","538",0,0,0,0,1
"separate","The_New_England_Journal_of_Medicine","deg","539",0,0,0,0,1
"separate","The_New_England_Journal_of_Medicine","deg","540",0,0,0,0,1
"separate","The_New_England_Journal_of_Medicine","deg","541",0,0,0,0,1
"separate","The_New_England_Journal_of_Medicine","deg","542",0,0,0,0,1
"separate","The_New_England_Journal_of_Medicine","deg","543",0,0,0,0,1
"separate","The_New_England_Journal_of_Medicine","deg","544",0,0,0,0,1
"separate","The_New_England_Journal_of_Medicine","deg","545",0,0,0,0,1
"separate","The_New_England_Journal_of_Medicine","deg","546",0,0,0,0,1
"separate","The_New_England_Journal_of_Medicine","deg","547",0,0,0,0,1
"separate","The_New_England_Journal_of_Medicine","deg","548",0,0,0,0,1
"separate","The_New_England_Journal_of_Medicine","deg","549",0,0,0,0,1
"separate","The_New_England_Journal_of_Medicine","deg","550",0,0,0,0,1
"separate","The_New_England_Journal_of_Medicine","deg","551",0,0,0,0,1
"separate","The_New_England_Journal_of_Medicine","deg","552",0,0,0,0,1
"separate","The_New_England_Journal_of_Medicine","deg","553",0,0,0,0,1
"separate","The_New_England_Journal_of_Medicine","deg","554",0,0,0,0,1
"separate","The_New_England_Journal_of_Medicine","deg","555",0,0,0,0,1
"separate","The_New_England_Journal_of_Medicine","dist","1",3846,3706,3859.32,3973,0.7
"separate","The_New_England_Journal_of_Medicine","dist","2",2523,42008,44808.34,47008,0
"separate","The_New_England_Journal_of_Medicine","dist","3",2708,96271,98055.23,101369,0
"separate","The_New_England_Journal_of_Medicine","dist","4",3288,5885,7518.26,9278,0
"separate","The_New_England_Journal_of_Medicine","dist","5",4102,1,37.65,346,0
"separate","The_New_England_Journal_of_Medicine","dist","6",3260,0,0.1,5,0
"separate","The_New_England_Journal_of_Medicine","dist","7",2708,0,0,0,0
"separate","The_New_England_Journal_of_Medicine","dist","8",2567,0,0,0,0
"separate","The_New_England_Journal_of_Medicine","dist","9",1354,0,0,0,0
"separate","The_New_England_Journal_of_Medicine","dist","10",444,0,0,0,0
"separate","The_New_England_Journal_of_Medicine","dist","11",70,0,0,0,0
"separate","The_New_England_Journal_of_Medicine","dist","12",5,0,0,0,0
"separate","The_New_England_Journal_of_Medicine","dist","13",0,0,0,0,1
"separate","The_New_England_Journal_of_Medicine","dist","14",0,0,0,0,1
"separate","The_New_England_Journal_of_Medicine","dist","15",0,0,0,0,1
"separate","The_New_England_Journal_of_Medicine","dist","16",0,0,0,0,1
"separate","The_New_England_Journal_of_Medicine","dist","17",0,0,0,0,1
"separate","The_New_England_Journal_of_Medicine","dist","18",0,0,0,0,1
"separate","The_New_England_Journal_of_Medicine","dist","19",0,0,0,0,1
"separate","The_New_England_Journal_of_Medicine","dist","20",0,0,0,0,1
"separate","The_New_England_Journal_of_Medicine","dist","21",0,0,0,0,1
"separate","The_New_England_Journal_of_Medicine","dist","22",0,0,0,0,1
"separate","The_New_England_Journal_of_Medicine","dist","23",0,0,0,0,1
"separate","The_New_England_Journal_of_Medicine","dist","24",0,0,0,0,1
"separate","The_New_England_Journal_of_Medicine","dist","25",0,0,0,0,1
"separate","The_New_England_Journal_of_Medicine","dist","26",0,0,0,0,1
"separate","The_New_England_Journal_of_Medicine","dist","27",0,0,0,0,1
"separate","The_New_England_Journal_of_Medicine","dist","28",0,0,0,0,1
"separate","The_New_England_Journal_of_Medicine","dist","29",0,0,0,0,1
"separate","The_New_England_Journal_of_Medicine","dist","30",0,0,0,0,1
"separate","The_New_England_Journal_of_Medicine","dist","31",0,0,0,0,1
"separate","The_New_England_Journal_of_Medicine","dist","32",0,0,0,0,1
"separate","The_New_England_Journal_of_Medicine","dist","33",0,0,0,0,1
"separate","The_New_England_Journal_of_Medicine","dist","34",0,0,0,0,1
"separate","The_New_England_Journal_of_Medicine","dist","35",0,0,0,0,1
"separate","The_New_England_Journal_of_Medicine","dist","36",0,0,0,0,1
"separate","The_New_England_Journal_of_Medicine","dist","37",0,0,0,0,1
"separate","The_New_England_Journal_of_Medicine","dist","38",0,0,0,0,1
"separate","The_New_England_Journal_of_Medicine","dist","39",0,0,0,0,1
"separate","The_New_England_Journal_of_Medicine","dist","40",0,0,0,0,1
"separate","The_New_England_Journal_of_Medicine","dist","41",0,0,0,0,1
"separate","The_New_England_Journal_of_Medicine","dist","42",0,0,0,0,1
"separate","The_New_England_Journal_of_Medicine","dist","43",0,0,0,0,1
"separate","The_New_England_Journal_of_Medicine","dist","44",0,0,0,0,1
"separate","The_New_England_Journal_of_Medicine","dist","45",0,0,0,0,1
"separate","The_New_England_Journal_of_Medicine","dist","46",0,0,0,0,1
"separate","The_New_England_Journal_of_Medicine","dist","47",0,0,0,0,1
"separate","The_New_England_Journal_of_Medicine","dist","48",0,0,0,0,1
"separate","The_New_England_Journal_of_Medicine","dist","49",0,0,0,0,1
"separate","The_New_England_Journal_of_Medicine","dist","50",0,0,0,0,1
"separate","The_New_England_Journal_of_Medicine","dist","51",0,0,0,0,1
"separate","The_New_England_Journal_of_Medicine","dist","52",0,0,0,0,1
"separate","The_New_England_Journal_of_Medicine","dist","53",0,0,0,0,1
"separate","The_New_England_Journal_of_Medicine","dist","54",0,0,0,0,1
"separate","The_New_England_Journal_of_Medicine","dist","55",0,0,0,0,1
"separate","The_New_England_Journal_of_Medicine","dist","56",0,0,0,0,1
"separate","The_New_England_Journal_of_Medicine","dist","57",0,0,0,0,1
"separate","The_New_England_Journal_of_Medicine","dist","58",0,0,0,0,1
"separate","The_New_England_Journal_of_Medicine","dist","59",0,0,0,0,1
"separate","The_New_England_Journal_of_Medicine","dist","60",0,0,0,0,1
"separate","The_New_England_Journal_of_Medicine","dist","61",0,0,0,0,1
"separate","The_New_England_Journal_of_Medicine","dist","62",0,0,0,0,1
"separate","The_New_England_Journal_of_Medicine","dist","63",0,0,0,0,1
"separate","The_New_England_Journal_of_Medicine","dist","64",0,0,0,0,1
"separate","The_New_England_Journal_of_Medicine","dist","65",0,0,0,0,1
"separate","The_New_England_Journal_of_Medicine","dist","66",0,0,0,0,1
"separate","The_New_England_Journal_of_Medicine","dist","67",0,0,0,0,1
"separate","The_New_England_Journal_of_Medicine","dist","68",0,0,0,0,1
"separate","The_New_England_Journal_of_Medicine","dist","69",0,0,0,0,1
"separate","The_New_England_Journal_of_Medicine","dist","70",0,0,0,0,1
"separate","The_New_England_Journal_of_Medicine","dist","71",0,0,0,0,1
"separate","The_New_England_Journal_of_Medicine","dist","72",0,0,0,0,1
"separate","The_New_England_Journal_of_Medicine","dist","73",0,0,0,0,1
"separate","The_New_England_Journal_of_Medicine","dist","74",0,0,0,0,1
"separate","The_New_England_Journal_of_Medicine","dist","75",0,0,0,0,1
"separate","The_New_England_Journal_of_Medicine","dist","76",0,0,0,0,1
"separate","The_New_England_Journal_of_Medicine","dist","77",0,0,0,0,1
"separate","The_New_England_Journal_of_Medicine","dist","78",0,0,0,0,1
"separate","The_New_England_Journal_of_Medicine","dist","79",0,0,0,0,1
"separate","The_New_England_Journal_of_Medicine","dist","80",0,0,0,0,1
"separate","The_New_England_Journal_of_Medicine","dist","81",0,0,0,0,1
"separate","The_New_England_Journal_of_Medicine","dist","82",0,0,0,0,1
"separate","The_New_England_Journal_of_Medicine","dist","83",0,0,0,0,1
"separate","The_New_England_Journal_of_Medicine","dist","84",0,0,0,0,1
"separate","The_New_England_Journal_of_Medicine","dist","85",0,0,0,0,1
"separate","The_New_England_Journal_of_Medicine","dist","86",0,0,0,0,1
"separate","The_New_England_Journal_of_Medicine","dist","87",0,0,0,0,1
"separate","The_New_England_Journal_of_Medicine","dist","88",0,0,0,0,1
"separate","The_New_England_Journal_of_Medicine","dist","89",0,0,0,0,1
"separate","The_New_England_Journal_of_Medicine","dist","90",0,0,0,0,1
"separate","The_New_England_Journal_of_Medicine","dist","91",0,0,0,0,1
"separate","The_New_England_Journal_of_Medicine","dist","92",0,0,0,0,1
"separate","The_New_England_Journal_of_Medicine","dist","93",0,0,0,0,1
"separate","The_New_England_Journal_of_Medicine","dist","94",0,0,0,0,1
"separate","The_New_England_Journal_of_Medicine","dist","95",0,0,0,0,1
"separate","The_New_England_Journal_of_Medicine","dist","96",0,0,0,0,1
"separate","The_New_England_Journal_of_Medicine","dist","97",0,0,0,0,1
"separate","The_New_England_Journal_of_Medicine","dist","98",0,0,0,0,1
"separate","The_New_England_Journal_of_Medicine","dist","99",0,0,0,0,1
"separate","The_New_England_Journal_of_Medicine","dist","100",0,0,0,0,1
"separate","The_New_England_Journal_of_Medicine","dist","101",0,0,0,0,1
"separate","The_New_England_Journal_of_Medicine","dist","102",0,0,0,0,1
"separate","The_New_England_Journal_of_Medicine","dist","103",0,0,0,0,1
"separate","The_New_England_Journal_of_Medicine","dist","104",0,0,0,0,1
"separate","The_New_England_Journal_of_Medicine","dist","105",0,0,0,0,1
"separate","The_New_England_Journal_of_Medicine","dist","106",0,0,0,0,1
"separate","The_New_England_Journal_of_Medicine","dist","107",0,0,0,0,1
"separate","The_New_England_Journal_of_Medicine","dist","108",0,0,0,0,1
"separate","The_New_England_Journal_of_Medicine","dist","109",0,0,0,0,1
"separate","The_New_England_Journal_of_Medicine","dist","110",0,0,0,0,1
"separate","The_New_England_Journal_of_Medicine","dist","111",0,0,0,0,1
"separate","The_New_England_Journal_of_Medicine","dist","112",0,0,0,0,1
"separate","The_New_England_Journal_of_Medicine","dist","113",0,0,0,0,1
"separate","The_New_England_Journal_of_Medicine","dist","114",0,0,0,0,1
"separate","The_New_England_Journal_of_Medicine","dist","115",0,0,0,0,1
"separate","The_New_England_Journal_of_Medicine","dist","116",0,0,0,0,1
"separate","The_New_England_Journal_of_Medicine","dist","117",0,0,0,0,1
"separate","The_New_England_Journal_of_Medicine","dist","118",0,0,0,0,1
"separate","The_New_England_Journal_of_Medicine","dist","119",0,0,0,0,1
"separate","The_New_England_Journal_of_Medicine","dist","120",0,0,0,0,1
"separate","The_New_England_Journal_of_Medicine","dist","121",0,0,0,0,1
"separate","The_New_England_Journal_of_Medicine","dist","122",0,0,0,0,1
"separate","The_New_England_Journal_of_Medicine","dist","123",0,0,0,0,1
"separate","The_New_England_Journal_of_Medicine","dist","124",0,0,0,0,1
"separate","The_New_England_Journal_of_Medicine","dist","125",0,0,0,0,1
"separate","The_New_England_Journal_of_Medicine","dist","126",0,0,0,0,1
"separate","The_New_England_Journal_of_Medicine","dist","127",0,0,0,0,1
"separate","The_New_England_Journal_of_Medicine","dist","128",0,0,0,0,1
"separate","The_New_England_Journal_of_Medicine","dist","129",0,0,0,0,1
"separate","The_New_England_Journal_of_Medicine","dist","130",0,0,0,0,1
"separate","The_New_England_Journal_of_Medicine","dist","131",0,0,0,0,1
"separate","The_New_England_Journal_of_Medicine","dist","132",0,0,0,0,1
"separate","The_New_England_Journal_of_Medicine","dist","133",0,0,0,0,1
"separate","The_New_England_Journal_of_Medicine","dist","134",0,0,0,0,1
"separate","The_New_England_Journal_of_Medicine","dist","135",0,0,0,0,1
"separate","The_New_England_Journal_of_Medicine","dist","136",0,0,0,0,1
"separate","The_New_England_Journal_of_Medicine","dist","137",0,0,0,0,1
"separate","The_New_England_Journal_of_Medicine","dist","138",0,0,0,0,1
"separate","The_New_England_Journal_of_Medicine","dist","139",0,0,0,0,1
"separate","The_New_England_Journal_of_Medicine","dist","140",0,0,0,0,1
"separate","The_New_England_Journal_of_Medicine","dist","141",0,0,0,0,1
"separate","The_New_England_Journal_of_Medicine","dist","142",0,0,0,0,1
"separate","The_New_England_Journal_of_Medicine","dist","143",0,0,0,0,1
"separate","The_New_England_Journal_of_Medicine","dist","144",0,0,0,0,1
"separate","The_New_England_Journal_of_Medicine","dist","145",0,0,0,0,1
"separate","The_New_England_Journal_of_Medicine","dist","146",0,0,0,0,1
"separate","The_New_England_Journal_of_Medicine","dist","147",0,0,0,0,1
"separate","The_New_England_Journal_of_Medicine","dist","148",0,0,0,0,1
"separate","The_New_England_Journal_of_Medicine","dist","149",0,0,0,0,1
"separate","The_New_England_Journal_of_Medicine","dist","150",0,0,0,0,1
"separate","The_New_England_Journal_of_Medicine","dist","151",0,0,0,0,1
"separate","The_New_England_Journal_of_Medicine","dist","152",0,0,0,0,1
"separate","The_New_England_Journal_of_Medicine","dist","153",0,0,0,0,1
"separate","The_New_England_Journal_of_Medicine","dist","154",0,0,0,0,1
"separate","The_New_England_Journal_of_Medicine","dist","155",0,0,0,0,1
"separate","The_New_England_Journal_of_Medicine","dist","156",0,0,0,0,1
"separate","The_New_England_Journal_of_Medicine","dist","157",0,0,0,0,1
"separate","The_New_England_Journal_of_Medicine","dist","158",0,0,0,0,1
"separate","The_New_England_Journal_of_Medicine","dist","159",0,0,0,0,1
"separate","The_New_England_Journal_of_Medicine","dist","160",0,0,0,0,1
"separate","The_New_England_Journal_of_Medicine","dist","161",0,0,0,0,1
"separate","The_New_England_Journal_of_Medicine","dist","162",0,0,0,0,1
"separate","The_New_England_Journal_of_Medicine","dist","163",0,0,0,0,1
"separate","The_New_England_Journal_of_Medicine","dist","164",0,0,0,0,1
"separate","The_New_England_Journal_of_Medicine","dist","165",0,0,0,0,1
"separate","The_New_England_Journal_of_Medicine","dist","166",0,0,0,0,1
"separate","The_New_England_Journal_of_Medicine","dist","167",0,0,0,0,1
"separate","The_New_England_Journal_of_Medicine","dist","168",0,0,0,0,1
"separate","The_New_England_Journal_of_Medicine","dist","169",0,0,0,0,1
"separate","The_New_England_Journal_of_Medicine","dist","170",0,0,0,0,1
"separate","The_New_England_Journal_of_Medicine","dist","171",0,0,0,0,1
"separate","The_New_England_Journal_of_Medicine","dist","172",0,0,0,0,1
"separate","The_New_England_Journal_of_Medicine","dist","173",0,0,0,0,1
"separate","The_New_England_Journal_of_Medicine","dist","174",0,0,0,0,1
"separate","The_New_England_Journal_of_Medicine","dist","175",0,0,0,0,1
"separate","The_New_England_Journal_of_Medicine","dist","176",0,0,0,0,1
"separate","The_New_England_Journal_of_Medicine","dist","177",0,0,0,0,1
"separate","The_New_England_Journal_of_Medicine","dist","178",0,0,0,0,1
"separate","The_New_England_Journal_of_Medicine","dist","179",0,0,0,0,1
"separate","The_New_England_Journal_of_Medicine","dist","180",0,0,0,0,1
"separate","The_New_England_Journal_of_Medicine","dist","181",0,0,0,0,1
"separate","The_New_England_Journal_of_Medicine","dist","182",0,0,0,0,1
"separate","The_New_England_Journal_of_Medicine","dist","183",0,0,0,0,1
"separate","The_New_England_Journal_of_Medicine","dist","184",0,0,0,0,1
"separate","The_New_England_Journal_of_Medicine","dist","185",0,0,0,0,1
"separate","The_New_England_Journal_of_Medicine","dist","186",0,0,0,0,1
"separate","The_New_England_Journal_of_Medicine","dist","187",0,0,0,0,1
"separate","The_New_England_Journal_of_Medicine","dist","188",0,0,0,0,1
"separate","The_New_England_Journal_of_Medicine","dist","189",0,0,0,0,1
"separate","The_New_England_Journal_of_Medicine","dist","190",0,0,0,0,1
"separate","The_New_England_Journal_of_Medicine","dist","191",0,0,0,0,1
"separate","The_New_England_Journal_of_Medicine","dist","192",0,0,0,0,1
"separate","The_New_England_Journal_of_Medicine","dist","193",0,0,0,0,1
"separate","The_New_England_Journal_of_Medicine","dist","194",0,0,0,0,1
"separate","The_New_England_Journal_of_Medicine","dist","195",0,0,0,0,1
"separate","The_New_England_Journal_of_Medicine","dist","196",0,0,0,0,1
"separate","The_New_England_Journal_of_Medicine","dist","197",0,0,0,0,1
"separate","The_New_England_Journal_of_Medicine","dist","198",0,0,0,0,1
"separate","The_New_England_Journal_of_Medicine","dist","199",0,0,0,0,1
"separate","The_New_England_Journal_of_Medicine","dist","200",0,0,0,0,1
"separate","The_New_England_Journal_of_Medicine","dist","201",0,0,0,0,1
"separate","The_New_England_Journal_of_Medicine","dist","202",0,0,0,0,1
"separate","The_New_England_Journal_of_Medicine","dist","203",0,0,0,0,1
"separate","The_New_England_Journal_of_Medicine","dist","204",0,0,0,0,1
"separate","The_New_England_Journal_of_Medicine","dist","205",0,0,0,0,1
"separate","The_New_England_Journal_of_Medicine","dist","206",0,0,0,0,1
"separate","The_New_England_Journal_of_Medicine","dist","207",0,0,0,0,1
"separate","The_New_England_Journal_of_Medicine","dist","208",0,0,0,0,1
"separate","The_New_England_Journal_of_Medicine","dist","209",0,0,0,0,1
"separate","The_New_England_Journal_of_Medicine","dist","210",0,0,0,0,1
"separate","The_New_England_Journal_of_Medicine","dist","211",0,0,0,0,1
"separate","The_New_England_Journal_of_Medicine","dist","212",0,0,0,0,1
"separate","The_New_England_Journal_of_Medicine","dist","213",0,0,0,0,1
"separate","The_New_England_Journal_of_Medicine","dist","214",0,0,0,0,1
"separate","The_New_England_Journal_of_Medicine","dist","215",0,0,0,0,1
"separate","The_New_England_Journal_of_Medicine","dist","216",0,0,0,0,1
"separate","The_New_England_Journal_of_Medicine","dist","217",0,0,0,0,1
"separate","The_New_England_Journal_of_Medicine","dist","218",0,0,0,0,1
"separate","The_New_England_Journal_of_Medicine","dist","219",0,0,0,0,1
"separate","The_New_England_Journal_of_Medicine","dist","220",0,0,0,0,1
"separate","The_New_England_Journal_of_Medicine","dist","221",0,0,0,0,1
"separate","The_New_England_Journal_of_Medicine","dist","222",0,0,0,0,1
"separate","The_New_England_Journal_of_Medicine","dist","223",0,0,0,0,1
"separate","The_New_England_Journal_of_Medicine","dist","224",0,0,0,0,1
"separate","The_New_England_Journal_of_Medicine","dist","225",0,0,0,0,1
"separate","The_New_England_Journal_of_Medicine","dist","226",0,0,0,0,1
"separate","The_New_England_Journal_of_Medicine","dist","227",0,0,0,0,1
"separate","The_New_England_Journal_of_Medicine","dist","228",0,0,0,0,1
"separate","The_New_England_Journal_of_Medicine","dist","229",0,0,0,0,1
"separate","The_New_England_Journal_of_Medicine","dist","230",0,0,0,0,1
"separate","The_New_England_Journal_of_Medicine","dist","231",0,0,0,0,1
"separate","The_New_England_Journal_of_Medicine","dist","232",0,0,0,0,1
"separate","The_New_England_Journal_of_Medicine","dist","233",0,0,0,0,1
"separate","The_New_England_Journal_of_Medicine","dist","234",0,0,0,0,1
"separate","The_New_England_Journal_of_Medicine","dist","235",0,0,0,0,1
"separate","The_New_England_Journal_of_Medicine","dist","236",0,0,0,0,1
"separate","The_New_England_Journal_of_Medicine","dist","237",0,0,0,0,1
"separate","The_New_England_Journal_of_Medicine","dist","238",0,0,0,0,1
"separate","The_New_England_Journal_of_Medicine","dist","239",0,0,0,0,1
"separate","The_New_England_Journal_of_Medicine","dist","240",0,0,0,0,1
"separate","The_New_England_Journal_of_Medicine","dist","241",0,0,0,0,1
"separate","The_New_England_Journal_of_Medicine","dist","242",0,0,0,0,1
"separate","The_New_England_Journal_of_Medicine","dist","243",0,0,0,0,1
"separate","The_New_England_Journal_of_Medicine","dist","244",0,0,0,0,1
"separate","The_New_England_Journal_of_Medicine","dist","245",0,0,0,0,1
"separate","The_New_England_Journal_of_Medicine","dist","246",0,0,0,0,1
"separate","The_New_England_Journal_of_Medicine","dist","247",0,0,0,0,1
"separate","The_New_England_Journal_of_Medicine","dist","248",0,0,0,0,1
"separate","The_New_England_Journal_of_Medicine","dist","249",0,0,0,0,1
"separate","The_New_England_Journal_of_Medicine","dist","250",0,0,0,0,1
"separate","The_New_England_Journal_of_Medicine","dist","251",0,0,0,0,1
"separate","The_New_England_Journal_of_Medicine","dist","252",0,0,0,0,1
"separate","The_New_England_Journal_of_Medicine","dist","253",0,0,0,0,1
"separate","The_New_England_Journal_of_Medicine","dist","254",0,0,0,0,1
"separate","The_New_England_Journal_of_Medicine","dist","255",0,0,0,0,1
"separate","The_New_England_Journal_of_Medicine","dist","256",0,0,0,0,1
"separate","The_New_England_Journal_of_Medicine","dist","257",0,0,0,0,1
"separate","The_New_England_Journal_of_Medicine","dist","258",0,0,0,0,1
"separate","The_New_England_Journal_of_Medicine","dist","259",0,0,0,0,1
"separate","The_New_England_Journal_of_Medicine","dist","260",0,0,0,0,1
"separate","The_New_England_Journal_of_Medicine","dist","261",0,0,0,0,1
"separate","The_New_England_Journal_of_Medicine","dist","262",0,0,0,0,1
"separate","The_New_England_Journal_of_Medicine","dist","263",0,0,0,0,1
"separate","The_New_England_Journal_of_Medicine","dist","264",0,0,0,0,1
"separate","The_New_England_Journal_of_Medicine","dist","265",0,0,0,0,1
"separate","The_New_England_Journal_of_Medicine","dist","266",0,0,0,0,1
"separate","The_New_England_Journal_of_Medicine","dist","267",0,0,0,0,1
"separate","The_New_England_Journal_of_Medicine","dist","268",0,0,0,0,1
"separate","The_New_England_Journal_of_Medicine","dist","269",0,0,0,0,1
"separate","The_New_England_Journal_of_Medicine","dist","270",0,0,0,0,1
"separate","The_New_England_Journal_of_Medicine","dist","271",0,0,0,0,1
"separate","The_New_England_Journal_of_Medicine","dist","272",0,0,0,0,1
"separate","The_New_England_Journal_of_Medicine","dist","273",0,0,0,0,1
"separate","The_New_England_Journal_of_Medicine","dist","274",0,0,0,0,1
"separate","The_New_England_Journal_of_Medicine","dist","275",0,0,0,0,1
"separate","The_New_England_Journal_of_Medicine","dist","276",0,0,0,0,1
"separate","The_New_England_Journal_of_Medicine","dist","277",0,0,0,0,1
"separate","The_New_England_Journal_of_Medicine","dist","278",0,0,0,0,1
"separate","The_New_England_Journal_of_Medicine","dist","279",0,0,0,0,1
"separate","The_New_England_Journal_of_Medicine","dist","280",0,0,0,0,1
"separate","The_New_England_Journal_of_Medicine","dist","281",0,0,0,0,1
"separate","The_New_England_Journal_of_Medicine","dist","282",0,0,0,0,1
"separate","The_New_England_Journal_of_Medicine","dist","283",0,0,0,0,1
"separate","The_New_England_Journal_of_Medicine","dist","284",0,0,0,0,1
"separate","The_New_England_Journal_of_Medicine","dist","285",0,0,0,0,1
"separate","The_New_England_Journal_of_Medicine","dist","286",0,0,0,0,1
"separate","The_New_England_Journal_of_Medicine","dist","287",0,0,0,0,1
"separate","The_New_England_Journal_of_Medicine","dist","288",0,0,0,0,1
"separate","The_New_England_Journal_of_Medicine","dist","289",0,0,0,0,1
"separate","The_New_England_Journal_of_Medicine","dist","290",0,0,0,0,1
"separate","The_New_England_Journal_of_Medicine","dist","291",0,0,0,0,1
"separate","The_New_England_Journal_of_Medicine","dist","292",0,0,0,0,1
"separate","The_New_England_Journal_of_Medicine","dist","293",0,0,0,0,1
"separate","The_New_England_Journal_of_Medicine","dist","294",0,0,0,0,1
"separate","The_New_England_Journal_of_Medicine","dist","295",0,0,0,0,1
"separate","The_New_England_Journal_of_Medicine","dist","296",0,0,0,0,1
"separate","The_New_England_Journal_of_Medicine","dist","297",0,0,0,0,1
"separate","The_New_England_Journal_of_Medicine","dist","298",0,0,0,0,1
"separate","The_New_England_Journal_of_Medicine","dist","299",0,0,0,0,1
"separate","The_New_England_Journal_of_Medicine","dist","300",0,0,0,0,1
"separate","The_New_England_Journal_of_Medicine","dist","301",0,0,0,0,1
"separate","The_New_England_Journal_of_Medicine","dist","302",0,0,0,0,1
"separate","The_New_England_Journal_of_Medicine","dist","303",0,0,0,0,1
"separate","The_New_England_Journal_of_Medicine","dist","304",0,0,0,0,1
"separate","The_New_England_Journal_of_Medicine","dist","305",0,0,0,0,1
"separate","The_New_England_Journal_of_Medicine","dist","306",0,0,0,0,1
"separate","The_New_England_Journal_of_Medicine","dist","307",0,0,0,0,1
"separate","The_New_England_Journal_of_Medicine","dist","308",0,0,0,0,1
"separate","The_New_England_Journal_of_Medicine","dist","309",0,0,0,0,1
"separate","The_New_England_Journal_of_Medicine","dist","310",0,0,0,0,1
"separate","The_New_England_Journal_of_Medicine","dist","311",0,0,0,0,1
"separate","The_New_England_Journal_of_Medicine","dist","312",0,0,0,0,1
"separate","The_New_England_Journal_of_Medicine","dist","313",0,0,0,0,1
"separate","The_New_England_Journal_of_Medicine","dist","314",0,0,0,0,1
"separate","The_New_England_Journal_of_Medicine","dist","315",0,0,0,0,1
"separate","The_New_England_Journal_of_Medicine","dist","316",0,0,0,0,1
"separate","The_New_England_Journal_of_Medicine","dist","317",0,0,0,0,1
"separate","The_New_England_Journal_of_Medicine","dist","318",0,0,0,0,1
"separate","The_New_England_Journal_of_Medicine","dist","319",0,0,0,0,1
"separate","The_New_England_Journal_of_Medicine","dist","320",0,0,0,0,1
"separate","The_New_England_Journal_of_Medicine","dist","321",0,0,0,0,1
"separate","The_New_England_Journal_of_Medicine","dist","322",0,0,0,0,1
"separate","The_New_England_Journal_of_Medicine","dist","323",0,0,0,0,1
"separate","The_New_England_Journal_of_Medicine","dist","324",0,0,0,0,1
"separate","The_New_England_Journal_of_Medicine","dist","325",0,0,0,0,1
"separate","The_New_England_Journal_of_Medicine","dist","326",0,0,0,0,1
"separate","The_New_England_Journal_of_Medicine","dist","327",0,0,0,0,1
"separate","The_New_England_Journal_of_Medicine","dist","328",0,0,0,0,1
"separate","The_New_England_Journal_of_Medicine","dist","329",0,0,0,0,1
"separate","The_New_England_Journal_of_Medicine","dist","330",0,0,0,0,1
"separate","The_New_England_Journal_of_Medicine","dist","331",0,0,0,0,1
"separate","The_New_England_Journal_of_Medicine","dist","332",0,0,0,0,1
"separate","The_New_England_Journal_of_Medicine","dist","333",0,0,0,0,1
"separate","The_New_England_Journal_of_Medicine","dist","334",0,0,0,0,1
"separate","The_New_England_Journal_of_Medicine","dist","335",0,0,0,0,1
"separate","The_New_England_Journal_of_Medicine","dist","336",0,0,0,0,1
"separate","The_New_England_Journal_of_Medicine","dist","337",0,0,0,0,1
"separate","The_New_England_Journal_of_Medicine","dist","338",0,0,0,0,1
"separate","The_New_England_Journal_of_Medicine","dist","339",0,0,0,0,1
"separate","The_New_England_Journal_of_Medicine","dist","340",0,0,0,0,1
"separate","The_New_England_Journal_of_Medicine","dist","341",0,0,0,0,1
"separate","The_New_England_Journal_of_Medicine","dist","342",0,0,0,0,1
"separate","The_New_England_Journal_of_Medicine","dist","343",0,0,0,0,1
"separate","The_New_England_Journal_of_Medicine","dist","344",0,0,0,0,1
"separate","The_New_England_Journal_of_Medicine","dist","345",0,0,0,0,1
"separate","The_New_England_Journal_of_Medicine","dist","346",0,0,0,0,1
"separate","The_New_England_Journal_of_Medicine","dist","347",0,0,0,0,1
"separate","The_New_England_Journal_of_Medicine","dist","348",0,0,0,0,1
"separate","The_New_England_Journal_of_Medicine","dist","349",0,0,0,0,1
"separate","The_New_England_Journal_of_Medicine","dist","350",0,0,0,0,1
"separate","The_New_England_Journal_of_Medicine","dist","351",0,0,0,0,1
"separate","The_New_England_Journal_of_Medicine","dist","352",0,0,0,0,1
"separate","The_New_England_Journal_of_Medicine","dist","353",0,0,0,0,1
"separate","The_New_England_Journal_of_Medicine","dist","354",0,0,0,0,1
"separate","The_New_England_Journal_of_Medicine","dist","355",0,0,0,0,1
"separate","The_New_England_Journal_of_Medicine","dist","356",0,0,0,0,1
"separate","The_New_England_Journal_of_Medicine","dist","357",0,0,0,0,1
"separate","The_New_England_Journal_of_Medicine","dist","358",0,0,0,0,1
"separate","The_New_England_Journal_of_Medicine","dist","359",0,0,0,0,1
"separate","The_New_England_Journal_of_Medicine","dist","360",0,0,0,0,1
"separate","The_New_England_Journal_of_Medicine","dist","361",0,0,0,0,1
"separate","The_New_England_Journal_of_Medicine","dist","362",0,0,0,0,1
"separate","The_New_England_Journal_of_Medicine","dist","363",0,0,0,0,1
"separate","The_New_England_Journal_of_Medicine","dist","364",0,0,0,0,1
"separate","The_New_England_Journal_of_Medicine","dist","365",0,0,0,0,1
"separate","The_New_England_Journal_of_Medicine","dist","366",0,0,0,0,1
"separate","The_New_England_Journal_of_Medicine","dist","367",0,0,0,0,1
"separate","The_New_England_Journal_of_Medicine","dist","368",0,0,0,0,1
"separate","The_New_England_Journal_of_Medicine","dist","369",0,0,0,0,1
"separate","The_New_England_Journal_of_Medicine","dist","370",0,0,0,0,1
"separate","The_New_England_Journal_of_Medicine","dist","371",0,0,0,0,1
"separate","The_New_England_Journal_of_Medicine","dist","372",0,0,0,0,1
"separate","The_New_England_Journal_of_Medicine","dist","373",0,0,0,0,1
"separate","The_New_England_Journal_of_Medicine","dist","374",0,0,0,0,1
"separate","The_New_England_Journal_of_Medicine","dist","375",0,0,0,0,1
"separate","The_New_England_Journal_of_Medicine","dist","376",0,0,0,0,1
"separate","The_New_England_Journal_of_Medicine","dist","377",0,0,0,0,1
"separate","The_New_England_Journal_of_Medicine","dist","378",0,0,0,0,1
"separate","The_New_England_Journal_of_Medicine","dist","379",0,0,0,0,1
"separate","The_New_England_Journal_of_Medicine","dist","380",0,0,0,0,1
"separate","The_New_England_Journal_of_Medicine","dist","381",0,0,0,0,1
"separate","The_New_England_Journal_of_Medicine","dist","382",0,0,0,0,1
"separate","The_New_England_Journal_of_Medicine","dist","383",0,0,0,0,1
"separate","The_New_England_Journal_of_Medicine","dist","384",0,0,0,0,1
"separate","The_New_England_Journal_of_Medicine","dist","385",0,0,0,0,1
"separate","The_New_England_Journal_of_Medicine","dist","386",0,0,0,0,1
"separate","The_New_England_Journal_of_Medicine","dist","387",0,0,0,0,1
"separate","The_New_England_Journal_of_Medicine","dist","388",0,0,0,0,1
"separate","The_New_England_Journal_of_Medicine","dist","389",0,0,0,0,1
"separate","The_New_England_Journal_of_Medicine","dist","390",0,0,0,0,1
"separate","The_New_England_Journal_of_Medicine","dist","391",0,0,0,0,1
"separate","The_New_England_Journal_of_Medicine","dist","392",0,0,0,0,1
"separate","The_New_England_Journal_of_Medicine","dist","393",0,0,0,0,1
"separate","The_New_England_Journal_of_Medicine","dist","394",0,0,0,0,1
"separate","The_New_England_Journal_of_Medicine","dist","395",0,0,0,0,1
"separate","The_New_England_Journal_of_Medicine","dist","396",0,0,0,0,1
"separate","The_New_England_Journal_of_Medicine","dist","397",0,0,0,0,1
"separate","The_New_England_Journal_of_Medicine","dist","398",0,0,0,0,1
"separate","The_New_England_Journal_of_Medicine","dist","399",0,0,0,0,1
"separate","The_New_England_Journal_of_Medicine","dist","400",0,0,0,0,1
"separate","The_New_England_Journal_of_Medicine","dist","401",0,0,0,0,1
"separate","The_New_England_Journal_of_Medicine","dist","402",0,0,0,0,1
"separate","The_New_England_Journal_of_Medicine","dist","403",0,0,0,0,1
"separate","The_New_England_Journal_of_Medicine","dist","404",0,0,0,0,1
"separate","The_New_England_Journal_of_Medicine","dist","405",0,0,0,0,1
"separate","The_New_England_Journal_of_Medicine","dist","406",0,0,0,0,1
"separate","The_New_England_Journal_of_Medicine","dist","407",0,0,0,0,1
"separate","The_New_England_Journal_of_Medicine","dist","408",0,0,0,0,1
"separate","The_New_England_Journal_of_Medicine","dist","409",0,0,0,0,1
"separate","The_New_England_Journal_of_Medicine","dist","410",0,0,0,0,1
"separate","The_New_England_Journal_of_Medicine","dist","411",0,0,0,0,1
"separate","The_New_England_Journal_of_Medicine","dist","412",0,0,0,0,1
"separate","The_New_England_Journal_of_Medicine","dist","413",0,0,0,0,1
"separate","The_New_England_Journal_of_Medicine","dist","414",0,0,0,0,1
"separate","The_New_England_Journal_of_Medicine","dist","415",0,0,0,0,1
"separate","The_New_England_Journal_of_Medicine","dist","416",0,0,0,0,1
"separate","The_New_England_Journal_of_Medicine","dist","417",0,0,0,0,1
"separate","The_New_England_Journal_of_Medicine","dist","418",0,0,0,0,1
"separate","The_New_England_Journal_of_Medicine","dist","419",0,0,0,0,1
"separate","The_New_England_Journal_of_Medicine","dist","420",0,0,0,0,1
"separate","The_New_England_Journal_of_Medicine","dist","421",0,0,0,0,1
"separate","The_New_England_Journal_of_Medicine","dist","422",0,0,0,0,1
"separate","The_New_England_Journal_of_Medicine","dist","423",0,0,0,0,1
"separate","The_New_England_Journal_of_Medicine","dist","424",0,0,0,0,1
"separate","The_New_England_Journal_of_Medicine","dist","425",0,0,0,0,1
"separate","The_New_England_Journal_of_Medicine","dist","426",0,0,0,0,1
"separate","The_New_England_Journal_of_Medicine","dist","427",0,0,0,0,1
"separate","The_New_England_Journal_of_Medicine","dist","428",0,0,0,0,1
"separate","The_New_England_Journal_of_Medicine","dist","429",0,0,0,0,1
"separate","The_New_England_Journal_of_Medicine","dist","430",0,0,0,0,1
"separate","The_New_England_Journal_of_Medicine","dist","431",0,0,0,0,1
"separate","The_New_England_Journal_of_Medicine","dist","432",0,0,0,0,1
"separate","The_New_England_Journal_of_Medicine","dist","433",0,0,0,0,1
"separate","The_New_England_Journal_of_Medicine","dist","434",0,0,0,0,1
"separate","The_New_England_Journal_of_Medicine","dist","435",0,0,0,0,1
"separate","The_New_England_Journal_of_Medicine","dist","436",0,0,0,0,1
"separate","The_New_England_Journal_of_Medicine","dist","437",0,0,0,0,1
"separate","The_New_England_Journal_of_Medicine","dist","438",0,0,0,0,1
"separate","The_New_England_Journal_of_Medicine","dist","439",0,0,0,0,1
"separate","The_New_England_Journal_of_Medicine","dist","440",0,0,0,0,1
"separate","The_New_England_Journal_of_Medicine","dist","441",0,0,0,0,1
"separate","The_New_England_Journal_of_Medicine","dist","442",0,0,0,0,1
"separate","The_New_England_Journal_of_Medicine","dist","443",0,0,0,0,1
"separate","The_New_England_Journal_of_Medicine","dist","444",0,0,0,0,1
"separate","The_New_England_Journal_of_Medicine","dist","445",0,0,0,0,1
"separate","The_New_England_Journal_of_Medicine","dist","446",0,0,0,0,1
"separate","The_New_England_Journal_of_Medicine","dist","447",0,0,0,0,1
"separate","The_New_England_Journal_of_Medicine","dist","448",0,0,0,0,1
"separate","The_New_England_Journal_of_Medicine","dist","449",0,0,0,0,1
"separate","The_New_England_Journal_of_Medicine","dist","450",0,0,0,0,1
"separate","The_New_England_Journal_of_Medicine","dist","451",0,0,0,0,1
"separate","The_New_England_Journal_of_Medicine","dist","452",0,0,0,0,1
"separate","The_New_England_Journal_of_Medicine","dist","453",0,0,0,0,1
"separate","The_New_England_Journal_of_Medicine","dist","454",0,0,0,0,1
"separate","The_New_England_Journal_of_Medicine","dist","455",0,0,0,0,1
"separate","The_New_England_Journal_of_Medicine","dist","456",0,0,0,0,1
"separate","The_New_England_Journal_of_Medicine","dist","457",0,0,0,0,1
"separate","The_New_England_Journal_of_Medicine","dist","458",0,0,0,0,1
"separate","The_New_England_Journal_of_Medicine","dist","459",0,0,0,0,1
"separate","The_New_England_Journal_of_Medicine","dist","460",0,0,0,0,1
"separate","The_New_England_Journal_of_Medicine","dist","461",0,0,0,0,1
"separate","The_New_England_Journal_of_Medicine","dist","462",0,0,0,0,1
"separate","The_New_England_Journal_of_Medicine","dist","463",0,0,0,0,1
"separate","The_New_England_Journal_of_Medicine","dist","464",0,0,0,0,1
"separate","The_New_England_Journal_of_Medicine","dist","465",0,0,0,0,1
"separate","The_New_England_Journal_of_Medicine","dist","466",0,0,0,0,1
"separate","The_New_England_Journal_of_Medicine","dist","467",0,0,0,0,1
"separate","The_New_England_Journal_of_Medicine","dist","468",0,0,0,0,1
"separate","The_New_England_Journal_of_Medicine","dist","469",0,0,0,0,1
"separate","The_New_England_Journal_of_Medicine","dist","470",0,0,0,0,1
"separate","The_New_England_Journal_of_Medicine","dist","471",0,0,0,0,1
"separate","The_New_England_Journal_of_Medicine","dist","472",0,0,0,0,1
"separate","The_New_England_Journal_of_Medicine","dist","473",0,0,0,0,1
"separate","The_New_England_Journal_of_Medicine","dist","474",0,0,0,0,1
"separate","The_New_England_Journal_of_Medicine","dist","475",0,0,0,0,1
"separate","The_New_England_Journal_of_Medicine","dist","476",0,0,0,0,1
"separate","The_New_England_Journal_of_Medicine","dist","477",0,0,0,0,1
"separate","The_New_England_Journal_of_Medicine","dist","478",0,0,0,0,1
"separate","The_New_England_Journal_of_Medicine","dist","479",0,0,0,0,1
"separate","The_New_England_Journal_of_Medicine","dist","480",0,0,0,0,1
"separate","The_New_England_Journal_of_Medicine","dist","481",0,0,0,0,1
"separate","The_New_England_Journal_of_Medicine","dist","482",0,0,0,0,1
"separate","The_New_England_Journal_of_Medicine","dist","483",0,0,0,0,1
"separate","The_New_England_Journal_of_Medicine","dist","484",0,0,0,0,1
"separate","The_New_England_Journal_of_Medicine","dist","485",0,0,0,0,1
"separate","The_New_England_Journal_of_Medicine","dist","486",0,0,0,0,1
"separate","The_New_England_Journal_of_Medicine","dist","487",0,0,0,0,1
"separate","The_New_England_Journal_of_Medicine","dist","488",0,0,0,0,1
"separate","The_New_England_Journal_of_Medicine","dist","489",0,0,0,0,1
"separate","The_New_England_Journal_of_Medicine","dist","490",0,0,0,0,1
"separate","The_New_England_Journal_of_Medicine","dist","491",0,0,0,0,1
"separate","The_New_England_Journal_of_Medicine","dist","492",0,0,0,0,1
"separate","The_New_England_Journal_of_Medicine","dist","493",0,0,0,0,1
"separate","The_New_England_Journal_of_Medicine","dist","494",0,0,0,0,1
"separate","The_New_England_Journal_of_Medicine","dist","495",0,0,0,0,1
"separate","The_New_England_Journal_of_Medicine","dist","496",0,0,0,0,1
"separate","The_New_England_Journal_of_Medicine","dist","497",0,0,0,0,1
"separate","The_New_England_Journal_of_Medicine","dist","498",0,0,0,0,1
"separate","The_New_England_Journal_of_Medicine","dist","499",0,0,0,0,1
"separate","The_New_England_Journal_of_Medicine","dist","500",0,0,0,0,1
"separate","The_New_England_Journal_of_Medicine","dist","501",0,0,0,0,1
"separate","The_New_England_Journal_of_Medicine","dist","502",0,0,0,0,1
"separate","The_New_England_Journal_of_Medicine","dist","503",0,0,0,0,1
"separate","The_New_England_Journal_of_Medicine","dist","504",0,0,0,0,1
"separate","The_New_England_Journal_of_Medicine","dist","505",0,0,0,0,1
"separate","The_New_England_Journal_of_Medicine","dist","506",0,0,0,0,1
"separate","The_New_England_Journal_of_Medicine","dist","507",0,0,0,0,1
"separate","The_New_England_Journal_of_Medicine","dist","508",0,0,0,0,1
"separate","The_New_England_Journal_of_Medicine","dist","509",0,0,0,0,1
"separate","The_New_England_Journal_of_Medicine","dist","510",0,0,0,0,1
"separate","The_New_England_Journal_of_Medicine","dist","511",0,0,0,0,1
"separate","The_New_England_Journal_of_Medicine","dist","512",0,0,0,0,1
"separate","The_New_England_Journal_of_Medicine","dist","513",0,0,0,0,1
"separate","The_New_England_Journal_of_Medicine","dist","514",0,0,0,0,1
"separate","The_New_England_Journal_of_Medicine","dist","515",0,0,0,0,1
"separate","The_New_England_Journal_of_Medicine","dist","516",0,0,0,0,1
"separate","The_New_England_Journal_of_Medicine","dist","517",0,0,0,0,1
"separate","The_New_England_Journal_of_Medicine","dist","518",0,0,0,0,1
"separate","The_New_England_Journal_of_Medicine","dist","519",0,0,0,0,1
"separate","The_New_England_Journal_of_Medicine","dist","520",0,0,0,0,1
"separate","The_New_England_Journal_of_Medicine","dist","521",0,0,0,0,1
"separate","The_New_England_Journal_of_Medicine","dist","522",0,0,0,0,1
"separate","The_New_England_Journal_of_Medicine","dist","523",0,0,0,0,1
"separate","The_New_England_Journal_of_Medicine","dist","524",0,0,0,0,1
"separate","The_New_England_Journal_of_Medicine","dist","525",0,0,0,0,1
"separate","The_New_England_Journal_of_Medicine","dist","526",0,0,0,0,1
"separate","The_New_England_Journal_of_Medicine","dist","527",0,0,0,0,1
"separate","The_New_England_Journal_of_Medicine","dist","528",0,0,0,0,1
"separate","The_New_England_Journal_of_Medicine","dist","529",0,0,0,0,1
"separate","The_New_England_Journal_of_Medicine","dist","530",0,0,0,0,1
"separate","The_New_England_Journal_of_Medicine","dist","531",0,0,0,0,1
"separate","The_New_England_Journal_of_Medicine","dist","532",0,0,0,0,1
"separate","The_New_England_Journal_of_Medicine","dist","533",0,0,0,0,1
"separate","The_New_England_Journal_of_Medicine","dist","534",0,0,0,0,1
"separate","The_New_England_Journal_of_Medicine","dist","535",0,0,0,0,1
"separate","The_New_England_Journal_of_Medicine","dist","536",0,0,0,0,1
"separate","The_New_England_Journal_of_Medicine","dist","537",0,0,0,0,1
"separate","The_New_England_Journal_of_Medicine","dist","538",0,0,0,0,1
"separate","The_New_England_Journal_of_Medicine","dist","539",0,0,0,0,1
"separate","The_New_England_Journal_of_Medicine","dist","540",0,0,0,0,1
"separate","The_New_England_Journal_of_Medicine","dist","541",0,0,0,0,1
"separate","The_New_England_Journal_of_Medicine","dist","542",0,0,0,0,1
"separate","The_New_England_Journal_of_Medicine","dist","543",0,0,0,0,1
"separate","The_New_England_Journal_of_Medicine","dist","544",0,0,0,0,1
"separate","The_New_England_Journal_of_Medicine","dist","545",0,0,0,0,1
"separate","The_New_England_Journal_of_Medicine","dist","546",0,0,0,0,1
"separate","The_New_England_Journal_of_Medicine","dist","547",0,0,0,0,1
"separate","The_New_England_Journal_of_Medicine","dist","548",0,0,0,0,1
"separate","The_New_England_Journal_of_Medicine","dist","549",0,0,0,0,1
"separate","The_New_England_Journal_of_Medicine","dist","550",0,0,0,0,1
"separate","The_New_England_Journal_of_Medicine","dist","551",0,0,0,0,1
"separate","The_New_England_Journal_of_Medicine","dist","552",0,0,0,0,1
"separate","The_New_England_Journal_of_Medicine","dist","553",0,0,0,0,1
"separate","The_New_England_Journal_of_Medicine","dist","554",0,0,0,0,1
"separate","The_New_England_Journal_of_Medicine","dist","555",0,0,0,0,1
"separate","The_New_England_Journal_of_Medicine","dist","Inf",127415,0,11.1,555,0
"separate","The_New_England_Journal_of_Medicine","dspart","0",147963,105804,108071.65,111120,0
"separate","The_New_England_Journal_of_Medicine","dspart","1",1705,35389,36992.52,38336,0
"separate","The_New_England_Journal_of_Medicine","dspart","2",619,6399,7760.26,8553,0
"separate","The_New_England_Journal_of_Medicine","dspart","3",219,859,1240.99,1455,0
"separate","The_New_England_Journal_of_Medicine","dspart","4",146,105,174.78,239,0.22
"separate","The_New_England_Journal_of_Medicine","dspart","5",187,15,28.98,53,0
"separate","The_New_England_Journal_of_Medicine","dspart","6",122,2,10.83,20,0
"separate","The_New_England_Journal_of_Medicine","dspart","7",86,0,6.52,21,0
"separate","The_New_England_Journal_of_Medicine","dspart","8",74,0,2.74,16,0
"separate","The_New_England_Journal_of_Medicine","dspart","9",55,0,0.669999999999999,7,0
"separate","The_New_England_Journal_of_Medicine","dspart","10",8,0,0.06,2,0
"separate","The_New_England_Journal_of_Medicine","dspart","11",106,0,0,0,0
"separate","The_New_England_Journal_of_Medicine","dspart","12",74,0,0,0,0
"separate","The_New_England_Journal_of_Medicine","dspart","13",21,0,0,0,0
"separate","The_New_England_Journal_of_Medicine","dspart","14",125,0,0,0,0
"separate","The_New_England_Journal_of_Medicine","dspart","15",28,0,0,0,0
"separate","The_New_England_Journal_of_Medicine","dspart","16",84,0,0,0,0
"separate","The_New_England_Journal_of_Medicine","dspart","17",312,0,0,0,0
"separate","The_New_England_Journal_of_Medicine","dspart","18",67,0,0,0,0
"separate","The_New_England_Journal_of_Medicine","dspart","19",61,0,0,0,0
"separate","The_New_England_Journal_of_Medicine","dspart","20",166,0,0,0,0
"separate","The_New_England_Journal_of_Medicine","dspart","21",53,0,0,0,0
"separate","The_New_England_Journal_of_Medicine","dspart","22",275,0,0,0,0
"separate","The_New_England_Journal_of_Medicine","dspart","23",61,0,0,0,0
"separate","The_New_England_Journal_of_Medicine","dspart","24",75,0,0,0,0
"separate","The_New_England_Journal_of_Medicine","dspart","25",9,0,0,0,0
"separate","The_New_England_Journal_of_Medicine","dspart","26",6,0,0,0,0
"separate","The_New_England_Journal_of_Medicine","dspart","27",407,0,0,0,0
"separate","The_New_England_Journal_of_Medicine","dspart","28",90,0,0,0,0
"separate","The_New_England_Journal_of_Medicine","dspart","29",279,0,0,0,0
"separate","The_New_England_Journal_of_Medicine","dspart","30",45,0,0,0,0
"separate","The_New_England_Journal_of_Medicine","dspart","31",21,0,0,0,0
"separate","The_New_England_Journal_of_Medicine","dspart","32",0,0,0,0,1
"separate","The_New_England_Journal_of_Medicine","dspart","33",0,0,0,0,1
"separate","The_New_England_Journal_of_Medicine","dspart","34",0,0,0,0,1
"separate","The_New_England_Journal_of_Medicine","dspart","35",0,0,0,0,1
"separate","The_New_England_Journal_of_Medicine","dspart","36",0,0,0,0,1
"separate","The_New_England_Journal_of_Medicine","dspart","37",741,0,0,0,0
"separate","The_New_England_Journal_of_Medicine","dspart","38",0,0,0,0,1
"separate","The_New_England_Journal_of_Medicine","dspart","39",0,0,0,0,1
"separate","The_New_England_Journal_of_Medicine","dspart","40",0,0,0,0,1
"separate","The_New_England_Journal_of_Medicine","dspart","41",0,0,0,0,1
"separate","The_New_England_Journal_of_Medicine","dspart","42",0,0,0,0,1
"separate","The_New_England_Journal_of_Medicine","dspart","43",0,0,0,0,1
"separate","The_New_England_Journal_of_Medicine","dspart","44",0,0,0,0,1
"separate","The_New_England_Journal_of_Medicine","dspart","45",0,0,0,0,1
"separate","The_New_England_Journal_of_Medicine","dspart","46",0,0,0,0,1
"separate","The_New_England_Journal_of_Medicine","dspart","47",0,0,0,0,1
"separate","The_New_England_Journal_of_Medicine","dspart","48",0,0,0,0,1
"separate","The_New_England_Journal_of_Medicine","dspart","49",0,0,0,0,1
"separate","The_New_England_Journal_of_Medicine","dspart","50",0,0,0,0,1
"separate","The_New_England_Journal_of_Medicine","dspart","51",0,0,0,0,1
"separate","The_New_England_Journal_of_Medicine","dspart","52",0,0,0,0,1
"separate","The_New_England_Journal_of_Medicine","dspart","53",0,0,0,0,1
"separate","The_New_England_Journal_of_Medicine","dspart","54",0,0,0,0,1
"separate","The_New_England_Journal_of_Medicine","dspart","55",0,0,0,0,1
"separate","The_New_England_Journal_of_Medicine","dspart","56",0,0,0,0,1
"separate","The_New_England_Journal_of_Medicine","dspart","57",0,0,0,0,1
"separate","The_New_England_Journal_of_Medicine","dspart","58",0,0,0,0,1
"separate","The_New_England_Journal_of_Medicine","dspart","59",0,0,0,0,1
"separate","The_New_England_Journal_of_Medicine","dspart","60",0,0,0,0,1
"separate","The_New_England_Journal_of_Medicine","dspart","61",0,0,0,0,1
"separate","The_New_England_Journal_of_Medicine","dspart","62",0,0,0,0,1
"separate","The_New_England_Journal_of_Medicine","dspart","63",0,0,0,0,1
"separate","The_New_England_Journal_of_Medicine","dspart","64",0,0,0,0,1
"separate","The_New_England_Journal_of_Medicine","dspart","65",0,0,0,0,1
"separate","The_New_England_Journal_of_Medicine","dspart","66",0,0,0,0,1
"separate","The_New_England_Journal_of_Medicine","dspart","67",0,0,0,0,1
"separate","The_New_England_Journal_of_Medicine","dspart","68",0,0,0,0,1
"separate","The_New_England_Journal_of_Medicine","dspart","69",0,0,0,0,1
"separate","The_New_England_Journal_of_Medicine","dspart","70",0,0,0,0,1
"separate","The_New_England_Journal_of_Medicine","dspart","71",0,0,0,0,1
"separate","The_New_England_Journal_of_Medicine","dspart","72",0,0,0,0,1
"separate","The_New_England_Journal_of_Medicine","dspart","73",0,0,0,0,1
"separate","The_New_England_Journal_of_Medicine","dspart","74",0,0,0,0,1
"separate","The_New_England_Journal_of_Medicine","dspart","75",0,0,0,0,1
"separate","The_New_England_Journal_of_Medicine","dspart","76",0,0,0,0,1
"separate","The_New_England_Journal_of_Medicine","dspart","77",0,0,0,0,1
"separate","The_New_England_Journal_of_Medicine","dspart","78",0,0,0,0,1
"separate","The_New_England_Journal_of_Medicine","dspart","79",0,0,0,0,1
"separate","The_New_England_Journal_of_Medicine","dspart","80",0,0,0,0,1
"separate","The_New_England_Journal_of_Medicine","dspart","81",0,0,0,0,1
"separate","The_New_England_Journal_of_Medicine","dspart","82",0,0,0,0,1
"separate","The_New_England_Journal_of_Medicine","dspart","83",0,0,0,0,1
"separate","The_New_England_Journal_of_Medicine","dspart","84",0,0,0,0,1
"separate","The_New_England_Journal_of_Medicine","dspart","85",0,0,0,0,1
"separate","The_New_England_Journal_of_Medicine","dspart","86",0,0,0,0,1
"separate","The_New_England_Journal_of_Medicine","dspart","87",0,0,0,0,1
"separate","The_New_England_Journal_of_Medicine","dspart","88",0,0,0,0,1
"separate","The_New_England_Journal_of_Medicine","dspart","89",0,0,0,0,1
"separate","The_New_England_Journal_of_Medicine","dspart","90",0,0,0,0,1
"separate","The_New_England_Journal_of_Medicine","dspart","91",0,0,0,0,1
"separate","The_New_England_Journal_of_Medicine","dspart","92",0,0,0,0,1
"separate","The_New_England_Journal_of_Medicine","dspart","93",0,0,0,0,1
"separate","The_New_England_Journal_of_Medicine","dspart","94",0,0,0,0,1
"separate","The_New_England_Journal_of_Medicine","dspart","95",0,0,0,0,1
"separate","The_New_England_Journal_of_Medicine","dspart","96",0,0,0,0,1
"separate","The_New_England_Journal_of_Medicine","dspart","97",0,0,0,0,1
"separate","The_New_England_Journal_of_Medicine","dspart","98",0,0,0,0,1
"separate","The_New_England_Journal_of_Medicine","dspart","99",0,0,0,0,1
"separate","The_New_England_Journal_of_Medicine","dspart","100",0,0,0,0,1
"separate","The_New_England_Journal_of_Medicine","dspart","101",0,0,0,0,1
"separate","The_New_England_Journal_of_Medicine","dspart","102",0,0,0,0,1
"separate","The_New_England_Journal_of_Medicine","dspart","103",0,0,0,0,1
"separate","The_New_England_Journal_of_Medicine","dspart","104",0,0,0,0,1
"separate","The_New_England_Journal_of_Medicine","dspart","105",0,0,0,0,1
"separate","The_New_England_Journal_of_Medicine","dspart","106",0,0,0,0,1
"separate","The_New_England_Journal_of_Medicine","dspart","107",0,0,0,0,1
"separate","The_New_England_Journal_of_Medicine","dspart","108",0,0,0,0,1
"separate","The_New_England_Journal_of_Medicine","dspart","109",0,0,0,0,1
"separate","The_New_England_Journal_of_Medicine","dspart","110",0,0,0,0,1
"separate","The_New_England_Journal_of_Medicine","dspart","111",0,0,0,0,1
"separate","The_New_England_Journal_of_Medicine","dspart","112",0,0,0,0,1
"separate","The_New_England_Journal_of_Medicine","dspart","113",0,0,0,0,1
"separate","The_New_England_Journal_of_Medicine","dspart","114",0,0,0,0,1
"separate","The_New_England_Journal_of_Medicine","dspart","115",0,0,0,0,1
"separate","The_New_England_Journal_of_Medicine","dspart","116",0,0,0,0,1
"separate","The_New_England_Journal_of_Medicine","dspart","117",0,0,0,0,1
"separate","The_New_England_Journal_of_Medicine","dspart","118",0,0,0,0,1
"separate","The_New_England_Journal_of_Medicine","dspart","119",0,0,0,0,1
"separate","The_New_England_Journal_of_Medicine","dspart","120",0,0,0,0,1
"separate","The_New_England_Journal_of_Medicine","dspart","121",0,0,0,0,1
"separate","The_New_England_Journal_of_Medicine","dspart","122",0,0,0,0,1
"separate","The_New_England_Journal_of_Medicine","dspart","123",0,0,0,0,1
"separate","The_New_England_Journal_of_Medicine","dspart","124",0,0,0,0,1
"separate","The_New_England_Journal_of_Medicine","dspart","125",0,0,0,0,1
"separate","The_New_England_Journal_of_Medicine","dspart","126",0,0,0,0,1
"separate","The_New_England_Journal_of_Medicine","dspart","127",0,0,0,0,1
"separate","The_New_England_Journal_of_Medicine","dspart","128",0,0,0,0,1
"separate","The_New_England_Journal_of_Medicine","dspart","129",0,0,0,0,1
"separate","The_New_England_Journal_of_Medicine","dspart","130",0,0,0,0,1
"separate","The_New_England_Journal_of_Medicine","dspart","131",0,0,0,0,1
"separate","The_New_England_Journal_of_Medicine","dspart","132",0,0,0,0,1
"separate","The_New_England_Journal_of_Medicine","dspart","133",0,0,0,0,1
"separate","The_New_England_Journal_of_Medicine","dspart","134",0,0,0,0,1
"separate","The_New_England_Journal_of_Medicine","dspart","135",0,0,0,0,1
"separate","The_New_England_Journal_of_Medicine","dspart","136",0,0,0,0,1
"separate","The_New_England_Journal_of_Medicine","dspart","137",0,0,0,0,1
"separate","The_New_England_Journal_of_Medicine","dspart","138",0,0,0,0,1
"separate","The_New_England_Journal_of_Medicine","dspart","139",0,0,0,0,1
"separate","The_New_England_Journal_of_Medicine","dspart","140",0,0,0,0,1
"separate","The_New_England_Journal_of_Medicine","dspart","141",0,0,0,0,1
"separate","The_New_England_Journal_of_Medicine","dspart","142",0,0,0,0,1
"separate","The_New_England_Journal_of_Medicine","dspart","143",0,0,0,0,1
"separate","The_New_England_Journal_of_Medicine","dspart","144",0,0,0,0,1
"separate","The_New_England_Journal_of_Medicine","dspart","145",0,0,0,0,1
"separate","The_New_England_Journal_of_Medicine","dspart","146",0,0,0,0,1
"separate","The_New_England_Journal_of_Medicine","dspart","147",0,0,0,0,1
"separate","The_New_England_Journal_of_Medicine","dspart","148",0,0,0,0,1
"separate","The_New_England_Journal_of_Medicine","dspart","149",0,0,0,0,1
"separate","The_New_England_Journal_of_Medicine","dspart","150",0,0,0,0,1
"separate","The_New_England_Journal_of_Medicine","dspart","151",0,0,0,0,1
"separate","The_New_England_Journal_of_Medicine","dspart","152",0,0,0,0,1
"separate","The_New_England_Journal_of_Medicine","dspart","153",0,0,0,0,1
"separate","The_New_England_Journal_of_Medicine","dspart","154",0,0,0,0,1
"separate","The_New_England_Journal_of_Medicine","dspart","155",0,0,0,0,1
"separate","The_New_England_Journal_of_Medicine","dspart","156",0,0,0,0,1
"separate","The_New_England_Journal_of_Medicine","dspart","157",0,0,0,0,1
"separate","The_New_England_Journal_of_Medicine","dspart","158",0,0,0,0,1
"separate","The_New_England_Journal_of_Medicine","dspart","159",0,0,0,0,1
"separate","The_New_England_Journal_of_Medicine","dspart","160",0,0,0,0,1
"separate","The_New_England_Journal_of_Medicine","dspart","161",0,0,0,0,1
"separate","The_New_England_Journal_of_Medicine","dspart","162",0,0,0,0,1
"separate","The_New_England_Journal_of_Medicine","dspart","163",0,0,0,0,1
"separate","The_New_England_Journal_of_Medicine","dspart","164",0,0,0,0,1
"separate","The_New_England_Journal_of_Medicine","dspart","165",0,0,0,0,1
"separate","The_New_England_Journal_of_Medicine","dspart","166",0,0,0,0,1
"separate","The_New_England_Journal_of_Medicine","dspart","167",0,0,0,0,1
"separate","The_New_England_Journal_of_Medicine","dspart","168",0,0,0,0,1
"separate","The_New_England_Journal_of_Medicine","dspart","169",0,0,0,0,1
"separate","The_New_England_Journal_of_Medicine","dspart","170",0,0,0,0,1
"separate","The_New_England_Journal_of_Medicine","dspart","171",0,0,0,0,1
"separate","The_New_England_Journal_of_Medicine","dspart","172",0,0,0,0,1
"separate","The_New_England_Journal_of_Medicine","dspart","173",0,0,0,0,1
"separate","The_New_England_Journal_of_Medicine","dspart","174",0,0,0,0,1
"separate","The_New_England_Journal_of_Medicine","dspart","175",0,0,0,0,1
"separate","The_New_England_Journal_of_Medicine","dspart","176",0,0,0,0,1
"separate","The_New_England_Journal_of_Medicine","dspart","177",0,0,0,0,1
"separate","The_New_England_Journal_of_Medicine","dspart","178",0,0,0,0,1
"separate","The_New_England_Journal_of_Medicine","dspart","179",0,0,0,0,1
"separate","The_New_England_Journal_of_Medicine","dspart","180",0,0,0,0,1
"separate","The_New_England_Journal_of_Medicine","dspart","181",0,0,0,0,1
"separate","The_New_England_Journal_of_Medicine","dspart","182",0,0,0,0,1
"separate","The_New_England_Journal_of_Medicine","dspart","183",0,0,0,0,1
"separate","The_New_England_Journal_of_Medicine","dspart","184",0,0,0,0,1
"separate","The_New_England_Journal_of_Medicine","dspart","185",0,0,0,0,1
"separate","The_New_England_Journal_of_Medicine","dspart","186",0,0,0,0,1
"separate","The_New_England_Journal_of_Medicine","dspart","187",0,0,0,0,1
"separate","The_New_England_Journal_of_Medicine","dspart","188",0,0,0,0,1
"separate","The_New_England_Journal_of_Medicine","dspart","189",0,0,0,0,1
"separate","The_New_England_Journal_of_Medicine","dspart","190",0,0,0,0,1
"separate","The_New_England_Journal_of_Medicine","dspart","191",0,0,0,0,1
"separate","The_New_England_Journal_of_Medicine","dspart","192",0,0,0,0,1
"separate","The_New_England_Journal_of_Medicine","dspart","193",0,0,0,0,1
"separate","The_New_England_Journal_of_Medicine","dspart","194",0,0,0,0,1
"separate","The_New_England_Journal_of_Medicine","dspart","195",0,0,0,0,1
"separate","The_New_England_Journal_of_Medicine","dspart","196",0,0,0,0,1
"separate","The_New_England_Journal_of_Medicine","dspart","197",0,0,0,0,1
"separate","The_New_England_Journal_of_Medicine","dspart","198",0,0,0,0,1
"separate","The_New_England_Journal_of_Medicine","dspart","199",0,0,0,0,1
"separate","The_New_England_Journal_of_Medicine","dspart","200",0,0,0,0,1
"separate","The_New_England_Journal_of_Medicine","dspart","201",0,0,0,0,1
"separate","The_New_England_Journal_of_Medicine","dspart","202",0,0,0,0,1
"separate","The_New_England_Journal_of_Medicine","dspart","203",0,0,0,0,1
"separate","The_New_England_Journal_of_Medicine","dspart","204",0,0,0,0,1
"separate","The_New_England_Journal_of_Medicine","dspart","205",0,0,0,0,1
"separate","The_New_England_Journal_of_Medicine","dspart","206",0,0,0,0,1
"separate","The_New_England_Journal_of_Medicine","dspart","207",0,0,0,0,1
"separate","The_New_England_Journal_of_Medicine","dspart","208",0,0,0,0,1
"separate","The_New_England_Journal_of_Medicine","dspart","209",0,0,0,0,1
"separate","The_New_England_Journal_of_Medicine","dspart","210",0,0,0,0,1
"separate","The_New_England_Journal_of_Medicine","dspart","211",0,0,0,0,1
"separate","The_New_England_Journal_of_Medicine","dspart","212",0,0,0,0,1
"separate","The_New_England_Journal_of_Medicine","dspart","213",0,0,0,0,1
"separate","The_New_England_Journal_of_Medicine","dspart","214",0,0,0,0,1
"separate","The_New_England_Journal_of_Medicine","dspart","215",0,0,0,0,1
"separate","The_New_England_Journal_of_Medicine","dspart","216",0,0,0,0,1
"separate","The_New_England_Journal_of_Medicine","dspart","217",0,0,0,0,1
"separate","The_New_England_Journal_of_Medicine","dspart","218",0,0,0,0,1
"separate","The_New_England_Journal_of_Medicine","dspart","219",0,0,0,0,1
"separate","The_New_England_Journal_of_Medicine","dspart","220",0,0,0,0,1
"separate","The_New_England_Journal_of_Medicine","dspart","221",0,0,0,0,1
"separate","The_New_England_Journal_of_Medicine","dspart","222",0,0,0,0,1
"separate","The_New_England_Journal_of_Medicine","dspart","223",0,0,0,0,1
"separate","The_New_England_Journal_of_Medicine","dspart","224",0,0,0,0,1
"separate","The_New_England_Journal_of_Medicine","dspart","225",0,0,0,0,1
"separate","The_New_England_Journal_of_Medicine","dspart","226",0,0,0,0,1
"separate","The_New_England_Journal_of_Medicine","dspart","227",0,0,0,0,1
"separate","The_New_England_Journal_of_Medicine","dspart","228",0,0,0,0,1
"separate","The_New_England_Journal_of_Medicine","dspart","229",0,0,0,0,1
"separate","The_New_England_Journal_of_Medicine","dspart","230",0,0,0,0,1
"separate","The_New_England_Journal_of_Medicine","dspart","231",0,0,0,0,1
"separate","The_New_England_Journal_of_Medicine","dspart","232",0,0,0,0,1
"separate","The_New_England_Journal_of_Medicine","dspart","233",0,0,0,0,1
"separate","The_New_England_Journal_of_Medicine","dspart","234",0,0,0,0,1
"separate","The_New_England_Journal_of_Medicine","dspart","235",0,0,0,0,1
"separate","The_New_England_Journal_of_Medicine","dspart","236",0,0,0,0,1
"separate","The_New_England_Journal_of_Medicine","dspart","237",0,0,0,0,1
"separate","The_New_England_Journal_of_Medicine","dspart","238",0,0,0,0,1
"separate","The_New_England_Journal_of_Medicine","dspart","239",0,0,0,0,1
"separate","The_New_England_Journal_of_Medicine","dspart","240",0,0,0,0,1
"separate","The_New_England_Journal_of_Medicine","dspart","241",0,0,0,0,1
"separate","The_New_England_Journal_of_Medicine","dspart","242",0,0,0,0,1
"separate","The_New_England_Journal_of_Medicine","dspart","243",0,0,0,0,1
"separate","The_New_England_Journal_of_Medicine","dspart","244",0,0,0,0,1
"separate","The_New_England_Journal_of_Medicine","dspart","245",0,0,0,0,1
"separate","The_New_England_Journal_of_Medicine","dspart","246",0,0,0,0,1
"separate","The_New_England_Journal_of_Medicine","dspart","247",0,0,0,0,1
"separate","The_New_England_Journal_of_Medicine","dspart","248",0,0,0,0,1
"separate","The_New_England_Journal_of_Medicine","dspart","249",0,0,0,0,1
"separate","The_New_England_Journal_of_Medicine","dspart","250",0,0,0,0,1
"separate","The_New_England_Journal_of_Medicine","dspart","251",0,0,0,0,1
"separate","The_New_England_Journal_of_Medicine","dspart","252",0,0,0,0,1
"separate","The_New_England_Journal_of_Medicine","dspart","253",0,0,0,0,1
"separate","The_New_England_Journal_of_Medicine","dspart","254",0,0,0,0,1
"separate","The_New_England_Journal_of_Medicine","dspart","255",0,0,0,0,1
"separate","The_New_England_Journal_of_Medicine","dspart","256",0,0,0,0,1
"separate","The_New_England_Journal_of_Medicine","dspart","257",0,0,0,0,1
"separate","The_New_England_Journal_of_Medicine","dspart","258",0,0,0,0,1
"separate","The_New_England_Journal_of_Medicine","dspart","259",0,0,0,0,1
"separate","The_New_England_Journal_of_Medicine","dspart","260",0,0,0,0,1
"separate","The_New_England_Journal_of_Medicine","dspart","261",0,0,0,0,1
"separate","The_New_England_Journal_of_Medicine","dspart","262",0,0,0,0,1
"separate","The_New_England_Journal_of_Medicine","dspart","263",0,0,0,0,1
"separate","The_New_England_Journal_of_Medicine","dspart","264",0,0,0,0,1
"separate","The_New_England_Journal_of_Medicine","dspart","265",0,0,0,0,1
"separate","The_New_England_Journal_of_Medicine","dspart","266",0,0,0,0,1
"separate","The_New_England_Journal_of_Medicine","dspart","267",0,0,0,0,1
"separate","The_New_England_Journal_of_Medicine","dspart","268",0,0,0,0,1
"separate","The_New_England_Journal_of_Medicine","dspart","269",0,0,0,0,1
"separate","The_New_England_Journal_of_Medicine","dspart","270",0,0,0,0,1
"separate","The_New_England_Journal_of_Medicine","dspart","271",0,0,0,0,1
"separate","The_New_England_Journal_of_Medicine","dspart","272",0,0,0,0,1
"separate","The_New_England_Journal_of_Medicine","dspart","273",0,0,0,0,1
"separate","The_New_England_Journal_of_Medicine","dspart","274",0,0,0,0,1
"separate","The_New_England_Journal_of_Medicine","dspart","275",0,0,0,0,1
"separate","The_New_England_Journal_of_Medicine","dspart","276",0,0,0,0,1
"separate","The_New_England_Journal_of_Medicine","dspart","277",0,0,0,0,1
"separate","The_New_England_Journal_of_Medicine","dspart","278",0,0,0,0,1
"separate","The_New_England_Journal_of_Medicine","dspart","279",0,0,0,0,1
"separate","The_New_England_Journal_of_Medicine","dspart","280",0,0,0,0,1
"separate","The_New_England_Journal_of_Medicine","dspart","281",0,0,0,0,1
"separate","The_New_England_Journal_of_Medicine","dspart","282",0,0,0,0,1
"separate","The_New_England_Journal_of_Medicine","dspart","283",0,0,0,0,1
"separate","The_New_England_Journal_of_Medicine","dspart","284",0,0,0,0,1
"separate","The_New_England_Journal_of_Medicine","dspart","285",0,0,0,0,1
"separate","The_New_England_Journal_of_Medicine","dspart","286",0,0,0,0,1
"separate","The_New_England_Journal_of_Medicine","dspart","287",0,0,0,0,1
"separate","The_New_England_Journal_of_Medicine","dspart","288",0,0,0,0,1
"separate","The_New_England_Journal_of_Medicine","dspart","289",0,0,0,0,1
"separate","The_New_England_Journal_of_Medicine","dspart","290",0,0,0,0,1
"separate","The_New_England_Journal_of_Medicine","dspart","291",0,0,0,0,1
"separate","The_New_England_Journal_of_Medicine","dspart","292",0,0,0,0,1
"separate","The_New_England_Journal_of_Medicine","dspart","293",0,0,0,0,1
"separate","The_New_England_Journal_of_Medicine","dspart","294",0,0,0,0,1
"separate","The_New_England_Journal_of_Medicine","dspart","295",0,0,0,0,1
"separate","The_New_England_Journal_of_Medicine","dspart","296",0,0,0,0,1
"separate","The_New_England_Journal_of_Medicine","dspart","297",0,0,0,0,1
"separate","The_New_England_Journal_of_Medicine","dspart","298",0,0,0,0,1
"separate","The_New_England_Journal_of_Medicine","dspart","299",0,0,0,0,1
"separate","The_New_England_Journal_of_Medicine","dspart","300",0,0,0,0,1
"separate","The_New_England_Journal_of_Medicine","dspart","301",0,0,0,0,1
"separate","The_New_England_Journal_of_Medicine","dspart","302",0,0,0,0,1
"separate","The_New_England_Journal_of_Medicine","dspart","303",0,0,0,0,1
"separate","The_New_England_Journal_of_Medicine","dspart","304",0,0,0,0,1
"separate","The_New_England_Journal_of_Medicine","dspart","305",0,0,0,0,1
"separate","The_New_England_Journal_of_Medicine","dspart","306",0,0,0,0,1
"separate","The_New_England_Journal_of_Medicine","dspart","307",0,0,0,0,1
"separate","The_New_England_Journal_of_Medicine","dspart","308",0,0,0,0,1
"separate","The_New_England_Journal_of_Medicine","dspart","309",0,0,0,0,1
"separate","The_New_England_Journal_of_Medicine","dspart","310",0,0,0,0,1
"separate","The_New_England_Journal_of_Medicine","dspart","311",0,0,0,0,1
"separate","The_New_England_Journal_of_Medicine","dspart","312",0,0,0,0,1
"separate","The_New_England_Journal_of_Medicine","dspart","313",0,0,0,0,1
"separate","The_New_England_Journal_of_Medicine","dspart","314",0,0,0,0,1
"separate","The_New_England_Journal_of_Medicine","dspart","315",0,0,0,0,1
"separate","The_New_England_Journal_of_Medicine","dspart","316",0,0,0,0,1
"separate","The_New_England_Journal_of_Medicine","dspart","317",0,0,0,0,1
"separate","The_New_England_Journal_of_Medicine","dspart","318",0,0,0,0,1
"separate","The_New_England_Journal_of_Medicine","dspart","319",0,0,0,0,1
"separate","The_New_England_Journal_of_Medicine","dspart","320",0,0,0,0,1
"separate","The_New_England_Journal_of_Medicine","dspart","321",0,0,0,0,1
"separate","The_New_England_Journal_of_Medicine","dspart","322",0,0,0,0,1
"separate","The_New_England_Journal_of_Medicine","dspart","323",0,0,0,0,1
"separate","The_New_England_Journal_of_Medicine","dspart","324",0,0,0,0,1
"separate","The_New_England_Journal_of_Medicine","dspart","325",0,0,0,0,1
"separate","The_New_England_Journal_of_Medicine","dspart","326",0,0,0,0,1
"separate","The_New_England_Journal_of_Medicine","dspart","327",0,0,0,0,1
"separate","The_New_England_Journal_of_Medicine","dspart","328",0,0,0,0,1
"separate","The_New_England_Journal_of_Medicine","dspart","329",0,0,0,0,1
"separate","The_New_England_Journal_of_Medicine","dspart","330",0,0,0,0,1
"separate","The_New_England_Journal_of_Medicine","dspart","331",0,0,0,0,1
"separate","The_New_England_Journal_of_Medicine","dspart","332",0,0,0,0,1
"separate","The_New_England_Journal_of_Medicine","dspart","333",0,0,0,0,1
"separate","The_New_England_Journal_of_Medicine","dspart","334",0,0,0,0,1
"separate","The_New_England_Journal_of_Medicine","dspart","335",0,0,0,0,1
"separate","The_New_England_Journal_of_Medicine","dspart","336",0,0,0,0,1
"separate","The_New_England_Journal_of_Medicine","dspart","337",0,0,0,0,1
"separate","The_New_England_Journal_of_Medicine","dspart","338",0,0,0,0,1
"separate","The_New_England_Journal_of_Medicine","dspart","339",0,0,0,0,1
"separate","The_New_England_Journal_of_Medicine","dspart","340",0,0,0,0,1
"separate","The_New_England_Journal_of_Medicine","dspart","341",0,0,0,0,1
"separate","The_New_England_Journal_of_Medicine","dspart","342",0,0,0,0,1
"separate","The_New_England_Journal_of_Medicine","dspart","343",0,0,0,0,1
"separate","The_New_England_Journal_of_Medicine","dspart","344",0,0,0,0,1
"separate","The_New_England_Journal_of_Medicine","dspart","345",0,0,0,0,1
"separate","The_New_England_Journal_of_Medicine","dspart","346",0,0,0,0,1
"separate","The_New_England_Journal_of_Medicine","dspart","347",0,0,0,0,1
"separate","The_New_England_Journal_of_Medicine","dspart","348",0,0,0,0,1
"separate","The_New_England_Journal_of_Medicine","dspart","349",0,0,0,0,1
"separate","The_New_England_Journal_of_Medicine","dspart","350",0,0,0,0,1
"separate","The_New_England_Journal_of_Medicine","dspart","351",0,0,0,0,1
"separate","The_New_England_Journal_of_Medicine","dspart","352",0,0,0,0,1
"separate","The_New_England_Journal_of_Medicine","dspart","353",0,0,0,0,1
"separate","The_New_England_Journal_of_Medicine","dspart","354",0,0,0,0,1
"separate","The_New_England_Journal_of_Medicine","dspart","355",0,0,0,0,1
"separate","The_New_England_Journal_of_Medicine","dspart","356",0,0,0,0,1
"separate","The_New_England_Journal_of_Medicine","dspart","357",0,0,0,0,1
"separate","The_New_England_Journal_of_Medicine","dspart","358",0,0,0,0,1
"separate","The_New_England_Journal_of_Medicine","dspart","359",0,0,0,0,1
"separate","The_New_England_Journal_of_Medicine","dspart","360",0,0,0,0,1
"separate","The_New_England_Journal_of_Medicine","dspart","361",0,0,0,0,1
"separate","The_New_England_Journal_of_Medicine","dspart","362",0,0,0,0,1
"separate","The_New_England_Journal_of_Medicine","dspart","363",0,0,0,0,1
"separate","The_New_England_Journal_of_Medicine","dspart","364",0,0,0,0,1
"separate","The_New_England_Journal_of_Medicine","dspart","365",0,0,0,0,1
"separate","The_New_England_Journal_of_Medicine","dspart","366",0,0,0,0,1
"separate","The_New_England_Journal_of_Medicine","dspart","367",0,0,0,0,1
"separate","The_New_England_Journal_of_Medicine","dspart","368",0,0,0,0,1
"separate","The_New_England_Journal_of_Medicine","dspart","369",0,0,0,0,1
"separate","The_New_England_Journal_of_Medicine","dspart","370",0,0,0,0,1
"separate","The_New_England_Journal_of_Medicine","dspart","371",0,0,0,0,1
"separate","The_New_England_Journal_of_Medicine","dspart","372",0,0,0,0,1
"separate","The_New_England_Journal_of_Medicine","dspart","373",0,0,0,0,1
"separate","The_New_England_Journal_of_Medicine","dspart","374",0,0,0,0,1
"separate","The_New_England_Journal_of_Medicine","dspart","375",0,0,0,0,1
"separate","The_New_England_Journal_of_Medicine","dspart","376",0,0,0,0,1
"separate","The_New_England_Journal_of_Medicine","dspart","377",0,0,0,0,1
"separate","The_New_England_Journal_of_Medicine","dspart","378",0,0,0,0,1
"separate","The_New_England_Journal_of_Medicine","dspart","379",0,0,0,0,1
"separate","The_New_England_Journal_of_Medicine","dspart","380",0,0,0,0,1
"separate","The_New_England_Journal_of_Medicine","dspart","381",0,0,0,0,1
"separate","The_New_England_Journal_of_Medicine","dspart","382",0,0,0,0,1
"separate","The_New_England_Journal_of_Medicine","dspart","383",0,0,0,0,1
"separate","The_New_England_Journal_of_Medicine","dspart","384",0,0,0,0,1
"separate","The_New_England_Journal_of_Medicine","dspart","385",0,0,0,0,1
"separate","The_New_England_Journal_of_Medicine","dspart","386",0,0,0,0,1
"separate","The_New_England_Journal_of_Medicine","dspart","387",0,0,0,0,1
"separate","The_New_England_Journal_of_Medicine","dspart","388",0,0,0,0,1
"separate","The_New_England_Journal_of_Medicine","dspart","389",0,0,0,0,1
"separate","The_New_England_Journal_of_Medicine","dspart","390",0,0,0,0,1
"separate","The_New_England_Journal_of_Medicine","dspart","391",0,0,0,0,1
"separate","The_New_England_Journal_of_Medicine","dspart","392",0,0,0,0,1
"separate","The_New_England_Journal_of_Medicine","dspart","393",0,0,0,0,1
"separate","The_New_England_Journal_of_Medicine","dspart","394",0,0,0,0,1
"separate","The_New_England_Journal_of_Medicine","dspart","395",0,0,0,0,1
"separate","The_New_England_Journal_of_Medicine","dspart","396",0,0,0,0,1
"separate","The_New_England_Journal_of_Medicine","dspart","397",0,0,0,0,1
"separate","The_New_England_Journal_of_Medicine","dspart","398",0,0,0,0,1
"separate","The_New_England_Journal_of_Medicine","dspart","399",0,0,0,0,1
"separate","The_New_England_Journal_of_Medicine","dspart","400",0,0,0,0,1
"separate","The_New_England_Journal_of_Medicine","dspart","401",0,0,0,0,1
"separate","The_New_England_Journal_of_Medicine","dspart","402",0,0,0,0,1
"separate","The_New_England_Journal_of_Medicine","dspart","403",0,0,0,0,1
"separate","The_New_England_Journal_of_Medicine","dspart","404",0,0,0,0,1
"separate","The_New_England_Journal_of_Medicine","dspart","405",0,0,0,0,1
"separate","The_New_England_Journal_of_Medicine","dspart","406",0,0,0,0,1
"separate","The_New_England_Journal_of_Medicine","dspart","407",0,0,0,0,1
"separate","The_New_England_Journal_of_Medicine","dspart","408",0,0,0,0,1
"separate","The_New_England_Journal_of_Medicine","dspart","409",0,0,0,0,1
"separate","The_New_England_Journal_of_Medicine","dspart","410",0,0,0,0,1
"separate","The_New_England_Journal_of_Medicine","dspart","411",0,0,0,0,1
"separate","The_New_England_Journal_of_Medicine","dspart","412",0,0,0,0,1
"separate","The_New_England_Journal_of_Medicine","dspart","413",0,0,0,0,1
"separate","The_New_England_Journal_of_Medicine","dspart","414",0,0,0,0,1
"separate","The_New_England_Journal_of_Medicine","dspart","415",0,0,0,0,1
"separate","The_New_England_Journal_of_Medicine","dspart","416",0,0,0,0,1
"separate","The_New_England_Journal_of_Medicine","dspart","417",0,0,0,0,1
"separate","The_New_England_Journal_of_Medicine","dspart","418",0,0,0,0,1
"separate","The_New_England_Journal_of_Medicine","dspart","419",0,0,0,0,1
"separate","The_New_England_Journal_of_Medicine","dspart","420",0,0,0,0,1
"separate","The_New_England_Journal_of_Medicine","dspart","421",0,0,0,0,1
"separate","The_New_England_Journal_of_Medicine","dspart","422",0,0,0,0,1
"separate","The_New_England_Journal_of_Medicine","dspart","423",0,0,0,0,1
"separate","The_New_England_Journal_of_Medicine","dspart","424",0,0,0,0,1
"separate","The_New_England_Journal_of_Medicine","dspart","425",0,0,0,0,1
"separate","The_New_England_Journal_of_Medicine","dspart","426",0,0,0,0,1
"separate","The_New_England_Journal_of_Medicine","dspart","427",0,0,0,0,1
"separate","The_New_England_Journal_of_Medicine","dspart","428",0,0,0,0,1
"separate","The_New_England_Journal_of_Medicine","dspart","429",0,0,0,0,1
"separate","The_New_England_Journal_of_Medicine","dspart","430",0,0,0,0,1
"separate","The_New_England_Journal_of_Medicine","dspart","431",0,0,0,0,1
"separate","The_New_England_Journal_of_Medicine","dspart","432",0,0,0,0,1
"separate","The_New_England_Journal_of_Medicine","dspart","433",0,0,0,0,1
"separate","The_New_England_Journal_of_Medicine","dspart","434",0,0,0,0,1
"separate","The_New_England_Journal_of_Medicine","dspart","435",0,0,0,0,1
"separate","The_New_England_Journal_of_Medicine","dspart","436",0,0,0,0,1
"separate","The_New_England_Journal_of_Medicine","dspart","437",0,0,0,0,1
"separate","The_New_England_Journal_of_Medicine","dspart","438",0,0,0,0,1
"separate","The_New_England_Journal_of_Medicine","dspart","439",0,0,0,0,1
"separate","The_New_England_Journal_of_Medicine","dspart","440",0,0,0,0,1
"separate","The_New_England_Journal_of_Medicine","dspart","441",0,0,0,0,1
"separate","The_New_England_Journal_of_Medicine","dspart","442",0,0,0,0,1
"separate","The_New_England_Journal_of_Medicine","dspart","443",0,0,0,0,1
"separate","The_New_England_Journal_of_Medicine","dspart","444",0,0,0,0,1
"separate","The_New_England_Journal_of_Medicine","dspart","445",0,0,0,0,1
"separate","The_New_England_Journal_of_Medicine","dspart","446",0,0,0,0,1
"separate","The_New_England_Journal_of_Medicine","dspart","447",0,0,0,0,1
"separate","The_New_England_Journal_of_Medicine","dspart","448",0,0,0,0,1
"separate","The_New_England_Journal_of_Medicine","dspart","449",0,0,0,0,1
"separate","The_New_England_Journal_of_Medicine","dspart","450",0,0,0,0,1
"separate","The_New_England_Journal_of_Medicine","dspart","451",0,0,0,0,1
"separate","The_New_England_Journal_of_Medicine","dspart","452",0,0,0,0,1
"separate","The_New_England_Journal_of_Medicine","dspart","453",0,0,0,0,1
"separate","The_New_England_Journal_of_Medicine","dspart","454",0,0,0,0,1
"separate","The_New_England_Journal_of_Medicine","dspart","455",0,0,0,0,1
"separate","The_New_England_Journal_of_Medicine","dspart","456",0,0,0,0,1
"separate","The_New_England_Journal_of_Medicine","dspart","457",0,0,0,0,1
"separate","The_New_England_Journal_of_Medicine","dspart","458",0,0,0,0,1
"separate","The_New_England_Journal_of_Medicine","dspart","459",0,0,0,0,1
"separate","The_New_England_Journal_of_Medicine","dspart","460",0,0,0,0,1
"separate","The_New_England_Journal_of_Medicine","dspart","461",0,0,0,0,1
"separate","The_New_England_Journal_of_Medicine","dspart","462",0,0,0,0,1
"separate","The_New_England_Journal_of_Medicine","dspart","463",0,0,0,0,1
"separate","The_New_England_Journal_of_Medicine","dspart","464",0,0,0,0,1
"separate","The_New_England_Journal_of_Medicine","dspart","465",0,0,0,0,1
"separate","The_New_England_Journal_of_Medicine","dspart","466",0,0,0,0,1
"separate","The_New_England_Journal_of_Medicine","dspart","467",0,0,0,0,1
"separate","The_New_England_Journal_of_Medicine","dspart","468",0,0,0,0,1
"separate","The_New_England_Journal_of_Medicine","dspart","469",0,0,0,0,1
"separate","The_New_England_Journal_of_Medicine","dspart","470",0,0,0,0,1
"separate","The_New_England_Journal_of_Medicine","dspart","471",0,0,0,0,1
"separate","The_New_England_Journal_of_Medicine","dspart","472",0,0,0,0,1
"separate","The_New_England_Journal_of_Medicine","dspart","473",0,0,0,0,1
"separate","The_New_England_Journal_of_Medicine","dspart","474",0,0,0,0,1
"separate","The_New_England_Journal_of_Medicine","dspart","475",0,0,0,0,1
"separate","The_New_England_Journal_of_Medicine","dspart","476",0,0,0,0,1
"separate","The_New_England_Journal_of_Medicine","dspart","477",0,0,0,0,1
"separate","The_New_England_Journal_of_Medicine","dspart","478",0,0,0,0,1
"separate","The_New_England_Journal_of_Medicine","dspart","479",0,0,0,0,1
"separate","The_New_England_Journal_of_Medicine","dspart","480",0,0,0,0,1
"separate","The_New_England_Journal_of_Medicine","dspart","481",0,0,0,0,1
"separate","The_New_England_Journal_of_Medicine","dspart","482",0,0,0,0,1
"separate","The_New_England_Journal_of_Medicine","dspart","483",0,0,0,0,1
"separate","The_New_England_Journal_of_Medicine","dspart","484",0,0,0,0,1
"separate","The_New_England_Journal_of_Medicine","dspart","485",0,0,0,0,1
"separate","The_New_England_Journal_of_Medicine","dspart","486",0,0,0,0,1
"separate","The_New_England_Journal_of_Medicine","dspart","487",0,0,0,0,1
"separate","The_New_England_Journal_of_Medicine","dspart","488",0,0,0,0,1
"separate","The_New_England_Journal_of_Medicine","dspart","489",0,0,0,0,1
"separate","The_New_England_Journal_of_Medicine","dspart","490",0,0,0,0,1
"separate","The_New_England_Journal_of_Medicine","dspart","491",0,0,0,0,1
"separate","The_New_England_Journal_of_Medicine","dspart","492",0,0,0,0,1
"separate","The_New_England_Journal_of_Medicine","dspart","493",0,0,0,0,1
"separate","The_New_England_Journal_of_Medicine","dspart","494",0,0,0,0,1
"separate","The_New_England_Journal_of_Medicine","dspart","495",0,0,0,0,1
"separate","The_New_England_Journal_of_Medicine","dspart","496",0,0,0,0,1
"separate","The_New_England_Journal_of_Medicine","dspart","497",0,0,0,0,1
"separate","The_New_England_Journal_of_Medicine","dspart","498",0,0,0,0,1
"separate","The_New_England_Journal_of_Medicine","dspart","499",0,0,0,0,1
"separate","The_New_England_Journal_of_Medicine","dspart","500",0,0,0,0,1
"separate","The_New_England_Journal_of_Medicine","dspart","501",0,0,0,0,1
"separate","The_New_England_Journal_of_Medicine","dspart","502",0,0,0,0,1
"separate","The_New_England_Journal_of_Medicine","dspart","503",0,0,0,0,1
"separate","The_New_England_Journal_of_Medicine","dspart","504",0,0,0,0,1
"separate","The_New_England_Journal_of_Medicine","dspart","505",0,0,0,0,1
"separate","The_New_England_Journal_of_Medicine","dspart","506",0,0,0,0,1
"separate","The_New_England_Journal_of_Medicine","dspart","507",0,0,0,0,1
"separate","The_New_England_Journal_of_Medicine","dspart","508",0,0,0,0,1
"separate","The_New_England_Journal_of_Medicine","dspart","509",0,0,0,0,1
"separate","The_New_England_Journal_of_Medicine","dspart","510",0,0,0,0,1
"separate","The_New_England_Journal_of_Medicine","dspart","511",0,0,0,0,1
"separate","The_New_England_Journal_of_Medicine","dspart","512",0,0,0,0,1
"separate","The_New_England_Journal_of_Medicine","dspart","513",0,0,0,0,1
"separate","The_New_England_Journal_of_Medicine","dspart","514",0,0,0,0,1
"separate","The_New_England_Journal_of_Medicine","dspart","515",0,0,0,0,1
"separate","The_New_England_Journal_of_Medicine","dspart","516",0,0,0,0,1
"separate","The_New_England_Journal_of_Medicine","dspart","517",0,0,0,0,1
"separate","The_New_England_Journal_of_Medicine","dspart","518",0,0,0,0,1
"separate","The_New_England_Journal_of_Medicine","dspart","519",0,0,0,0,1
"separate","The_New_England_Journal_of_Medicine","dspart","520",0,0,0,0,1
"separate","The_New_England_Journal_of_Medicine","dspart","521",0,0,0,0,1
"separate","The_New_England_Journal_of_Medicine","dspart","522",0,0,0,0,1
"separate","The_New_England_Journal_of_Medicine","dspart","523",0,0,0,0,1
"separate","The_New_England_Journal_of_Medicine","dspart","524",0,0,0,0,1
"separate","The_New_England_Journal_of_Medicine","dspart","525",0,0,0,0,1
"separate","The_New_England_Journal_of_Medicine","dspart","526",0,0,0,0,1
"separate","The_New_England_Journal_of_Medicine","dspart","527",0,0,0,0,1
"separate","The_New_England_Journal_of_Medicine","dspart","528",0,0,0,0,1
"separate","The_New_England_Journal_of_Medicine","dspart","529",0,0,0,0,1
"separate","The_New_England_Journal_of_Medicine","dspart","530",0,0,0,0,1
"separate","The_New_England_Journal_of_Medicine","dspart","531",0,0,0,0,1
"separate","The_New_England_Journal_of_Medicine","dspart","532",0,0,0,0,1
"separate","The_New_England_Journal_of_Medicine","dspart","533",0,0,0,0,1
"separate","The_New_England_Journal_of_Medicine","dspart","534",0,0,0,0,1
"separate","The_New_England_Journal_of_Medicine","dspart","535",0,0,0,0,1
"separate","The_New_England_Journal_of_Medicine","dspart","536",0,0,0,0,1
"separate","The_New_England_Journal_of_Medicine","dspart","537",0,0,0,0,1
"separate","The_New_England_Journal_of_Medicine","dspart","538",0,0,0,0,1
"separate","The_New_England_Journal_of_Medicine","dspart","539",0,0,0,0,1
"separate","The_New_England_Journal_of_Medicine","dspart","540",0,0,0,0,1
"separate","The_New_England_Journal_of_Medicine","dspart","541",0,0,0,0,1
"separate","The_New_England_Journal_of_Medicine","dspart","542",0,0,0,0,1
"separate","The_New_England_Journal_of_Medicine","dspart","543",0,0,0,0,1
"separate","The_New_England_Journal_of_Medicine","dspart","544",0,0,0,0,1
"separate","The_New_England_Journal_of_Medicine","dspart","545",0,0,0,0,1
"separate","The_New_England_Journal_of_Medicine","dspart","546",0,0,0,0,1
"separate","The_New_England_Journal_of_Medicine","dspart","547",0,0,0,0,1
"separate","The_New_England_Journal_of_Medicine","dspart","548",0,0,0,0,1
"separate","The_New_England_Journal_of_Medicine","dspart","549",0,0,0,0,1
"separate","The_New_England_Journal_of_Medicine","dspart","550",0,0,0,0,1
"separate","The_New_England_Journal_of_Medicine","dspart","551",0,0,0,0,1
"separate","The_New_England_Journal_of_Medicine","dspart","552",0,0,0,0,1
"separate","The_New_England_Journal_of_Medicine","dspart","553",0,0,0,0,1
"separate","The_New_England_Journal_of_Medicine","dspart","554",0,0,0,0,1
"separate","The_New_England_Journal_of_Medicine","espart","0",42,2342,2449.31,2580,0
"separate","The_New_England_Journal_of_Medicine","espart","1",86,876,1048.74,1175,0
"separate","The_New_England_Journal_of_Medicine","espart","2",105,192,265.29,321,0
"separate","The_New_England_Journal_of_Medicine","espart","3",76,32,55.77,83,0.02
"separate","The_New_England_Journal_of_Medicine","espart","4",64,5,15.98,28,0
"separate","The_New_England_Journal_of_Medicine","espart","5",131,3,9.42,20,0
"separate","The_New_England_Journal_of_Medicine","espart","6",114,1,7.11,18,0
"separate","The_New_England_Journal_of_Medicine","espart","7",79,0,5.13,20,0
"separate","The_New_England_Journal_of_Medicine","espart","8",74,0,2.05,12,0
"separate","The_New_England_Journal_of_Medicine","espart","9",55,0,0.47,6,0
"separate","The_New_England_Journal_of_Medicine","espart","10",8,0,0.05,1,0
"separate","The_New_England_Journal_of_Medicine","espart","11",100,0,0,0,0
"separate","The_New_England_Journal_of_Medicine","espart","12",36,0,0,0,0
"separate","The_New_England_Journal_of_Medicine","espart","13",15,0,0,0,0
"separate","The_New_England_Journal_of_Medicine","espart","14",125,0,0,0,0
"separate","The_New_England_Journal_of_Medicine","espart","15",17,0,0,0,0
"separate","The_New_England_Journal_of_Medicine","espart","16",74,0,0,0,0
"separate","The_New_England_Journal_of_Medicine","espart","17",300,0,0,0,0
"separate","The_New_England_Journal_of_Medicine","espart","18",61,0,0,0,0
"separate","The_New_England_Journal_of_Medicine","espart","19",61,0,0,0,0
"separate","The_New_England_Journal_of_Medicine","espart","20",166,0,0,0,0
"separate","The_New_England_Journal_of_Medicine","espart","21",53,0,0,0,0
"separate","The_New_England_Journal_of_Medicine","espart","22",275,0,0,0,0
"separate","The_New_England_Journal_of_Medicine","espart","23",61,0,0,0,0
"separate","The_New_England_Journal_of_Medicine","espart","24",75,0,0,0,0
"separate","The_New_England_Journal_of_Medicine","espart","25",4,0,0,0,0
"separate","The_New_England_Journal_of_Medicine","espart","26",6,0,0,0,0
"separate","The_New_England_Journal_of_Medicine","espart","27",407,0,0,0,0
"separate","The_New_England_Journal_of_Medicine","espart","28",90,0,0,0,0
"separate","The_New_England_Journal_of_Medicine","espart","29",279,0,0,0,0
"separate","The_New_England_Journal_of_Medicine","espart","30",45,0,0,0,0
"separate","The_New_England_Journal_of_Medicine","espart","31",21,0,0,0,0
"separate","The_New_England_Journal_of_Medicine","espart","32",0,0,0,0,1
"separate","The_New_England_Journal_of_Medicine","espart","33",0,0,0,0,1
"separate","The_New_England_Journal_of_Medicine","espart","34",0,0,0,0,1
"separate","The_New_England_Journal_of_Medicine","espart","35",0,0,0,0,1
"separate","The_New_England_Journal_of_Medicine","espart","36",0,0,0,0,1
"separate","The_New_England_Journal_of_Medicine","espart","37",741,0,0,0,0
"separate","The_New_England_Journal_of_Medicine","espart","38",0,0,0,0,1
"separate","The_New_England_Journal_of_Medicine","espart","39",0,0,0,0,1
"separate","The_New_England_Journal_of_Medicine","espart","40",0,0,0,0,1
"separate","The_New_England_Journal_of_Medicine","espart","41",0,0,0,0,1
"separate","The_New_England_Journal_of_Medicine","espart","42",0,0,0,0,1
"separate","The_New_England_Journal_of_Medicine","espart","43",0,0,0,0,1
"separate","The_New_England_Journal_of_Medicine","espart","44",0,0,0,0,1
"separate","The_New_England_Journal_of_Medicine","espart","45",0,0,0,0,1
"separate","The_New_England_Journal_of_Medicine","espart","46",0,0,0,0,1
"separate","The_New_England_Journal_of_Medicine","espart","47",0,0,0,0,1
"separate","The_New_England_Journal_of_Medicine","espart","48",0,0,0,0,1
"separate","The_New_England_Journal_of_Medicine","espart","49",0,0,0,0,1
"separate","The_New_England_Journal_of_Medicine","espart","50",0,0,0,0,1
"separate","The_New_England_Journal_of_Medicine","espart","51",0,0,0,0,1
"separate","The_New_England_Journal_of_Medicine","espart","52",0,0,0,0,1
"separate","The_New_England_Journal_of_Medicine","espart","53",0,0,0,0,1
"separate","The_New_England_Journal_of_Medicine","espart","54",0,0,0,0,1
"separate","The_New_England_Journal_of_Medicine","espart","55",0,0,0,0,1
"separate","The_New_England_Journal_of_Medicine","espart","56",0,0,0,0,1
"separate","The_New_England_Journal_of_Medicine","espart","57",0,0,0,0,1
"separate","The_New_England_Journal_of_Medicine","espart","58",0,0,0,0,1
"separate","The_New_England_Journal_of_Medicine","espart","59",0,0,0,0,1
"separate","The_New_England_Journal_of_Medicine","espart","60",0,0,0,0,1
"separate","The_New_England_Journal_of_Medicine","espart","61",0,0,0,0,1
"separate","The_New_England_Journal_of_Medicine","espart","62",0,0,0,0,1
"separate","The_New_England_Journal_of_Medicine","espart","63",0,0,0,0,1
"separate","The_New_England_Journal_of_Medicine","espart","64",0,0,0,0,1
"separate","The_New_England_Journal_of_Medicine","espart","65",0,0,0,0,1
"separate","The_New_England_Journal_of_Medicine","espart","66",0,0,0,0,1
"separate","The_New_England_Journal_of_Medicine","espart","67",0,0,0,0,1
"separate","The_New_England_Journal_of_Medicine","espart","68",0,0,0,0,1
"separate","The_New_England_Journal_of_Medicine","espart","69",0,0,0,0,1
"separate","The_New_England_Journal_of_Medicine","espart","70",0,0,0,0,1
"separate","The_New_England_Journal_of_Medicine","espart","71",0,0,0,0,1
"separate","The_New_England_Journal_of_Medicine","espart","72",0,0,0,0,1
"separate","The_New_England_Journal_of_Medicine","espart","73",0,0,0,0,1
"separate","The_New_England_Journal_of_Medicine","espart","74",0,0,0,0,1
"separate","The_New_England_Journal_of_Medicine","espart","75",0,0,0,0,1
"separate","The_New_England_Journal_of_Medicine","espart","76",0,0,0,0,1
"separate","The_New_England_Journal_of_Medicine","espart","77",0,0,0,0,1
"separate","The_New_England_Journal_of_Medicine","espart","78",0,0,0,0,1
"separate","The_New_England_Journal_of_Medicine","espart","79",0,0,0,0,1
"separate","The_New_England_Journal_of_Medicine","espart","80",0,0,0,0,1
"separate","The_New_England_Journal_of_Medicine","espart","81",0,0,0,0,1
"separate","The_New_England_Journal_of_Medicine","espart","82",0,0,0,0,1
"separate","The_New_England_Journal_of_Medicine","espart","83",0,0,0,0,1
"separate","The_New_England_Journal_of_Medicine","espart","84",0,0,0,0,1
"separate","The_New_England_Journal_of_Medicine","espart","85",0,0,0,0,1
"separate","The_New_England_Journal_of_Medicine","espart","86",0,0,0,0,1
"separate","The_New_England_Journal_of_Medicine","espart","87",0,0,0,0,1
"separate","The_New_England_Journal_of_Medicine","espart","88",0,0,0,0,1
"separate","The_New_England_Journal_of_Medicine","espart","89",0,0,0,0,1
"separate","The_New_England_Journal_of_Medicine","espart","90",0,0,0,0,1
"separate","The_New_England_Journal_of_Medicine","espart","91",0,0,0,0,1
"separate","The_New_England_Journal_of_Medicine","espart","92",0,0,0,0,1
"separate","The_New_England_Journal_of_Medicine","espart","93",0,0,0,0,1
"separate","The_New_England_Journal_of_Medicine","espart","94",0,0,0,0,1
"separate","The_New_England_Journal_of_Medicine","espart","95",0,0,0,0,1
"separate","The_New_England_Journal_of_Medicine","espart","96",0,0,0,0,1
"separate","The_New_England_Journal_of_Medicine","espart","97",0,0,0,0,1
"separate","The_New_England_Journal_of_Medicine","espart","98",0,0,0,0,1
"separate","The_New_England_Journal_of_Medicine","espart","99",0,0,0,0,1
"separate","The_New_England_Journal_of_Medicine","espart","100",0,0,0,0,1
"separate","The_New_England_Journal_of_Medicine","espart","101",0,0,0,0,1
"separate","The_New_England_Journal_of_Medicine","espart","102",0,0,0,0,1
"separate","The_New_England_Journal_of_Medicine","espart","103",0,0,0,0,1
"separate","The_New_England_Journal_of_Medicine","espart","104",0,0,0,0,1
"separate","The_New_England_Journal_of_Medicine","espart","105",0,0,0,0,1
"separate","The_New_England_Journal_of_Medicine","espart","106",0,0,0,0,1
"separate","The_New_England_Journal_of_Medicine","espart","107",0,0,0,0,1
"separate","The_New_England_Journal_of_Medicine","espart","108",0,0,0,0,1
"separate","The_New_England_Journal_of_Medicine","espart","109",0,0,0,0,1
"separate","The_New_England_Journal_of_Medicine","espart","110",0,0,0,0,1
"separate","The_New_England_Journal_of_Medicine","espart","111",0,0,0,0,1
"separate","The_New_England_Journal_of_Medicine","espart","112",0,0,0,0,1
"separate","The_New_England_Journal_of_Medicine","espart","113",0,0,0,0,1
"separate","The_New_England_Journal_of_Medicine","espart","114",0,0,0,0,1
"separate","The_New_England_Journal_of_Medicine","espart","115",0,0,0,0,1
"separate","The_New_England_Journal_of_Medicine","espart","116",0,0,0,0,1
"separate","The_New_England_Journal_of_Medicine","espart","117",0,0,0,0,1
"separate","The_New_England_Journal_of_Medicine","espart","118",0,0,0,0,1
"separate","The_New_England_Journal_of_Medicine","espart","119",0,0,0,0,1
"separate","The_New_England_Journal_of_Medicine","espart","120",0,0,0,0,1
"separate","The_New_England_Journal_of_Medicine","espart","121",0,0,0,0,1
"separate","The_New_England_Journal_of_Medicine","espart","122",0,0,0,0,1
"separate","The_New_England_Journal_of_Medicine","espart","123",0,0,0,0,1
"separate","The_New_England_Journal_of_Medicine","espart","124",0,0,0,0,1
"separate","The_New_England_Journal_of_Medicine","espart","125",0,0,0,0,1
"separate","The_New_England_Journal_of_Medicine","espart","126",0,0,0,0,1
"separate","The_New_England_Journal_of_Medicine","espart","127",0,0,0,0,1
"separate","The_New_England_Journal_of_Medicine","espart","128",0,0,0,0,1
"separate","The_New_England_Journal_of_Medicine","espart","129",0,0,0,0,1
"separate","The_New_England_Journal_of_Medicine","espart","130",0,0,0,0,1
"separate","The_New_England_Journal_of_Medicine","espart","131",0,0,0,0,1
"separate","The_New_England_Journal_of_Medicine","espart","132",0,0,0,0,1
"separate","The_New_England_Journal_of_Medicine","espart","133",0,0,0,0,1
"separate","The_New_England_Journal_of_Medicine","espart","134",0,0,0,0,1
"separate","The_New_England_Journal_of_Medicine","espart","135",0,0,0,0,1
"separate","The_New_England_Journal_of_Medicine","espart","136",0,0,0,0,1
"separate","The_New_England_Journal_of_Medicine","espart","137",0,0,0,0,1
"separate","The_New_England_Journal_of_Medicine","espart","138",0,0,0,0,1
"separate","The_New_England_Journal_of_Medicine","espart","139",0,0,0,0,1
"separate","The_New_England_Journal_of_Medicine","espart","140",0,0,0,0,1
"separate","The_New_England_Journal_of_Medicine","espart","141",0,0,0,0,1
"separate","The_New_England_Journal_of_Medicine","espart","142",0,0,0,0,1
"separate","The_New_England_Journal_of_Medicine","espart","143",0,0,0,0,1
"separate","The_New_England_Journal_of_Medicine","espart","144",0,0,0,0,1
"separate","The_New_England_Journal_of_Medicine","espart","145",0,0,0,0,1
"separate","The_New_England_Journal_of_Medicine","espart","146",0,0,0,0,1
"separate","The_New_England_Journal_of_Medicine","espart","147",0,0,0,0,1
"separate","The_New_England_Journal_of_Medicine","espart","148",0,0,0,0,1
"separate","The_New_England_Journal_of_Medicine","espart","149",0,0,0,0,1
"separate","The_New_England_Journal_of_Medicine","espart","150",0,0,0,0,1
"separate","The_New_England_Journal_of_Medicine","espart","151",0,0,0,0,1
"separate","The_New_England_Journal_of_Medicine","espart","152",0,0,0,0,1
"separate","The_New_England_Journal_of_Medicine","espart","153",0,0,0,0,1
"separate","The_New_England_Journal_of_Medicine","espart","154",0,0,0,0,1
"separate","The_New_England_Journal_of_Medicine","espart","155",0,0,0,0,1
"separate","The_New_England_Journal_of_Medicine","espart","156",0,0,0,0,1
"separate","The_New_England_Journal_of_Medicine","espart","157",0,0,0,0,1
"separate","The_New_England_Journal_of_Medicine","espart","158",0,0,0,0,1
"separate","The_New_England_Journal_of_Medicine","espart","159",0,0,0,0,1
"separate","The_New_England_Journal_of_Medicine","espart","160",0,0,0,0,1
"separate","The_New_England_Journal_of_Medicine","espart","161",0,0,0,0,1
"separate","The_New_England_Journal_of_Medicine","espart","162",0,0,0,0,1
"separate","The_New_England_Journal_of_Medicine","espart","163",0,0,0,0,1
"separate","The_New_England_Journal_of_Medicine","espart","164",0,0,0,0,1
"separate","The_New_England_Journal_of_Medicine","espart","165",0,0,0,0,1
"separate","The_New_England_Journal_of_Medicine","espart","166",0,0,0,0,1
"separate","The_New_England_Journal_of_Medicine","espart","167",0,0,0,0,1
"separate","The_New_England_Journal_of_Medicine","espart","168",0,0,0,0,1
"separate","The_New_England_Journal_of_Medicine","espart","169",0,0,0,0,1
"separate","The_New_England_Journal_of_Medicine","espart","170",0,0,0,0,1
"separate","The_New_England_Journal_of_Medicine","espart","171",0,0,0,0,1
"separate","The_New_England_Journal_of_Medicine","espart","172",0,0,0,0,1
"separate","The_New_England_Journal_of_Medicine","espart","173",0,0,0,0,1
"separate","The_New_England_Journal_of_Medicine","espart","174",0,0,0,0,1
"separate","The_New_England_Journal_of_Medicine","espart","175",0,0,0,0,1
"separate","The_New_England_Journal_of_Medicine","espart","176",0,0,0,0,1
"separate","The_New_England_Journal_of_Medicine","espart","177",0,0,0,0,1
"separate","The_New_England_Journal_of_Medicine","espart","178",0,0,0,0,1
"separate","The_New_England_Journal_of_Medicine","espart","179",0,0,0,0,1
"separate","The_New_England_Journal_of_Medicine","espart","180",0,0,0,0,1
"separate","The_New_England_Journal_of_Medicine","espart","181",0,0,0,0,1
"separate","The_New_England_Journal_of_Medicine","espart","182",0,0,0,0,1
"separate","The_New_England_Journal_of_Medicine","espart","183",0,0,0,0,1
"separate","The_New_England_Journal_of_Medicine","espart","184",0,0,0,0,1
"separate","The_New_England_Journal_of_Medicine","espart","185",0,0,0,0,1
"separate","The_New_England_Journal_of_Medicine","espart","186",0,0,0,0,1
"separate","The_New_England_Journal_of_Medicine","espart","187",0,0,0,0,1
"separate","The_New_England_Journal_of_Medicine","espart","188",0,0,0,0,1
"separate","The_New_England_Journal_of_Medicine","espart","189",0,0,0,0,1
"separate","The_New_England_Journal_of_Medicine","espart","190",0,0,0,0,1
"separate","The_New_England_Journal_of_Medicine","espart","191",0,0,0,0,1
"separate","The_New_England_Journal_of_Medicine","espart","192",0,0,0,0,1
"separate","The_New_England_Journal_of_Medicine","espart","193",0,0,0,0,1
"separate","The_New_England_Journal_of_Medicine","espart","194",0,0,0,0,1
"separate","The_New_England_Journal_of_Medicine","espart","195",0,0,0,0,1
"separate","The_New_England_Journal_of_Medicine","espart","196",0,0,0,0,1
"separate","The_New_England_Journal_of_Medicine","espart","197",0,0,0,0,1
"separate","The_New_England_Journal_of_Medicine","espart","198",0,0,0,0,1
"separate","The_New_England_Journal_of_Medicine","espart","199",0,0,0,0,1
"separate","The_New_England_Journal_of_Medicine","espart","200",0,0,0,0,1
"separate","The_New_England_Journal_of_Medicine","espart","201",0,0,0,0,1
"separate","The_New_England_Journal_of_Medicine","espart","202",0,0,0,0,1
"separate","The_New_England_Journal_of_Medicine","espart","203",0,0,0,0,1
"separate","The_New_England_Journal_of_Medicine","espart","204",0,0,0,0,1
"separate","The_New_England_Journal_of_Medicine","espart","205",0,0,0,0,1
"separate","The_New_England_Journal_of_Medicine","espart","206",0,0,0,0,1
"separate","The_New_England_Journal_of_Medicine","espart","207",0,0,0,0,1
"separate","The_New_England_Journal_of_Medicine","espart","208",0,0,0,0,1
"separate","The_New_England_Journal_of_Medicine","espart","209",0,0,0,0,1
"separate","The_New_England_Journal_of_Medicine","espart","210",0,0,0,0,1
"separate","The_New_England_Journal_of_Medicine","espart","211",0,0,0,0,1
"separate","The_New_England_Journal_of_Medicine","espart","212",0,0,0,0,1
"separate","The_New_England_Journal_of_Medicine","espart","213",0,0,0,0,1
"separate","The_New_England_Journal_of_Medicine","espart","214",0,0,0,0,1
"separate","The_New_England_Journal_of_Medicine","espart","215",0,0,0,0,1
"separate","The_New_England_Journal_of_Medicine","espart","216",0,0,0,0,1
"separate","The_New_England_Journal_of_Medicine","espart","217",0,0,0,0,1
"separate","The_New_England_Journal_of_Medicine","espart","218",0,0,0,0,1
"separate","The_New_England_Journal_of_Medicine","espart","219",0,0,0,0,1
"separate","The_New_England_Journal_of_Medicine","espart","220",0,0,0,0,1
"separate","The_New_England_Journal_of_Medicine","espart","221",0,0,0,0,1
"separate","The_New_England_Journal_of_Medicine","espart","222",0,0,0,0,1
"separate","The_New_England_Journal_of_Medicine","espart","223",0,0,0,0,1
"separate","The_New_England_Journal_of_Medicine","espart","224",0,0,0,0,1
"separate","The_New_England_Journal_of_Medicine","espart","225",0,0,0,0,1
"separate","The_New_England_Journal_of_Medicine","espart","226",0,0,0,0,1
"separate","The_New_England_Journal_of_Medicine","espart","227",0,0,0,0,1
"separate","The_New_England_Journal_of_Medicine","espart","228",0,0,0,0,1
"separate","The_New_England_Journal_of_Medicine","espart","229",0,0,0,0,1
"separate","The_New_England_Journal_of_Medicine","espart","230",0,0,0,0,1
"separate","The_New_England_Journal_of_Medicine","espart","231",0,0,0,0,1
"separate","The_New_England_Journal_of_Medicine","espart","232",0,0,0,0,1
"separate","The_New_England_Journal_of_Medicine","espart","233",0,0,0,0,1
"separate","The_New_England_Journal_of_Medicine","espart","234",0,0,0,0,1
"separate","The_New_England_Journal_of_Medicine","espart","235",0,0,0,0,1
"separate","The_New_England_Journal_of_Medicine","espart","236",0,0,0,0,1
"separate","The_New_England_Journal_of_Medicine","espart","237",0,0,0,0,1
"separate","The_New_England_Journal_of_Medicine","espart","238",0,0,0,0,1
"separate","The_New_England_Journal_of_Medicine","espart","239",0,0,0,0,1
"separate","The_New_England_Journal_of_Medicine","espart","240",0,0,0,0,1
"separate","The_New_England_Journal_of_Medicine","espart","241",0,0,0,0,1
"separate","The_New_England_Journal_of_Medicine","espart","242",0,0,0,0,1
"separate","The_New_England_Journal_of_Medicine","espart","243",0,0,0,0,1
"separate","The_New_England_Journal_of_Medicine","espart","244",0,0,0,0,1
"separate","The_New_England_Journal_of_Medicine","espart","245",0,0,0,0,1
"separate","The_New_England_Journal_of_Medicine","espart","246",0,0,0,0,1
"separate","The_New_England_Journal_of_Medicine","espart","247",0,0,0,0,1
"separate","The_New_England_Journal_of_Medicine","espart","248",0,0,0,0,1
"separate","The_New_England_Journal_of_Medicine","espart","249",0,0,0,0,1
"separate","The_New_England_Journal_of_Medicine","espart","250",0,0,0,0,1
"separate","The_New_England_Journal_of_Medicine","espart","251",0,0,0,0,1
"separate","The_New_England_Journal_of_Medicine","espart","252",0,0,0,0,1
"separate","The_New_England_Journal_of_Medicine","espart","253",0,0,0,0,1
"separate","The_New_England_Journal_of_Medicine","espart","254",0,0,0,0,1
"separate","The_New_England_Journal_of_Medicine","espart","255",0,0,0,0,1
"separate","The_New_England_Journal_of_Medicine","espart","256",0,0,0,0,1
"separate","The_New_England_Journal_of_Medicine","espart","257",0,0,0,0,1
"separate","The_New_England_Journal_of_Medicine","espart","258",0,0,0,0,1
"separate","The_New_England_Journal_of_Medicine","espart","259",0,0,0,0,1
"separate","The_New_England_Journal_of_Medicine","espart","260",0,0,0,0,1
"separate","The_New_England_Journal_of_Medicine","espart","261",0,0,0,0,1
"separate","The_New_England_Journal_of_Medicine","espart","262",0,0,0,0,1
"separate","The_New_England_Journal_of_Medicine","espart","263",0,0,0,0,1
"separate","The_New_England_Journal_of_Medicine","espart","264",0,0,0,0,1
"separate","The_New_England_Journal_of_Medicine","espart","265",0,0,0,0,1
"separate","The_New_England_Journal_of_Medicine","espart","266",0,0,0,0,1
"separate","The_New_England_Journal_of_Medicine","espart","267",0,0,0,0,1
"separate","The_New_England_Journal_of_Medicine","espart","268",0,0,0,0,1
"separate","The_New_England_Journal_of_Medicine","espart","269",0,0,0,0,1
"separate","The_New_England_Journal_of_Medicine","espart","270",0,0,0,0,1
"separate","The_New_England_Journal_of_Medicine","espart","271",0,0,0,0,1
"separate","The_New_England_Journal_of_Medicine","espart","272",0,0,0,0,1
"separate","The_New_England_Journal_of_Medicine","espart","273",0,0,0,0,1
"separate","The_New_England_Journal_of_Medicine","espart","274",0,0,0,0,1
"separate","The_New_England_Journal_of_Medicine","espart","275",0,0,0,0,1
"separate","The_New_England_Journal_of_Medicine","espart","276",0,0,0,0,1
"separate","The_New_England_Journal_of_Medicine","espart","277",0,0,0,0,1
"separate","The_New_England_Journal_of_Medicine","espart","278",0,0,0,0,1
"separate","The_New_England_Journal_of_Medicine","espart","279",0,0,0,0,1
"separate","The_New_England_Journal_of_Medicine","espart","280",0,0,0,0,1
"separate","The_New_England_Journal_of_Medicine","espart","281",0,0,0,0,1
"separate","The_New_England_Journal_of_Medicine","espart","282",0,0,0,0,1
"separate","The_New_England_Journal_of_Medicine","espart","283",0,0,0,0,1
"separate","The_New_England_Journal_of_Medicine","espart","284",0,0,0,0,1
"separate","The_New_England_Journal_of_Medicine","espart","285",0,0,0,0,1
"separate","The_New_England_Journal_of_Medicine","espart","286",0,0,0,0,1
"separate","The_New_England_Journal_of_Medicine","espart","287",0,0,0,0,1
"separate","The_New_England_Journal_of_Medicine","espart","288",0,0,0,0,1
"separate","The_New_England_Journal_of_Medicine","espart","289",0,0,0,0,1
"separate","The_New_England_Journal_of_Medicine","espart","290",0,0,0,0,1
"separate","The_New_England_Journal_of_Medicine","espart","291",0,0,0,0,1
"separate","The_New_England_Journal_of_Medicine","espart","292",0,0,0,0,1
"separate","The_New_England_Journal_of_Medicine","espart","293",0,0,0,0,1
"separate","The_New_England_Journal_of_Medicine","espart","294",0,0,0,0,1
"separate","The_New_England_Journal_of_Medicine","espart","295",0,0,0,0,1
"separate","The_New_England_Journal_of_Medicine","espart","296",0,0,0,0,1
"separate","The_New_England_Journal_of_Medicine","espart","297",0,0,0,0,1
"separate","The_New_England_Journal_of_Medicine","espart","298",0,0,0,0,1
"separate","The_New_England_Journal_of_Medicine","espart","299",0,0,0,0,1
"separate","The_New_England_Journal_of_Medicine","espart","300",0,0,0,0,1
"separate","The_New_England_Journal_of_Medicine","espart","301",0,0,0,0,1
"separate","The_New_England_Journal_of_Medicine","espart","302",0,0,0,0,1
"separate","The_New_England_Journal_of_Medicine","espart","303",0,0,0,0,1
"separate","The_New_England_Journal_of_Medicine","espart","304",0,0,0,0,1
"separate","The_New_England_Journal_of_Medicine","espart","305",0,0,0,0,1
"separate","The_New_England_Journal_of_Medicine","espart","306",0,0,0,0,1
"separate","The_New_England_Journal_of_Medicine","espart","307",0,0,0,0,1
"separate","The_New_England_Journal_of_Medicine","espart","308",0,0,0,0,1
"separate","The_New_England_Journal_of_Medicine","espart","309",0,0,0,0,1
"separate","The_New_England_Journal_of_Medicine","espart","310",0,0,0,0,1
"separate","The_New_England_Journal_of_Medicine","espart","311",0,0,0,0,1
"separate","The_New_England_Journal_of_Medicine","espart","312",0,0,0,0,1
"separate","The_New_England_Journal_of_Medicine","espart","313",0,0,0,0,1
"separate","The_New_England_Journal_of_Medicine","espart","314",0,0,0,0,1
"separate","The_New_England_Journal_of_Medicine","espart","315",0,0,0,0,1
"separate","The_New_England_Journal_of_Medicine","espart","316",0,0,0,0,1
"separate","The_New_England_Journal_of_Medicine","espart","317",0,0,0,0,1
"separate","The_New_England_Journal_of_Medicine","espart","318",0,0,0,0,1
"separate","The_New_England_Journal_of_Medicine","espart","319",0,0,0,0,1
"separate","The_New_England_Journal_of_Medicine","espart","320",0,0,0,0,1
"separate","The_New_England_Journal_of_Medicine","espart","321",0,0,0,0,1
"separate","The_New_England_Journal_of_Medicine","espart","322",0,0,0,0,1
"separate","The_New_England_Journal_of_Medicine","espart","323",0,0,0,0,1
"separate","The_New_England_Journal_of_Medicine","espart","324",0,0,0,0,1
"separate","The_New_England_Journal_of_Medicine","espart","325",0,0,0,0,1
"separate","The_New_England_Journal_of_Medicine","espart","326",0,0,0,0,1
"separate","The_New_England_Journal_of_Medicine","espart","327",0,0,0,0,1
"separate","The_New_England_Journal_of_Medicine","espart","328",0,0,0,0,1
"separate","The_New_England_Journal_of_Medicine","espart","329",0,0,0,0,1
"separate","The_New_England_Journal_of_Medicine","espart","330",0,0,0,0,1
"separate","The_New_England_Journal_of_Medicine","espart","331",0,0,0,0,1
"separate","The_New_England_Journal_of_Medicine","espart","332",0,0,0,0,1
"separate","The_New_England_Journal_of_Medicine","espart","333",0,0,0,0,1
"separate","The_New_England_Journal_of_Medicine","espart","334",0,0,0,0,1
"separate","The_New_England_Journal_of_Medicine","espart","335",0,0,0,0,1
"separate","The_New_England_Journal_of_Medicine","espart","336",0,0,0,0,1
"separate","The_New_England_Journal_of_Medicine","espart","337",0,0,0,0,1
"separate","The_New_England_Journal_of_Medicine","espart","338",0,0,0,0,1
"separate","The_New_England_Journal_of_Medicine","espart","339",0,0,0,0,1
"separate","The_New_England_Journal_of_Medicine","espart","340",0,0,0,0,1
"separate","The_New_England_Journal_of_Medicine","espart","341",0,0,0,0,1
"separate","The_New_England_Journal_of_Medicine","espart","342",0,0,0,0,1
"separate","The_New_England_Journal_of_Medicine","espart","343",0,0,0,0,1
"separate","The_New_England_Journal_of_Medicine","espart","344",0,0,0,0,1
"separate","The_New_England_Journal_of_Medicine","espart","345",0,0,0,0,1
"separate","The_New_England_Journal_of_Medicine","espart","346",0,0,0,0,1
"separate","The_New_England_Journal_of_Medicine","espart","347",0,0,0,0,1
"separate","The_New_England_Journal_of_Medicine","espart","348",0,0,0,0,1
"separate","The_New_England_Journal_of_Medicine","espart","349",0,0,0,0,1
"separate","The_New_England_Journal_of_Medicine","espart","350",0,0,0,0,1
"separate","The_New_England_Journal_of_Medicine","espart","351",0,0,0,0,1
"separate","The_New_England_Journal_of_Medicine","espart","352",0,0,0,0,1
"separate","The_New_England_Journal_of_Medicine","espart","353",0,0,0,0,1
"separate","The_New_England_Journal_of_Medicine","espart","354",0,0,0,0,1
"separate","The_New_England_Journal_of_Medicine","espart","355",0,0,0,0,1
"separate","The_New_England_Journal_of_Medicine","espart","356",0,0,0,0,1
"separate","The_New_England_Journal_of_Medicine","espart","357",0,0,0,0,1
"separate","The_New_England_Journal_of_Medicine","espart","358",0,0,0,0,1
"separate","The_New_England_Journal_of_Medicine","espart","359",0,0,0,0,1
"separate","The_New_England_Journal_of_Medicine","espart","360",0,0,0,0,1
"separate","The_New_England_Journal_of_Medicine","espart","361",0,0,0,0,1
"separate","The_New_England_Journal_of_Medicine","espart","362",0,0,0,0,1
"separate","The_New_England_Journal_of_Medicine","espart","363",0,0,0,0,1
"separate","The_New_England_Journal_of_Medicine","espart","364",0,0,0,0,1
"separate","The_New_England_Journal_of_Medicine","espart","365",0,0,0,0,1
"separate","The_New_England_Journal_of_Medicine","espart","366",0,0,0,0,1
"separate","The_New_England_Journal_of_Medicine","espart","367",0,0,0,0,1
"separate","The_New_England_Journal_of_Medicine","espart","368",0,0,0,0,1
"separate","The_New_England_Journal_of_Medicine","espart","369",0,0,0,0,1
"separate","The_New_England_Journal_of_Medicine","espart","370",0,0,0,0,1
"separate","The_New_England_Journal_of_Medicine","espart","371",0,0,0,0,1
"separate","The_New_England_Journal_of_Medicine","espart","372",0,0,0,0,1
"separate","The_New_England_Journal_of_Medicine","espart","373",0,0,0,0,1
"separate","The_New_England_Journal_of_Medicine","espart","374",0,0,0,0,1
"separate","The_New_England_Journal_of_Medicine","espart","375",0,0,0,0,1
"separate","The_New_England_Journal_of_Medicine","espart","376",0,0,0,0,1
"separate","The_New_England_Journal_of_Medicine","espart","377",0,0,0,0,1
"separate","The_New_England_Journal_of_Medicine","espart","378",0,0,0,0,1
"separate","The_New_England_Journal_of_Medicine","espart","379",0,0,0,0,1
"separate","The_New_England_Journal_of_Medicine","espart","380",0,0,0,0,1
"separate","The_New_England_Journal_of_Medicine","espart","381",0,0,0,0,1
"separate","The_New_England_Journal_of_Medicine","espart","382",0,0,0,0,1
"separate","The_New_England_Journal_of_Medicine","espart","383",0,0,0,0,1
"separate","The_New_England_Journal_of_Medicine","espart","384",0,0,0,0,1
"separate","The_New_England_Journal_of_Medicine","espart","385",0,0,0,0,1
"separate","The_New_England_Journal_of_Medicine","espart","386",0,0,0,0,1
"separate","The_New_England_Journal_of_Medicine","espart","387",0,0,0,0,1
"separate","The_New_England_Journal_of_Medicine","espart","388",0,0,0,0,1
"separate","The_New_England_Journal_of_Medicine","espart","389",0,0,0,0,1
"separate","The_New_England_Journal_of_Medicine","espart","390",0,0,0,0,1
"separate","The_New_England_Journal_of_Medicine","espart","391",0,0,0,0,1
"separate","The_New_England_Journal_of_Medicine","espart","392",0,0,0,0,1
"separate","The_New_England_Journal_of_Medicine","espart","393",0,0,0,0,1
"separate","The_New_England_Journal_of_Medicine","espart","394",0,0,0,0,1
"separate","The_New_England_Journal_of_Medicine","espart","395",0,0,0,0,1
"separate","The_New_England_Journal_of_Medicine","espart","396",0,0,0,0,1
"separate","The_New_England_Journal_of_Medicine","espart","397",0,0,0,0,1
"separate","The_New_England_Journal_of_Medicine","espart","398",0,0,0,0,1
"separate","The_New_England_Journal_of_Medicine","espart","399",0,0,0,0,1
"separate","The_New_England_Journal_of_Medicine","espart","400",0,0,0,0,1
"separate","The_New_England_Journal_of_Medicine","espart","401",0,0,0,0,1
"separate","The_New_England_Journal_of_Medicine","espart","402",0,0,0,0,1
"separate","The_New_England_Journal_of_Medicine","espart","403",0,0,0,0,1
"separate","The_New_England_Journal_of_Medicine","espart","404",0,0,0,0,1
"separate","The_New_England_Journal_of_Medicine","espart","405",0,0,0,0,1
"separate","The_New_England_Journal_of_Medicine","espart","406",0,0,0,0,1
"separate","The_New_England_Journal_of_Medicine","espart","407",0,0,0,0,1
"separate","The_New_England_Journal_of_Medicine","espart","408",0,0,0,0,1
"separate","The_New_England_Journal_of_Medicine","espart","409",0,0,0,0,1
"separate","The_New_England_Journal_of_Medicine","espart","410",0,0,0,0,1
"separate","The_New_England_Journal_of_Medicine","espart","411",0,0,0,0,1
"separate","The_New_England_Journal_of_Medicine","espart","412",0,0,0,0,1
"separate","The_New_England_Journal_of_Medicine","espart","413",0,0,0,0,1
"separate","The_New_England_Journal_of_Medicine","espart","414",0,0,0,0,1
"separate","The_New_England_Journal_of_Medicine","espart","415",0,0,0,0,1
"separate","The_New_England_Journal_of_Medicine","espart","416",0,0,0,0,1
"separate","The_New_England_Journal_of_Medicine","espart","417",0,0,0,0,1
"separate","The_New_England_Journal_of_Medicine","espart","418",0,0,0,0,1
"separate","The_New_England_Journal_of_Medicine","espart","419",0,0,0,0,1
"separate","The_New_England_Journal_of_Medicine","espart","420",0,0,0,0,1
"separate","The_New_England_Journal_of_Medicine","espart","421",0,0,0,0,1
"separate","The_New_England_Journal_of_Medicine","espart","422",0,0,0,0,1
"separate","The_New_England_Journal_of_Medicine","espart","423",0,0,0,0,1
"separate","The_New_England_Journal_of_Medicine","espart","424",0,0,0,0,1
"separate","The_New_England_Journal_of_Medicine","espart","425",0,0,0,0,1
"separate","The_New_England_Journal_of_Medicine","espart","426",0,0,0,0,1
"separate","The_New_England_Journal_of_Medicine","espart","427",0,0,0,0,1
"separate","The_New_England_Journal_of_Medicine","espart","428",0,0,0,0,1
"separate","The_New_England_Journal_of_Medicine","espart","429",0,0,0,0,1
"separate","The_New_England_Journal_of_Medicine","espart","430",0,0,0,0,1
"separate","The_New_England_Journal_of_Medicine","espart","431",0,0,0,0,1
"separate","The_New_England_Journal_of_Medicine","espart","432",0,0,0,0,1
"separate","The_New_England_Journal_of_Medicine","espart","433",0,0,0,0,1
"separate","The_New_England_Journal_of_Medicine","espart","434",0,0,0,0,1
"separate","The_New_England_Journal_of_Medicine","espart","435",0,0,0,0,1
"separate","The_New_England_Journal_of_Medicine","espart","436",0,0,0,0,1
"separate","The_New_England_Journal_of_Medicine","espart","437",0,0,0,0,1
"separate","The_New_England_Journal_of_Medicine","espart","438",0,0,0,0,1
"separate","The_New_England_Journal_of_Medicine","espart","439",0,0,0,0,1
"separate","The_New_England_Journal_of_Medicine","espart","440",0,0,0,0,1
"separate","The_New_England_Journal_of_Medicine","espart","441",0,0,0,0,1
"separate","The_New_England_Journal_of_Medicine","espart","442",0,0,0,0,1
"separate","The_New_England_Journal_of_Medicine","espart","443",0,0,0,0,1
"separate","The_New_England_Journal_of_Medicine","espart","444",0,0,0,0,1
"separate","The_New_England_Journal_of_Medicine","espart","445",0,0,0,0,1
"separate","The_New_England_Journal_of_Medicine","espart","446",0,0,0,0,1
"separate","The_New_England_Journal_of_Medicine","espart","447",0,0,0,0,1
"separate","The_New_England_Journal_of_Medicine","espart","448",0,0,0,0,1
"separate","The_New_England_Journal_of_Medicine","espart","449",0,0,0,0,1
"separate","The_New_England_Journal_of_Medicine","espart","450",0,0,0,0,1
"separate","The_New_England_Journal_of_Medicine","espart","451",0,0,0,0,1
"separate","The_New_England_Journal_of_Medicine","espart","452",0,0,0,0,1
"separate","The_New_England_Journal_of_Medicine","espart","453",0,0,0,0,1
"separate","The_New_England_Journal_of_Medicine","espart","454",0,0,0,0,1
"separate","The_New_England_Journal_of_Medicine","espart","455",0,0,0,0,1
"separate","The_New_England_Journal_of_Medicine","espart","456",0,0,0,0,1
"separate","The_New_England_Journal_of_Medicine","espart","457",0,0,0,0,1
"separate","The_New_England_Journal_of_Medicine","espart","458",0,0,0,0,1
"separate","The_New_England_Journal_of_Medicine","espart","459",0,0,0,0,1
"separate","The_New_England_Journal_of_Medicine","espart","460",0,0,0,0,1
"separate","The_New_England_Journal_of_Medicine","espart","461",0,0,0,0,1
"separate","The_New_England_Journal_of_Medicine","espart","462",0,0,0,0,1
"separate","The_New_England_Journal_of_Medicine","espart","463",0,0,0,0,1
"separate","The_New_England_Journal_of_Medicine","espart","464",0,0,0,0,1
"separate","The_New_England_Journal_of_Medicine","espart","465",0,0,0,0,1
"separate","The_New_England_Journal_of_Medicine","espart","466",0,0,0,0,1
"separate","The_New_England_Journal_of_Medicine","espart","467",0,0,0,0,1
"separate","The_New_England_Journal_of_Medicine","espart","468",0,0,0,0,1
"separate","The_New_England_Journal_of_Medicine","espart","469",0,0,0,0,1
"separate","The_New_England_Journal_of_Medicine","espart","470",0,0,0,0,1
"separate","The_New_England_Journal_of_Medicine","espart","471",0,0,0,0,1
"separate","The_New_England_Journal_of_Medicine","espart","472",0,0,0,0,1
"separate","The_New_England_Journal_of_Medicine","espart","473",0,0,0,0,1
"separate","The_New_England_Journal_of_Medicine","espart","474",0,0,0,0,1
"separate","The_New_England_Journal_of_Medicine","espart","475",0,0,0,0,1
"separate","The_New_England_Journal_of_Medicine","espart","476",0,0,0,0,1
"separate","The_New_England_Journal_of_Medicine","espart","477",0,0,0,0,1
"separate","The_New_England_Journal_of_Medicine","espart","478",0,0,0,0,1
"separate","The_New_England_Journal_of_Medicine","espart","479",0,0,0,0,1
"separate","The_New_England_Journal_of_Medicine","espart","480",0,0,0,0,1
"separate","The_New_England_Journal_of_Medicine","espart","481",0,0,0,0,1
"separate","The_New_England_Journal_of_Medicine","espart","482",0,0,0,0,1
"separate","The_New_England_Journal_of_Medicine","espart","483",0,0,0,0,1
"separate","The_New_England_Journal_of_Medicine","espart","484",0,0,0,0,1
"separate","The_New_England_Journal_of_Medicine","espart","485",0,0,0,0,1
"separate","The_New_England_Journal_of_Medicine","espart","486",0,0,0,0,1
"separate","The_New_England_Journal_of_Medicine","espart","487",0,0,0,0,1
"separate","The_New_England_Journal_of_Medicine","espart","488",0,0,0,0,1
"separate","The_New_England_Journal_of_Medicine","espart","489",0,0,0,0,1
"separate","The_New_England_Journal_of_Medicine","espart","490",0,0,0,0,1
"separate","The_New_England_Journal_of_Medicine","espart","491",0,0,0,0,1
"separate","The_New_England_Journal_of_Medicine","espart","492",0,0,0,0,1
"separate","The_New_England_Journal_of_Medicine","espart","493",0,0,0,0,1
"separate","The_New_England_Journal_of_Medicine","espart","494",0,0,0,0,1
"separate","The_New_England_Journal_of_Medicine","espart","495",0,0,0,0,1
"separate","The_New_England_Journal_of_Medicine","espart","496",0,0,0,0,1
"separate","The_New_England_Journal_of_Medicine","espart","497",0,0,0,0,1
"separate","The_New_England_Journal_of_Medicine","espart","498",0,0,0,0,1
"separate","The_New_England_Journal_of_Medicine","espart","499",0,0,0,0,1
"separate","The_New_England_Journal_of_Medicine","espart","500",0,0,0,0,1
"separate","The_New_England_Journal_of_Medicine","espart","501",0,0,0,0,1
"separate","The_New_England_Journal_of_Medicine","espart","502",0,0,0,0,1
"separate","The_New_England_Journal_of_Medicine","espart","503",0,0,0,0,1
"separate","The_New_England_Journal_of_Medicine","espart","504",0,0,0,0,1
"separate","The_New_England_Journal_of_Medicine","espart","505",0,0,0,0,1
"separate","The_New_England_Journal_of_Medicine","espart","506",0,0,0,0,1
"separate","The_New_England_Journal_of_Medicine","espart","507",0,0,0,0,1
"separate","The_New_England_Journal_of_Medicine","espart","508",0,0,0,0,1
"separate","The_New_England_Journal_of_Medicine","espart","509",0,0,0,0,1
"separate","The_New_England_Journal_of_Medicine","espart","510",0,0,0,0,1
"separate","The_New_England_Journal_of_Medicine","espart","511",0,0,0,0,1
"separate","The_New_England_Journal_of_Medicine","espart","512",0,0,0,0,1
"separate","The_New_England_Journal_of_Medicine","espart","513",0,0,0,0,1
"separate","The_New_England_Journal_of_Medicine","espart","514",0,0,0,0,1
"separate","The_New_England_Journal_of_Medicine","espart","515",0,0,0,0,1
"separate","The_New_England_Journal_of_Medicine","espart","516",0,0,0,0,1
"separate","The_New_England_Journal_of_Medicine","espart","517",0,0,0,0,1
"separate","The_New_England_Journal_of_Medicine","espart","518",0,0,0,0,1
"separate","The_New_England_Journal_of_Medicine","espart","519",0,0,0,0,1
"separate","The_New_England_Journal_of_Medicine","espart","520",0,0,0,0,1
"separate","The_New_England_Journal_of_Medicine","espart","521",0,0,0,0,1
"separate","The_New_England_Journal_of_Medicine","espart","522",0,0,0,0,1
"separate","The_New_England_Journal_of_Medicine","espart","523",0,0,0,0,1
"separate","The_New_England_Journal_of_Medicine","espart","524",0,0,0,0,1
"separate","The_New_England_Journal_of_Medicine","espart","525",0,0,0,0,1
"separate","The_New_England_Journal_of_Medicine","espart","526",0,0,0,0,1
"separate","The_New_England_Journal_of_Medicine","espart","527",0,0,0,0,1
"separate","The_New_England_Journal_of_Medicine","espart","528",0,0,0,0,1
"separate","The_New_England_Journal_of_Medicine","espart","529",0,0,0,0,1
"separate","The_New_England_Journal_of_Medicine","espart","530",0,0,0,0,1
"separate","The_New_England_Journal_of_Medicine","espart","531",0,0,0,0,1
"separate","The_New_England_Journal_of_Medicine","espart","532",0,0,0,0,1
"separate","The_New_England_Journal_of_Medicine","espart","533",0,0,0,0,1
"separate","The_New_England_Journal_of_Medicine","espart","534",0,0,0,0,1
"separate","The_New_England_Journal_of_Medicine","espart","535",0,0,0,0,1
"separate","The_New_England_Journal_of_Medicine","espart","536",0,0,0,0,1
"separate","The_New_England_Journal_of_Medicine","espart","537",0,0,0,0,1
"separate","The_New_England_Journal_of_Medicine","espart","538",0,0,0,0,1
"separate","The_New_England_Journal_of_Medicine","espart","539",0,0,0,0,1
"separate","The_New_England_Journal_of_Medicine","espart","540",0,0,0,0,1
"separate","The_New_England_Journal_of_Medicine","espart","541",0,0,0,0,1
"separate","The_New_England_Journal_of_Medicine","espart","542",0,0,0,0,1
"separate","The_New_England_Journal_of_Medicine","espart","543",0,0,0,0,1
"separate","The_New_England_Journal_of_Medicine","espart","544",0,0,0,0,1
"separate","The_New_England_Journal_of_Medicine","espart","545",0,0,0,0,1
"separate","The_New_England_Journal_of_Medicine","espart","546",0,0,0,0,1
"separate","The_New_England_Journal_of_Medicine","espart","547",0,0,0,0,1
"separate","The_New_England_Journal_of_Medicine","espart","548",0,0,0,0,1
"separate","The_New_England_Journal_of_Medicine","espart","549",0,0,0,0,1
"separate","The_New_England_Journal_of_Medicine","espart","550",0,0,0,0,1
"separate","The_New_England_Journal_of_Medicine","espart","551",0,0,0,0,1
"separate","The_New_England_Journal_of_Medicine","espart","552",0,0,0,0,1
"separate","The_New_England_Journal_of_Medicine","espart","553",0,0,0,0,1
"separate","The_New_England_Journal_of_Medicine","espart","554",0,0,0,0,1
"separate","The_New_England_Journal_of_Medicine","model","edges",3846,3706,3859.32,3973,0.7
"separate","The_New_England_Journal_of_Medicine","model","edgecov.prior",227,207,214.97,227,0.02
"separate","The_New_England_Journal_of_Medicine","model","nodecov.expertise_model_z",-1902.72745854702,-2102.85614157497,-1925.95428916273,-1593.33882681819,0.58
"separate","The_New_England_Journal_of_Medicine","model","absdiff.expertise_model_z",2580.40062115072,2482.46486916797,2615.34864553474,2719.84130264605,0.44
"separate","The_New_England_Journal_of_Medicine","model","nodecov.leadership_model_z",-1303.86132411611,-1507.78948490271,-1340.11645456229,-1099.09490277359,0.68
"separate","The_New_England_Journal_of_Medicine","model","absdiff.leadership_model_z",4047.22722644211,3877.07124722612,4088.68540522188,4242.28998988566,0.44
